property_type,society,price,sector,price_per_sqft,bedRoom,bathroom,balcony,floorNum,agePossession,built_up_area,study room,servant room,store room,pooja room,others,furnishing_type,luxury_score,coordinates,latitude,longitude
flat,godrej,1.3,sector 79,8269.0,2,2,3,3.0,New Property,1423.0,1,0,0,0,0,1,49.0,"28.3624° N, 76.9787° E",28.3624,76.9787
flat,shree vardhman victoria,1.63,sector 70,8358.0,3,5,3,12.0,Relatively New,1528.0,0,1,0,0,0,1,43.0,"28.3968° N, 77.0233° E",28.3968,77.0233
flat,tulip monsella,7.4,sector 53,33199.0,4,4,3,21.0,Under Construction,2477.0,0,0,0,0,0,1,35.0,"28.4433° N, 77.0948° E",28.4433,77.0948
flat,raheja sampada,0.65,sector 92,4744.0,3,2,3,6.0,Relatively New,1240.0,0,0,0,0,0,1,49.0,"28.4079° N, 76.9153° E",28.4079,76.9153
flat,signature andour heights,0.6,sector 71,10000.0,2,2,1,5.0,Relatively New,557.0,0,0,0,1,0,1,59.0,"28.4104° N, 77.0281° E",28.4104,77.0281
flat,bptp park generations,1.5,sector 37d,9868.0,3,2,3+,17.0,Relatively New,1376.0,0,0,0,0,0,1,42.0,"28.4478° N, 76.9703° E",28.4478,76.9703
flat,paras dews,1.4,sector 106,6000.0,3,4,3+,12.0,Under Construction,1593.0,1,1,0,0,1,1,55.0,"28.5007° N, 77.0003° E",28.5007,77.0003
flat,emaar palm gardens,1.48,sector 83,7789.0,3,3,3,7.0,Relatively New,1549.0,0,1,0,0,0,1,66.0,"28.3986° N, 76.9647° E",28.3986,76.9647
house,Not Applicable,1.5,sector 5,10288.0,3,3,No,2.0,Old Property,210.0,0,0,0,0,0,1,0.0,"28.4794° N, 77.0176° E",28.4794,77.0176
flat,emaar palm gardens,1.6,sector 83,8648.0,3,3,3+,6.0,Relatively New,1675.0,1,1,1,1,0,2,167.0,"28.3986° N, 76.9647° E",28.3986,76.9647
flat,tulip petals,1.55,sector 89,10000.0,3,2,3,6.0,Moderately Old,1403.0,0,0,1,0,0,2,111.0,"28.4253° N, 76.9439° E",28.4253,76.9439
flat,ireo the grand arch,4.85,sector 58,16934.0,4,5,3,23.0,Relatively New,3182.0,1,1,0,1,1,2,49.0,"28.4200° N, 77.1105° E",28.42,77.1105
flat,shapoorji pallonji joyville gurugram,1.1,sector 102,12181.0,2,2,1,8.0,Under Construction,818.0,0,0,0,0,0,1,105.0,"28.4750° N, 76.9715° E",28.475,76.9715
flat,orris aster court,0.69,sector 85,5221.0,2,2,2,5.0,Relatively New,1075.0,0,0,0,0,0,1,37.0,"28.4042° N, 76.9513° E",28.4042,76.9513
flat,shree vardhman victoria,1.8,sector 70,9230.0,3,4,3,2.0,New Property,1528.0,0,1,0,0,1,1,45.0,"28.3968° N, 77.0233° E",28.3968,77.0233
flat,ireo uptown,1.85,sector 66,12567.0,2,3,3,16.0,Relatively New,1470.0,0,1,0,0,1,2,79.0,"28.3925° N, 77.0541° E",28.3925,77.0541
house,Not Applicable,1.2,sector 48,22297.0,1,4,3+,4.0,Old Property,535.0,0,0,0,0,0,1,8.0,"28.4177° N, 77.0359° E",28.4177,77.0359
flat,shree vardhman flora,0.65,sector 90,4814.0,2,2,3,10.0,Moderately Old,1222.0,1,0,0,0,0,2,83.0,"28.4085° N, 76.9369° E",28.4085,76.9369
flat,mapsko casa bella,3.0,sector 82,6134.0,4,6,3+,25.0,Relatively New,4427.0,0,1,0,1,0,2,119.0,"28.3935° N, 76.9600° E",28.3935,76.96
flat,conscient heritage max,2.0,sector 102,9306.0,3,4,3+,13.0,Relatively New,1900.0,1,1,0,0,0,2,174.0,"28.4750° N, 76.9715° E",28.475,76.9715
flat,breeze global heights,0.4,sector 33,6421.0,2,2,2,4.0,Relatively New,623.0,0,0,0,0,0,1,0.0,"28.4420° N, 77.0207° E",28.442,77.0207
flat,smart world orchard,2.57,sector 61,15766.0,3,3,2,3.0,Under Construction,1630.0,1,0,0,0,0,1,0.0,"28.4050° N, 77.0963° E",28.405,77.0963
flat,godrej icon,1.62,sector 88a,10018.0,3,2,3+,10.0,Relatively New,1464.0,1,0,0,0,0,0,49.0,"28.4347° N, 76.9557° E",28.4347,76.9557
flat,vatika inxt floors,1.25,sector 82a,8333.0,3,2,3,2.0,Relatively New,1667.0,1,0,0,1,0,2,94.0,"28.3858° N, 76.9686° E",28.3858,76.9686
flat,paras dews,1.25,sector 106,7102.0,3,4,3+,5.0,Relatively New,1186.0,0,1,0,0,0,1,165.0,"28.5007° N, 77.0003° E",28.5007,77.0003
flat,ireo skyon,3.05,sector 60,12788.0,3,3,3,9.0,Relatively New,2300.0,0,1,0,0,0,2,165.0,"28.4003° N, 77.0975° E",28.4003,77.0975
flat,satya the hermitage,0.93,sector 103,6404.0,2,3,3,3.0,Relatively New,1613.0,0,1,0,0,0,2,90.0,"28.4949° N, 76.9845° E",28.4949,76.9845
flat,tulip violet,1.7,sector 69,10773.0,3,3,2,0.0,Relatively New,1429.0,0,0,0,1,0,1,49.0,"28.3966° N, 77.0341° E",28.3966,77.0341
flat,tulip violet,1.6,sector 69,10139.0,3,3,2,0.0,Relatively New,1429.0,0,0,0,1,0,1,166.0,"28.3966° N, 77.0341° E",28.3966,77.0341
flat,apex our homes,0.35,sector 37c,3783.0,2,2,1,7.0,Relatively New,850.0,0,0,0,0,0,2,158.0,"28.4515° N, 76.9882° E",28.4515,76.9882
house,international city by sobha phase 2,11.25,sector 109,25000.0,7,5,3+,4.0,Relatively New,4500.0,1,1,0,1,0,1,42.0,"28.5073° N, 77.0089° E",28.5073,77.0089
house,Not Applicable,0.53,sector 7,5888.0,2,2,No,1.0,Old Property,900.0,0,0,0,0,0,1,0.0,"28.4644° N, 77.0143° E",28.4644,77.0143
house,vatika india next,6.8,sector 82,20988.0,4,4,3+,3.0,Relatively New,3240.0,0,1,0,0,0,0,110.0,"28.3935° N, 76.9600° E",28.3935,76.96
house,Not Applicable,1.5,sector 67,8642.0,5,3,2,2.0,New Property,200.0,0,0,0,0,0,1,0.0,"28.3859° N, 77.0608° E",28.3859,77.0608
flat,supertech hues,1.0,sector 68,8474.0,2,2,2,12.0,New Property,1311.0,0,0,0,0,0,1,54.0,"28.3853° N, 77.0484° E",28.3853,77.0484
flat,bestech park view sanskruti,1.83,sector 92,7870.0,4,3,3,8.0,New Property,2105.0,0,1,0,0,0,1,128.0,"28.4079° N, 76.9153° E",28.4079,76.9153
flat,shree vardhman flora,0.9,sector 90,4615.0,3,4,3,4.0,Relatively New,1765.0,0,1,0,0,0,1,165.0,"28.4085° N, 76.9369° E",28.4085,76.9369
flat,apartment,0.75,sector 92,4687.0,3,4,3,2.0,Moderately Old,1778.0,1,0,0,0,0,1,113.0,"28.4079° N, 76.9153° E",28.4079,76.9153
house,dlf city plots,13.5,sector 26,29880.0,5,5,3,2.0,Old Property,4518.0,1,1,1,1,0,2,110.0,"28.4757° N, 77.1032° E",28.4757,77.1032
flat,emaar mgf emerald floors premier,2.75,sector 65,13924.0,4,4,3,3.0,Relatively New,1975.0,1,1,0,0,0,2,113.0,"28.4030° N, 77.0690° E",28.403,77.069
flat,godrej,1.33,sector 79,8531.0,2,2,3,6.0,Relatively New,1411.0,1,0,0,0,0,1,158.0,"28.3624° N, 76.9787° E",28.3624,76.9787
flat,om appartments,0.4,sector 5,4444.0,3,2,1,3.0,Relatively New,1000.0,0,0,0,0,0,1,7.0,"28.4794° N, 77.0176° E",28.4794,77.0176
house,Not Applicable,0.65,sector 105,9028.0,3,2,1,1.0,Relatively New,720.0,0,0,0,1,1,1,14.0,"28.4952° N, 77.0114° E",28.4952,77.0114
house,Not Applicable,2.95,sector 49,16388.0,3,3,3,2.0,Moderately Old,1035.0,0,0,1,0,0,2,81.0,"28.4121° N, 77.0480° E",28.4121,77.048
flat,pyramid urban homes 2,0.41,sector 86,8283.0,2,2,1,7.0,New Property,557.0,1,1,0,1,1,1,49.0,"28.3986° N, 76.9384° E",28.3986,76.9384
flat,orris carnation residency,0.8,sector 85,4857.0,3,4,3,4.0,Relatively New,1390.0,0,1,0,0,0,2,40.0,"28.4042° N, 76.9513° E",28.4042,76.9513
flat,orris aster court premier,1.38,sector 85,6509.0,3,4,2,6.0,Relatively New,1616.0,0,1,0,0,0,1,76.0,"28.4042° N, 76.9513° E",28.4042,76.9513
house,Not Applicable,4.25,sector 10a,17955.0,4,3,2,1.0,Moderately Old,2367.0,0,0,0,0,0,1,0.0,"28.4469° N, 77.0106° E",28.4469,77.0106
flat,dlf regal gardens,1.65,sector 90,7449.0,4,4,3+,15.0,Relatively New,2214.0,0,0,0,0,0,1,158.0,"28.4085° N, 76.9369° E",28.4085,76.9369
house,Not Applicable,11.58,sector 50,35741.0,5,5,3,2.0,Moderately Old,3240.0,0,1,0,0,0,1,20.0,"28.4178° N, 77.0628° E",28.4178,77.0628
flat,lotus homz,0.5,sector 111,14838.0,1,1,1,2.0,Relatively New,374.0,0,0,0,0,0,0,72.0,"28.5238° N, 77.0320° E",28.5238,77.032
flat,corona gracieux,1.05,sector 76,5949.0,3,3,3+,7.0,Relatively New,1598.0,0,0,0,0,0,2,133.0,"28.3935° N, 76.9888° E",28.3935,76.9888
house,Not Applicable,1.45,sector 25,2984.0,3,3,1,2.0,Old Property,540.0,0,0,0,0,0,1,9.0,"28.4844° N, 77.0860° E",28.4844,77.086
flat,bestech altura,1.9,sector 79,8837.0,3,4,3,11.0,Under Construction,1947.0,0,0,0,0,0,1,96.0,"28.3624° N, 76.9787° E",28.3624,76.9787
house,Not Applicable,5.25,sector 25,38889.0,4,4,3+,2.0,Relatively New,1350.0,0,1,0,1,0,2,72.0,"28.4844° N, 77.0860° E",28.4844,77.086
flat,ansal api celebrity suites,0.6,sector 2,8163.0,1,1,1,5.0,Moderately Old,665.0,0,0,0,0,0,2,88.0,"28.5095° N, 77.0320° E",28.5095,77.032
flat,the close north,2.51,sector 50,11992.0,3,3,3,11.0,Moderately Old,2093.0,0,0,1,1,0,2,109.0,"28.4178° N, 77.0628° E",28.4178,77.0628
flat,m3m the marina,2.22,sector 68,14322.0,3,2,3,4.0,Relatively New,1403.0,0,0,0,0,0,1,44.0,"28.3853° N, 77.0484° E",28.3853,77.0484
flat,m3m heights,2.8,sector 65,15000.0,3,3,3,20.0,Under Construction,1867.0,0,0,0,0,0,1,91.0,"28.4030° N, 77.0690° E",28.403,77.069
flat,sidhartha ncr greens,0.6,sector 95,5576.0,2,2,2,14.0,Relatively New,974.0,1,0,0,0,0,1,31.0,"28.4172° N, 76.9081° E",28.4172,76.9081
house,Not Applicable,9.0,sector 41,27778.0,8,5,3+,3.0,Old Property,3240.0,0,1,1,1,0,2,26.0,"28.4557° N, 77.0632° E",28.4557,77.0632
flat,alpha corp gurgaonone,1.2,sector 84,9448.0,2,2,1,6.0,Relatively New,1150.0,0,0,0,0,0,1,13.0,"28.3979° N, 76.9736° E",28.3979,76.9736
flat,m3m sierra 68,1.13,sector 68,9076.0,2,2,3,9.0,Relatively New,1130.0,0,0,0,0,0,2,149.0,"28.3853° N, 77.0484° E",28.3853,77.0484
flat,tata primanti,3.5,sector 72,11428.0,4,5,3+,10.0,Relatively New,2625.0,0,1,0,0,1,1,38.0,"28.4225° N, 77.0211° E",28.4225,77.0211
flat,m3m sierra 68,1.08,sector 68,8674.0,2,2,3,1.0,Relatively New,1130.0,0,0,0,0,0,2,149.0,"28.3853° N, 77.0484° E",28.3853,77.0484
house,Not Applicable,4.0,sector 53,17778.0,5,5,2,3.0,Relatively New,2250.0,1,0,0,0,0,1,23.0,"28.4433° N, 77.0948° E",28.4433,77.0948
flat,dlf regency park,2.35,sector 28,13224.0,3,4,3,8.0,Old Property,1700.0,0,1,0,0,0,2,109.0,"28.4728° N, 77.0865° E",28.4728,77.0865
flat,tulip monsella,5.6,sector 53,19363.0,3,3,3+,1.0,Under Construction,2618.0,0,0,0,0,0,1,42.0,"28.4433° N, 77.0948° E",28.4433,77.0948
flat,corona gracieux,0.75,sector 76,5660.0,2,2,3,13.0,Relatively New,1200.0,0,0,0,0,0,2,0.0,"28.3935° N, 76.9888° E",28.3935,76.9888
flat,ambience creacions,4.1,sector 22,28101.0,3,3,3+,2.0,New Property,2069.0,0,0,0,0,0,0,119.0,"28.5072° N, 77.0640° E",28.5072,77.064
flat,residency grand,5.0,sector 52,9615.0,5,5,3+,2.0,Moderately Old,5200.0,0,0,0,0,0,1,0.0,"28.4379° N, 77.0785° E",28.4379,77.0785
flat,vatika the seven lamps,1.28,sector 82,6819.0,3,3,3,3.0,Relatively New,1800.0,1,0,0,0,0,2,165.0,"28.3935° N, 76.9600° E",28.3935,76.96
flat,ireo skyon,2.05,sector 60,15185.0,2,3,2,2.0,Relatively New,1520.0,0,0,1,0,0,2,174.0,"28.4003° N, 77.0975° E",28.4003,77.0975
house,Not Applicable,4.0,sector 11,19753.0,5,4,1,2.0,Moderately Old,2025.0,0,0,0,0,0,1,0.0,"28.4531° N, 77.0202° E",28.4531,77.0202
flat,m3m woodshire,1.8,sector 107,7623.0,3,4,3+,2.0,Relatively New,1838.0,0,1,0,0,0,1,129.0,"28.5052° N, 76.9729° E",28.5052,76.9729
flat,satya element one,0.8,sector 49,11111.0,1,1,1,0.0,Moderately Old,720.0,0,0,0,0,0,1,0.0,"28.4121° N, 77.0480° E",28.4121,77.048
flat,ss the leaf,1.2,sector 85,10452.0,2,2,3+,2.0,Relatively New,1380.0,0,0,1,0,0,1,156.0,"28.4042° N, 76.9513° E",28.4042,76.9513
flat,antriksh heights,0.49,sector 84,4355.0,2,2,2,16.0,Relatively New,1019.0,0,0,0,0,0,1,66.0,"28.3979° N, 76.9736° E",28.3979,76.9736
flat,ireo skyon,2.12,sector 60,15531.0,2,2,2,2.0,Relatively New,1350.0,0,0,0,1,0,2,174.0,"28.4003° N, 77.0975° E",28.4003,77.0975
flat,supertech araville,0.78,sector 79,6023.0,2,2,3+,17.0,Relatively New,1172.0,0,0,0,0,0,1,24.0,"28.3624° N, 76.9787° E",28.3624,76.9787
flat,sidhartha ncr one,0.56,sector 95,4106.0,2,2,2,10.0,Relatively New,1364.0,0,0,0,0,0,1,0.0,"28.4172° N, 76.9081° E",28.4172,76.9081
flat,ss the leaf,2.1,sector 85,8720.0,3,4,3+,6.0,Relatively New,2026.0,0,1,0,0,0,1,156.0,"28.4042° N, 76.9513° E",28.4042,76.9513
flat,alpha corp gurgaonone,1.52,sector 84,7904.0,3,4,3,15.0,Relatively New,1704.0,0,1,0,0,0,1,92.0,"28.3979° N, 76.9736° E",28.3979,76.9736
flat,emaar gurgaon greens,1.35,sector 102,10800.0,3,4,3+,9.0,Relatively New,1400.0,0,1,0,1,0,2,174.0,"28.4750° N, 76.9715° E",28.475,76.9715
flat,corona optus,1.27,sector 37c,7231.0,3,3,3,2.0,Relatively New,1596.0,0,0,0,0,1,1,49.0,"28.4515° N, 76.9882° E",28.4515,76.9882
flat,signature global synera,0.48,sector 81,8450.0,2,2,1,7.0,Relatively New,613.0,0,0,0,0,0,2,70.0,"28.3867° N, 76.9485° E",28.3867,76.9485
flat,sunischit apartments,1.75,sector 54,7954.0,3,4,3+,5.0,Moderately Old,1900.0,0,1,0,0,0,2,83.0,"28.4348° N, 77.1089° E",28.4348,77.1089
flat,raheja vedaanta,0.95,sector 108,5214.0,3,3,3,3.0,Relatively New,1650.0,0,0,0,0,1,1,95.0,"28.5134° N, 76.9830° E",28.5134,76.983
flat,chintamani,1.57,sector 103,8509.0,3,3,3,1.0,Relatively New,1845.0,0,0,0,0,0,1,0.0,"28.4949° N, 76.9845° E",28.4949,76.9845
flat,vatika boulevard residences and heights,1.42,sector 83,8000.0,3,3,2,2.0,Relatively New,1972.0,0,0,0,0,0,2,113.0,"28.3986° N, 76.9647° E",28.3986,76.9647
house,Not Applicable,0.45,sector 11,8007.0,3,2,1,1.0,Old Property,562.0,0,0,0,0,0,1,15.0,"28.4531° N, 77.0202° E",28.4531,77.0202
flat,godrej air,1.4,sector 85,10000.0,2,2,3,23.0,Relatively New,1400.0,0,0,0,0,0,1,44.0,"28.4042° N, 76.9513° E",28.4042,76.9513
house,ninex city,1.75,sector 76,6250.0,4,4,No,14.0,New Property,3111.0,0,0,0,0,0,1,0.0,"28.3935° N, 76.9888° E",28.3935,76.9888
flat,ireo victory valley,3.65,sector 67,13528.0,3,4,3+,18.0,Relatively New,2490.0,0,1,0,1,0,2,61.0,"28.3859° N, 77.0608° E",28.3859,77.0608
house,Not Applicable,3.25,sector 25,30374.0,4,4,3,3.0,Old Property,1070.0,0,0,0,0,0,1,15.0,"28.4844° N, 77.0860° E",28.4844,77.086
house,dlf new town heights,2.5,sector 86,7827.0,4,5,3+,4.0,Moderately Old,3194.0,0,1,0,1,1,2,49.0,"28.3986° N, 76.9384° E",28.3986,76.9384
flat,dlf the ultima,2.3,sector 81,10994.0,3,4,3+,6.0,New Property,1894.0,0,1,0,0,0,0,167.0,"28.3867° N, 76.9485° E",28.3867,76.9485
flat,m3m skycity,1.8,sector 65,13700.0,2,2,3,13.0,New Property,1456.0,0,0,0,0,0,1,73.0,"28.4030° N, 77.0690° E",28.403,77.069
flat,adani brahma samsara vilasa,3.35,sector 63,16470.0,3,3,3+,3.0,New Property,2034.0,0,0,0,0,0,2,16.0,"28.3971° N, 77.0867° E",28.3971,77.0867
house,Not Applicable,11.0,sector 25,35530.0,5,5,3+,2.0,Relatively New,3096.0,1,1,1,1,0,1,29.0,"28.4844° N, 77.0860° E",28.4844,77.086
flat,brisk lumbini terrace homes,1.5,sector 109,6616.0,3,3,1,4.0,New Property,2519.0,0,1,0,0,0,1,37.0,"28.5073° N, 77.0089° E",28.5073,77.0089
flat,tulip lemon,0.6,sector 69,11407.0,2,1,1,11.0,Relatively New,584.0,0,0,0,0,0,1,0.0,"28.3966° N, 77.0341° E",28.3966,77.0341
house,international city by sobha phase 1,6.75,sector 109,10838.0,4,4,3+,2.0,New Property,6228.0,0,1,0,1,0,1,130.0,"28.5073° N, 77.0089° E",28.5073,77.0089
flat,adani brahma samsara vilasa,3.0,sector 63,16666.0,3,3,3,3.0,New Property,2000.0,0,0,0,0,0,1,24.0,"28.3971° N, 77.0867° E",28.3971,77.0867
flat,m3m woodshire,0.9,sector 107,6590.0,2,2,3+,10.0,Relatively New,1237.0,0,0,0,0,1,2,49.0,"28.5052° N, 76.9729° E",28.5052,76.9729
house,Not Applicable,0.74,sector 105,7400.0,3,3,No,2.0,Moderately Old,1000.0,0,0,0,0,0,1,0.0,"28.4952° N, 77.0114° E",28.4952,77.0114
flat,the lions cghs,2.05,sector 56,7884.0,4,4,3+,6.0,Relatively New,2500.0,0,0,0,0,1,2,101.0,"28.4245° N, 77.0991° E",28.4245,77.0991
house,eros rosewood city,3.75,sector 49,22046.0,3,3,1,2.0,Old Property,1701.0,0,0,0,1,0,2,6.0,"28.4121° N, 77.0480° E",28.4121,77.048
flat,shree vardhman flora,0.92,sector 90,4717.0,3,3,2,6.0,Relatively New,2167.0,1,0,0,0,0,2,49.0,"28.4085° N, 76.9369° E",28.4085,76.9369
flat,silverglades hightown residences,4.2,sector 43,19767.0,3,4,2,7.0,Under Construction,2125.0,0,0,0,0,0,1,42.0,"28.4629° N, 77.0772° E",28.4629,77.0772
flat,pareena coban residences,1.6,sector 99a,8000.0,3,3,3,6.0,Under Construction,1811.0,0,0,0,0,0,1,0.0,"28.4561° N, 76.9542° E",28.4561,76.9542
house,Not Applicable,0.7,sector 62,4117.0,4,4,1,2.0,Moderately Old,1700.0,0,0,0,0,0,1,0.0,"28.4139° N, 77.0886° E",28.4139,77.0886
house,uppal southend,3.75,sector 49,25562.0,2,6,3,3.0,Moderately Old,1467.0,0,0,0,0,1,1,49.0,"28.4121° N, 77.0480° E",28.4121,77.048
flat,shree vardhman victoria,1.55,sector 70,7948.0,3,5,3,8.0,Relatively New,1528.0,0,1,0,0,0,1,174.0,"28.3968° N, 77.0233° E",28.3968,77.0233
flat,piedmont taksila heights,0.9,sector 37c,5855.0,3,3,3,9.0,Moderately Old,1537.0,0,0,0,0,0,2,94.0,"28.4515° N, 76.9882° E",28.4515,76.9882
flat,imperia the esfera,0.87,sector 37c,5513.0,2,3,3+,9.0,New Property,1429.0,1,0,0,0,0,1,49.0,"28.4515° N, 76.9882° E",28.4515,76.9882
flat,ss the leaf,1.24,sector 85,7122.0,2,2,3,10.0,Relatively New,1730.0,0,0,0,0,0,1,49.0,"28.4042° N, 76.9513° E",28.4042,76.9513
house,Not Applicable,0.68,sector 3,3874.0,5,3,No,1.0,Moderately Old,1755.0,0,0,0,0,0,1,0.0,"28.4909° N, 77.0176° E",28.4909,77.0176
flat,godrej summit,0.85,sector 104,5878.0,2,2,3+,10.0,Relatively New,1269.0,1,0,0,0,0,1,79.0,"28.4788° N, 76.9960° E",28.4788,76.996
flat,m3m merlin,3.4,sector 67,14418.0,3,4,3,16.0,Relatively New,2016.0,0,1,0,0,0,2,174.0,"28.3859° N, 77.0608° E",28.3859,77.0608
house,sare crescent parc royal greens phase 1,0.85,sector 92,4877.0,4,4,3,4.0,Moderately Old,1743.0,0,0,0,0,0,1,0.0,"28.4079° N, 76.9153° E",28.4079,76.9153
house,Not Applicable,0.9,sector 54,10000.0,2,4,3+,4.0,Moderately Old,900.0,0,0,0,0,0,1,7.0,"28.4348° N, 77.1089° E",28.4348,77.1089
flat,ats tourmaline,1.4,sector 109,8000.0,3,3,3+,5.0,Relatively New,1466.0,0,0,0,0,0,1,44.0,"28.5073° N, 77.0089° E",28.5073,77.0089
flat,ireo skyon,3.7,sector 60,13214.0,4,5,3,10.0,Relatively New,2535.0,0,1,0,0,0,2,165.0,"28.4003° N, 77.0975° E",28.4003,77.0975
flat,parsvnath green ville,1.5,sector 48,8787.0,3,3,3,1.0,Old Property,1600.0,0,0,0,0,0,2,128.0,"28.4177° N, 77.0359° E",28.4177,77.0359
flat,tulip violet,1.2,sector 69,8888.0,2,3,1,0.0,Relatively New,1222.0,0,0,0,0,0,1,150.0,"28.3966° N, 77.0341° E",28.3966,77.0341
flat,the pearl apartmen,0.43,sector 15,5584.0,2,2,1,2.0,Relatively New,856.0,0,0,0,0,0,2,28.0,"28.4621° N, 77.0464° E",28.4621,77.0464
flat,tarc maceo,0.95,sector 91,5954.0,2,2,2,10.0,Relatively New,1186.0,0,0,0,0,0,1,77.0,"28.4014° N, 76.9225° E",28.4014,76.9225
flat,parsvnath green ville,3.3,sector 48,9984.0,5,5,3+,4.0,Old Property,3305.0,0,1,0,0,0,1,71.0,"28.4177° N, 77.0359° E",28.4177,77.0359
flat,emaar mgf emerald floors premier,2.85,sector 65,14430.0,4,4,3+,0.0,Relatively New,1975.0,1,1,0,0,0,2,151.0,"28.4030° N, 77.0690° E",28.403,77.069
flat,la vida by tata housing,2.7,sector 113,16363.0,3,4,3+,4.0,Relatively New,2217.0,0,1,0,0,0,2,49.0,"28.5287° N, 77.0233° E",28.5287,77.0233
flat,bestech park view residency,1.36,sector 23,7646.0,3,3,3+,5.0,Moderately Old,1612.0,0,0,0,0,0,1,84.0,"28.5121° N, 77.0478° E",28.5121,77.0478
flat,godrej,2.5,sector 79,11141.0,3,3,3+,5.0,Relatively New,2244.0,0,0,0,0,0,1,0.0,"28.3624° N, 76.9787° E",28.3624,76.9787
flat,godrej summit,1.25,sector 104,6778.0,3,4,3+,12.0,Relatively New,1669.0,0,1,0,0,1,1,79.0,"28.4788° N, 76.9960° E",28.4788,76.996
flat,conscient elevate,4.25,sector 59,18518.0,3,4,3,3.0,Under Construction,2078.0,0,0,0,0,0,1,0.0,"28.4051° N, 77.1097° E",28.4051,77.1097
house,Not Applicable,2.9,sector 23,11600.0,4,4,3,2.0,Relatively New,2500.0,0,1,0,0,0,2,43.0,"28.5121° N, 77.0478° E",28.5121,77.0478
flat,dlf the skycourt,1.55,sector 86,8035.0,3,3,3+,12.0,Relatively New,1500.0,0,0,0,0,1,0,166.0,"28.3986° N, 76.9384° E",28.3986,76.9384
flat,dlf garden city floors,1.7,sector 92,8588.0,3,4,2,1.0,Under Construction,1476.0,0,0,0,0,0,1,63.0,"28.4079° N, 76.9153° E",28.4079,76.9153
flat,dlf the skycourt,2.2,sector 86,11500.0,3,3,1,7.0,Relatively New,1747.0,0,0,0,1,0,0,77.0,"28.3986° N, 76.9384° E",28.3986,76.9384
house,Not Applicable,7.5,sector 14,16600.0,3,3,2,1.0,Old Property,4518.0,1,1,0,1,0,2,27.0,"28.4711° N, 77.0454° E",28.4711,77.0454
flat,signature andour heights,0.59,sector 71,8428.0,2,2,1,6.0,Moderately Old,639.0,0,0,0,0,0,1,67.0,"28.4104° N, 77.0281° E",28.4104,77.0281
flat,bestech altura,1.9,sector 79,9000.0,3,4,2,11.0,New Property,2389.0,0,1,0,0,0,1,49.0,"28.3624° N, 76.9787° E",28.3624,76.9787
flat,dlf the ultima,2.3,sector 81,10936.0,3,3,3+,19.0,Relatively New,1617.0,1,1,0,1,1,0,49.0,"28.3867° N, 76.9485° E",28.3867,76.9485
flat,m3m the marina,1.02,sector 68,8095.0,2,2,2,11.0,Relatively New,1250.0,0,0,0,0,1,2,49.0,"28.3853° N, 77.0484° E",28.3853,77.0484
flat,bptp terra,1.65,sector 37d,8790.0,3,3,2,15.0,Relatively New,1699.0,0,0,0,0,0,1,116.0,"28.4478° N, 76.9703° E",28.4478,76.9703
flat,ats triumph,4.45,sector 104,6846.0,4,5,3+,27.0,Relatively New,7222.0,0,0,0,0,0,1,110.0,"28.4788° N, 76.9960° E",28.4788,76.996
house,vipul tatvam villa,7.25,sector 48,22377.0,4,4,3,2.0,Relatively New,3240.0,1,1,1,1,0,2,103.0,"28.4177° N, 77.0359° E",28.4177,77.0359
flat,smart world orchard,2.2,sector 61,13500.0,3,3,2,1.0,Under Construction,1778.0,0,0,0,0,0,1,49.0,"28.4050° N, 77.0963° E",28.405,77.0963
flat,shapoorji pallonji joyville gurugram,1.26,sector 102,10370.0,2,2,3,7.0,Relatively New,1100.0,0,0,0,0,0,2,49.0,"28.4750° N, 76.9715° E",28.475,76.9715
flat,pyramid urban homes 2,0.44,sector 86,7321.0,2,2,2,6.0,Relatively New,668.0,0,0,0,0,0,2,63.0,"28.3986° N, 76.9384° E",28.3986,76.9384
flat,smart world gems,1.2,sector 89,8433.0,3,3,2,2.0,New Property,1423.0,0,0,0,0,0,1,45.0,"28.4253° N, 76.9439° E",28.4253,76.9439
flat,ansal heights 86,1.25,sector 86,7396.0,3,2,1,2.0,New Property,1530.0,0,0,0,0,0,1,100.0,"28.3986° N, 76.9384° E",28.3986,76.9384
flat,sidhivinayak apartments,1.9,sector 55,10555.0,4,3,3+,9.0,Moderately Old,2000.0,0,0,0,1,0,0,35.0,"28.4281° N, 77.1100° E",28.4281,77.11
flat,citizen apartment,3.55,sector 51,6826.0,5,6,3+,11.0,Moderately Old,5200.0,1,1,1,1,0,2,157.0,"28.4320° N, 77.0686° E",28.432,77.0686
flat,sare crescent parc,0.49,sector 92,4909.0,2,2,2,2.0,Relatively New,1109.0,0,0,0,0,0,1,96.0,"28.4079° N, 76.9153° E",28.4079,76.9153
flat,ats triumph,2.65,sector 104,8412.0,4,4,3+,14.0,Relatively New,2898.0,0,1,0,0,0,1,21.0,"28.4788° N, 76.9960° E",28.4788,76.996
flat,imperia the esfera,0.87,sector 37c,5513.0,2,3,3+,5.0,Relatively New,1300.0,1,0,0,0,0,1,109.0,"28.4515° N, 76.9882° E",28.4515,76.9882
flat,signature global solera,0.28,sector 107,5674.0,2,2,2,6.0,Relatively New,543.0,0,0,0,0,0,1,45.0,"28.5052° N, 76.9729° E",28.5052,76.9729
flat,lotus elise,0.95,sector 99,6551.0,2,3,3,7.0,Relatively New,1611.0,0,1,0,0,0,1,0.0,"28.4640° N, 76.9614° E",28.464,76.9614
house,Not Applicable,5.6,sector 55,20741.0,6,4,3,3.0,Old Property,2700.0,0,1,0,0,0,2,41.0,"28.4281° N, 77.1100° E",28.4281,77.11
flat,ats triumph,2.6,sector 104,8253.0,4,4,3+,12.0,Relatively New,2852.0,0,1,0,0,0,1,118.0,"28.4788° N, 76.9960° E",28.4788,76.996
flat,conscient heritage max,2.5,sector 102,11633.0,3,4,3+,25.0,New Property,1946.0,1,1,0,0,0,2,56.0,"28.4750° N, 76.9715° E",28.475,76.9715
flat,krrish provence estate,7.5,sector 2,7500.0,5,6,3+,23.0,Relatively New,9053.0,0,1,0,1,1,1,49.0,"28.5095° N, 77.0320° E",28.5095,77.032
flat,umang winter hills,1.2,sector 77,6586.0,3,3,3,14.0,Relatively New,1822.0,0,0,0,0,0,1,46.0,"28.3801° N, 76.9845° E",28.3801,76.9845
flat,emaar mgf the enclave,2.1,sector 66,12352.0,3,4,2,12.0,Relatively New,1800.0,0,1,0,0,0,2,156.0,"28.3925° N, 77.0541° E",28.3925,77.0541
flat,ambience creacions,6.16,sector 22,20533.0,4,5,3+,10.0,New Property,3333.0,0,1,0,1,0,2,49.0,"28.5072° N, 77.0640° E",28.5072,77.064
flat,dlf new town heights,1.4,sector 86,5942.0,4,4,3+,20.0,Relatively New,2133.0,0,1,0,1,0,1,65.0,"28.3986° N, 76.9384° E",28.3986,76.9384
flat,shree vardhman victoria,1.65,sector 70,8461.0,3,4,3,1.0,Relatively New,1587.0,0,1,0,0,0,0,167.0,"28.3968° N, 77.0233° E",28.3968,77.0233
flat,shree vardhman victoria,1.62,sector 70,8307.0,3,5,3,9.0,Relatively New,1528.0,0,1,0,0,0,1,43.0,"28.3968° N, 77.0233° E",28.3968,77.0233
flat,m3m merlin,2.65,sector 67,12945.0,3,3,3,0.0,Relatively New,2047.0,0,0,0,0,1,2,174.0,"28.3859° N, 77.0608° E",28.3859,77.0608
flat,orchid petals,1.95,sector 49,9972.0,3,3,3,2.0,Old Property,1634.0,0,0,0,0,0,2,90.0,"28.4121° N, 77.0480° E",28.4121,77.048
flat,chd avenue,1.35,sector 71,5744.0,4,4,3,8.0,Moderately Old,2128.0,0,1,0,0,0,1,26.0,"28.4104° N, 77.0281° E",28.4104,77.0281
flat,vatika lifestyle homes,1.3,sector 83,4545.0,3,3,1,6.0,Relatively New,2589.0,0,0,0,0,0,1,79.0,"28.3986° N, 76.9647° E",28.3986,76.9647
flat,sare green parc,0.85,sector 92,6741.0,3,2,2,14.0,Relatively New,1261.0,0,0,0,0,0,1,0.0,"28.4079° N, 76.9153° E",28.4079,76.9153
flat,vatika sovereign park,3.25,sector 99,9672.0,4,4,3+,2.0,New Property,3042.0,0,1,0,0,0,1,123.0,"28.4640° N, 76.9614° E",28.464,76.9614
flat,alpha corp gurgaonone,2.28,sector 84,8769.0,4,4,3+,8.0,Relatively New,2999.0,0,1,0,0,0,1,61.0,"28.3979° N, 76.9736° E",28.3979,76.9736
flat,smart world orchard,2.5,sector 61,16139.0,3,3,1,1.0,Under Construction,1549.0,0,0,0,0,0,1,61.0,"28.4050° N, 77.0963° E",28.405,77.0963
flat,shapoorji pallonji joyville gurugram,1.95,sector 102,17285.0,3,3,3,12.0,New Property,1465.0,0,0,1,0,0,1,72.0,"28.4750° N, 76.9715° E",28.475,76.9715
house,international city by sobha phase 1,5.75,sector 109,16428.0,4,4,2,3.0,Relatively New,4800.0,0,1,0,0,0,1,146.0,"28.5073° N, 77.0089° E",28.5073,77.0089
flat,dlf the ultima,3.25,sector 81,11805.0,4,4,3+,11.0,Moderately Old,2492.0,0,1,0,0,0,1,28.0,"28.3867° N, 76.9485° E",28.3867,76.9485
house,unitech uniworld resorts,8.5,sector 33,17820.0,5,5,3+,3.0,New Property,4770.0,1,1,1,1,0,2,145.0,"28.4420° N, 77.0207° E",28.442,77.0207
flat,sidhartha ncr one phase,0.43,sector 95,3152.0,2,2,2,6.0,Relatively New,1300.0,0,0,0,0,0,1,120.0,"28.4172° N, 76.9081° E",28.4172,76.9081
flat,vasant appartments,1.7,sector 14,7391.0,5,5,2,2.0,Old Property,2556.0,1,0,1,1,0,0,71.0,"28.4711° N, 77.0454° E",28.4711,77.0454
flat,sare homes,0.95,sector 92,4250.0,4,3,2,16.0,New Property,1983.0,0,0,0,0,0,1,95.0,"28.4079° N, 76.9153° E",28.4079,76.9153
flat,m3m heights,3.29,sector 65,17997.0,3,3,3,33.0,New Property,1828.0,0,0,0,0,0,1,49.0,"28.4030° N, 77.0690° E",28.403,77.069
flat,umang winter hills,0.71,sector 77,5305.0,2,2,2,6.0,Relatively New,1057.0,1,0,0,0,0,1,108.0,"28.3801° N, 76.9845° E",28.3801,76.9845
house,vatika signature villas,4.7,sector 82,21759.0,3,3,3+,3.0,New Property,2160.0,0,1,0,0,0,1,33.0,"28.3935° N, 76.9600° E",28.3935,76.96
flat,sare homes,0.5,sector 92,4237.0,3,3,2,1.0,Relatively New,1068.0,0,0,0,0,0,1,26.0,"28.4079° N, 76.9153° E",28.4079,76.9153
flat,godrej air,1.05,sector 85,10603.0,2,2,1,15.0,Under Construction,97.0,0,0,0,0,0,1,45.0,"28.4042° N, 76.9513° E",28.4042,76.9513
flat,m3m capital,1.83,sector 113,13969.0,2,2,0,7.0,New Property,1310.0,0,0,0,0,0,1,68.0,"28.5287° N, 77.0233° E",28.5287,77.0233
flat,emaar mgf emerald floors premier,2.35,sector 65,14242.0,3,3,3,2.0,Relatively New,1650.0,1,1,0,0,0,1,158.0,"28.4030° N, 77.0690° E",28.403,77.069
flat,bestech park view ananda,0.88,sector 81,8042.0,2,2,3,8.0,Relatively New,1223.0,1,0,0,0,0,2,95.0,"28.3867° N, 76.9485° E",28.3867,76.9485
flat,sare homes,0.68,sector 92,5238.0,3,3,2,11.0,Relatively New,1442.0,0,0,0,1,0,1,100.0,"28.4079° N, 76.9153° E",28.4079,76.9153
flat,ansal heights 86,0.82,sector 86,6029.0,2,2,1,12.0,New Property,1300.0,0,0,0,0,0,1,49.0,"28.3986° N, 76.9384° E",28.3986,76.9384
house,Not Applicable,5.5,sector 48,23504.0,4,4,2,2.0,Relatively New,2340.0,0,1,0,0,0,2,22.0,"28.4177° N, 77.0359° E",28.4177,77.0359
flat,orchid petals,4.21,sector 49,11835.0,5,6,3+,14.0,Relatively New,3220.0,0,1,0,1,0,1,35.0,"28.4121° N, 77.0480° E",28.4121,77.048
flat,umang monsoon breeze,1.15,sector 78,5284.0,3,3,3,9.0,Moderately Old,1970.0,0,1,0,0,1,1,22.0,"28.3733° N, 76.9729° E",28.3733,76.9729
flat,godrej aria,0.95,sector 79,6551.0,2,2,3,5.0,Relatively New,1611.0,0,0,0,0,0,2,174.0,"28.3624° N, 76.9787° E",28.3624,76.9787
house,Not Applicable,12.5,sector 50,40611.0,6,5,3,4.0,Moderately Old,3078.0,1,1,0,1,0,2,23.0,"28.4178° N, 77.0628° E",28.4178,77.0628
flat,rk tower,0.95,sector 23,9595.0,2,2,1,1.0,Relatively New,1100.0,0,0,0,0,0,1,99.0,"28.5121° N, 77.0478° E",28.5121,77.0478
house,sushant lok 1 builder floors,13.0,sector 43,48148.0,3,3,3+,4.0,New Property,2700.0,0,0,0,1,0,2,7.0,"28.4629° N, 77.0772° E",28.4629,77.0772
house,signature global city,1.27,sector 37d,8089.0,3,3,3,4.0,Under Construction,1570.0,0,0,0,1,0,1,89.0,"28.4478° N, 76.9703° E",28.4478,76.9703
flat,signature andour heights,0.39,sector 71,9846.0,1,1,2,1.0,New Property,294.0,0,0,0,0,0,1,0.0,"28.4104° N, 77.0281° E",28.4104,77.0281
house,Not Applicable,1.45,sector 56,26852.0,1,4,3+,4.0,Relatively New,60.0,0,0,1,0,0,1,70.0,"28.4245° N, 77.0991° E",28.4245,77.0991
flat,woodstock floors,1.05,sector 50,10627.0,2,2,2,2.0,Moderately Old,1098.0,0,0,0,0,0,1,53.0,"28.4178° N, 77.0628° E",28.4178,77.0628
house,Not Applicable,8.0,sector 38,25616.0,10,10,3+,1.0,Relatively New,3123.0,0,0,0,0,0,1,0.0,"28.4347° N, 77.0430° E",28.4347,77.043
flat,dlf regency park,1.6,sector 28,14545.0,2,2,2,3.0,Relatively New,1222.0,0,0,0,0,0,1,52.0,"28.4728° N, 77.0865° E",28.4728,77.0865
flat,sare homes,0.95,sector 92,4871.0,4,3,3,13.0,New Property,1765.0,0,0,0,0,0,1,0.0,"28.4079° N, 76.9153° E",28.4079,76.9153
flat,ireo skyon,3.8,sector 60,13571.0,4,5,3,15.0,Moderately Old,2791.0,0,1,0,0,0,2,145.0,"28.4003° N, 77.0975° E",28.4003,77.0975
house,landmark house,2.75,sector 43,25463.0,3,3,1,2.0,Moderately Old,1080.0,0,0,0,1,0,1,21.0,"28.4629° N, 77.0772° E",28.4629,77.0772
house,Not Applicable,6.4,sector 14,20317.0,6,6,3+,3.0,Old Property,3150.0,0,0,0,0,1,1,35.0,"28.4711° N, 77.0454° E",28.4711,77.0454
flat,paras dews,1.4,sector 106,9978.0,4,6,3+,10.0,Relatively New,1535.0,0,1,0,0,0,1,174.0,"28.5007° N, 77.0003° E",28.5007,77.0003
flat,guru gram haryana cghs,1.39,sector 56,8424.0,3,2,3,6.0,Old Property,1750.0,0,1,0,1,0,2,89.0,"28.4245° N, 77.0991° E",28.4245,77.0991
flat,ats kocoon,1.6,sector 109,9169.0,3,3,3,10.0,Relatively New,1550.0,0,0,0,0,0,1,86.0,"28.5073° N, 77.0089° E",28.5073,77.0089
flat,dlf the primus,1.59,sector 82a,10338.0,3,3,3+,5.0,Relatively New,1669.0,0,0,0,0,1,0,167.0,"28.3858° N, 76.9686° E",28.3858,76.9686
flat,vatika gurgaon,1.4,sector 83,6628.0,3,3,2,7.0,Relatively New,1571.0,0,0,0,0,0,2,74.0,"28.3986° N, 76.9647° E",28.3986,76.9647
house,dlf city plots phase 2,4.25,sector 25,31481.0,3,2,3,2.0,Old Property,1350.0,1,0,0,0,0,1,35.0,"28.4844° N, 77.0860° E",28.4844,77.086
flat,conscient habitat,0.35,sector 99a,6422.0,2,2,1,3.0,Relatively New,606.0,0,0,0,0,0,1,62.0,"28.4561° N, 76.9542° E",28.4561,76.9542
flat,rose apartment,3.0,sector 28,10482.0,3,5,3+,8.0,Old Property,2591.0,0,0,0,0,0,1,0.0,"28.4728° N, 77.0865° E",28.4728,77.0865
flat,emaar palm premier,2.1,sector 77,10500.0,3,4,3+,11.0,New Property,1600.0,0,1,0,0,0,2,129.0,"28.3801° N, 76.9845° E",28.3801,76.9845
flat,conscient heritage max,2.65,sector 102,10375.0,4,5,3+,17.0,Moderately Old,2312.0,0,1,0,0,0,1,125.0,"28.4750° N, 76.9715° E",28.475,76.9715
house,vatika signature villas,5.0,sector 82,15432.0,4,4,3+,3.0,Relatively New,3240.0,0,1,1,1,0,1,24.0,"28.3935° N, 76.9600° E",28.3935,76.96
house,ireo victory valley,8.0,sector 67,22222.0,6,7,3+,51.0,Moderately Old,3600.0,1,1,0,1,0,2,49.0,"28.3859° N, 77.0608° E",28.3859,77.0608
flat,raisina residency,5.0,sector 59,13058.0,4,4,3+,13.0,Relatively New,4254.0,1,1,1,1,0,2,174.0,"28.4051° N, 77.1097° E",28.4051,77.1097
house,dlf city plots,12.5,sector 26,38580.0,4,5,2,2.0,Moderately Old,3240.0,1,1,0,0,0,2,121.0,"28.4757° N, 77.1032° E",28.4757,77.1032
flat,mrg world ultimus,0.5,sector 90,6983.0,2,2,2,1.0,Under Construction,796.0,0,0,0,0,0,1,21.0,"28.4085° N, 76.9369° E",28.4085,76.9369
flat,ireo victory valley,2.95,sector 67,12110.0,3,3,3+,14.0,Moderately Old,2236.0,0,1,0,1,0,2,165.0,"28.3859° N, 77.0608° E",28.3859,77.0608
flat,signature global grand iva,0.5,sector 103,6250.0,2,2,2,10.0,Relatively New,698.0,0,0,0,0,0,1,8.0,"28.4949° N, 76.9845° E",28.4949,76.9845
house,Not Applicable,5.8,sector 26,32222.0,4,3,2,2.0,Relatively New,1800.0,0,0,1,0,0,1,21.0,"28.4757° N, 77.1032° E",28.4757,77.1032
house,Not Applicable,11.75,sector 28,41315.0,4,5,3+,4.0,Relatively New,2844.0,1,1,1,0,0,2,54.0,"28.4728° N, 77.0865° E",28.4728,77.0865
house,Not Applicable,3.5,sector 5,14787.0,5,4,2,2.0,Old Property,2367.0,0,0,0,1,1,1,36.0,"28.4794° N, 77.0176° E",28.4794,77.0176
flat,the close north,3.0,sector 50,11516.0,3,3,3+,14.0,Old Property,2358.0,0,1,0,0,0,2,121.0,"28.4178° N, 77.0628° E",28.4178,77.0628
flat,ambience creacions,2.79,sector 22,15000.0,3,3,3,13.0,New Property,1860.0,0,0,0,0,0,0,158.0,"28.5072° N, 77.0640° E",28.5072,77.064
flat,bestech park view sanskruti,1.68,sector 92,11052.0,3,4,3+,15.0,Relatively New,1804.0,0,1,0,0,0,2,174.0,"28.4079° N, 76.9153° E",28.4079,76.9153
flat,godrej frontier,1.1,sector 80,5705.0,3,3,3,8.0,Moderately Old,1580.0,0,1,0,0,0,1,111.0,"28.3659° N, 76.9557° E",28.3659,76.9557
flat,adani brahma samsara vilasa,3.25,sector 63,29545.0,3,3,3,4.0,New Property,2700.0,0,0,0,0,1,1,41.0,"28.3971° N, 77.0867° E",28.3971,77.0867
flat,pareena mi casa,1.9,sector 68,9227.0,3,3,3+,1.0,Under Construction,2288.0,0,1,0,0,0,1,49.0,"28.3853° N, 77.0484° E",28.3853,77.0484
flat,unitech uniworld gardens,2.4,sector 47,11505.0,3,4,3+,10.0,Moderately Old,1917.0,0,1,0,0,0,1,103.0,"28.4276° N, 77.0492° E",28.4276,77.0492
flat,ss the leaf,1.06,sector 85,6343.0,2,2,2,12.0,Relatively New,1513.0,0,0,0,0,0,1,44.0,"28.4042° N, 76.9513° E",28.4042,76.9513
flat,smart world gems,1.2,sector 89,12526.0,3,3,3,3.0,Under Construction,1064.0,0,0,1,1,0,1,131.0,"28.4253° N, 76.9439° E",28.4253,76.9439
flat,brisk lumbini terrace homes,1.5,sector 109,6616.0,3,3,1,4.0,New Property,2519.0,0,1,0,0,0,1,37.0,"28.5073° N, 77.0089° E",28.5073,77.0089
flat,smart world orchard,1.47,sector 61,12782.0,2,2,2,4.0,Under Construction,1278.0,1,0,0,0,0,1,31.0,"28.4050° N, 77.0963° E",28.405,77.0963
flat,unitech uniworld gardens,1.05,sector 47,10531.0,2,2,2,3.0,Relatively New,1108.0,0,0,0,0,0,2,34.0,"28.4276° N, 77.0492° E",28.4276,77.0492
flat,emaar mgf palm studios,1.45,sector 66,14795.0,2,2,3,3.0,Relatively New,1082.0,0,0,0,0,0,1,92.0,"28.3925° N, 77.0541° E",28.3925,77.0541
flat,alpha corp gurgaonone,1.5,sector 84,7641.0,3,3,3,20.0,Relatively New,1833.0,0,1,0,0,0,2,37.0,"28.3979° N, 76.9736° E",28.3979,76.9736
flat,ats tourmaline,2.3,sector 109,8897.0,3,4,3+,10.0,New Property,2340.0,0,1,0,0,1,1,74.0,"28.5073° N, 77.0089° E",28.5073,77.0089
house,Not Applicable,8.5,sector 17b,18814.0,4,4,2,2.0,Old Property,4518.0,1,1,0,1,0,2,21.0,"28.4806° N, 77.0663° E",28.4806,77.0663
flat,dlf regal gardens,1.23,sector 90,7052.0,3,3,2,19.0,Relatively New,1579.0,0,0,0,0,1,1,6.0,"28.4085° N, 76.9369° E",28.4085,76.9369
house,prem kunj,0.5,sector 48,7407.0,2,4,3,3.0,Relatively New,725.0,0,0,0,1,0,1,22.0,"28.4177° N, 77.0359° E",28.4177,77.0359
flat,pareena mi casa,1.1,sector 68,8835.0,2,2,3,11.0,New Property,1127.0,0,0,0,0,0,1,95.0,"28.3853° N, 77.0484° E",28.3853,77.0484
flat,sobha city,3.35,sector 108,13266.0,3,4,2,19.0,New Property,2525.0,0,0,0,0,0,1,102.0,"28.5134° N, 76.9830° E",28.5134,76.983
flat,bestech park view grand spa,2.22,sector 81,8345.0,3,4,3+,15.0,Relatively New,2408.0,0,1,0,0,0,2,174.0,"28.3867° N, 76.9485° E",28.3867,76.9485
flat,supertech hues,0.9,sector 68,7627.0,2,2,2,1.0,New Property,1311.0,0,0,0,0,0,1,44.0,"28.3853° N, 77.0484° E",28.3853,77.0484
flat,emaar digihomes,2.1,sector 62,13925.0,2,2,3,12.0,New Property,1500.0,0,0,0,0,1,2,49.0,"28.4139° N, 77.0886° E",28.4139,77.0886
flat,sagar apartment,1.45,sector 56,7250.0,3,3,3+,7.0,Old Property,1900.0,1,1,0,1,1,1,166.0,"28.4245° N, 77.0991° E",28.4245,77.0991
flat,spaze privy,3.1,sector 72,6692.0,4,5,3+,8.0,Moderately Old,3375.0,1,1,1,1,0,1,136.0,"28.4225° N, 77.0211° E",28.4225,77.0211
flat,antriksh heights,0.84,sector 84,4869.0,3,3,3+,8.0,New Property,1562.0,0,0,0,1,0,1,60.0,"28.3979° N, 76.9736° E",28.3979,76.9736
flat,ss the leaf,1.05,sector 85,6163.0,2,2,3+,7.0,Relatively New,1513.0,0,0,1,0,0,1,144.0,"28.4042° N, 76.9513° E",28.4042,76.9513
flat,emaar palm gardens,1.35,sector 83,12325.0,3,3,3,7.0,Relatively New,1387.0,0,1,0,0,0,1,24.0,"28.3986° N, 76.9647° E",28.3986,76.9647
flat,czar mahira homes 63a,0.42,sector 63a,7407.0,3,2,2,1.0,Under Construction,630.0,0,0,0,0,0,1,0.0,"28.3923° N, 77.0888° E",28.3923,77.0888
flat,godrej,1.35,sector 79,8970.0,3,3,2,7.0,Relatively New,1363.0,0,0,0,0,0,1,118.0,"28.3624° N, 76.9787° E",28.3624,76.9787
flat,godrej aria,1.95,sector 79,8519.0,3,4,3+,10.0,New Property,1659.0,0,1,0,0,0,1,32.0,"28.3624° N, 76.9787° E",28.3624,76.9787
house,Not Applicable,10.0,sector 40,30864.0,6,6,3+,4.0,Moderately Old,3240.0,1,1,1,1,0,2,70.0,"28.4498° N, 77.0567° E",28.4498,77.0567
flat,emaar mgf palm hills,1.9,sector 77,9500.0,3,4,3+,6.0,New Property,1582.0,0,1,0,0,0,2,42.0,"28.3801° N, 76.9845° E",28.3801,76.9845
flat,central park resorts,5.15,sector 48,20900.0,3,3,3+,8.0,Moderately Old,2364.0,0,1,0,0,0,0,53.0,"28.4177° N, 77.0359° E",28.4177,77.0359
flat,ansal heights 86,1.25,sector 86,7396.0,3,2,1,11.0,New Property,1530.0,0,0,0,0,0,1,45.0,"28.3986° N, 76.9384° E",28.3986,76.9384
flat,mapsko mount ville,1.2,sector 79,8053.0,3,3,3,24.0,Relatively New,1349.0,0,0,0,0,0,2,8.0,"28.3624° N, 76.9787° E",28.3624,76.9787
flat,sbtl caladium,1.35,sector 109,7180.0,3,2,3+,12.0,Relatively New,1478.0,0,0,0,0,0,1,128.0,"28.5073° N, 77.0089° E",28.5073,77.0089
house,Not Applicable,0.5,sector 6,8333.0,3,3,2,2.0,Moderately Old,600.0,0,0,0,1,0,1,0.0,"28.4745° N, 77.0262° E",28.4745,77.0262
flat,ramsons kshitij,0.28,sector 95,3650.0,2,2,2,5.0,New Property,694.0,0,0,0,0,1,1,0.0,"28.4172° N, 76.9081° E",28.4172,76.9081
flat,m3m soulitude,1.25,sector 89,8784.0,3,3,3,3.0,New Property,1288.0,1,0,0,0,1,1,61.0,"28.4253° N, 76.9439° E",28.4253,76.9439
flat,godrej aria,1.1,sector 79,7772.0,2,2,3+,4.0,New Property,1223.0,0,0,0,0,0,2,49.0,"28.3624° N, 76.9787° E",28.3624,76.9787
house,Not Applicable,3.51,sector 76,12342.0,4,4,3,4.0,New Property,2844.0,0,1,0,0,0,1,73.0,"28.3935° N, 76.9888° E",28.3935,76.9888
flat,raheja atharva,0.79,sector 109,7931.0,3,2,2,3.0,Relatively New,1213.0,0,0,0,0,0,2,44.0,"28.5073° N, 77.0089° E",28.5073,77.0089
house,Not Applicable,2.95,sector 23,15989.0,4,4,3+,2.0,Old Property,1845.0,0,0,0,0,0,1,27.0,"28.5121° N, 77.0478° E",28.5121,77.0478
flat,cghs hewo apartments,1.25,sector 31,11574.0,2,2,2,2.0,Old Property,1200.0,0,0,0,0,0,1,28.0,"28.4528° N, 77.0498° E",28.4528,77.0498
flat,signature global city,1.0,sector 37d,8160.0,3,3,3,4.0,Under Construction,1250.0,0,0,0,0,0,1,49.0,"28.4478° N, 76.9703° E",28.4478,76.9703
flat,ramsons kshitij,0.17,sector 95,544.0,1,1,1,12.0,Relatively New,3569.0,0,0,0,0,0,1,56.0,"28.4172° N, 76.9081° E",28.4172,76.9081
house,Not Applicable,3.85,sector 7,14650.0,4,4,3,3.0,Old Property,2628.0,0,0,0,0,0,1,27.0,"28.4644° N, 77.0143° E",28.4644,77.0143
house,unitech uniworld resorts,9.55,sector 33,19293.0,6,7,3+,2.0,Relatively New,4950.0,1,1,1,1,0,2,126.0,"28.4420° N, 77.0207° E",28.442,77.0207
flat,emaar mgf palm hills,1.08,sector 77,5400.0,3,4,3+,5.0,Relatively New,1811.0,1,1,0,0,1,2,167.0,"28.3801° N, 76.9845° E",28.3801,76.9845
flat,alpha corp gurgaonone,1.15,sector 84,7496.0,2,2,3,8.0,Relatively New,1361.0,1,0,0,0,0,2,37.0,"28.3979° N, 76.9736° E",28.3979,76.9736
flat,dlf regal gardens,1.78,sector 90,8036.0,4,4,3+,8.0,Relatively New,2000.0,0,0,0,0,0,1,126.0,"28.4085° N, 76.9369° E",28.4085,76.9369
flat,pyramid urban,0.53,sector 67a,8967.0,2,2,1,6.0,Relatively New,657.0,0,0,0,0,1,2,49.0,"28.3960° N, 77.0372° E",28.396,77.0372
house,Not Applicable,0.9,sector 13,11464.0,2,4,3,3.0,Moderately Old,785.0,1,1,0,1,1,1,0.0,"28.4757° N, 77.0392° E",28.4757,77.0392
house,Not Applicable,2.1,sector 8,8386.0,4,3,No,2.0,Moderately Old,2504.0,0,0,0,0,0,1,0.0,"28.3738° N, 76.8970° E",28.3738,76.897
flat,dhoot time residency,3.0,sector 63,18271.0,3,3,3+,14.0,Relatively New,1642.0,0,1,0,0,0,2,0.0,"28.3971° N, 77.0867° E",28.3971,77.0867
flat,afnhb jalvayu vihar,0.69,sector 30,7272.0,2,2,1,3.0,Old Property,896.0,0,0,0,0,0,1,65.0,"28.4604° N, 77.0579° E",28.4604,77.0579
flat,sahara grace,5.5,sector 28,14612.0,4,5,3+,5.0,Moderately Old,3408.0,0,1,0,0,1,2,8.0,"28.4728° N, 77.0865° E",28.4728,77.0865
flat,dlf new town heights,1.95,sector 90,7150.0,4,4,3+,24.0,Relatively New,2457.0,0,1,1,0,0,1,174.0,"28.4085° N, 76.9369° E",28.4085,76.9369
flat,baani city center,0.88,sector 63,10945.0,1,1,2,4.0,New Property,804.0,0,0,0,0,0,1,0.0,"28.3971° N, 77.0867° E",28.3971,77.0867
flat,dlf regal gardens,1.79,sector 90,8081.0,4,3,3+,10.0,Moderately Old,2461.0,0,0,0,0,0,1,63.0,"28.4085° N, 76.9369° E",28.4085,76.9369
flat,the lions cghs,2.1,sector 56,8750.0,3,4,3+,8.0,Old Property,2200.0,0,0,0,0,1,2,166.0,"28.4245° N, 77.0991° E",28.4245,77.0991
flat,shree vardhman victoria,1.75,sector 70,8205.0,3,5,3,7.0,New Property,1528.0,0,1,0,1,0,1,37.0,"28.3968° N, 77.0233° E",28.3968,77.0233
flat,pareena laxmi apartments,0.32,sector 99a,6106.0,2,2,2,2.0,New Property,473.0,0,0,0,0,0,1,50.0,"28.4561° N, 76.9542° E",28.4561,76.9542
house,suncity avenue 76,0.75,sector 76,10067.0,2,2,2,11.0,New Property,745.0,0,0,0,0,0,1,40.0,"28.3935° N, 76.9888° E",28.3935,76.9888
flat,tulip violet,1.7,sector 69,8623.0,4,4,1,12.0,Relatively New,1784.0,0,0,0,0,0,1,88.0,"28.3966° N, 77.0341° E",28.3966,77.0341
flat,ireo the corridors,1.5,sector 67a,11111.0,2,2,2,10.0,Relatively New,1500.0,0,0,1,0,0,2,38.0,"28.3960° N, 77.0372° E",28.396,77.0372
flat,m3m woodshire,1.3,sector 107,10815.0,3,3,3,7.0,Relatively New,1547.0,0,0,0,1,0,1,89.0,"28.5052° N, 76.9729° E",28.5052,76.9729
flat,raheja atharva,2.2,sector 109,9490.0,3,3,2,7.0,Moderately Old,2576.0,0,1,0,0,0,2,111.0,"28.5073° N, 77.0089° E",28.5073,77.0089
house,vatika india next,6.5,sector 82,20062.0,4,3,No,2.0,Relatively New,3240.0,0,0,0,0,0,1,0.0,"28.3935° N, 76.9600° E",28.3935,76.96
house,Not Applicable,18.0,sector 26,39841.0,5,4,3+,4.0,Moderately Old,4518.0,1,1,1,1,0,2,113.0,"28.4757° N, 77.1032° E",28.4757,77.1032
flat,birla navya,3.7,sector 63a,15416.0,3,3,3+,1.0,Under Construction,2667.0,0,0,0,0,0,1,72.0,"28.3923° N, 77.0888° E",28.3923,77.0888
house,ansals palam vihar,5.7,sector 23,14729.0,5,5,2,2.0,Old Property,4550.0,0,0,0,1,0,0,94.0,"28.5121° N, 77.0478° E",28.5121,77.0478
flat,sare homes,1.19,sector 92,5219.0,4,3,3,14.0,Relatively New,2533.0,0,1,0,0,0,1,100.0,"28.4079° N, 76.9153° E",28.4079,76.9153
flat,smart world orchard,1.55,sector 61,13478.0,2,2,1,3.0,Under Construction,1041.0,1,0,0,0,0,1,43.0,"28.4050° N, 77.0963° E",28.405,77.0963
flat,signature global the millennia,0.55,sector 37d,9166.0,2,2,3,3.0,New Property,543.0,0,0,0,0,0,1,53.0,"28.4478° N, 76.9703° E",28.4478,76.9703
flat,orris aster court premier,1.5,sector 85,5859.0,4,5,3+,6.0,New Property,2017.0,0,1,0,0,0,2,28.0,"28.4042° N, 76.9513° E",28.4042,76.9513
flat,signature global synera,0.49,sector 81,6666.0,2,2,3,5.0,Relatively New,700.0,0,0,0,0,0,1,117.0,"28.3867° N, 76.9485° E",28.3867,76.9485
flat,emaar mgf the palm drive,3.5,sector 66,15901.0,3,3,2,4.0,Relatively New,2200.0,1,0,0,0,0,1,89.0,"28.3925° N, 77.0541° E",28.3925,77.0541
flat,tulip violet,1.43,sector 69,8886.0,3,3,2,1.0,Relatively New,1305.0,0,0,0,1,0,1,86.0,"28.3966° N, 77.0341° E",28.3966,77.0341
house,international city by sobha phase 2,5.65,sector 109,10463.0,4,4,3+,2.0,New Property,5400.0,0,1,0,0,1,2,44.0,"28.5073° N, 77.0089° E",28.5073,77.0089
flat,chintels paradiso,2.0,sector 109,7604.0,4,4,2,11.0,Relatively New,2381.0,0,1,0,1,0,1,64.0,"28.5073° N, 77.0089° E",28.5073,77.0089
flat,vatika gurgaon,1.25,sector 83,6313.0,3,3,2,12.0,Moderately Old,1700.0,0,1,0,0,0,1,95.0,"28.3986° N, 76.9647° E",28.3986,76.9647
flat,signature global city,1.1,sector 37d,9838.0,2,2,2,4.0,Relatively New,1242.0,0,0,0,0,0,1,59.0,"28.4478° N, 76.9703° E",28.4478,76.9703
flat,elan the presidential,6.3,sector 106,15384.0,5,6,3+,10.0,Under Construction,3798.0,0,0,0,0,0,2,62.0,"28.5007° N, 77.0003° E",28.5007,77.0003
flat,shapoorji pallonji joyville gurugram,2.0,sector 102,17729.0,3,3,3+,1.0,Relatively New,1456.0,0,0,1,0,0,1,139.0,"28.4750° N, 76.9715° E",28.475,76.9715
flat,pareena coban residences,1.16,sector 99a,5808.0,3,3,3,3.0,Relatively New,1790.0,0,1,0,0,1,1,49.0,"28.4561° N, 76.9542° E",28.4561,76.9542
flat,"new colony, gurgaon",0.8,sector 7,8100.0,3,2,1,4.0,Relatively New,1100.0,0,0,0,0,0,2,69.0,"28.4644° N, 77.0143° E",28.4644,77.0143
flat,tulip orange,1.1,sector 70,8148.0,3,2,2,5.0,Relatively New,1350.0,0,0,0,0,0,1,0.0,"28.3968° N, 77.0233° E",28.3968,77.0233
house,Not Applicable,3.5,sector 38,20323.0,3,2,2,1.0,Moderately Old,1722.0,0,0,0,0,0,1,0.0,"28.4347° N, 77.0430° E",28.4347,77.043
flat,ansal heights 86,1.05,sector 86,5541.0,3,3,3,9.0,Under Construction,1716.0,0,1,0,0,0,1,0.0,"28.3986° N, 76.9384° E",28.3986,76.9384
flat,pioneer park,2.0,sector 61,11764.0,3,3,3,24.0,Moderately Old,1539.0,0,0,0,0,0,2,75.0,"28.4050° N, 77.0963° E",28.405,77.0963
flat,piedmont taksila heights,1.0,sector 37c,6506.0,3,3,3+,8.0,Relatively New,1708.0,0,0,0,0,0,2,49.0,"28.4515° N, 76.9882° E",28.4515,76.9882
flat,maxworth city residences,0.8,sector 10a,6400.0,2,3,2,9.0,New Property,1389.0,0,0,0,0,0,1,46.0,"28.4469° N, 77.0106° E",28.4469,77.0106
flat,emaar mgf emerald floors premier,2.4,sector 65,14545.0,3,3,3,3.0,Relatively New,1600.0,1,1,0,0,0,2,49.0,"28.4030° N, 77.0690° E",28.403,77.069
flat,vatika sovereign next,3.85,sector 82a,7500.0,5,6,3+,6.0,New Property,5711.0,0,1,0,1,0,1,148.0,"28.3858° N, 76.9686° E",28.3858,76.9686
flat,friends apartment,2.0,sector 52,8510.0,4,3,3,5.0,Moderately Old,2092.0,0,1,0,0,0,0,111.0,"28.4379° N, 77.0785° E",28.4379,77.0785
flat,sbtl caladium,1.8,sector 109,7072.0,3,3,3+,10.0,Relatively New,2000.0,0,0,0,0,0,1,174.0,"28.5073° N, 77.0089° E",28.5073,77.0089
flat,dlf the primus,2.25,sector 82a,10714.0,3,3,3+,29.0,Relatively New,2333.0,0,1,0,0,0,0,72.0,"28.3858° N, 76.9686° E",28.3858,76.9686
flat,supertech araville,0.9,sector 79,5883.0,2,2,3,5.0,Relatively New,1450.0,1,0,0,0,0,1,53.0,"28.3624° N, 76.9787° E",28.3624,76.9787
house,experion windchants,7.46,sector 112,10260.0,4,4,3+,2.0,Relatively New,6350.0,0,1,0,1,0,2,62.0,"28.5189° N, 77.0183° E",28.5189,77.0183
flat,signature global solera,0.52,sector 107,8062.0,3,2,2,5.0,Relatively New,717.0,0,0,0,0,1,1,15.0,"28.5052° N, 76.9729° E",28.5052,76.9729
flat,dlf belvedere towers,3.7,sector 25,17619.0,4,4,3,18.0,Old Property,2333.0,0,1,0,0,0,2,26.0,"28.4844° N, 77.0860° E",28.4844,77.086
house,vatika independent floors,1.4,sector 82,8235.0,3,3,2,3.0,New Property,1700.0,0,0,0,1,0,1,61.0,"28.3935° N, 76.9600° E",28.3935,76.96
flat,tulip violet,1.76,sector 69,9513.0,3,4,2,0.0,Relatively New,1675.0,0,0,0,0,0,1,157.0,"28.3966° N, 77.0341° E",28.3966,77.0341
flat,allure homes,0.72,sector 12,7272.0,2,2,1,2.0,Relatively New,1100.0,0,0,0,0,1,2,16.0,"28.4723° N, 77.0320° E",28.4723,77.032
flat,dlf new town heights,1.9,sector 90,5683.0,4,4,3+,7.0,Relatively New,2469.0,0,1,0,1,0,1,88.0,"28.4085° N, 76.9369° E",28.4085,76.9369
flat,indiabulls centrum park,1.15,sector 103,8679.0,2,2,3,10.0,Relatively New,1080.0,1,0,0,0,0,2,174.0,"28.4949° N, 76.9845° E",28.4949,76.9845
flat,dlf the ultima,2.5,sector 81,11726.0,3,3,2,20.0,Relatively New,1700.0,0,1,0,0,0,0,174.0,"28.3867° N, 76.9485° E",28.3867,76.9485
house,international city by sobha phase 2,6.2,sector 109,25514.0,5,5,2,2.0,Relatively New,2430.0,0,1,0,0,0,1,135.0,"28.5073° N, 77.0089° E",28.5073,77.0089
flat,ss residency,0.48,sector 6,5333.0,3,2,2,2.0,Moderately Old,111.0,0,0,0,0,0,1,54.0,"28.4745° N, 77.0262° E",28.4745,77.0262
flat,ild greens,0.95,sector 37c,9223.0,2,2,3+,11.0,Relatively New,1179.0,0,0,1,1,0,2,119.0,"28.4515° N, 76.9882° E",28.4515,76.9882
flat,pyramid elite,0.45,sector 86,7846.0,2,2,1,12.0,Under Construction,637.0,0,0,0,0,0,1,30.0,"28.3986° N, 76.9384° E",28.3986,76.9384
flat,smart world gems,1.2,sector 89,8433.0,3,3,2,2.0,New Property,1423.0,0,0,0,0,0,1,45.0,"28.4253° N, 76.9439° E",28.4253,76.9439
flat,pivotal devaan,0.34,sector 84,7039.0,2,2,1,1.0,Relatively New,537.0,0,0,1,0,0,2,84.0,"28.3979° N, 76.9736° E",28.3979,76.9736
flat,pyramid urban homes 2,0.5,sector 86,9615.0,2,2,1,10.0,Relatively New,578.0,0,0,0,0,0,1,15.0,"28.3986° N, 76.9384° E",28.3986,76.9384
house,international city by sobha phase 1,5.9,sector 109,24280.0,4,5,2,2.0,Relatively New,2430.0,0,1,0,0,0,2,111.0,"28.5073° N, 77.0089° E",28.5073,77.0089
flat,ireo the corridors,1.85,sector 67a,9531.0,3,4,3,4.0,New Property,1941.0,1,0,1,0,0,2,150.0,"28.3960° N, 77.0372° E",28.396,77.0372
flat,hero homes,1.9,sector 104,11249.0,3,3,3,16.0,Under Construction,1366.0,0,0,0,1,0,2,103.0,"28.4788° N, 76.9960° E",28.4788,76.996
flat,experion the heartsong,2.0,sector 108,7196.0,4,4,3+,10.0,Relatively New,2500.0,0,1,0,1,0,2,174.0,"28.5134° N, 76.9830° E",28.5134,76.983
flat,tulip violet,1.32,sector 69,8411.0,3,3,1,12.0,Relatively New,1420.0,0,0,0,1,0,2,86.0,"28.3966° N, 77.0341° E",28.3966,77.0341
flat,lotus homz,0.6,sector 111,8450.0,2,2,3,9.0,New Property,789.0,0,0,0,0,0,1,52.0,"28.5238° N, 77.0320° E",28.5238,77.032
flat,tulip violet,1.3,sector 69,8283.0,3,3,1,12.0,Relatively New,1420.0,0,0,0,1,0,1,86.0,"28.3966° N, 77.0341° E",28.3966,77.0341
flat,espire south,1.32,sector 68,9050.0,2,2,2,9.0,New Property,1460.0,0,0,0,0,0,1,0.0,"28.3853° N, 77.0484° E",28.3853,77.0484
flat,vatika city,1.69,sector 49,8622.0,3,3,3,3.0,Moderately Old,2178.0,0,0,0,1,0,1,136.0,"28.4121° N, 77.0480° E",28.4121,77.048
flat,parsvnath green ville,2.5,sector 48,12820.0,4,5,3,1.0,Moderately Old,2167.0,0,0,0,0,1,2,49.0,"28.4177° N, 77.0359° E",28.4177,77.0359
flat,la vida by tata housing,3.05,sector 113,11338.0,3,4,3,15.0,New Property,2600.0,0,1,0,0,0,1,174.0,"28.5287° N, 77.0233° E",28.5287,77.0233
flat,sare crescent parc royal greens phase 1,1.0,sector 92,3713.0,4,4,3,15.0,New Property,1829.0,0,0,0,0,0,1,31.0,"28.4079° N, 76.9153° E",28.4079,76.9153
flat,tulip violet,1.36,sector 69,8841.0,3,3,1,12.0,Relatively New,1392.0,0,0,0,1,0,1,86.0,"28.3966° N, 77.0341° E",28.3966,77.0341
flat,unitech vistas,0.53,sector 70,4800.0,2,2,2,9.0,Under Construction,991.0,0,0,0,0,1,1,24.0,"28.3968° N, 77.0233° E",28.3968,77.0233
house,anant raj estates,8.5,sector 63a,27139.0,6,6,3+,3.0,Under Construction,3132.0,0,0,1,1,0,1,29.0,"28.3923° N, 77.0888° E",28.3923,77.0888
flat,chintels paradiso,1.97,sector 109,7490.0,4,4,2,11.0,Relatively New,2381.0,0,1,0,1,0,1,49.0,"28.5073° N, 77.0089° E",28.5073,77.0089
flat,ireo the corridors,1.8,sector 67a,9370.0,3,3,2,3.0,New Property,1552.0,1,0,1,0,0,2,150.0,"28.3960° N, 77.0372° E",28.396,77.0372
flat,signature global orchard avenue,0.4,sector 93,7359.0,2,2,2,11.0,New Property,604.0,0,0,0,0,0,1,37.0,"28.4153° N, 76.9326° E",28.4153,76.9326
flat,dlf new town heights,1.8,sector 91,7679.0,4,4,3+,6.0,Moderately Old,2604.0,0,1,0,1,0,1,81.0,"28.4014° N, 76.9225° E",28.4014,76.9225
flat,dlf new town heights,1.51,sector 90,6387.0,4,4,3+,6.0,Relatively New,2362.0,0,1,0,1,0,2,142.0,"28.4085° N, 76.9369° E",28.4085,76.9369
flat,krrish provence estate,5.25,sector 2,9051.0,4,5,3+,2.0,New Property,5251.0,1,1,0,1,0,1,49.0,"28.5095° N, 77.0320° E",28.5095,77.032
flat,dlf the ultima,3.45,sector 81,12012.0,4,4,3+,10.0,New Property,2600.0,0,1,0,0,0,0,165.0,"28.3867° N, 76.9485° E",28.3867,76.9485
flat,mapsko mount ville,1.2,sector 79,13837.0,3,3,3,18.0,Relatively New,1165.0,1,0,0,1,0,2,160.0,"28.3624° N, 76.9787° E",28.3624,76.9787
house,Not Applicable,9.0,sector 13,11111.0,10,5,3+,4.0,Old Property,8100.0,0,0,0,0,0,1,0.0,"28.4757° N, 77.0392° E",28.4757,77.0392
flat,housing apna enclave,0.39,sector 4,4105.0,2,2,1,1.0,New Property,950.0,0,0,0,0,0,1,0.0,"28.4738° N, 77.0107° E",28.4738,77.0107
flat,ganga apartment,0.74,sector 11,6040.0,3,3,2,0.0,Relatively New,1361.0,0,0,0,0,0,1,62.0,"28.4531° N, 77.0202° E",28.4531,77.0202
flat,smart world gems,1.25,sector 89,8784.0,3,3,3,2.0,Under Construction,1288.0,0,0,0,1,0,1,12.0,"28.4253° N, 76.9439° E",28.4253,76.9439
house,unitech espace,7.5,sector 50,34722.0,3,3,2,2.0,Moderately Old,2160.0,0,1,0,0,0,2,66.0,"28.4178° N, 77.0628° E",28.4178,77.0628
flat,smart world gems,0.9,sector 89,8145.0,2,2,2,1.0,New Property,1105.0,0,0,0,0,0,1,45.0,"28.4253° N, 76.9439° E",28.4253,76.9439
flat,raheja vedaanta,1.5,sector 108,5263.0,3,4,0,12.0,Relatively New,2850.0,0,0,0,0,0,1,0.0,"28.5134° N, 76.9830° E",28.5134,76.983
flat,ansal heights 86,0.78,sector 86,5735.0,2,2,2,8.0,New Property,1360.0,0,0,0,0,0,1,72.0,"28.3986° N, 76.9384° E",28.3986,76.9384
flat,emaar palm gardens,1.55,sector 83,9011.0,3,3,3,4.0,Relatively New,1400.0,0,1,0,0,0,2,174.0,"28.3986° N, 76.9647° E",28.3986,76.9647
flat,the nav manesar apartment,0.85,sector 1,3953.0,3,3,3+,5.0,Moderately Old,1947.0,0,1,0,0,0,1,5.0,"28.3663° N, 76.9456° E",28.3663,76.9456
flat,shapoorji pallonji joyville gurugram,1.25,sector 102,9876.0,2,2,2,0.0,Relatively New,1100.0,0,0,0,0,0,1,79.0,"28.4750° N, 76.9715° E",28.475,76.9715
flat,ss,1.19,sector 85,7121.0,2,2,3,11.0,Relatively New,1670.0,0,0,0,0,0,1,49.0,"28.4042° N, 76.9513° E",28.4042,76.9513
flat,lord krishna,2.7,sector 12,8571.0,4,3,3,6.0,Old Property,3150.0,0,0,0,0,0,1,0.0,"28.4723° N, 77.0320° E",28.4723,77.032
flat,signature global solera,0.37,sector 107,6751.0,2,2,1,10.0,Relatively New,496.0,0,0,0,0,0,1,73.0,"28.5052° N, 76.9729° E",28.5052,76.9729
flat,ss the leaf,1.07,sector 85,6524.0,2,2,3,21.0,Relatively New,1485.0,0,0,0,1,0,1,67.0,"28.4042° N, 76.9513° E",28.4042,76.9513
flat,smart world orchard,2.2,sector 61,13496.0,3,3,2,3.0,Under Construction,1811.0,0,0,0,0,0,1,16.0,"28.4050° N, 77.0963° E",28.405,77.0963
flat,tulip violet,2.0,sector 69,10167.0,4,4,1,12.0,Relatively New,2186.0,0,0,0,0,0,1,79.0,"28.3966° N, 77.0341° E",28.3966,77.0341
flat,assotech blith,1.9,sector 99,6702.0,4,4,3+,2.0,New Property,2835.0,0,0,0,0,0,1,51.0,"28.4640° N, 76.9614° E",28.464,76.9614
flat,corona optus,1.44,sector 37c,7250.0,3,3,3+,8.0,New Property,2211.0,0,1,0,0,0,1,37.0,"28.4515° N, 76.9882° E",28.4515,76.9882
flat,tulip lemon,0.62,sector 69,12863.0,2,2,1,4.0,Relatively New,536.0,0,0,0,0,0,2,108.0,"28.3966° N, 77.0341° E",28.3966,77.0341
house,Not Applicable,7.35,sector 40,29697.0,6,4,3+,3.0,Old Property,2475.0,1,1,1,1,0,2,61.0,"28.4498° N, 77.0567° E",28.4498,77.0567
flat,experion the heartsong,2.29,sector 108,8240.0,4,5,3+,8.0,Relatively New,2779.0,0,1,0,0,0,1,95.0,"28.5134° N, 76.9830° E",28.5134,76.983
flat,vatika iris floors,0.63,sector 82,5590.0,2,2,3+,2.0,Relatively New,1027.0,1,0,0,0,0,1,110.0,"28.3935° N, 76.9600° E",28.3935,76.96
flat,emaar gurgaon greens,1.52,sector 102,9212.0,3,3,3,7.0,Relatively New,1315.0,0,1,0,0,0,2,137.0,"28.4750° N, 76.9715° E",28.475,76.9715
house,Not Applicable,0.45,sector 7,5000.0,3,2,1,2.0,Old Property,900.0,0,0,0,0,1,1,12.0,"28.4644° N, 77.0143° E",28.4644,77.0143
flat,ansal api sushant estate,0.29,sector 52,11600.0,1,1,0,0.0,Moderately Old,278.0,0,0,0,0,0,2,49.0,"28.4379° N, 77.0785° E",28.4379,77.0785
flat,orchid island,1.7,sector 51,10651.0,3,4,3,2.0,Moderately Old,1773.0,0,0,1,1,0,1,90.0,"28.4320° N, 77.0686° E",28.432,77.0686
flat,antriksh heights,0.88,sector 84,4821.0,3,3,3,16.0,Relatively New,1652.0,0,0,0,1,0,1,67.0,"28.3979° N, 76.9736° E",28.3979,76.9736
flat,karmyogi apartment,2.3,sector 10a,6467.0,6,4,2,6.0,Moderately Old,3951.0,0,0,0,0,0,1,0.0,"28.4469° N, 77.0106° E",28.4469,77.0106
house,Not Applicable,1.65,sector 9,18333.0,2,3,No,3.0,Old Property,900.0,0,0,0,0,0,1,0.0,"28.4603° N, 77.0000° E",28.4603,77.0
flat,paras dews,1.15,sector 106,6534.0,3,4,3+,12.0,Relatively New,1186.0,1,1,0,0,0,2,174.0,"28.5007° N, 77.0003° E",28.5007,77.0003
flat,emaar mgf emerald floors premier,2.79,sector 65,14126.0,4,4,3+,2.0,Relatively New,2194.0,1,1,0,0,0,0,174.0,"28.4030° N, 77.0690° E",28.403,77.069
flat,the close north,3.0,sector 50,11516.0,3,3,3+,14.0,Old Property,2358.0,0,1,0,0,0,2,121.0,"28.4178° N, 77.0628° E",28.4178,77.0628
flat,signature global city 92,0.78,sector 92,8047.0,2,2,2,2.0,New Property,1084.0,0,0,0,0,0,2,47.0,"28.4079° N, 76.9153° E",28.4079,76.9153
house,ansal celebrity homes,5.2,sector 23,10000.0,4,5,2,1.0,Old Property,5200.0,0,0,0,0,0,1,0.0,"28.5121° N, 77.0478° E",28.5121,77.0478
flat,bestech park view spa next,3.32,sector 67,12599.0,4,5,3+,12.0,Moderately Old,2386.0,0,1,0,0,0,2,174.0,"28.3859° N, 77.0608° E",28.3859,77.0608
house,experion windchants,7.99,sector 112,12519.0,4,6,3,2.0,New Property,6382.0,0,1,1,1,0,2,129.0,"28.5189° N, 77.0183° E",28.5189,77.0183
flat,paras dews,0.95,sector 106,6859.0,2,2,3+,2.0,Relatively New,940.0,0,0,0,0,0,1,49.0,"28.5007° N, 77.0003° E",28.5007,77.0003
flat,mapsko mount ville,1.25,sector 79,8389.0,3,3,3+,16.0,Relatively New,1656.0,0,0,0,0,0,2,49.0,"28.3624° N, 76.9787° E",28.3624,76.9787
flat,emaar imperial gardens,1.7,sector 102,8395.0,3,4,3+,8.0,Relatively New,1750.0,0,1,0,1,0,2,174.0,"28.4750° N, 76.9715° E",28.475,76.9715
flat,emaar mgf emerald floors premier,2.9,sector 65,14683.0,4,4,0,0.0,Relatively New,2194.0,0,0,1,0,0,1,50.0,"28.4030° N, 77.0690° E",28.403,77.069
flat,assotech blith,1.9,sector 99,6702.0,4,4,3+,2.0,New Property,2835.0,0,0,0,0,0,1,51.0,"28.4640° N, 76.9614° E",28.464,76.9614
flat,ansal sushant lok ci,2.0,sector 43,15151.0,3,3,2,1.0,Old Property,1467.0,0,1,0,0,0,0,15.0,"28.4629° N, 77.0772° E",28.4629,77.0772
house,Not Applicable,3.5,sector 14,18088.0,6,4,2,2.0,Old Property,1935.0,0,0,0,0,1,2,27.0,"28.4711° N, 77.0454° E",28.4711,77.0454
flat,emaar imperial gardens,1.98,sector 102,9900.0,3,3,3+,9.0,Relatively New,2222.0,0,1,0,0,0,2,72.0,"28.4750° N, 76.9715° E",28.475,76.9715
flat,supertech basera,0.36,sector 79,7643.0,2,2,1,4.0,New Property,546.0,0,0,0,0,0,1,60.0,"28.3624° N, 76.9787° E",28.3624,76.9787
flat,shree vardhman victoria,1.23,sector 70,9111.0,2,2,3,1.0,Relatively New,1222.0,1,0,0,0,0,1,43.0,"28.3968° N, 77.0233° E",28.3968,77.0233
house,Not Applicable,10.0,sector 25,37037.0,5,6,3,3.0,Old Property,2700.0,0,1,1,0,0,2,64.0,"28.4844° N, 77.0860° E",28.4844,77.086
flat,dlf the skycourt,1.54,sector 86,9221.0,3,3,3+,15.0,Relatively New,1780.0,0,1,0,0,0,1,174.0,"28.3986° N, 76.9384° E",28.3986,76.9384
flat,ss the leaf,2.2,sector 85,11178.0,4,5,3+,4.0,Relatively New,2390.0,0,1,0,1,0,1,174.0,"28.4042° N, 76.9513° E",28.4042,76.9513
house,Not Applicable,9.0,sector 28,27778.0,6,7,3+,3.0,Moderately Old,3240.0,1,1,1,1,0,1,67.0,"28.4728° N, 77.0865° E",28.4728,77.0865
flat,ashiana anmol,1.1,sector 33,8627.0,2,2,2,4.0,Relatively New,1275.0,0,0,0,0,0,1,0.0,"28.4420° N, 77.0207° E",28.442,77.0207
flat,ats kocoon,2.95,sector 109,10350.0,4,4,3+,7.0,Relatively New,3150.0,0,1,1,0,0,2,158.0,"28.5073° N, 77.0089° E",28.5073,77.0089
flat,cancon enclave,1.05,sector 4,7777.0,3,2,2,2.0,New Property,1500.0,0,0,0,0,0,2,0.0,"28.4738° N, 77.0107° E",28.4738,77.0107
flat,pivotal devaan,0.35,sector 84,7246.0,2,2,2,4.0,Relatively New,537.0,0,0,0,0,0,1,37.0,"28.3979° N, 76.9736° E",28.3979,76.9736
flat,lavanya apartments,0.9,sector 81,5056.0,3,3,0,7.0,Relatively New,1780.0,0,0,0,0,0,1,0.0,"28.3867° N, 76.9485° E",28.3867,76.9485
flat,signature global solera,0.25,sector 107,7862.0,1,1,0,0.0,Relatively New,318.0,0,0,0,0,0,1,55.0,"28.5052° N, 76.9729° E",28.5052,76.9729
flat,imperia the esfera,0.98,sector 37c,5399.0,3,4,3,9.0,Relatively New,1660.0,0,1,0,0,1,1,49.0,"28.4515° N, 76.9882° E",28.4515,76.9882
flat,paras dews,1.17,sector 106,6647.0,3,4,3+,12.0,Relatively New,1186.0,0,1,0,0,0,1,49.0,"28.5007° N, 77.0003° E",28.5007,77.0003
flat,tulip ivory,2.1,sector 70,8750.0,4,5,3+,5.0,Moderately Old,2114.0,0,1,0,0,0,2,120.0,"28.3968° N, 77.0233° E",28.3968,77.0233
flat,ats tourmaline,1.75,sector 109,10000.0,3,3,3,4.0,New Property,1466.0,0,0,0,0,0,1,31.0,"28.5073° N, 77.0089° E",28.5073,77.0089
flat,bptp terra,1.55,sector 37d,8558.0,3,3,3+,11.0,Relatively New,1640.0,0,0,0,0,0,1,79.0,"28.4478° N, 76.9703° E",28.4478,76.9703
flat,godrej summit,1.3,sector 104,7893.0,3,3,3,8.0,New Property,1491.0,0,0,0,0,1,1,103.0,"28.4788° N, 76.9960° E",28.4788,76.996
flat,ats triumph,1.85,sector 104,8078.0,3,3,3+,24.0,Relatively New,2073.0,0,1,0,0,0,1,174.0,"28.4788° N, 76.9960° E",28.4788,76.996
flat,shree vardhman flora,1.25,sector 90,4854.0,4,5,2,8.0,Relatively New,2331.0,1,1,0,0,0,1,165.0,"28.4085° N, 76.9369° E",28.4085,76.9369
flat,experion windchants,5.6,sector 112,11529.0,4,6,3+,15.0,Moderately Old,3662.34,0,1,0,0,0,2,157.0,"28.5189° N, 77.0183° E",28.5189,77.0183
flat,microtek greenburg,1.25,sector 86,8445.0,2,2,3,13.0,Moderately Old,1340.0,1,0,0,0,0,1,6.0,"28.3986° N, 76.9384° E",28.3986,76.9384
house,Not Applicable,0.29,sector 88,3254.0,2,1,No,0.0,Old Property,891.0,0,0,0,0,0,1,0.0,"28.4220° N, 76.9571° E",28.422,76.9571
flat,signature global city 81,0.96,sector 81,9767.0,2,2,2,1.0,Under Construction,1194.0,0,0,0,0,0,1,49.0,"28.3867° N, 76.9485° E",28.3867,76.9485
flat,emaar mgf the palm drive,2.99,sector 66,14950.0,3,3,3,7.0,Relatively New,2000.0,0,1,0,0,0,2,49.0,"28.3925° N, 77.0541° E",28.3925,77.0541
flat,la vida by tata housing,3.0,sector 113,14285.0,3,3,3+,3.0,Relatively New,2460.0,0,1,0,0,0,1,167.0,"28.5287° N, 77.0233° E",28.5287,77.0233
flat,pyramid urban homes 2,0.43,sector 86,8582.0,2,2,1,6.0,New Property,557.0,0,0,0,0,1,1,72.0,"28.3986° N, 76.9384° E",28.3986,76.9384
flat,dlf new town heights,1.9,sector 90,6967.0,4,4,3+,19.0,Relatively New,2512.0,0,1,1,0,0,2,174.0,"28.4085° N, 76.9369° E",28.4085,76.9369
house,Not Applicable,8.0,sector 56,9654.0,10,10,3+,4.0,Relatively New,8286.0,1,1,0,1,0,0,107.0,"28.4245° N, 77.0991° E",28.4245,77.0991
flat,m3m woodshire,1.7,sector 107,6141.0,4,5,3+,9.0,Relatively New,2506.0,0,1,0,0,0,1,79.0,"28.5052° N, 76.9729° E",28.5052,76.9729
flat,landmark the residency,0.9,sector 103,6666.0,2,2,2,1.0,Relatively New,1222.0,0,0,0,0,0,1,44.0,"28.4949° N, 76.9845° E",28.4949,76.9845
flat,dlf park place,4.85,sector 54,25867.0,3,4,3+,25.0,Relatively New,1875.0,0,1,0,0,0,2,26.0,"28.4348° N, 77.1089° E",28.4348,77.1089
flat,dlf the arbour,7.8,sector 63,19747.0,4,4,0,6.0,New Property,3950.0,0,0,0,0,0,1,61.0,"28.3971° N, 77.0867° E",28.3971,77.0867
flat,godrej summit,0.82,sector 104,9854.0,2,2,3,12.0,Relatively New,86.0,1,0,0,0,0,1,120.0,"28.4788° N, 76.9960° E",28.4788,76.996
flat,experion the heartsong,2.08,sector 108,9904.0,4,4,3+,3.0,Relatively New,2631.0,0,1,0,0,0,1,126.0,"28.5134° N, 76.9830° E",28.5134,76.983
flat,ansal heights 86,0.64,sector 86,4706.0,2,2,1,3.0,New Property,1360.0,0,0,0,0,0,1,73.0,"28.3986° N, 76.9384° E",28.3986,76.9384
flat,dlf the ultima,3.5,sector 81,11686.0,4,5,3+,7.0,Relatively New,2578.0,0,1,0,0,0,0,174.0,"28.3867° N, 76.9485° E",28.3867,76.9485
flat,vatika lifestyle homes,1.15,sector 83,8214.0,3,3,1,7.0,Moderately Old,1607.0,0,0,0,0,0,2,95.0,"28.3986° N, 76.9647° E",28.3986,76.9647
flat,ss the leaf,1.19,sector 83,7225.0,2,2,3,4.0,Relatively New,1630.0,0,0,0,0,0,1,49.0,"28.3986° N, 76.9647° E",28.3986,76.9647
flat,shree vardhman victoria,1.1,sector 70,8461.0,2,2,2,8.0,Relatively New,1444.0,0,0,0,0,0,1,101.0,"28.3968° N, 77.0233° E",28.3968,77.0233
flat,the arzoo cghs,2.1,sector 51,9130.0,4,4,3,1.0,Relatively New,2300.0,0,0,0,0,0,1,58.0,"28.4320° N, 77.0686° E",28.432,77.0686
flat,vatika independent floors,0.67,sector 82,5826.0,2,2,3,2.0,Moderately Old,1150.0,0,0,0,0,0,1,53.0,"28.3935° N, 76.9600° E",28.3935,76.96
flat,abhinav group housing society,1.1,sector 61,6111.0,3,2,3,5.0,Old Property,2000.0,0,0,0,0,0,1,42.0,"28.4050° N, 77.0963° E",28.405,77.0963
house,ardee city,2.25,sector 52,16071.0,3,3,3,4.0,New Property,1800.0,0,1,0,0,0,2,22.0,"28.4379° N, 77.0785° E",28.4379,77.0785
house,Not Applicable,8.9,sector 26,32963.0,4,4,3+,2.0,Old Property,2700.0,1,1,1,1,0,1,82.0,"28.4757° N, 77.1032° E",28.4757,77.1032
flat,ss the leaf,1.85,sector 85,6578.0,4,5,3+,1.0,Relatively New,2546.0,0,0,0,0,0,1,95.0,"28.4042° N, 76.9513° E",28.4042,76.9513
flat,sare homes,1.25,sector 92,6200.0,4,3,0,16.0,Under Construction,2040.0,0,0,0,0,0,1,49.0,"28.4079° N, 76.9153° E",28.4079,76.9153
flat,raheja sampada,0.7,sector 92,4453.0,3,3,0,7.0,Relatively New,1572.0,0,0,0,0,0,1,0.0,"28.4079° N, 76.9153° E",28.4079,76.9153
house,Not Applicable,6.0,sector 26,33333.0,3,5,3+,3.0,Old Property,1800.0,0,0,0,0,0,2,9.0,"28.4757° N, 77.1032° E",28.4757,77.1032
flat,ramprastha the edge towers,0.71,sector 37d,5420.0,2,2,3,10.0,New Property,1100.0,0,0,0,0,1,1,38.0,"28.4478° N, 76.9703° E",28.4478,76.9703
flat,ireo uptown,1.5,sector 66,11219.0,2,3,3,1.0,Relatively New,1330.0,0,1,0,0,1,2,79.0,"28.3925° N, 77.0541° E",28.3925,77.0541
flat,apna enclave,0.55,sector 3,5789.0,2,2,2,2.0,Old Property,900.0,0,0,0,0,0,1,66.0,"28.4909° N, 77.0176° E",28.4909,77.0176
flat,unitech sunbreeze,0.74,sector 69,5500.0,3,3,1,10.0,Under Construction,1210.0,0,1,0,0,0,1,60.0,"28.3966° N, 77.0341° E",28.3966,77.0341
flat,umang winter hills,0.92,sector 77,5049.0,3,3,3,17.0,Relatively New,1603.0,0,0,0,0,1,2,49.0,"28.3801° N, 76.9845° E",28.3801,76.9845
flat,tulip violet,1.76,sector 69,8756.0,4,4,2,6.0,Relatively New,1820.0,0,0,0,0,0,1,108.0,"28.3966° N, 77.0341° E",28.3966,77.0341
flat,indiabulls enigma,3.49,sector 110,10264.0,4,5,3,7.0,Relatively New,3078.0,0,1,0,0,0,1,165.0,"28.5145° N, 77.0197° E",28.5145,77.0197
flat,shree vardhman flora,0.75,sector 90,5769.0,2,2,3,8.0,Relatively New,1444.0,0,0,0,0,0,1,60.0,"28.4085° N, 76.9369° E",28.4085,76.9369
flat,whiteland the aspen,3.35,sector 76,17615.0,3,4,3+,5.0,Under Construction,2111.0,0,1,0,0,0,0,151.0,"28.3935° N, 76.9888° E",28.3935,76.9888
flat,imperia aashiyara,0.4,sector 37c,5882.0,2,2,3,3.0,Under Construction,756.0,0,0,0,0,0,1,126.0,"28.4515° N, 76.9882° E",28.4515,76.9882
flat,dhoot time residency,3.0,sector 63,18271.0,3,3,3+,14.0,Relatively New,1642.0,0,1,0,0,0,2,0.0,"28.3971° N, 77.0867° E",28.3971,77.0867
flat,dlf the skycourt,1.5,sector 86,7894.0,3,3,1,16.0,Relatively New,1720.0,0,0,0,0,1,1,49.0,"28.3986° N, 76.9384° E",28.3986,76.9384
flat,ansal api esencia,1.2,sector 67,7407.0,3,3,2,1.0,Relatively New,200.0,0,0,0,0,0,1,49.0,"28.3859° N, 77.0608° E",28.3859,77.0608
flat,gls avenue 51,0.5,sector 92,7812.0,3,3,1,0.0,Relatively New,579.0,0,0,0,0,0,1,0.0,"28.4079° N, 76.9153° E",28.4079,76.9153
flat,vatika city,1.98,sector 49,9074.0,3,4,3,9.0,Moderately Old,1750.75,0,1,0,0,0,2,101.0,"28.4121° N, 77.0480° E",28.4121,77.048
flat,sare crescent parc royal greens phase 1,0.75,sector 92,4325.0,4,4,3+,3.0,Relatively New,1734.0,0,0,0,0,0,1,93.0,"28.4079° N, 76.9153° E",28.4079,76.9153
flat,smart world gems,1.2,sector 89,8432.0,3,3,2,2.0,New Property,1581.0,0,0,0,0,0,1,44.0,"28.4253° N, 76.9439° E",28.4253,76.9439
flat,experion the heartsong,2.28,sector 108,8204.0,4,5,3+,8.0,Relatively New,2516.0,0,0,0,0,0,1,101.0,"28.5134° N, 76.9830° E",28.5134,76.983
flat,bestech park view grand spa,2.3,sector 81,8646.0,3,4,3+,7.0,Relatively New,2280.0,0,1,0,0,0,2,49.0,"28.3867° N, 76.9485° E",28.3867,76.9485
flat,bhawna cghs,3.25,sector 43,10156.0,4,4,3+,12.0,Moderately Old,3115.0,0,0,0,1,0,2,119.0,"28.4629° N, 77.0772° E",28.4629,77.0772
flat,orchid petals,4.52,sector 49,10984.0,5,5,3+,14.0,Moderately Old,3726.0,1,1,0,1,0,1,49.0,"28.4121° N, 77.0480° E",28.4121,77.048
flat,ss the leaf,1.22,sector 85,13318.0,2,2,3,16.0,Relatively New,1300.0,0,0,1,0,0,1,81.0,"28.4042° N, 76.9513° E",28.4042,76.9513
flat,shree vardhman flora,0.7,sector 90,5325.0,2,2,3,9.0,New Property,1350.0,1,0,0,0,0,1,60.0,"28.4085° N, 76.9369° E",28.4085,76.9369
house,Not Applicable,13.2,sector 50,27155.0,6,6,No,2.0,Moderately Old,4861.0,0,0,0,0,0,1,0.0,"28.4178° N, 77.0628° E",28.4178,77.0628
flat,sobha city,2.95,sector 108,14727.0,3,4,2,12.0,Relatively New,2003.0,0,0,0,0,0,1,49.0,"28.5134° N, 76.9830° E",28.5134,76.983
flat,m3m golfestate,4.94,sector 65,16233.0,3,4,3,15.0,Moderately Old,2755.0,0,1,0,0,0,1,165.0,"28.4030° N, 77.0690° E",28.403,77.069
flat,indiabulls enigma,3.79,sector 110,9895.0,5,5,3,4.0,Relatively New,3467.0,0,1,0,0,1,1,125.0,"28.5145° N, 77.0197° E",28.5145,77.0197
flat,godrej habitat,1.3,sector 3,9002.0,2,2,2,6.0,Under Construction,1604.0,0,0,0,0,0,1,36.0,"28.4909° N, 77.0176° E",28.4909,77.0176
flat,ss the leaf,1.2,sector 85,9677.0,2,2,3+,9.0,Relatively New,1491.0,0,0,1,0,0,1,148.0,"28.4042° N, 76.9513° E",28.4042,76.9513
house,Not Applicable,3.25,sector 31,22429.0,4,4,3+,3.0,Moderately Old,1449.0,1,1,1,1,0,2,29.0,"28.4528° N, 77.0498° E",28.4528,77.0498
flat,chd avenue,1.12,sector 71,6215.0,3,4,3,0.0,Moderately Old,1631.0,0,1,0,0,0,1,65.0,"28.4104° N, 77.0281° E",28.4104,77.0281
flat,m3m skycity,3.0,sector 65,16411.0,3,3,3,17.0,Under Construction,1828.0,0,0,0,0,0,1,99.0,"28.4030° N, 77.0690° E",28.403,77.069
flat,bptp amstoria,1.9,sector 102,8444.0,3,3,3+,1.0,Relatively New,2500.0,0,1,0,0,0,1,174.0,"28.4750° N, 76.9715° E",28.475,76.9715
flat,indiabulls enigma,4.25,sector 110,10953.0,5,5,3+,4.0,Relatively New,3513.0,0,1,0,0,0,1,101.0,"28.5145° N, 77.0197° E",28.5145,77.0197
flat,emaar palm gardens,1.75,sector 83,9210.0,3,3,3,6.0,Relatively New,1600.0,0,1,0,0,0,2,150.0,"28.3986° N, 76.9647° E",28.3986,76.9647
flat,park royal apartment,1.85,sector 56,9024.0,3,4,3,7.0,Old Property,2278.0,0,1,0,0,0,1,72.0,"28.4245° N, 77.0991° E",28.4245,77.0991
flat,unitech uniworld gardens,2.4,sector 47,11505.0,3,3,3+,10.0,Moderately Old,1889.0,0,1,0,0,0,2,120.0,"28.4276° N, 77.0492° E",28.4276,77.0492
flat,m3m merlin,3.5,sector 67,14843.0,3,4,3+,15.0,Relatively New,2135.0,0,1,0,0,0,2,158.0,"28.3859° N, 77.0608° E",28.3859,77.0608
flat,mapsko casa bella,1.75,sector 82,6903.0,4,5,3+,1.0,Relatively New,2535.0,0,0,0,0,0,1,54.0,"28.3935° N, 76.9600° E",28.3935,76.96
flat,paras dews,1.28,sector 106,7272.0,3,4,3+,24.0,Relatively New,1186.0,0,1,0,0,0,1,49.0,"28.5007° N, 77.0003° E",28.5007,77.0003
flat,umang winter hills,1.35,sector 77,7780.0,3,3,3+,7.0,New Property,1452.0,0,0,1,0,0,2,96.0,"28.3801° N, 76.9845° E",28.3801,76.9845
flat,godrej oasis,1.5,sector 88a,8108.0,3,3,3+,11.0,New Property,1675.0,0,0,0,0,0,1,39.0,"28.4347° N, 76.9557° E",28.4347,76.9557
house,Not Applicable,9.0,sector 25,33333.0,5,5,3,3.0,Old Property,2700.0,1,1,1,1,0,1,56.0,"28.4844° N, 77.0860° E",28.4844,77.086
flat,maa bhagwati residency,0.45,sector 7,5000.0,2,2,1,4.0,Relatively New,1000.0,0,0,0,0,0,1,28.0,"28.4644° N, 77.0143° E",28.4644,77.0143
flat,orris carnation residency,0.9,sector 85,4531.0,4,4,3,8.0,Moderately Old,1575.0,0,0,0,0,0,2,40.0,"28.4042° N, 76.9513° E",28.4042,76.9513
house,Not Applicable,1.15,sector 7,8518.0,5,3,2,2.0,Old Property,1350.0,0,0,0,1,0,1,15.0,"28.4644° N, 77.0143° E",28.4644,77.0143
flat,sare crescent parc royal greens phase 1,1.25,sector 92,5832.0,4,4,3,20.0,Relatively New,1940.0,0,1,0,0,0,1,60.0,"28.4079° N, 76.9153° E",28.4079,76.9153
flat,m3m heights,2.1,sector 65,16653.0,2,2,3,8.0,New Property,1015.0,0,0,0,0,0,1,31.0,"28.4030° N, 77.0690° E",28.403,77.069
house,dlf city phase 1,5.5,sector 26,30556.0,4,4,3,2.0,Moderately Old,1800.0,1,1,0,1,0,1,69.0,"28.4757° N, 77.1032° E",28.4757,77.1032
flat,ireo the corridors,2.08,sector 67a,12044.0,3,3,2,6.0,Under Construction,1564.0,0,0,0,0,1,1,55.0,"28.3960° N, 77.0372° E",28.396,77.0372
flat,emaar mgf the palm drive,1.51,sector 66,15130.0,2,2,2,5.0,Relatively New,1188.0,0,0,0,1,0,2,82.0,"28.3925° N, 77.0541° E",28.3925,77.0541
flat,pareena laxmi apartments,0.3,sector 99a,5424.0,2,1,2,5.0,New Property,511.0,0,0,0,0,0,1,66.0,"28.4561° N, 76.9542° E",28.4561,76.9542
flat,tulip ivory,2.35,sector 70,9791.0,4,4,3+,8.0,Moderately Old,2667.0,0,1,0,0,0,1,108.0,"28.3968° N, 77.0233° E",28.3968,77.0233
house,spaze privy,3.09,sector 72,6981.0,5,5,3+,14.0,Relatively New,3653.0,0,1,0,0,0,2,33.0,"28.4225° N, 77.0211° E",28.4225,77.0211
flat,umang monsoon breeze,0.8,sector 78,4836.0,3,2,2,7.0,Moderately Old,1472.0,0,0,0,1,0,1,102.0,"28.3733° N, 76.9729° E",28.3733,76.9729
flat,emaar palm heights,1.79,sector 77,8839.0,3,3,3,1.0,New Property,1600.0,0,1,0,0,0,2,49.0,"28.3801° N, 76.9845° E",28.3801,76.9845
flat,antriksh heights,0.94,sector 84,7000.0,3,2,3+,10.0,New Property,1222.0,1,0,0,0,0,2,89.0,"28.3979° N, 76.9736° E",28.3979,76.9736
flat,puri diplomatic greens,3.45,sector 111,11694.0,4,5,3+,9.0,Relatively New,2671.0,0,1,0,0,0,1,68.0,"28.5238° N, 77.0320° E",28.5238,77.032
flat,la vida by tata housing,2.85,sector 113,12855.0,3,3,3+,10.0,New Property,2007.0,0,1,0,0,0,1,72.0,"28.5287° N, 77.0233° E",28.5287,77.0233
flat,ireo victory valley,3.49,sector 67,13000.0,3,3,3,19.0,Relatively New,2724.0,0,1,0,0,0,1,103.0,"28.3859° N, 77.0608° E",28.3859,77.0608
flat,ats triumph,2.0,sector 104,8733.0,3,4,3+,4.0,Relatively New,2073.0,0,1,0,0,0,1,60.0,"28.4788° N, 76.9960° E",28.4788,76.996
flat,dlf new town heights,1.42,sector 90,4864.0,4,4,3+,8.0,Moderately Old,2140.0,0,1,1,0,0,1,31.0,"28.4085° N, 76.9369° E",28.4085,76.9369
flat,bestech park view grand spa,2.35,sector 81,8834.0,3,4,3+,6.0,Relatively New,2513.0,0,1,0,0,0,2,101.0,"28.3867° N, 76.9485° E",28.3867,76.9485
flat,sare green parc phase 3,1.1,sector 92,6875.0,4,3,2,12.0,New Property,1778.0,0,0,0,0,0,1,15.0,"28.4079° N, 76.9153° E",28.4079,76.9153
flat,experion windchants,3.29,sector 112,11741.0,3,3,3+,2.0,Relatively New,2225.56,0,1,0,0,0,2,152.0,"28.5189° N, 77.0183° E",28.5189,77.0183
house,international city by sobha phase 1,5.5,sector 109,21605.0,4,4,3+,2.0,New Property,2430.0,0,1,0,0,0,1,61.0,"28.5073° N, 77.0089° E",28.5073,77.0089
flat,m3m woodshire,0.8,sector 107,5856.0,2,2,3+,7.0,Relatively New,1237.0,0,0,0,0,0,2,165.0,"28.5052° N, 76.9729° E",28.5052,76.9729
house,Not Applicable,2.0,manesar,14954.0,3,1,No,3.0,Moderately Old,1337.4,0,0,0,0,0,1,16.0,"28.3515° N, 76.9428° E",28.3515,76.9428
flat,professors enclave cghs,1.54,sector 56,8324.0,3,3,2,6.0,Old Property,1920.0,0,1,0,1,0,2,104.0,"28.4245° N, 77.0991° E",28.4245,77.0991
flat,hero homes,1.35,sector 104,9565.0,3,2,2,18.0,New Property,1094.0,0,0,0,0,0,1,49.0,"28.4788° N, 76.9960° E",28.4788,76.996
flat,m3m skywalk,1.55,sector 74,13790.0,2,2,3+,18.0,Relatively New,1300.0,0,0,0,0,1,1,137.0,"28.4158° N, 77.0118° E",28.4158,77.0118
flat,tulip violet,1.3,sector 69,8445.0,3,3,1,12.0,Relatively New,1392.0,0,0,0,1,0,2,94.0,"28.3966° N, 77.0341° E",28.3966,77.0341
flat,smart world orchard,1.5,sector 61,12500.0,2,2,2,2.0,Under Construction,1333.0,1,0,0,0,0,1,49.0,"28.4050° N, 77.0963° E",28.405,77.0963
flat,shree vardhman flora,0.65,sector 90,6789.0,2,2,3,9.0,Relatively New,1050.0,1,0,0,0,0,1,67.0,"28.4085° N, 76.9369° E",28.4085,76.9369
flat,tulip orange,1.0,sector 70,10309.0,3,2,2,3.0,Moderately Old,1078.0,0,0,0,0,0,1,58.0,"28.3968° N, 77.0233° E",28.3968,77.0233
flat,indiabulls centrum park,2.45,sector 103,8521.0,4,6,3,5.0,Relatively New,2603.0,0,1,0,0,0,1,38.0,"28.4949° N, 76.9845° E",28.4949,76.9845
flat,ambience creacions,1.99,sector 22,14420.0,2,2,2,9.0,New Property,1285.0,1,1,0,1,0,1,20.0,"28.5072° N, 77.0640° E",28.5072,77.064
house,Not Applicable,8.5,sector 43,31481.0,5,5,3,3.0,Moderately Old,2700.0,0,1,0,0,0,2,113.0,"28.4629° N, 77.0772° E",28.4629,77.0772
flat,unitech greenwood city,2.4,sector 45,12346.0,3,3,2,1.0,New Property,196.0,0,1,0,0,0,2,19.0,"28.4466° N, 77.0660° E",28.4466,77.066
flat,orris carnation residency,0.9,sector 85,6428.0,3,3,2,12.0,Relatively New,1402.0,0,0,0,0,0,1,120.0,"28.4042° N, 76.9513° E",28.4042,76.9513
flat,emaar gurgaon greens,1.45,sector 102,8787.0,3,3,3,8.0,Relatively New,1300.0,0,1,0,0,0,1,49.0,"28.4750° N, 76.9715° E",28.475,76.9715
flat,signature global grand iva,0.5,sector 103,6667.0,2,2,0,10.0,Relatively New,750.0,0,0,0,0,0,1,0.0,"28.4949° N, 76.9845° E",28.4949,76.9845
flat,bhagwati sadan,1.15,sector 12,5500.0,3,4,2,2.0,Old Property,2000.0,0,1,0,0,1,1,0.0,"28.4723° N, 77.0320° E",28.4723,77.032
house,Not Applicable,7.5,sector 82,23148.0,5,5,3+,2.0,Relatively New,3240.0,0,1,0,1,0,2,135.0,"28.3935° N, 76.9600° E",28.3935,76.96
flat,signature global city,1.25,sector 37d,6082.0,3,3,3,4.0,Under Construction,2283.0,0,0,0,0,0,1,16.0,"28.4478° N, 76.9703° E",28.4478,76.9703
house,shivaji nagar residential,3.08,sector 11,11407.0,6,4,2,1.0,Moderately Old,2700.0,0,0,0,0,0,1,0.0,"28.4531° N, 77.0202° E",28.4531,77.0202
flat,emaar mgf emerald floors premier,3.5,sector 65,17721.0,4,4,3,4.0,Relatively New,1975.0,0,1,0,0,0,2,114.0,"28.4030° N, 77.0690° E",28.403,77.069
flat,signature global solera,0.28,sector 107,5725.0,2,2,2,10.0,Relatively New,543.0,0,0,0,0,0,1,38.0,"28.5052° N, 76.9729° E",28.5052,76.9729
flat,maxworth city residences,0.9,sector 10a,7083.0,2,2,3,9.0,New Property,1086.0,0,0,0,0,1,1,52.0,"28.4469° N, 77.0106° E",28.4469,77.0106
flat,m3m woodshire,0.8,sector 107,5856.0,2,2,3+,14.0,New Property,1237.0,0,0,0,0,0,1,67.0,"28.5052° N, 76.9729° E",28.5052,76.9729
flat,surbhi apartment,3.2,sector 3,12264.0,4,3,3,6.0,Old Property,2650.0,0,0,0,0,0,1,44.0,"28.4909° N, 77.0176° E",28.4909,77.0176
house,Not Applicable,3.6,sector 91,14815.0,4,4,3,2.0,New Property,2430.0,0,0,0,0,0,2,49.0,"28.4014° N, 76.9225° E",28.4014,76.9225
house,Not Applicable,10.0,sector 25,37037.0,5,5,3+,3.0,Moderately Old,9500.0,0,1,0,1,0,0,29.0,"28.4844° N, 77.0860° E",28.4844,77.086
flat,dlf trinity towers,3.8,sector 43,15510.0,3,3,3+,1.0,Moderately Old,2450.0,0,1,0,1,0,2,68.0,"28.4629° N, 77.0772° E",28.4629,77.0772
house,sobha city,10.5,sector 108,14323.0,5,4,3+,1.0,Moderately Old,7331.0,0,0,0,0,0,1,59.0,"28.5134° N, 76.9830° E",28.5134,76.983
house,Not Applicable,0.95,sector 104,7280.0,2,6,3+,3.0,Old Property,1305.0,0,0,0,0,0,1,0.0,"28.4788° N, 76.9960° E",28.4788,76.996
flat,apna enclave,0.5,sector 5,7692.0,2,2,1,1.0,Old Property,722.0,0,0,0,0,0,2,37.0,"28.4794° N, 77.0176° E",28.4794,77.0176
flat,the crew bos chs manesar,0.85,manesar,3695.0,3,3,2,2.0,Moderately Old,2556.0,0,0,0,0,0,1,44.0,"28.3515° N, 76.9428° E",28.3515,76.9428
flat,m3m heights,2.44,sector 65,13300.0,3,3,2,7.0,Under Construction,1655.0,0,0,0,0,0,1,31.0,"28.4030° N, 77.0690° E",28.403,77.069
flat,ild grand,1.2,sector 37c,6593.0,3,3,3,7.0,Under Construction,1648.0,0,0,0,0,0,1,24.0,"28.4515° N, 76.9882° E",28.4515,76.9882
flat,pivotal devaan,0.27,sector 84,7964.0,1,1,1,13.0,Relatively New,387.0,0,0,0,0,0,0,45.0,"28.3979° N, 76.9736° E",28.3979,76.9736
flat,bestech park view residency,0.95,sector 23,6709.0,2,2,3,10.0,Old Property,1573.0,0,0,0,0,0,2,88.0,"28.5121° N, 77.0478° E",28.5121,77.0478
flat,ireo victory valley,4.55,sector 67,14536.0,4,4,3+,19.0,Relatively New,2834.0,0,1,0,0,0,2,156.0,"28.3859° N, 77.0608° E",28.3859,77.0608
house,Not Applicable,1.1,sector 61,8148.0,2,2,1,2.0,Old Property,150.0,0,0,0,0,1,1,0.0,"28.4050° N, 77.0963° E",28.405,77.0963
flat,bestech park view residency,0.98,sector 23,6261.0,2,2,3,14.0,Moderately Old,1417.0,1,0,0,0,0,1,92.0,"28.5121° N, 77.0478° E",28.5121,77.0478
flat,tata primanti,4.1,sector 72,14100.0,4,5,3+,39.0,New Property,2630.0,0,1,0,0,1,1,103.0,"28.4225° N, 77.0211° E",28.4225,77.0211
flat,shapoorji pallonji joyville gurugram,1.8,sector 102,10638.0,3,3,3,5.0,Relatively New,1532.0,0,0,0,0,0,1,49.0,"28.4750° N, 76.9715° E",28.475,76.9715
flat,antriksh green,2.25,sector 45,7826.0,4,4,2,9.0,Old Property,3194.0,0,1,0,0,0,0,23.0,"28.4466° N, 77.0660° E",28.4466,77.066
flat,puri emerald bay,1.58,sector 104,9117.0,2,3,3,11.0,Relatively New,1539.0,0,1,0,0,0,1,101.0,"28.4788° N, 76.9960° E",28.4788,76.996
flat,m3m golfestate,7.0,sector 65,18181.0,3,3,2,12.0,Moderately Old,4278.0,0,0,1,0,0,1,60.0,"28.4030° N, 77.0690° E",28.403,77.069
flat,m3m golfestate,6.1,sector 65,18138.0,3,3,3,19.0,Moderately Old,3028.0,1,1,0,0,0,2,174.0,"28.4030° N, 77.0690° E",28.403,77.069
flat,eden landmark,0.5,manesar,3847.0,2,2,0,7.0,Under Construction,1300.0,0,0,0,0,0,1,0.0,"28.3515° N, 76.9428° E",28.3515,76.9428
flat,m3m merlin,3.4,sector 67,14418.0,3,4,3+,16.0,Relatively New,2135.0,0,1,0,0,0,2,158.0,"28.3859° N, 77.0608° E",28.3859,77.0608
flat,emaar gurgaon greens,1.4,sector 102,8484.0,3,3,3,4.0,Relatively New,1494.0,0,1,0,0,0,2,83.0,"28.4750° N, 76.9715° E",28.475,76.9715
flat,lotus homz,0.7,sector 111,10057.0,2,2,2,8.0,Relatively New,773.0,0,0,0,0,0,1,68.0,"28.5238° N, 77.0320° E",28.5238,77.032
house,ashok vihar phase 3 gurgaon,0.95,sector 3,8878.0,4,3,2,1.0,Old Property,1070.0,0,0,0,0,0,1,8.0,"28.4909° N, 77.0176° E",28.4909,77.0176
flat,breez global heights,0.24,sector 36,5825.0,1,1,1,8.0,New Property,458.0,0,0,0,0,0,1,57.0,"28.4160° N, 76.9914° E",28.416,76.9914
flat,shree vardhman victoria,1.65,sector 70,8461.0,3,3,2,6.0,Relatively New,2167.0,1,0,0,0,0,1,72.0,"28.3968° N, 77.0233° E",28.3968,77.0233
flat,aqua front towers,2.5,sector 32,11715.0,3,4,3,1.0,Relatively New,2134.0,0,0,0,0,0,1,0.0,"28.4472° N, 77.0406° E",28.4472,77.0406
flat,experion windchants,5.2,sector 112,10726.0,4,6,3+,15.0,Relatively New,3655.35,0,1,0,1,0,2,174.0,"28.5189° N, 77.0183° E",28.5189,77.0183
flat,ardee city,1.55,sector 52,7381.0,4,4,3,1.0,Moderately Old,2100.0,0,0,0,0,0,1,0.0,"28.4379° N, 77.0785° E",28.4379,77.0785
flat,corona gracieux,1.08,sector 76,5510.0,3,3,3,1.0,New Property,1774.0,0,1,0,0,0,1,58.0,"28.3935° N, 76.9888° E",28.3935,76.9888
flat,bestech park view sanskruti,2.0,sector 92,8333.0,4,5,3+,12.0,Relatively New,2454.0,0,1,0,0,0,2,60.0,"28.4079° N, 76.9153° E",28.4079,76.9153
flat,tulip monsella,6.02,sector 53,20816.0,3,3,3,29.0,Under Construction,2892.0,0,0,0,0,0,1,68.0,"28.4433° N, 77.0948° E",28.4433,77.0948
house,Not Applicable,2.55,sector 23,16378.0,3,3,2,2.0,Old Property,1557.0,0,0,0,0,0,1,8.0,"28.5121° N, 77.0478° E",28.5121,77.0478
flat,imperia the esfera,0.99,sector 37c,5500.0,3,3,1,10.0,New Property,1643.0,0,1,0,0,0,1,49.0,"28.4515° N, 76.9882° E",28.4515,76.9882
flat,wings apartment,1.2,sector 9,6666.0,4,3,2,4.0,Moderately Old,2000.0,0,0,0,0,0,2,23.0,"28.4603° N, 77.0000° E",28.4603,77.0
house,dlf city plots,13.5,sector 26,29880.0,5,5,2,2.0,Moderately Old,4518.0,1,1,0,0,1,2,104.0,"28.4757° N, 77.1032° E",28.4757,77.1032
flat,shyam apartment,0.26,sector 5,3714.0,2,1,2,2.0,Relatively New,611.0,0,0,0,0,0,1,0.0,"28.4794° N, 77.0176° E",28.4794,77.0176
flat,whiteland  the aspen,3.5,sector 76,11917.0,3,4,3,8.0,Under Construction,2937.0,0,0,0,0,0,1,0.0,"28.3935° N, 76.9888° E",28.3935,76.9888
flat,pareena coban residences,1.13,sector 99a,5658.0,3,5,3,5.0,Relatively New,1790.0,0,1,0,0,1,1,49.0,"28.4561° N, 76.9542° E",28.4561,76.9542
flat,antriksh heights,0.9,sector 84,4931.0,3,3,3,11.0,Relatively New,1652.0,0,0,0,0,0,1,87.0,"28.3979° N, 76.9736° E",28.3979,76.9736
flat,tulip violet,1.28,sector 69,8111.0,3,3,2,12.0,Relatively New,1429.0,0,0,0,1,0,2,49.0,"28.3966° N, 77.0341° E",28.3966,77.0341
flat,ss,2.1,sector 85,7467.0,4,4,3,2.0,Relatively New,2600.0,0,0,0,0,0,1,49.0,"28.4042° N, 76.9513° E",28.4042,76.9513
house,ansal florence super,3.75,sector 57,23148.0,3,4,3,2.0,Moderately Old,1620.0,1,1,1,0,0,2,38.0,"28.4232° N, 77.0752° E",28.4232,77.0752
house,Not Applicable,19.5,sector 23,27083.0,8,9,3+,2.0,New Property,7200.0,1,1,0,1,0,1,122.0,"28.5121° N, 77.0478° E",28.5121,77.0478
house,Not Applicable,2.15,sector 43,13030.0,1,1,No,1.0,Moderately Old,1650.0,0,0,0,0,0,1,0.0,"28.4629° N, 77.0772° E",28.4629,77.0772
flat,pareena mi casa,0.92,sector 68,7389.0,2,2,3,5.0,Under Construction,1127.0,0,0,0,0,1,1,50.0,"28.3853° N, 77.0484° E",28.3853,77.0484
flat,bestech park view grand spa,2.25,sector 81,8458.0,3,4,3+,8.0,Relatively New,2300.0,1,1,1,0,0,2,122.0,"28.3867° N, 76.9485° E",28.3867,76.9485
flat,ss the leaf,1.25,sector 85,7179.0,2,2,3,10.0,Relatively New,1730.0,0,0,0,0,0,1,49.0,"28.4042° N, 76.9513° E",28.4042,76.9513
flat,conscient heritage max,1.82,sector 102,9011.0,3,4,3+,12.0,Relatively New,1758.0,0,1,0,0,0,1,101.0,"28.4750° N, 76.9715° E",28.475,76.9715
house,dlf city plots,18.0,sector 26,39841.0,6,6,2,3.0,Old Property,4518.0,0,1,0,1,1,2,49.0,"28.4757° N, 77.1032° E",28.4757,77.1032
house,Not Applicable,4.6,sector 56,21296.0,3,3,3+,2.0,Old Property,2160.0,0,1,1,1,0,2,37.0,"28.4245° N, 77.0991° E",28.4245,77.0991
flat,bestech park view residency,1.02,sector 23,7208.0,2,2,3,11.0,Moderately Old,1281.0,0,0,0,0,0,1,92.0,"28.5121° N, 77.0478° E",28.5121,77.0478
flat,chd avenue,1.16,sector 71,6655.0,3,3,3,5.0,Moderately Old,1578.0,0,1,0,0,0,2,73.0,"28.4104° N, 77.0281° E",28.4104,77.0281
flat,smart world orchard,2.6,sector 61,14723.0,3,3,2,2.0,New Property,1766.0,0,0,0,0,0,1,47.0,"28.4050° N, 77.0963° E",28.405,77.0963
flat,umang monsoon breeze,1.15,sector 78,5284.0,3,3,3,9.0,Moderately Old,1970.0,0,1,0,0,1,1,22.0,"28.3733° N, 76.9729° E",28.3733,76.9729
house,Not Applicable,1.55,sector 7,13889.0,2,2,2,1.0,Moderately Old,1080.0,0,0,0,0,0,2,52.0,"28.4644° N, 77.0143° E",28.4644,77.0143
house,Not Applicable,3.5,sector 17,24306.0,2,6,3+,3.0,Relatively New,1440.0,0,0,0,0,0,1,0.0,"28.4791° N, 77.0608° E",28.4791,77.0608
house,international city by sobha phase 2,10.0,sector 109,27778.0,4,5,3+,2.0,New Property,3600.0,1,1,0,1,1,2,49.0,"28.5073° N, 77.0089° E",28.5073,77.0089
flat,rof ananda,0.32,sector 95,5736.0,2,2,1,10.0,Relatively New,610.0,0,0,0,1,0,2,50.0,"28.4172° N, 76.9081° E",28.4172,76.9081
flat,parsvnath exotica,5.0,sector 53,17271.0,3,4,3+,8.0,Relatively New,2500.0,0,1,0,1,1,2,49.0,"28.4433° N, 77.0948° E",28.4433,77.0948
flat,puri diplomatic greens,3.9,sector 111,13000.0,4,5,3+,6.0,Relatively New,2997.0,0,1,0,0,0,0,160.0,"28.5238° N, 77.0320° E",28.5238,77.032
flat,central park resorts,11.25,sector 48,28266.0,4,5,3+,2.0,Relatively New,4422.0,0,1,0,1,0,1,45.0,"28.4177° N, 77.0359° E",28.4177,77.0359
house,Not Applicable,1.8,sector 39,21875.0,1,1,2,3.0,Relatively New,800.0,0,0,0,0,0,1,0.0,"28.4434° N, 77.0515° E",28.4434,77.0515
flat,dlf carlton estate,2.0,sector 43,14214.0,3,3,2,5.0,Moderately Old,1274.0,0,0,0,0,0,1,65.0,"28.4629° N, 77.0772° E",28.4629,77.0772
house,Not Applicable,2.5,sector 23,16056.0,4,4,2,4.0,Old Property,1557.0,0,0,0,0,0,1,17.0,"28.5121° N, 77.0478° E",28.5121,77.0478
flat,sobha city,2.6,sector 108,15195.0,3,3,2,11.0,New Property,1711.0,0,0,0,0,0,1,49.0,"28.5134° N, 76.9830° E",28.5134,76.983
flat,emaar palm gardens,3.15,sector 83,8400.0,5,7,3+,15.0,Relatively New,3200.0,0,1,0,0,0,2,165.0,"28.3986° N, 76.9647° E",28.3986,76.9647
flat,sare crescent parc,0.82,sector 92,5384.0,3,3,3+,12.0,Relatively New,1523.0,0,0,0,0,0,1,0.0,"28.4079° N, 76.9153° E",28.4079,76.9153
house,Not Applicable,5.15,sector 39,14072.0,5,5,No,1.0,Relatively New,3660.0,0,0,0,0,0,1,0.0,"28.4434° N, 77.0515° E",28.4434,77.0515
flat,vipul lavanya,1.0,sector 81,8000.0,2,2,2,7.0,Relatively New,1132.0,0,0,0,0,0,1,31.0,"28.3867° N, 76.9485° E",28.3867,76.9485
house,Not Applicable,1.35,sector 105,3857.0,5,3,3,3.0,Moderately Old,3500.0,0,0,0,0,0,1,0.0,"28.4952° N, 77.0114° E",28.4952,77.0114
house,Not Applicable,0.82,sector 8,10224.0,2,4,No,2.0,Moderately Old,891.0,0,0,0,0,0,1,0.0,"28.3738° N, 76.8970° E",28.3738,76.897
flat,signature global city,0.8,sector 37d,8421.0,2,2,2,2.0,Under Construction,860.0,0,0,0,0,0,1,42.0,"28.4478° N, 76.9703° E",28.4478,76.9703
house,Not Applicable,3.2,sector 4,14222.0,3,3,2,2.0,Old Property,2250.0,0,0,0,0,0,1,13.0,"28.4738° N, 77.0107° E",28.4738,77.0107
flat,raheja vedaanta,1.0,sector 108,4854.0,2,2,2,0.0,Relatively New,2060.0,0,0,0,0,0,1,0.0,"28.5134° N, 76.9830° E",28.5134,76.983
flat,m3m skycity,3.5,sector 65,17039.0,3,3,3,15.0,New Property,2282.0,1,1,0,1,0,2,166.0,"28.4030° N, 77.0690° E",28.403,77.069
flat,godrej oasis,1.15,sector 88a,7116.0,2,2,3,14.0,Relatively New,1380.0,1,0,0,1,0,1,174.0,"28.4347° N, 76.9557° E",28.4347,76.9557
flat,smart world gems,1.0,sector 89,9007.0,2,2,3,3.0,New Property,1233.0,1,0,0,0,1,1,99.0,"28.4253° N, 76.9439° E",28.4253,76.9439
flat,chd avenue,0.95,sector 71,7929.0,2,2,2,5.0,Moderately Old,1085.0,0,0,0,0,0,2,142.0,"28.4104° N, 77.0281° E",28.4104,77.0281
flat,godrej summit,1.3,sector 104,9027.0,3,2,3+,16.0,Relatively New,1304.0,1,0,1,1,0,2,0.0,"28.4788° N, 76.9960° E",28.4788,76.996
house,dlf new town heights,2.5,sector 91,7058.0,4,4,3+,3.0,Moderately Old,3400.0,1,1,1,1,0,2,80.0,"28.4014° N, 76.9225° E",28.4014,76.9225
flat,m3m golf hills phase 1,1.7,sector 79,10828.0,3,2,3,10.0,Relatively New,1570.0,0,0,0,0,0,1,0.0,"28.3624° N, 76.9787° E",28.3624,76.9787
flat,m3m skywalk,2.25,sector 74,13636.0,3,3,2,9.0,Relatively New,1938.0,0,1,0,0,0,2,174.0,"28.4158° N, 77.0118° E",28.4158,77.0118
flat,signature global city 37d ph 2,1.36,sector 37d,8846.0,3,3,3,1.0,Under Construction,1535.0,0,0,0,1,1,1,37.0,"28.4478° N, 76.9703° E",28.4478,76.9703
flat,smart world gems,0.88,sector 89,7963.0,2,2,3,2.0,New Property,1228.0,1,0,0,0,0,1,44.0,"28.4253° N, 76.9439° E",28.4253,76.9439
flat,sare crescent parc,0.71,sector 92,4933.0,3,3,2,6.0,Relatively New,1596.0,0,0,0,0,0,1,37.0,"28.4079° N, 76.9153° E",28.4079,76.9153
house,Not Applicable,0.85,sector 3,8500.0,1,1,No,1.0,Moderately Old,1000.0,0,0,0,0,0,1,0.0,"28.4909° N, 77.0176° E",28.4909,77.0176
house,emaar mgf marbella,18.0,sector 66,40000.0,5,6,3+,3.0,Relatively New,4500.0,1,1,1,1,0,0,153.0,"28.3925° N, 77.0541° E",28.3925,77.0541
flat,raheja teachers apartments,1.2,sector 31,7272.0,3,2,2,1.0,Moderately Old,1450.0,0,0,0,0,1,0,105.0,"28.4528° N, 77.0498° E",28.4528,77.0498
house,Not Applicable,4.35,sector 25,32222.0,5,4,3,3.0,Old Property,1350.0,0,1,0,0,0,1,49.0,"28.4844° N, 77.0860° E",28.4844,77.086
flat,bsf chs,0.95,sector 2,5937.0,3,3,3,13.0,Old Property,1778.0,0,0,0,0,0,1,37.0,"28.5095° N, 77.0320° E",28.5095,77.032
flat,zara aavaas,0.65,sector 104,8519.0,3,2,2,7.0,New Property,848.0,0,0,0,0,0,1,65.0,"28.4788° N, 76.9960° E",28.4788,76.996
flat,central park resort belgravia residences,6.25,sector 48,24300.0,3,5,3+,5.0,Moderately Old,3200.0,0,1,0,0,0,2,49.0,"28.4177° N, 77.0359° E",28.4177,77.0359
flat,tata gurgaon gateway,1.75,sector 113,10443.0,2,2,2,10.0,Relatively New,1430.0,1,0,0,0,0,1,104.0,"28.5287° N, 77.0233° E",28.5287,77.0233
flat,sobha city,3.95,sector 108,16858.0,3,4,2,15.0,Relatively New,2343.0,0,1,0,0,0,1,49.0,"28.5134° N, 76.9830° E",28.5134,76.983
flat,bestech park view grand spa,3.0,sector 81,9419.0,4,5,2,6.0,Relatively New,2884.0,0,1,0,0,0,2,110.0,"28.3867° N, 76.9485° E",28.3867,76.9485
house,Not Applicable,3.4,sector 9,12938.0,9,9,3,3.0,Moderately Old,2628.0,0,0,0,0,0,2,61.0,"28.4603° N, 77.0000° E",28.4603,77.0
flat,samaspurkunj,0.55,sector 51,5238.0,2,2,0,5.0,Relatively New,1167.0,0,0,0,0,0,1,36.0,"28.4320° N, 77.0686° E",28.432,77.0686
flat,spectrum centre,0.62,sector 82a,9538.0,1,1,0,6.0,Relatively New,650.0,0,0,0,0,0,1,0.0,"28.3858° N, 76.9686° E",28.3858,76.9686
house,Not Applicable,0.8,sector 69,10484.0,1,1,No,1.0,New Property,763.0,0,0,0,0,0,1,0.0,"28.3966° N, 77.0341° E",28.3966,77.0341
flat,smart world gems,1.16,sector 89,8151.0,3,3,2,3.0,Under Construction,1581.0,1,0,0,0,0,1,68.0,"28.4253° N, 76.9439° E",28.4253,76.9439
flat,the close north,2.35,sector 50,11358.0,3,3,3,8.0,Moderately Old,1900.0,0,0,0,0,0,2,49.0,"28.4178° N, 77.0628° E",28.4178,77.0628
flat,signature global solera 2,0.5,sector 107,8928.0,2,2,2,13.0,New Property,622.0,0,0,0,0,0,1,8.0,"28.5052° N, 76.9729° E",28.5052,76.9729
flat,emaar mgf the palm drive,3.5,sector 66,15909.0,3,3,3,7.0,Moderately Old,2125.0,0,1,1,0,0,2,149.0,"28.3925° N, 77.0541° E",28.3925,77.0541
house,eldeco mansionz,5.15,sector 48,18885.0,5,7,3,2.0,Moderately Old,2727.0,0,1,0,1,0,2,145.0,"28.4177° N, 77.0359° E",28.4177,77.0359
flat,valley view estate,1.5,sector 2,8278.0,4,4,3+,9.0,Old Property,2013.0,1,1,0,0,1,1,135.0,"28.5095° N, 77.0320° E",28.5095,77.032
house,vipul tatvam villa,8.5,sector 48,21250.0,4,5,3+,2.0,Moderately Old,4000.0,1,1,0,1,1,2,49.0,"28.4177° N, 77.0359° E",28.4177,77.0359
flat,puri diplomatic greens,3.45,sector 111,11694.0,4,5,3+,10.0,Relatively New,2671.0,0,1,0,0,0,1,101.0,"28.5238° N, 77.0320° E",28.5238,77.032
flat,vatika emilia floors,0.6,sector 83,5714.0,2,2,2,1.0,Relatively New,990.0,0,0,0,0,0,2,167.0,"28.3986° N, 76.9647° E",28.3986,76.9647
flat,alpha corp gurgaonone,0.85,sector 84,6692.0,2,2,3,6.0,Relatively New,1158.0,0,0,0,0,0,2,28.0,"28.3979° N, 76.9736° E",28.3979,76.9736
flat,vipul lavanya,1.28,sector 81,7174.0,3,3,3,1.0,Moderately Old,1982.0,0,1,0,1,0,2,49.0,"28.3867° N, 76.9485° E",28.3867,76.9485
flat,signature global solera,0.28,sector 107,5828.0,2,2,2,0.0,Relatively New,543.0,0,0,0,0,0,1,45.0,"28.5052° N, 76.9729° E",28.5052,76.9729
flat,the lions cghs,1.99,sector 56,11055.0,4,4,3+,4.0,Old Property,2000.0,0,0,0,1,1,2,105.0,"28.4245° N, 77.0991° E",28.4245,77.0991
flat,ramprastha the edge towers,1.1,sector 37d,5528.0,3,3,3,9.0,Relatively New,1990.0,0,0,0,0,0,1,63.0,"28.4478° N, 76.9703° E",28.4478,76.9703
flat,ats kocoon,2.2,sector 109,10023.0,3,4,3,8.0,Relatively New,1860.0,0,1,0,0,0,1,156.0,"28.5073° N, 77.0089° E",28.5073,77.0089
flat,essel tower,1.85,sector 29,11859.0,3,2,3,1.0,Moderately Old,1510.0,1,1,0,0,0,1,102.0,"28.4669° N, 77.0663° E",28.4669,77.0663
flat,the close north,2.5,sector 50,11944.0,3,3,3,11.0,Relatively New,1895.0,0,0,0,1,0,2,127.0,"28.4178° N, 77.0628° E",28.4178,77.0628
flat,dlf regal gardens,1.75,sector 90,7900.0,4,4,3+,3.0,Relatively New,2005.0,0,0,0,0,1,1,6.0,"28.4085° N, 76.9369° E",28.4085,76.9369
flat,sare homes,0.56,sector 92,4729.0,3,1,3,1.0,Moderately Old,1316.0,0,0,0,0,0,2,75.0,"28.4079° N, 76.9153° E",28.4079,76.9153
flat,dlf regency park,2.26,sector 28,13696.0,3,3,2,19.0,Old Property,1700.0,0,1,0,0,0,1,158.0,"28.4728° N, 77.0865° E",28.4728,77.0865
flat,experion the heartsong,0.9,sector 108,7014.0,2,3,3,2.0,Relatively New,978.23,0,1,0,0,0,1,94.0,"28.5134° N, 76.9830° E",28.5134,76.983
flat,vatika lifestyle homes,1.15,sector 83,6552.0,3,2,3,15.0,Relatively New,1589.0,0,0,0,0,0,1,37.0,"28.3986° N, 76.9647° E",28.3986,76.9647
flat,bestech spa signature,4.45,sector 81,10595.0,4,4,3+,8.0,Relatively New,3850.0,1,1,0,1,1,2,49.0,"28.3867° N, 76.9485° E",28.3867,76.9485
flat,pyramid urban homes 2,0.42,sector 86,8483.0,2,2,1,2.0,New Property,557.0,1,1,0,1,1,1,84.0,"28.3986° N, 76.9384° E",28.3986,76.9384
flat,rof ananda,0.46,sector 95,6318.0,2,2,2,11.0,New Property,809.0,1,0,0,0,0,1,82.0,"28.4172° N, 76.9081° E",28.4172,76.9081
flat,the lions cghs,2.0,sector 56,8333.0,4,4,3,8.0,Relatively New,2253.0,0,0,0,0,1,2,49.0,"28.4245° N, 77.0991° E",28.4245,77.0991
flat,smart world orchard,1.9,sector 61,22700.0,3,3,3,1.0,New Property,1137.0,0,0,0,0,0,1,30.0,"28.4050° N, 77.0963° E",28.405,77.0963
flat,emaar mgf emerald floors premier,2.29,sector 65,13878.0,3,4,3+,2.0,Relatively New,1833.0,1,1,0,0,0,0,174.0,"28.4030° N, 77.0690° E",28.403,77.069
house,Not Applicable,2.4,sector 8,11019.0,8,4,2,2.0,Old Property,242.0,0,0,0,0,0,1,21.0,"28.3738° N, 76.8970° E",28.3738,76.897
flat,ireo victory valley,4.5,sector 67,14097.0,4,4,3+,0.0,Relatively New,3160.0,0,1,0,1,0,2,42.0,"28.3859° N, 77.0608° E",28.3859,77.0608
flat,paras dews,1.05,sector 106,8536.0,3,4,3+,10.0,Relatively New,1345.0,0,1,0,0,0,1,174.0,"28.5007° N, 77.0003° E",28.5007,77.0003
house,nirvana cedar crest,7.1,sector 50,32870.0,5,4,3,2.0,Moderately Old,2160.0,1,0,1,1,0,2,110.0,"28.4178° N, 77.0628° E",28.4178,77.0628
flat,laxmi apartment sector 99a gurgaon,0.3,sector 99a,4615.0,2,2,1,4.0,New Property,600.0,0,0,0,0,0,1,44.0,"28.4561° N, 76.9542° E",28.4561,76.9542
flat,m3m heights,1.9,sector 65,13991.0,2,2,2,40.0,Relatively New,1358.0,0,0,0,0,0,1,48.0,"28.4030° N, 77.0690° E",28.403,77.069
flat,ss the leaf,1.18,sector 85,10094.0,2,3,3,12.0,Relatively New,1420.0,0,0,0,1,0,2,150.0,"28.4042° N, 76.9513° E",28.4042,76.9513
flat,dlf exclusive floors,2.35,sector 43,14242.0,3,3,2,1.0,Old Property,1527.0,0,0,1,0,0,2,102.0,"28.4629° N, 77.0772° E",28.4629,77.0772
flat,housing board colony,0.3,sector 51,7317.0,1,1,2,0.0,Old Property,459.0,0,0,0,0,0,1,0.0,"28.4320° N, 77.0686° E",28.432,77.0686
flat,ss the coralwood,1.1,sector 84,5820.0,3,3,3+,12.0,Moderately Old,1711.0,0,0,0,0,0,2,104.0,"28.3979° N, 76.9736° E",28.3979,76.9736
flat,shapoorji pallonji joyville gurugram,1.35,sector 102,9933.0,2,2,2,9.0,Relatively New,1230.0,0,0,0,0,0,1,100.0,"28.4750° N, 76.9715° E",28.475,76.9715
flat,antriksh heights,1.05,sector 84,5011.0,4,4,3+,3.0,New Property,1897.0,1,0,0,0,0,1,66.0,"28.3979° N, 76.9736° E",28.3979,76.9736
house,rattan garden,1.3,sector 7,13499.0,2,3,2,3.0,Old Property,963.0,0,0,0,0,0,1,0.0,"28.4644° N, 77.0143° E",28.4644,77.0143
flat,tulip violet,1.37,sector 69,8907.0,3,3,1,12.0,Relatively New,1392.0,0,0,0,0,0,1,116.0,"28.3966° N, 77.0341° E",28.3966,77.0341
flat,shapoorji pallonji joyville gurugram,1.95,sector 102,13928.0,3,3,3,6.0,New Property,1616.0,0,0,0,1,0,2,174.0,"28.4750° N, 76.9715° E",28.475,76.9715
flat,m3m merlin,3.5,sector 67,14583.0,3,4,3,17.0,Relatively New,2225.0,0,1,1,0,0,2,167.0,"28.3859° N, 77.0608° E",28.3859,77.0608
house,Not Applicable,2.1,sector 40,23333.0,3,3,2,3.0,Moderately Old,900.0,0,0,0,0,1,2,35.0,"28.4498° N, 77.0567° E",28.4498,77.0567
flat,tulip violet,1.4,sector 69,8920.0,3,3,1,12.0,Relatively New,1420.0,0,0,0,1,0,1,86.0,"28.3966° N, 77.0341° E",28.3966,77.0341
flat,ss the leaf,1.31,sector 85,7987.0,2,2,2,5.0,Relatively New,1822.0,0,1,0,0,0,1,89.0,"28.4042° N, 76.9513° E",28.4042,76.9513
flat,smart world gems,1.0,sector 89,9007.0,2,2,3,3.0,New Property,1233.0,1,0,0,0,1,1,99.0,"28.4253° N, 76.9439° E",28.4253,76.9439
house,vipul tatvam villa,5.5,sector 48,21219.0,3,6,2,2.0,Moderately Old,2592.0,0,1,0,0,1,2,106.0,"28.4177° N, 77.0359° E",28.4177,77.0359
flat,m3m heights,2.0,sector 65,13957.0,2,2,2,32.0,Relatively New,1433.0,0,0,0,0,0,1,48.0,"28.4030° N, 77.0690° E",28.403,77.069
flat,pareena coban residences,1.23,sector 99a,6159.0,3,5,3,5.0,Relatively New,1808.0,0,1,0,0,0,1,99.0,"28.4561° N, 76.9542° E",28.4561,76.9542
flat,paras quartier,7.5,sector 2,14018.0,4,4,3+,20.0,New Property,4844.0,0,1,0,1,1,2,49.0,"28.5095° N, 77.0320° E",28.5095,77.032
flat,ats triumph,1.75,sector 104,7641.0,3,4,3+,11.0,Relatively New,2073.0,0,1,0,0,0,1,110.0,"28.4788° N, 76.9960° E",28.4788,76.996
house,Not Applicable,3.4,sector 14,15111.0,3,3,3,1.0,Old Property,2250.0,0,0,0,0,0,1,32.0,"28.4711° N, 77.0454° E",28.4711,77.0454
house,Not Applicable,7.0,sector 82,21605.0,4,4,3+,1.0,Relatively New,3240.0,1,1,0,1,0,2,49.0,"28.3935° N, 76.9600° E",28.3935,76.96
flat,tulip violet,1.29,sector 69,8227.0,3,3,1,12.0,Relatively New,1420.0,0,0,0,1,0,2,86.0,"28.3966° N, 77.0341° E",28.3966,77.0341
house,international city by sobha phase 2,9.5,sector 109,26389.0,5,5,3+,2.0,Relatively New,3600.0,1,1,1,1,0,1,133.0,"28.5073° N, 77.0089° E",28.5073,77.0089
flat,shree vardhman victoria,1.78,sector 70,9128.0,3,3,3+,7.0,Relatively New,1765.0,0,1,0,0,1,1,49.0,"28.3968° N, 77.0233° E",28.3968,77.0233
flat,bestech park view ananda,1.45,sector 81,8011.0,3,3,3,8.0,Relatively New,1650.0,0,0,0,0,1,2,128.0,"28.3867° N, 76.9485° E",28.3867,76.9485
flat,ats tourmaline,2.1,sector 109,8123.0,3,4,3+,11.0,Relatively New,2100.0,0,1,0,0,0,2,165.0,"28.5073° N, 77.0089° E",28.5073,77.0089
flat,vatika the seven lamps,0.85,sector 82,5979.0,2,2,2,9.0,Relatively New,1295.0,1,0,0,0,0,1,117.0,"28.3935° N, 76.9600° E",28.3935,76.96
house,dlf city plots phase 3,1.44,sector 25,2963.0,4,2,2,1.0,Old Property,540.0,0,0,0,0,0,1,8.0,"28.4844° N, 77.0860° E",28.4844,77.086
flat,zara aavaas,0.49,sector 104,6577.0,3,2,2,7.0,Under Construction,696.0,0,0,0,0,0,1,74.0,"28.4788° N, 76.9960° E",28.4788,76.996
house,Not Applicable,5.0,sector 23,15384.0,6,6,2,1.0,Old Property,3611.0,0,0,0,0,0,1,0.0,"28.5121° N, 77.0478° E",28.5121,77.0478
flat,viridian the plaza 106,0.46,sector 106,6571.0,1,1,1,18.0,New Property,778.0,0,0,0,0,0,1,104.0,"28.5007° N, 77.0003° E",28.5007,77.0003
flat,raheja sampada,0.9,sector 92,6569.0,3,2,3,11.0,Relatively New,1240.0,0,0,0,0,0,1,88.0,"28.4079° N, 76.9153° E",28.4079,76.9153
flat,adani m2k oyster grande,1.8,sector 102,9528.0,3,4,3,17.0,Relatively New,1710.0,0,1,0,0,0,1,49.0,"28.4750° N, 76.9715° E",28.475,76.9715
flat,m3m woodshire,1.2,sector 107,6176.0,3,3,3,7.0,Relatively New,1750.0,0,0,0,0,0,2,49.0,"28.5052° N, 76.9729° E",28.5052,76.9729
flat,dlf the ultima,3.46,sector 81,12047.0,4,4,3+,10.0,New Property,2600.0,0,1,0,0,0,0,161.0,"28.3867° N, 76.9485° E",28.3867,76.9485
flat,supertech hilltown,0.8,sector 2,5556.0,3,2,3,8.0,New Property,1440.0,0,0,0,0,0,1,0.0,"28.5095° N, 77.0320° E",28.5095,77.032
flat,dlf the primus,2.55,sector 82a,11218.0,4,4,3+,14.0,Relatively New,2273.0,0,0,0,0,0,0,44.0,"28.3858° N, 76.9686° E",28.3858,76.9686
flat,dlf new town heights,1.3,sector 86,6735.0,3,3,3,15.0,Relatively New,1715.0,0,1,0,1,0,2,49.0,"28.3986° N, 76.9384° E",28.3986,76.9384
flat,tulip ivory,2.0,sector 70,8333.0,4,5,3+,2.0,Relatively New,2173.0,0,1,0,0,0,2,49.0,"28.3968° N, 77.0233° E",28.3968,77.0233
flat,tulip violet,1.46,sector 69,9252.0,3,3,2,0.0,Relatively New,1429.0,0,0,0,1,0,2,174.0,"28.3966° N, 77.0341° E",28.3966,77.0341
flat,experion windchants,6.5,sector 112,10416.0,4,5,3,11.0,Relatively New,4800.0,0,0,0,0,0,1,55.0,"28.5189° N, 77.0183° E",28.5189,77.0183
flat,pioneer park,3.6,sector 61,12627.0,4,4,3,3.0,Moderately Old,2581.0,0,1,0,0,0,2,121.0,"28.4050° N, 77.0963° E",28.405,77.0963
house,international city by sobha phase 2,11.3,sector 109,25111.0,7,5,3+,4.0,Relatively New,4500.0,1,1,0,1,1,1,49.0,"28.5073° N, 77.0089° E",28.5073,77.0089
flat,ambience creacions,2.55,sector 22,13709.0,3,3,3,8.0,Relatively New,1860.0,0,0,0,0,1,2,125.0,"28.5072° N, 77.0640° E",28.5072,77.064
flat,mapsko royale ville,1.15,sector 82,6424.0,3,4,2,15.0,Relatively New,1621.0,0,1,0,1,0,2,104.0,"28.3935° N, 76.9600° E",28.3935,76.96
flat,m3m merlin,2.9,sector 67,14167.0,3,3,3,0.0,Relatively New,2047.0,0,0,0,0,1,2,49.0,"28.3859° N, 77.0608° E",28.3859,77.0608
flat,tulip violet,1.37,sector 69,8675.0,3,3,1,12.0,Relatively New,1569.0,0,0,0,1,0,1,95.0,"28.3966° N, 77.0341° E",28.3966,77.0341
flat,ramsons kshitij,0.22,sector 95,6470.0,1,1,1,2.0,New Property,308.0,0,0,0,0,0,1,0.0,"28.4172° N, 76.9081° E",28.4172,76.9081
flat,puri emerald bay,2.49,sector 104,10163.0,3,3,3+,14.0,Relatively New,2218.0,0,1,0,0,0,2,129.0,"28.4788° N, 76.9960° E",28.4788,76.996
flat,ss the leaf,2.15,sector 85,7645.0,4,5,3+,1.0,Relatively New,2546.0,0,1,0,0,0,1,165.0,"28.4042° N, 76.9513° E",28.4042,76.9513
flat,experion windchants,2.6,sector 112,10651.0,2,2,3,8.0,Relatively New,2441.0,0,0,0,0,0,1,168.0,"28.5189° N, 77.0183° E",28.5189,77.0183
flat,godrej meridien,3.2,sector 106,16000.0,3,3,3+,6.0,Under Construction,2224.0,0,1,0,0,0,1,49.0,"28.5007° N, 77.0003° E",28.5007,77.0003
flat,pareena laxmi apartments,0.32,sector 99a,5521.0,2,2,1,2.0,New Property,577.0,0,0,0,0,0,1,174.0,"28.4561° N, 76.9542° E",28.4561,76.9542
flat,emaar gurgaon greens,1.5,sector 102,9090.0,3,3,3,7.0,Relatively New,1315.0,0,0,0,1,0,2,49.0,"28.4750° N, 76.9715° E",28.475,76.9715
flat,shapoorji pallonji joyville gurugram,1.05,sector 102,11475.0,2,2,2,0.0,Under Construction,1017.0,0,0,0,0,0,1,174.0,"28.4750° N, 76.9715° E",28.475,76.9715
house,Not Applicable,2.25,sector 12,9615.0,3,2,1,1.0,Old Property,250.0,0,1,0,1,0,1,5.0,"28.4723° N, 77.0320° E",28.4723,77.032
flat,conscient heritage max,1.9,sector 102,9783.0,3,4,3+,20.0,Relatively New,1758.0,0,1,0,0,0,1,66.0,"28.4750° N, 76.9715° E",28.475,76.9715
flat,elan the presidential,3.9,sector 106,15918.0,3,3,0,20.0,Relatively New,2450.0,0,0,0,0,0,1,42.0,"28.5007° N, 77.0003° E",28.5007,77.0003
flat,vatika the seven lamps,1.0,sector 82,5923.0,2,2,2,11.0,Relatively New,1299.0,1,0,0,0,0,2,111.0,"28.3935° N, 76.9600° E",28.3935,76.96
flat,ambience creacions,4.78,sector 22,15469.0,3,4,3,7.0,Relatively New,2500.0,0,1,0,0,1,0,174.0,"28.5072° N, 77.0640° E",28.5072,77.064
flat,ramprastha the edge towers,0.98,sector 37d,5536.0,3,3,3+,5.0,Relatively New,1675.0,0,0,0,1,0,1,0.0,"28.4478° N, 76.9703° E",28.4478,76.9703
house,Not Applicable,0.6,sector 9,10753.0,3,3,1,2.0,Relatively New,558.0,0,0,0,0,0,1,86.0,"28.4603° N, 77.0000° E",28.4603,77.0
flat,shree vardhman victoria,1.65,sector 70,8461.0,3,5,3,6.0,Relatively New,1528.0,0,1,0,1,0,1,0.0,"28.3968° N, 77.0233° E",28.3968,77.0233
house,Not Applicable,2.75,sector 25,7666.0,7,7,3+,3.0,Moderately Old,3000.0,0,0,0,0,1,2,119.0,"28.4844° N, 77.0860° E",28.4844,77.086
flat,parsvnath green ville,1.6,sector 48,8376.0,3,3,3,13.0,Old Property,1700.0,0,0,0,0,1,2,153.0,"28.4177° N, 77.0359° E",28.4177,77.0359
house,unitech espace,10.45,sector 50,32253.0,5,7,3+,3.0,Moderately Old,3240.0,1,1,0,1,1,2,67.0,"28.4178° N, 77.0628° E",28.4178,77.0628
flat,shapoorji pallonji joyville gurugram,1.75,sector 102,15514.0,3,3,3+,1.0,Relatively New,1465.0,0,0,0,0,0,1,157.0,"28.4750° N, 76.9715° E",28.475,76.9715
flat,tulip violet,1.68,sector 69,10071.0,3,3,2,0.0,Relatively New,1510.0,0,0,0,0,0,1,75.0,"28.3966° N, 77.0341° E",28.3966,77.0341
flat,pivotal devaan,0.34,sector 84,5831.0,2,2,1,3.0,Relatively New,533.0,0,0,1,0,0,1,104.0,"28.3979° N, 76.9736° E",28.3979,76.9736
flat,emaar mgf palm hills,1.25,sector 77,8620.0,3,4,3,1.0,Relatively New,1611.0,0,1,0,0,0,2,22.0,"28.3801° N, 76.9845° E",28.3801,76.9845
flat,vatika city homes,0.8,sector 83,6060.0,2,2,2,8.0,Moderately Old,1195.0,0,0,1,0,0,1,0.0,"28.3986° N, 76.9647° E",28.3986,76.9647
house,Not Applicable,1.25,sector 9,8735.0,3,6,3+,3.0,Old Property,1431.0,0,0,0,0,0,1,37.0,"28.4603° N, 77.0000° E",28.4603,77.0
house,suncity township,25.0,sector 54,31110.0,4,4,3+,2.0,Moderately Old,8036.0,1,1,1,1,0,1,99.0,"28.4348° N, 77.1089° E",28.4348,77.1089
flat,antriksh heights,0.89,sector 84,4370.0,3,3,3,8.0,Relatively New,1833.0,0,0,0,1,0,1,77.0,"28.3979° N, 76.9736° E",28.3979,76.9736
flat,experion the heartsong,1.36,sector 108,6542.0,3,2,3+,2.0,Relatively New,1344.0,1,1,0,0,0,2,118.0,"28.5134° N, 76.9830° E",28.5134,76.983
flat,sobha city,3.95,sector 108,16858.0,3,5,2,15.0,New Property,2343.0,0,1,0,0,0,1,111.0,"28.5134° N, 76.9830° E",28.5134,76.983
flat,godrej frontier,1.4,sector 80,6189.0,3,4,2,10.0,Moderately Old,1854.0,0,0,1,1,0,1,158.0,"28.3659° N, 76.9557° E",28.3659,76.9557
flat,dlf park place,4.85,sector 54,30180.0,3,4,3+,6.0,Moderately Old,1607.0,0,1,0,0,0,0,117.0,"28.4348° N, 77.1089° E",28.4348,77.1089
flat,suncity vatsal valley,1.53,sector 2,10699.0,3,3,3,2.0,New Property,1589.0,0,0,0,0,0,2,60.0,"28.5095° N, 77.0320° E",28.5095,77.032
flat,zara aavaas,0.22,sector 104,7302.0,1,2,2,2.0,New Property,335.0,0,0,0,0,0,1,49.0,"28.4788° N, 76.9960° E",28.4788,76.996
flat,madhur jeevan apartments,1.59,sector 56,8594.0,4,3,3+,3.0,Old Property,1900.0,0,0,0,0,1,2,59.0,"28.4245° N, 77.0991° E",28.4245,77.0991
house,eros rosewood villas,2.5,sector 49,13513.0,3,3,2,2.0,Moderately Old,1900.0,0,0,1,1,0,1,0.0,"28.4121° N, 77.0480° E",28.4121,77.048
house,Not Applicable,0.8,sector 3,8155.0,2,4,1,2.0,Moderately Old,981.0,0,0,0,0,0,1,174.0,"28.4909° N, 77.0176° E",28.4909,77.0176
flat,emaar palm gardens,1.8,sector 83,9473.0,3,4,3,4.0,Relatively New,1551.0,1,1,1,1,0,2,72.0,"28.3986° N, 76.9647° E",28.3986,76.9647
flat,bestech park view ananda,1.35,sector 81,7541.0,3,3,3+,10.0,Moderately Old,1438.0,0,0,1,0,0,2,119.0,"28.3867° N, 76.9485° E",28.3867,76.9485
flat,vatika gurgaon,0.85,sector 83,8947.0,2,2,2,18.0,Moderately Old,1100.0,0,0,0,1,0,2,117.0,"28.3986° N, 76.9647° E",28.3986,76.9647
flat,tata gurgaon gateway,6.0,sector 113,9139.0,5,6,3+,24.0,Moderately Old,7294.0,0,0,0,0,0,1,149.0,"28.5287° N, 77.0233° E",28.5287,77.0233
flat,bptp terra,1.4,sector 37d,7730.0,3,3,3,5.0,Relatively New,1711.0,0,0,0,0,0,2,141.0,"28.4478° N, 76.9703° E",28.4478,76.9703
flat,shapoorji pallonji joyville gurugram,1.8,sector 102,10638.0,3,3,3,1.0,Relatively New,1532.0,0,0,0,0,0,1,157.0,"28.4750° N, 76.9715° E",28.475,76.9715
flat,vidya apartment,0.22,sector 3,4210.0,2,2,1,1.0,Relatively New,570.0,0,0,0,0,1,0,49.0,"28.4909° N, 77.0176° E",28.4909,77.0176
flat,ireo the grand arch,2.2,sector 58,16000.0,2,2,1,5.0,Relatively New,1528.0,0,0,0,1,0,2,156.0,"28.4200° N, 77.1105° E",28.42,77.1105
flat,ats triumph,2.52,sector 104,8000.0,4,4,3+,19.0,Relatively New,2800.0,0,1,1,0,0,2,134.0,"28.4788° N, 76.9960° E",28.4788,76.996
house,dlf city plots phase 2,6.5,sector 25,36111.0,5,5,3+,3.0,Old Property,1800.0,1,1,1,1,0,2,156.0,"28.4844° N, 77.0860° E",28.4844,77.086
flat,godrej,2.0,sector 79,8453.0,3,4,3+,2.0,Relatively New,2629.0,0,1,0,0,0,2,31.0,"28.3624° N, 76.9787° E",28.3624,76.9787
flat,dlf new town heights,1.25,sector 90,8638.0,3,4,3+,0.0,Old Property,1608.0,0,1,0,0,0,0,153.0,"28.4085° N, 76.9369° E",28.4085,76.9369
house,emaar mgf marbella,12.0,sector 66,38095.0,5,6,3+,3.0,Relatively New,3150.0,0,1,1,0,0,2,77.0,"28.3925° N, 77.0541° E",28.3925,77.0541
flat,m3m sky lofts,1.0,sector 71,11500.0,1,1,1,9.0,Moderately Old,869.0,0,0,0,0,0,1,14.0,"28.4104° N, 77.0281° E",28.4104,77.0281
flat,signature global synera,0.48,sector 81,8026.0,2,2,1,14.0,Relatively New,547.0,0,0,0,0,0,2,74.0,"28.3867° N, 76.9485° E",28.3867,76.9485
flat,bajrang apartments,0.38,sector 6,4470.0,2,2,2,1.0,Moderately Old,944.0,0,0,0,0,0,1,22.0,"28.4745° N, 77.0262° E",28.4745,77.0262
house,Not Applicable,0.66,sector 7,12000.0,3,1,1,3.0,Relatively New,550.0,0,0,0,0,1,1,144.0,"28.4644° N, 77.0143° E",28.4644,77.0143
flat,mapsko mount ville,1.5,sector 79,8264.0,3,4,3+,11.0,Relatively New,1417.0,0,1,0,0,0,2,38.0,"28.3624° N, 76.9787° E",28.3624,76.9787
flat,tata primanti,4.1,sector 72,13725.0,3,3,3,8.0,Moderately Old,2309.0,0,1,0,0,0,1,0.0,"28.4225° N, 77.0211° E",28.4225,77.0211
house,Not Applicable,10.0,sector 25,25543.0,8,10,3+,1.0,Old Property,3915.0,0,0,0,0,0,1,145.0,"28.4844° N, 77.0860° E",28.4844,77.086
flat,vatika the seven lamps,1.37,sector 82,8753.0,3,3,3,11.0,Relatively New,2000.0,1,1,0,1,0,2,73.0,"28.3935° N, 76.9600° E",28.3935,76.96
flat,pyramid urban,0.55,sector 67a,10516.0,2,2,2,3.0,Relatively New,581.0,0,0,0,0,0,1,127.0,"28.3960° N, 77.0372° E",28.396,77.0372
flat,m3m sierra 68,1.05,sector 68,8536.0,2,2,2,11.0,New Property,1200.0,0,0,0,0,0,2,45.0,"28.3853° N, 77.0484° E",28.3853,77.0484
flat,godrej air,1.05,sector 85,10603.0,2,2,1,15.0,Under Construction,97.0,0,0,0,0,0,1,165.0,"28.4042° N, 76.9513° E",28.4042,76.9513
flat,tata primanti,3.3,sector 72,15384.0,3,3,3+,10.0,Relatively New,2000.0,0,1,0,0,0,2,152.0,"28.4225° N, 77.0211° E",28.4225,77.0211
flat,smart world orchard,2.2,sector 61,14202.0,3,3,2,4.0,New Property,1721.0,0,0,0,0,0,1,15.0,"28.4050° N, 77.0963° E",28.405,77.0963
flat,pyramid urban,0.6,sector 67a,8571.0,2,2,2,14.0,New Property,634.0,0,0,0,0,0,1,78.0,"28.3960° N, 77.0372° E",28.396,77.0372
flat,ramprastha the edge towers,0.8,sector 37d,5797.0,2,2,3,2.0,Relatively New,1300.0,0,0,0,0,0,1,165.0,"28.4478° N, 76.9703° E",28.4478,76.9703
flat,vatika gurgaon,1.15,sector 83,5808.0,3,3,2,3.0,Relatively New,1350.0,1,1,1,1,0,2,0.0,"28.3986° N, 76.9647° E",28.3986,76.9647
flat,smart world gems,0.85,sector 89,7706.0,2,2,2,2.0,Under Construction,1226.0,1,0,0,0,0,1,49.0,"28.4253° N, 76.9439° E",28.4253,76.9439
flat,indiabulls centrum park,1.9,sector 103,5681.0,3,4,3+,10.0,Relatively New,3716.0,1,1,0,1,1,2,72.0,"28.4949° N, 76.9845° E",28.4949,76.9845
flat,shree vardhman victoria,1.8,sector 70,9230.0,3,5,3,0.0,New Property,2167.0,0,0,0,0,0,1,39.0,"28.3968° N, 77.0233° E",28.3968,77.0233
flat,signature global synera,0.45,sector 81,7525.0,2,2,2,6.0,Relatively New,664.0,0,0,1,0,0,2,174.0,"28.3867° N, 76.9485° E",28.3867,76.9485
flat,ansal maple heights,1.5,sector 43,12658.0,3,3,3+,7.0,Old Property,1385.0,0,0,1,0,0,2,0.0,"28.4629° N, 77.0772° E",28.4629,77.0772
house,Not Applicable,3.5,sector 38,24306.0,3,3,2,1.0,Relatively New,1440.0,0,0,0,0,0,1,174.0,"28.4347° N, 77.0430° E",28.4347,77.043
flat,tulip violet,1.44,sector 69,9125.0,3,3,2,1.0,Relatively New,1381.0,0,0,0,1,0,1,153.0,"28.3966° N, 77.0341° E",28.3966,77.0341
house,emaar mgf marbella,11.0,sector 66,33951.0,5,6,3+,2.0,New Property,3240.0,1,1,1,1,0,2,49.0,"28.3925° N, 77.0541° E",28.3925,77.0541
flat,ss,1.2,sector 85,7151.0,2,2,3,15.0,Relatively New,1660.0,0,0,0,0,0,1,44.0,"28.4042° N, 76.9513° E",28.4042,76.9513
flat,birla navya,3.15,sector 63a,14632.0,3,3,3,4.0,Under Construction,2153.0,0,0,0,0,1,1,146.0,"28.3923° N, 77.0888° E",28.3923,77.0888
house,adani brahma samsara,18.02,sector 60,28200.0,9,12,3+,3.0,Relatively New,6390.0,0,1,0,0,0,2,20.0,"28.4003° N, 77.0975° E",28.4003,77.0975
flat,green court,0.4,sector 90,6389.0,2,2,1,8.0,New Property,576.0,0,0,0,0,0,1,22.0,"28.4085° N, 76.9369° E",28.4085,76.9369
house,dlf south city 1,2.65,sector 41,18928.0,3,3,3,4.0,New Property,1400.0,0,1,0,0,0,2,97.0,"28.4557° N, 77.0632° E",28.4557,77.0632
flat,alpha corp gurgaonone,2.2,sector 84,6406.0,4,4,3+,15.0,Relatively New,3109.0,0,1,0,0,0,1,8.0,"28.3979° N, 76.9736° E",28.3979,76.9736
house,Not Applicable,15.0,sector 39,33333.0,5,5,3+,4.0,Moderately Old,4500.0,0,1,0,0,0,2,96.0,"28.4434° N, 77.0515° E",28.4434,77.0515
flat,spaze privvy the address,1.45,sector 93,8033.0,3,4,2,12.0,Relatively New,1350.0,0,0,0,0,0,2,174.0,"28.4153° N, 76.9326° E",28.4153,76.9326
flat,experion the heartsong,1.2,sector 108,6825.0,3,2,3+,11.0,Relatively New,1550.0,0,1,0,1,0,2,174.0,"28.5134° N, 76.9830° E",28.5134,76.983
flat,tata primanti,3.85,sector 72,13253.0,4,5,3+,13.0,Relatively New,2630.0,0,1,0,0,0,2,42.0,"28.4225° N, 77.0211° E",28.4225,77.0211
flat,ss,1.98,sector 85,8222.0,3,4,3,6.0,Relatively New,2300.0,0,0,0,0,0,1,160.0,"28.4042° N, 76.9513° E",28.4042,76.9513
house,international city by sobha phase 2,6.5,sector 109,12037.0,4,4,3+,1.0,New Property,5400.0,0,1,0,0,0,2,52.0,"28.5073° N, 77.0089° E",28.5073,77.0089
flat,zara aavaas,0.4,sector 104,7036.0,2,2,1,4.0,Relatively New,515.0,0,0,0,0,0,1,107.0,"28.4788° N, 76.9960° E",28.4788,76.996
flat,sare green parc phase 3,1.08,sector 92,5150.0,4,4,2,16.0,New Property,1892.0,0,1,0,0,0,1,157.0,"28.4079° N, 76.9153° E",28.4079,76.9153
flat,dlf regency park,1.24,sector 28,12400.0,2,2,3+,19.0,Moderately Old,1050.0,0,0,0,1,0,2,122.0,"28.4728° N, 77.0865° E",28.4728,77.0865
house,emaar mgf marbella,9.01,sector 66,16066.0,4,4,3+,3.0,Relatively New,5574.7,0,1,1,0,0,1,0.0,"28.3925° N, 77.0541° E",28.3925,77.0541
house,Not Applicable,2.5,sector 37d,13157.0,5,5,3+,2.0,Relatively New,1900.0,0,0,0,0,0,1,166.0,"28.4478° N, 76.9703° E",28.4478,76.9703
flat,mapsko mount ville,1.25,sector 79,7716.0,3,3,2,1.0,Relatively New,1212.0,1,0,0,1,0,2,0.0,"28.3624° N, 76.9787° E",28.3624,76.9787
house,Not Applicable,0.95,sector 11,7308.0,5,3,No,1.0,Moderately Old,1300.0,0,0,0,0,0,1,73.0,"28.4531° N, 77.0202° E",28.4531,77.0202
flat,pivotal devaan,0.37,sector 84,6346.0,2,2,1,5.0,Relatively New,532.0,0,0,0,0,0,1,46.0,"28.3979° N, 76.9736° E",28.3979,76.9736
flat,emaar mgf emerald floors premier,2.24,sector 65,13575.0,3,3,3,2.0,Relatively New,1833.0,1,1,0,0,0,1,158.0,"28.4030° N, 77.0690° E",28.403,77.069
flat,ss the leaf,1.84,sector 85,7641.0,3,4,3,8.0,Relatively New,2026.0,0,0,0,1,0,1,174.0,"28.4042° N, 76.9513° E",28.4042,76.9513
flat,tata primanti,3.3,sector 72,15102.0,3,4,3+,15.0,New Property,2185.0,0,1,0,0,0,0,72.0,"28.4225° N, 77.0211° E",28.4225,77.0211
house,Not Applicable,13.5,sector 25,37313.0,5,6,3+,4.0,Old Property,3618.0,0,0,0,0,1,2,7.0,"28.4844° N, 77.0860° E",28.4844,77.086
house,Not Applicable,1.0,sector 7,8818.0,2,2,No,0.0,Old Property,126.0,1,0,0,0,0,1,0.0,"28.4644° N, 77.0143° E",28.4644,77.0143
flat,ansal maple crescent,1.35,sector 43,10037.0,3,3,3,2.0,Old Property,1320.0,0,0,0,0,1,2,0.0,"28.4629° N, 77.0772° E",28.4629,77.0772
flat,vatika lifestyle homes,1.1,sector 83,6267.0,3,3,2,8.0,Relatively New,1589.0,1,0,1,1,0,2,0.0,"28.3986° N, 76.9647° E",28.3986,76.9647
flat,senate court,0.9,sector 62,14084.0,1,1,0,0.0,Relatively New,639.0,0,0,0,0,0,1,152.0,"28.4139° N, 77.0886° E",28.4139,77.0886
flat,emaar mgf emerald floors premier,2.9,sector 65,14683.0,4,4,3+,4.0,Relatively New,1975.0,1,1,0,0,0,2,174.0,"28.4030° N, 77.0690° E",28.403,77.069
flat,unitech fresco,1.82,sector 50,9912.0,3,3,3+,14.0,Moderately Old,1830.0,0,0,0,0,1,2,49.0,"28.4178° N, 77.0628° E",28.4178,77.0628
flat,sukhshanti apartment,1.7,sector 56,7727.0,3,3,3,4.0,Moderately Old,2200.0,1,0,0,0,0,1,165.0,"28.4245° N, 77.0991° E",28.4245,77.0991
flat,adani m2k oyster grande,2.35,sector 102,8468.0,3,3,3,14.0,Relatively New,2352.0,1,1,0,0,0,2,28.0,"28.4750° N, 76.9715° E",28.475,76.9715
flat,alpha corp gurgaonone,1.15,sector 84,7496.0,2,2,3,14.0,Relatively New,1394.0,1,0,0,0,0,1,0.0,"28.3979° N, 76.9736° E",28.3979,76.9736
flat,supertech araville,0.71,sector 79,5522.0,2,2,0,9.0,Under Construction,1295.0,0,0,0,0,0,1,38.0,"28.3624° N, 76.9787° E",28.3624,76.9787
flat,bptp terra,1.71,sector 37d,7804.0,3,3,3+,7.0,Relatively New,2191.0,1,0,0,0,0,1,159.0,"28.4478° N, 76.9703° E",28.4478,76.9703
flat,godrej,1.41,sector 79,9000.0,2,2,3,3.0,New Property,1747.0,1,0,0,0,0,1,0.0,"28.3624° N, 76.9787° E",28.3624,76.9787
house,Not Applicable,1.72,sector 12,11111.0,6,3,1,2.0,Old Property,172.0,0,0,0,0,1,1,23.0,"28.4723° N, 77.0320° E",28.4723,77.032
flat,orris aster court,0.67,sector 85,5825.0,2,2,2,5.0,Relatively New,1250.0,0,0,0,0,1,2,130.0,"28.4042° N, 76.9513° E",28.4042,76.9513
house,international city by sobha phase 1,6.15,sector 109,27333.0,5,5,3+,3.0,Relatively New,2250.0,0,1,1,1,0,2,28.0,"28.5073° N, 77.0089° E",28.5073,77.0089
flat,ace palm floors,0.97,sector 89,7863.0,2,2,2,1.0,New Property,1371.0,1,0,0,0,0,1,99.0,"28.4253° N, 76.9439° E",28.4253,76.9439
flat,emaar mgf palm studios,1.7,sector 66,13502.0,2,2,2,7.0,Relatively New,1073.0,0,0,0,0,1,1,91.0,"28.3925° N, 77.0541° E",28.3925,77.0541
flat,zara aavaas,0.26,sector 104,7807.0,1,1,2,0.0,Relatively New,301.0,0,0,0,0,0,1,77.0,"28.4788° N, 76.9960° E",28.4788,76.996
flat,m3m sky lofts,0.9,sector 71,13177.0,1,1,0,6.0,New Property,683.0,0,0,0,0,0,1,142.0,"28.4104° N, 77.0281° E",28.4104,77.0281
flat,ats kocoon,1.68,sector 109,9627.0,3,3,3,8.0,Relatively New,1580.0,0,0,0,0,0,1,153.0,"28.5073° N, 77.0089° E",28.5073,77.0089
flat,raheja revanta,4.75,sector 78,16885.0,3,3,2,31.0,Under Construction,2813.0,0,1,0,0,0,1,133.0,"28.3733° N, 76.9729° E",28.3733,76.9729
flat,suncity vatsal valley,1.38,sector 2,12212.0,2,2,2,4.0,Under Construction,1130.0,0,0,0,0,0,1,21.0,"28.5095° N, 77.0320° E",28.5095,77.032
flat,siddhartha apartment,0.72,sector 95,3664.0,3,3,2,4.0,Relatively New,1800.0,0,0,0,0,1,1,45.0,"28.4172° N, 76.9081° E",28.4172,76.9081
flat,microtek greenburg,1.3,sector 86,15294.0,2,3,3,5.0,Relatively New,944.0,1,0,0,0,0,2,151.0,"28.3986° N, 76.9384° E",28.3986,76.9384
house,ansals florence villa,3.3,sector 57,19820.0,4,3,3+,2.0,Moderately Old,1665.0,1,1,1,1,0,1,82.0,"28.4232° N, 77.0752° E",28.4232,77.0752
flat,dlf the ultima,2.5,sector 81,11726.0,3,3,2,4.0,Relatively New,2130.0,0,1,0,0,0,0,0.0,"28.3867° N, 76.9485° E",28.3867,76.9485
flat,signature global city 63a,1.55,sector 63a,14783.0,2,2,2,2.0,Under Construction,1167.0,0,0,0,0,0,1,105.0,"28.3923° N, 77.0888° E",28.3923,77.0888
flat,emaar palm gardens,1.75,sector 83,9210.0,3,3,3,6.0,Relatively New,1549.0,0,1,0,0,0,2,157.0,"28.3986° N, 76.9647° E",28.3986,76.9647
flat,experion windchants,5.6,sector 112,11529.0,4,6,3+,15.0,Moderately Old,3662.34,0,1,0,0,0,2,7.0,"28.5189° N, 77.0183° E",28.5189,77.0183
flat,denso haryana housing society,0.9,manesar,4308.0,3,3,3+,5.0,Moderately Old,2321.0,0,1,0,0,0,1,145.0,"28.3515° N, 76.9428° E",28.3515,76.9428
house,vipul tatvam villa,7.8,sector 48,23148.0,4,4,3+,2.0,Relatively New,3240.0,1,1,1,1,0,2,59.0,"28.4177° N, 77.0359° E",28.4177,77.0359
house,ansal sushant lok,10.5,sector 43,27911.0,4,4,2,2.0,Old Property,3762.0,0,1,0,0,0,1,174.0,"28.4629° N, 77.0772° E",28.4629,77.0772
flat,emaar palm gardens,1.3,sector 83,11868.0,3,3,3,16.0,Relatively New,1387.0,0,1,0,0,0,2,110.0,"28.3986° N, 76.9647° E",28.3986,76.9647
house,Not Applicable,8.0,sector 27,26298.0,9,9,3,4.0,Relatively New,3042.0,1,1,1,1,0,0,0.0,"28.4658° N, 77.0917° E",28.4658,77.0917
flat,sare green parc 2,0.61,sector 92,4837.0,3,2,2,6.0,Under Construction,1142.0,0,0,0,0,1,1,87.0,"28.4079° N, 76.9153° E",28.4079,76.9153
flat,sare petioles,1.25,sector 92,6097.0,3,3,3,18.0,Under Construction,2278.0,0,1,0,0,0,1,103.0,"28.4079° N, 76.9153° E",28.4079,76.9153
flat,vatika the seven lamps,0.78,sector 82,5932.0,2,2,2,0.0,Relatively New,1175.0,0,0,0,0,0,2,0.0,"28.3935° N, 76.9600° E",28.3935,76.96
flat,adani oyster greens,1.9,sector 102,10058.0,3,3,3+,9.0,Relatively New,2099.0,1,0,1,1,0,1,0.0,"28.4750° N, 76.9715° E",28.475,76.9715
flat,"godrej 101, sector 79",1.25,sector 79,9038.0,2,2,3,1.0,Relatively New,1383.0,0,0,0,0,0,1,174.0,"28.3624° N, 76.9787° E",28.3624,76.9787
flat,raheja vedaanta,0.65,sector 108,4761.0,2,2,2,5.0,Relatively New,1236.0,0,0,0,1,0,2,174.0,"28.5134° N, 76.9830° E",28.5134,76.983
flat,la vida by tata housing,2.78,sector 113,10334.0,3,4,3+,5.0,Relatively New,2350.0,0,1,0,0,0,1,125.0,"28.5287° N, 77.0233° E",28.5287,77.0233
flat,shree arihant apartment,1.55,sector 54,7380.0,3,3,3+,3.0,Moderately Old,2000.0,0,0,0,1,1,2,59.0,"28.4348° N, 77.1089° E",28.4348,77.1089
flat,antriksh heights,0.9,sector 84,4444.0,3,3,3,18.0,Relatively New,1833.0,0,1,0,1,0,1,0.0,"28.3979° N, 76.9736° E",28.3979,76.9736
house,Not Applicable,4.6,sector 31,32258.0,2,2,2,2.0,Moderately Old,1426.0,0,0,0,0,0,1,56.0,"28.4528° N, 77.0498° E",28.4528,77.0498
house,vatika india next,7.0,sector 82,21605.0,4,4,3+,3.0,Relatively New,3900.0,0,1,0,0,0,0,106.0,"28.3935° N, 76.9600° E",28.3935,76.96
flat,shree vardhman flora,0.96,sector 90,5120.0,3,4,3,3.0,New Property,1698.0,0,1,0,0,0,1,49.0,"28.4085° N, 76.9369° E",28.4085,76.9369
flat,mapsko royale ville,1.12,sector 82,6256.0,3,3,2,12.0,Relatively New,1588.0,0,0,0,1,0,1,153.0,"28.3935° N, 76.9600° E",28.3935,76.96
flat,pioneer araya,8.35,sector 62,19513.0,4,6,3,16.0,Relatively New,3874.0,0,1,0,1,0,1,0.0,"28.4139° N, 77.0886° E",28.4139,77.0886
flat,global hill view,0.33,sector 11,4271.0,2,2,0,11.0,Relatively New,761.0,0,0,0,0,0,1,160.0,"28.4531° N, 77.0202° E",28.4531,77.0202
house,unitech espace,10.3,sector 50,31790.0,5,6,3+,3.0,Moderately Old,3240.0,1,1,1,1,0,2,81.0,"28.4178° N, 77.0628° E",28.4178,77.0628
flat,piedmont taksila heights,1.05,sector 37c,4792.0,3,3,3,7.0,Relatively New,1738.0,0,0,0,0,0,2,67.0,"28.4515° N, 76.9882° E",28.4515,76.9882
flat,dlf new town heights,1.8,sector 90,6600.0,4,4,3+,23.0,Moderately Old,2469.0,0,0,0,0,0,1,174.0,"28.4085° N, 76.9369° E",28.4085,76.9369
flat,paras dews,1.2,sector 106,6818.0,3,4,3+,9.0,Relatively New,1186.0,0,1,0,0,0,1,0.0,"28.5007° N, 77.0003° E",28.5007,77.0003
flat,signature global city 63a,1.4,sector 63a,11336.0,2,2,2,3.0,Under Construction,1372.0,0,0,0,0,1,1,66.0,"28.3923° N, 77.0888° E",28.3923,77.0888
house,Not Applicable,5.0,sector 40,21124.0,9,9,3+,3.0,Relatively New,2367.0,0,0,0,1,0,2,81.0,"28.4498° N, 77.0567° E",28.4498,77.0567
flat,rof ananda,0.55,sector 95,8527.0,3,2,2,14.0,New Property,811.0,1,0,0,0,0,2,0.0,"28.4172° N, 76.9081° E",28.4172,76.9081
house,Not Applicable,2.6,sector 25,24074.0,4,4,3+,4.0,Relatively New,1080.0,1,0,1,1,0,0,83.0,"28.4844° N, 77.0860° E",28.4844,77.086
flat,shree vardhman flora,1.27,sector 90,4951.0,4,5,2,9.0,New Property,2249.0,1,1,0,0,0,1,100.0,"28.4085° N, 76.9369° E",28.4085,76.9369
flat,emaar gurgaon greens,1.35,sector 102,8181.0,3,3,3,9.0,Relatively New,1315.0,0,1,0,0,0,1,35.0,"28.4750° N, 76.9715° E",28.475,76.9715
flat,signature global solera,0.5,sector 107,4761.0,3,2,2,5.0,Relatively New,850.0,0,0,0,0,1,1,128.0,"28.5052° N, 76.9729° E",28.5052,76.9729
flat,tarc maceo,1.75,sector 91,11121.0,4,3,3+,8.0,Relatively New,2107.0,1,1,1,1,0,1,97.0,"28.4014° N, 76.9225° E",28.4014,76.9225
flat,sobha city,4.1,sector 108,23401.0,4,5,3,25.0,New Property,2343.0,1,1,0,0,0,0,165.0,"28.5134° N, 76.9830° E",28.5134,76.983
flat,ats triumph,1.83,sector 104,7991.0,3,4,3+,10.0,Relatively New,2000.0,0,1,0,0,0,1,58.0,"28.4788° N, 76.9960° E",28.4788,76.996
flat,valley view estate,1.5,sector 2,7489.0,4,4,3+,10.0,Moderately Old,1850.0,0,0,0,0,0,1,130.0,"28.5095° N, 77.0320° E",28.5095,77.032
house,dlf new town heights,2.47,sector 86,7718.0,4,4,3+,2.0,Moderately Old,2800.0,0,1,0,1,0,2,45.0,"28.3986° N, 76.9384° E",28.3986,76.9384
flat,signature global solera,0.28,sector 107,5828.0,2,2,2,11.0,Relatively New,543.0,0,0,0,0,0,1,119.0,"28.5052° N, 76.9729° E",28.5052,76.9729
flat,emaar gurgaon greens,1.35,sector 102,8181.0,3,3,3,5.0,Relatively New,1315.0,0,1,0,0,0,1,114.0,"28.4750° N, 76.9715° E",28.475,76.9715
flat,awho shanti vihar,0.82,sector 95,9879.0,2,2,3+,13.0,New Property,1095.0,1,0,0,0,0,1,83.0,"28.4172° N, 76.9081° E",28.4172,76.9081
flat,corona optus,1.5,sector 37c,6361.0,3,4,3+,14.0,New Property,2135.0,0,1,0,0,1,1,135.0,"28.4515° N, 76.9882° E",28.4515,76.9882
flat,the close south,3.25,sector 50,12810.0,3,4,3+,4.0,Old Property,2819.0,0,1,0,0,0,2,0.0,"28.4178° N, 77.0628° E",28.4178,77.0628
house,Not Applicable,0.5,sector 37,5555.0,2,1,2,1.0,Moderately Old,900.0,0,0,0,0,0,1,96.0,"28.4375° N, 76.9999° E",28.4375,76.9999
flat,birla navya,2.2,sector 63a,17488.0,2,3,3+,4.0,Under Construction,997.0,0,0,0,0,0,1,49.0,"28.3923° N, 77.0888° E",28.3923,77.0888
flat,tulip violet,1.6,sector 69,10139.0,3,3,2,0.0,Relatively New,1429.0,0,0,0,1,0,1,67.0,"28.3966° N, 77.0341° E",28.3966,77.0341
flat,emaar mgf the palm drive,2.85,sector 66,14615.0,3,3,3,11.0,Relatively New,1950.0,1,0,0,0,0,2,0.0,"28.3925° N, 77.0541° E",28.3925,77.0541
house,Not Applicable,1.5,sector 13,11538.0,2,7,3,4.0,Moderately Old,1300.0,0,0,0,0,0,1,110.0,"28.4757° N, 77.0392° E",28.4757,77.0392
house,Not Applicable,3.6,sector 57,20833.0,4,4,2,2.0,Old Property,1728.0,1,1,1,1,0,1,142.0,"28.4232° N, 77.0752° E",28.4232,77.0752
flat,the center court,2.1,sector 88a,12173.0,4,4,3,0.0,New Property,1745.0,1,1,0,0,0,1,151.0,"28.4347° N, 76.9557° E",28.4347,76.9557
house,godrej meridien,5.6,sector 106,14000.0,5,4,3+,33.0,New Property,4000.0,1,1,1,1,0,1,104.0,"28.5007° N, 77.0003° E",28.5007,77.0003
flat,dlf the ultima,2.2,sector 81,11190.0,3,4,3+,7.0,Relatively New,1901.0,0,1,0,0,0,0,0.0,"28.3867° N, 76.9485° E",28.3867,76.9485
house,surendra homes dayanand colony,0.75,sector 6,15625.0,4,4,2,1.0,Moderately Old,480.0,0,0,0,0,0,1,15.0,"28.4745° N, 77.0262° E",28.4745,77.0262
flat,pareena coban residences,1.4,sector 99a,7010.0,3,5,3+,6.0,New Property,1808.0,0,0,0,0,0,1,0.0,"28.4561° N, 76.9542° E",28.4561,76.9542
flat,sare crescent parc,0.9,sector 92,4260.0,4,5,3+,3.0,Relatively New,1806.0,0,1,0,0,0,1,117.0,"28.4079° N, 76.9153° E",28.4079,76.9153
flat,dlf new town heights,1.65,sector 90,5683.0,4,4,3+,7.0,Moderately Old,2469.0,0,0,0,0,0,1,30.0,"28.4085° N, 76.9369° E",28.4085,76.9369
flat,hero homes,1.2,sector 104,17548.0,2,2,2,22.0,Under Construction,877.0,0,0,0,0,0,1,111.0,"28.4788° N, 76.9960° E",28.4788,76.996
house,tulip yellow,2.95,sector 69,16389.0,4,3,2,3.0,New Property,1800.0,0,0,0,1,1,0,129.0,"28.3966° N, 77.0341° E",28.3966,77.0341
flat,ss the coralwood,1.05,sector 84,6774.0,3,3,3,6.0,Relatively New,1610.0,0,0,0,0,1,1,174.0,"28.3979° N, 76.9736° E",28.3979,76.9736
flat,shri banke bihari society,1.37,sector 56,9133.0,3,3,3+,2.0,Old Property,1450.0,0,0,0,0,1,1,47.0,"28.4245° N, 77.0991° E",28.4245,77.0991
flat,godrej oasis,1.5,sector 88a,8108.0,3,3,2,3.0,Relatively New,2056.0,0,0,0,0,0,1,100.0,"28.4347° N, 76.9557° E",28.4347,76.9557
flat,emaar mgf palm hills,1.65,sector 77,8461.0,4,3,3,9.0,Relatively New,1765.0,0,1,0,0,0,1,174.0,"28.3801° N, 76.9845° E",28.3801,76.9845
flat,conscient heritage max,1.7,sector 102,11333.0,3,4,3+,8.0,Relatively New,1700.0,0,1,0,1,0,2,90.0,"28.4750° N, 76.9715° E",28.475,76.9715
flat,ireo the corridors,1.4,sector 67a,9433.0,2,2,2,8.0,Relatively New,1150.0,1,0,0,0,1,1,19.0,"28.3960° N, 77.0372° E",28.396,77.0372
flat,vatika gurgaon,1.08,sector 83,6224.0,3,3,2,11.0,Relatively New,1571.0,0,0,0,0,1,1,140.0,"28.3986° N, 76.9647° E",28.3986,76.9647
flat,conscient heritage max,2.22,sector 102,13875.0,3,4,3+,15.0,Relatively New,2000.0,1,1,0,0,0,1,38.0,"28.4750° N, 76.9715° E",28.475,76.9715
house,Not Applicable,7.0,sector 39,10000.0,10,11,3+,4.0,Relatively New,7000.0,0,0,0,1,0,2,49.0,"28.4434° N, 77.0515° E",28.4434,77.0515
flat,bptp terra,1.98,sector 37d,9036.0,3,3,3+,12.0,New Property,1984.0,1,0,0,0,0,2,52.0,"28.4478° N, 76.9703° E",28.4478,76.9703
flat,kiran residency,1.55,sector 56,7750.0,3,3,3,5.0,Old Property,1811.0,0,1,0,0,0,2,105.0,"28.4245° N, 77.0991° E",28.4245,77.0991
flat,rof ananda,0.25,sector 95,6578.0,1,1,1,4.0,New Property,344.0,0,0,0,0,0,1,122.0,"28.4172° N, 76.9081° E",28.4172,76.9081
flat,ats kocoon,2.15,sector 109,10262.0,3,4,3,9.0,Relatively New,1897.0,0,1,0,0,0,1,108.0,"28.5073° N, 77.0089° E",28.5073,77.0089
flat,shree vardhman victoria,1.6,sector 70,8205.0,3,5,3,6.0,Relatively New,1528.0,0,1,0,0,0,1,174.0,"28.3968° N, 77.0233° E",28.3968,77.0233
flat,tata primanti,3.21,sector 72,16050.0,3,4,3+,15.0,Relatively New,2140.0,0,1,0,0,0,2,65.0,"28.4225° N, 77.0211° E",28.4225,77.0211
flat,conscient elevate,6.75,sector 59,19882.0,4,4,2,10.0,New Property,2567.0,0,1,0,0,0,1,79.0,"28.4051° N, 77.1097° E",28.4051,77.1097
flat,vatika gurgaon,1.05,sector 83,7000.0,3,3,3,3.0,Relatively New,1619.0,0,0,1,0,0,1,49.0,"28.3986° N, 76.9647° E",28.3986,76.9647
flat,supertech hues,1.0,sector 68,8474.0,2,2,3,23.0,New Property,1311.0,0,0,0,0,0,1,22.0,"28.3853° N, 77.0484° E",28.3853,77.0484
flat,kendriya vihar,0.47,sector 56,7768.0,1,1,1,3.0,Old Property,672.0,0,0,0,0,0,2,114.0,"28.4245° N, 77.0991° E",28.4245,77.0991
flat,bestech park view ananda,1.35,sector 81,7541.0,3,3,3+,8.0,Old Property,1989.0,0,0,0,0,0,1,65.0,"28.3867° N, 76.9485° E",28.3867,76.9485
flat,conscient heritage max,3.0,sector 102,10489.0,4,4,3+,7.0,Relatively New,3178.0,0,0,0,0,1,2,96.0,"28.4750° N, 76.9715° E",28.475,76.9715
house,international city by sobha phase 1,6.0,sector 109,24691.0,4,5,3+,2.0,Relatively New,2430.0,0,1,0,0,0,2,113.0,"28.5073° N, 77.0089° E",28.5073,77.0089
flat,godrej aria,1.45,sector 79,9062.0,2,2,3+,9.0,Relatively New,1494.0,1,0,0,0,0,1,35.0,"28.3624° N, 76.9787° E",28.3624,76.9787
flat,signature global the millennia,0.6,sector 37d,9230.0,2,2,3,7.0,New Property,625.0,0,0,0,0,0,1,49.0,"28.4478° N, 76.9703° E",28.4478,76.9703
flat,dlf the ultima,2.12,sector 81,10080.0,3,3,3+,9.0,Relatively New,1650.0,1,1,0,1,1,0,38.0,"28.3867° N, 76.9485° E",28.3867,76.9485
flat,sare crescent parc,0.7,sector 92,5556.0,3,3,2,14.0,Under Construction,140.0,0,0,0,0,0,1,60.0,"28.4079° N, 76.9153° E",28.4079,76.9153
flat,bestech park view ananda,0.9,sector 81,6618.0,2,2,3,8.0,New Property,1231.0,0,0,0,0,1,1,51.0,"28.3867° N, 76.9485° E",28.3867,76.9485
flat,indiabulls centrum park,1.05,sector 103,5861.0,2,2,3,1.0,Relatively New,1365.0,0,0,0,0,0,2,72.0,"28.4949° N, 76.9845° E",28.4949,76.9845
flat,dlf regal gardens,1.25,sector 90,5931.0,3,3,3,18.0,Relatively New,1557.0,0,0,0,0,1,1,157.0,"28.4085° N, 76.9369° E",28.4085,76.9369
flat,tulip violet,1.66,sector 69,10134.0,3,3,2,0.0,Relatively New,1483.0,0,0,0,0,0,1,0.0,"28.3966° N, 77.0341° E",28.3966,77.0341
house,Not Applicable,1.35,sector 7,4545.0,4,5,No,3.0,Old Property,330.0,0,0,0,0,0,1,90.0,"28.4644° N, 77.0143° E",28.4644,77.0143
flat,shree vardhman flora,0.95,sector 90,6333.0,3,3,3,9.0,Relatively New,1667.0,0,1,0,0,0,1,26.0,"28.4085° N, 76.9369° E",28.4085,76.9369
flat,vatika gurgaon,1.33,sector 83,5564.0,4,4,3,3.0,Relatively New,2193.0,0,1,0,0,0,1,86.0,"28.3986° N, 76.9647° E",28.3986,76.9647
flat,experion the heartsong,1.68,sector 108,8387.0,3,3,3+,4.0,Relatively New,1338.29,1,1,0,0,0,2,57.0,"28.5134° N, 76.9830° E",28.5134,76.983
flat,ambience creacions,1.75,sector 22,12700.0,2,2,2,11.0,Under Construction,1249.0,0,0,0,0,0,1,31.0,"28.5072° N, 77.0640° E",28.5072,77.064
flat,m3m heights,1.95,sector 65,16000.0,2,2,3,16.0,Under Construction,1142.0,0,0,0,0,0,1,21.0,"28.4030° N, 77.0690° E",28.403,77.069
flat,ss the leaf,2.7,sector 85,7754.0,4,4,3+,23.0,New Property,3152.0,0,0,0,0,0,1,110.0,"28.4042° N, 76.9513° E",28.4042,76.9513
flat,shree vardhman flora,0.85,sector 90,4404.0,3,4,3,3.0,Relatively New,1679.0,0,1,1,0,0,1,112.0,"28.4085° N, 76.9369° E",28.4085,76.9369
flat,m3m woodshire,1.02,sector 107,6649.0,2,2,3,6.0,Relatively New,1389.0,1,0,0,0,0,1,108.0,"28.5052° N, 76.9729° E",28.5052,76.9729
flat,shree vardhman victoria,1.66,sector 70,14254.0,3,5,3,8.0,Relatively New,1528.0,0,1,0,0,0,1,36.0,"28.3968° N, 77.0233° E",28.3968,77.0233
house,Not Applicable,3.2,sector 9,13519.0,3,3,2,1.0,Old Property,2367.0,0,0,0,0,0,2,15.0,"28.4603° N, 77.0000° E",28.4603,77.0
house,Not Applicable,0.95,sector 7,21111.0,2,1,1,3.0,New Property,450.0,0,0,0,0,0,1,50.0,"28.4644° N, 77.0143° E",28.4644,77.0143
flat,vatika independent floors,1.45,sector 82,8056.0,4,3,0,1.0,Relatively New,1800.0,0,0,0,0,0,1,46.0,"28.3935° N, 76.9600° E",28.3935,76.96
flat,ss the leaf,2.1,sector 85,7467.0,4,4,3,7.0,Relatively New,2600.0,1,1,0,1,0,1,103.0,"28.4042° N, 76.9513° E",28.4042,76.9513
flat,vatika gurgaon,1.42,sector 83,8875.0,4,4,3,7.0,Relatively New,2000.0,1,1,0,0,0,1,53.0,"28.3986° N, 76.9647° E",28.3986,76.9647
house,vatika sovereign next,3.85,sector 82a,7500.0,5,6,3+,6.0,Moderately Old,5140.0,0,0,0,0,0,1,72.0,"28.3858° N, 76.9686° E",28.3858,76.9686
flat,birla navya,3.7,sector 63a,15416.0,3,3,3+,1.0,Under Construction,2667.0,0,0,0,0,0,1,49.0,"28.3923° N, 77.0888° E",28.3923,77.0888
flat,orchid petals,1.9,sector 49,10526.0,3,3,3,2.0,Old Property,1600.0,0,0,0,0,1,2,133.0,"28.4121° N, 77.0480° E",28.4121,77.048
flat,spaze privy at,1.2,sector 84,7453.0,2,2,3,3.0,Relatively New,1458.0,1,0,0,0,0,2,45.0,"28.3979° N, 76.9736° E",28.3979,76.9736
flat,signature global solera,0.35,sector 107,6398.0,2,2,2,8.0,Relatively New,608.0,0,0,0,0,0,1,0.0,"28.5052° N, 76.9729° E",28.5052,76.9729
house,Not Applicable,3.25,sector 56,21495.0,5,6,3+,4.0,Relatively New,1512.0,0,0,0,1,1,2,115.0,"28.4245° N, 77.0991° E",28.4245,77.0991
flat,ansal heights 86,0.67,sector 86,5100.0,2,2,1,10.0,Relatively New,1231.0,0,0,0,0,0,1,49.0,"28.3986° N, 76.9384° E",28.3986,76.9384
flat,rof ananda,0.26,sector 95,6032.0,1,1,1,8.0,New Property,406.0,0,0,0,0,0,1,7.0,"28.4172° N, 76.9081° E",28.4172,76.9081
house,Not Applicable,1.0,sector 12,8230.0,3,7,3+,3.0,Moderately Old,3750.0,0,0,1,1,0,1,126.0,"28.4723° N, 77.0320° E",28.4723,77.032
flat,shree vardhman victoria,1.64,sector 70,8410.0,3,5,3,8.0,Relatively New,1528.0,0,1,0,0,0,1,0.0,"28.3968° N, 77.0233° E",28.3968,77.0233
flat,signature global city 63a,1.65,sector 63a,15263.0,2,2,2,1.0,Under Construction,979.0,0,0,0,0,0,1,70.0,"28.3923° N, 77.0888° E",28.3923,77.0888
flat,"m m residency, krishna colony, gurgaon",0.54,sector 7,5888.0,2,2,1,3.0,Relatively New,1000.0,0,0,0,0,0,1,167.0,"28.4644° N, 77.0143° E",28.4644,77.0143
flat,bestech park view grand spa,2.4,sector 81,9022.0,3,4,3+,8.0,New Property,2408.0,1,1,0,0,0,2,174.0,"28.3867° N, 76.9485° E",28.3867,76.9485
flat,the close north,2.97,sector 50,11401.0,3,3,3+,8.0,Moderately Old,2600.0,0,1,0,0,0,2,174.0,"28.4178° N, 77.0628° E",28.4178,77.0628
flat,emaar mgf emerald floors premier,2.3,sector 65,13939.0,3,4,3,3.0,Relatively New,1833.0,1,1,1,1,0,0,49.0,"28.4030° N, 77.0690° E",28.403,77.069
house,sector 15 part 2 rwa,10.0,sector 15,22222.0,5,5,2,2.0,Old Property,4518.0,0,0,0,0,0,1,95.0,"28.4621° N, 77.0464° E",28.4621,77.0464
flat,smart world gems,0.9,sector 89,8159.0,2,2,2,3.0,New Property,999.0,1,0,0,0,1,1,48.0,"28.4253° N, 76.9439° E",28.4253,76.9439
flat,m3m heights,2.25,sector 65,13608.0,2,2,3,5.0,Under Construction,1592.0,0,0,0,0,0,1,0.0,"28.4030° N, 77.0690° E",28.403,77.069
flat,aardhya homesh,1.85,sector 67a,8043.0,4,4,0,4.0,New Property,2556.0,0,0,0,0,0,1,57.0,"28.3960° N, 77.0372° E",28.396,77.0372
flat,shapoorji pallonji joyville gurugram,0.97,sector 102,10601.0,2,2,2,12.0,New Property,748.0,0,0,0,0,0,1,13.0,"28.4750° N, 76.9715° E",28.475,76.9715
flat,pyramid urban homes 2,0.6,sector 86,8000.0,3,2,2,2.0,New Property,833.0,0,0,0,0,0,1,0.0,"28.3986° N, 76.9384° E",28.3986,76.9384
house,Not Applicable,1.16,sector 37d,7539.0,1,1,No,1.0,Relatively New,1535.0,0,0,0,0,0,1,53.0,"28.4478° N, 76.9703° E",28.4478,76.9703
flat,ss the leaf,2.15,sector 85,8928.0,3,5,3,2.0,New Property,2180.0,0,0,0,0,0,1,76.0,"28.4042° N, 76.9513° E",28.4042,76.9513
flat,m3m sierra 68,1.2,sector 68,9000.0,2,2,3,1.0,Relatively New,983.0,0,0,0,0,0,0,142.0,"28.3853° N, 77.0484° E",28.3853,77.0484
house,Not Applicable,5.25,sector 47,11666.0,9,9,3+,4.0,Relatively New,4650.0,0,1,0,0,0,2,0.0,"28.4276° N, 77.0492° E",28.4276,77.0492
flat,pooja apartment,0.25,sector 3,3571.0,2,2,2,2.0,Relatively New,778.0,0,0,0,0,0,1,158.0,"28.4909° N, 77.0176° E",28.4909,77.0176
flat,paras dews,1.2,sector 106,11605.0,3,3,3,12.0,Relatively New,1145.0,1,0,0,0,0,1,102.0,"28.5007° N, 77.0003° E",28.5007,77.0003
flat,tulip violet,1.68,sector 69,8348.0,4,4,2,1.0,Relatively New,1820.0,0,0,0,1,0,1,0.0,"28.3966° N, 77.0341° E",28.3966,77.0341
flat,shapoorji pallonji joyville gurugram,0.95,sector 102,10383.0,2,2,2,14.0,Relatively New,915.0,0,0,0,0,0,1,44.0,"28.4750° N, 76.9715° E",28.475,76.9715
flat,umang monsoon breeze,0.95,sector 78,5491.0,3,3,2,9.0,Relatively New,1730.0,0,0,0,0,0,2,165.0,"28.3733° N, 76.9729° E",28.3733,76.9729
flat,ireo victory valley,4.75,sector 67,13929.0,4,4,3+,0.0,Relatively New,3200.0,1,1,1,1,0,2,129.0,"28.3859° N, 77.0608° E",28.3859,77.0608
flat,tulip violet,1.55,sector 69,9822.0,3,3,2,0.0,Relatively New,1429.0,0,0,0,1,0,2,24.0,"28.3966° N, 77.0341° E",28.3966,77.0341
flat,mapsko casa bella,1.38,sector 82,5443.0,4,5,3+,20.0,Relatively New,2295.0,0,1,0,0,0,1,58.0,"28.3935° N, 76.9600° E",28.3935,76.96
house,Not Applicable,5.6,sector 23,17284.0,8,6,3+,2.0,Moderately Old,3240.0,1,1,1,1,0,1,119.0,"28.5121° N, 77.0478° E",28.5121,77.0478
flat,vatika gurgaon,1.25,sector 83,6313.0,3,3,2,2.0,Relatively New,1793.0,0,1,0,0,0,1,90.0,"28.3986° N, 76.9647° E",28.3986,76.9647
flat,spaze privy at,1.35,sector 84,9642.0,3,3,3,7.0,Relatively New,1750.0,0,0,0,1,0,1,0.0,"28.3979° N, 76.9736° E",28.3979,76.9736
house,Not Applicable,0.9,sector 8,13333.0,2,4,No,2.0,Moderately Old,675.0,0,0,0,0,0,1,150.0,"28.3738° N, 76.8970° E",28.3738,76.897
flat,ss the leaf,1.18,sector 85,10727.0,2,2,3,9.0,Relatively New,1700.0,1,0,0,0,0,2,49.0,"28.4042° N, 76.9513° E",28.4042,76.9513
flat,godrej oasis,1.45,sector 88a,8082.0,3,3,3,12.0,Relatively New,1993.0,0,0,0,0,0,1,72.0,"28.4347° N, 76.9557° E",28.4347,76.9557
flat,experion windchants,4.25,sector 112,11294.0,3,5,2,15.0,Relatively New,3000.0,0,1,0,1,0,1,44.0,"28.5189° N, 77.0183° E",28.5189,77.0183
flat,indiabulls enigma,3.3,sector 110,9850.0,4,5,3,7.0,Relatively New,3033.0,0,1,0,0,0,1,120.0,"28.5145° N, 77.0197° E",28.5145,77.0197
house,Not Applicable,18.9,sector 26,41833.0,6,8,2,3.0,Relatively New,4518.0,1,1,1,1,0,2,0.0,"28.4757° N, 77.1032° E",28.4757,77.1032
flat,kibithu villas,3.45,sector 48,12777.0,4,4,3+,2.0,Moderately Old,3000.0,0,0,0,0,0,1,153.0,"28.4177° N, 77.0359° E",28.4177,77.0359
flat,pioneer araya,10.75,sector 62,19500.0,5,7,3,10.0,Relatively New,4992.0,0,1,0,0,0,2,95.0,"28.4139° N, 77.0886° E",28.4139,77.0886
flat,orchid petals,1.9,sector 49,10526.0,3,3,3,9.0,Moderately Old,2006.0,0,1,0,0,0,1,7.0,"28.4121° N, 77.0480° E",28.4121,77.048
house,dlf city plots,16.0,sector 26,37780.0,4,4,3,1.0,Relatively New,4235.0,1,0,1,1,0,1,120.0,"28.4757° N, 77.1032° E",28.4757,77.1032
flat,ambience creacions,4.3,sector 22,13915.0,3,4,3+,6.0,Relatively New,2600.0,0,1,0,0,1,0,46.0,"28.5072° N, 77.0640° E",28.5072,77.064
house,signature global city 92,0.75,sector 92,7820.0,2,2,3,1.0,Moderately Old,959.0,0,0,0,0,0,1,0.0,"28.4079° N, 76.9153° E",28.4079,76.9153
flat,today callidora,1.0,sector 73,7692.0,2,2,2,13.0,New Property,1444.0,0,0,0,0,0,1,49.0,"28.4072° N, 77.0118° E",28.4072,77.0118
flat,unitech the residences,1.35,sector 33,8737.0,3,4,2,8.0,Moderately Old,1399.0,0,1,0,0,0,1,141.0,"28.4420° N, 77.0207° E",28.442,77.0207
flat,bestech park view city,3.0,sector 49,12589.0,4,4,3,5.0,Moderately Old,2200.0,0,1,0,1,0,2,96.0,"28.4121° N, 77.0480° E",28.4121,77.048
flat,vatika gurgaon,0.95,sector 83,6574.0,2,2,3,5.0,Relatively New,1300.0,0,0,0,0,0,2,152.0,"28.3986° N, 76.9647° E",28.3986,76.9647
house,ansals florence villa,3.65,sector 57,10579.0,6,6,2,3.0,Moderately Old,3450.0,1,1,1,1,0,0,24.0,"28.4232° N, 77.0752° E",28.4232,77.0752
flat,signature andour heights,0.55,sector 71,8607.0,2,2,1,7.0,Relatively New,600.0,0,0,0,0,0,2,111.0,"28.4104° N, 77.0281° E",28.4104,77.0281
flat,m3m woodshire,0.82,sector 107,6002.0,2,2,3+,7.0,Relatively New,1237.0,0,0,0,0,0,1,93.0,"28.5052° N, 76.9729° E",28.5052,76.9729
flat,vipul lavanya,0.64,sector 81,5261.0,2,2,3,12.0,Relatively New,1361.0,0,0,0,0,0,2,49.0,"28.3867° N, 76.9485° E",28.3867,76.9485
flat,suncity vatsal valley,1.45,sector 2,10139.0,3,3,3,4.0,Under Construction,1430.0,0,0,0,0,0,1,96.0,"28.5095° N, 77.0320° E",28.5095,77.032
flat,raheja vanya,0.59,sector 99a,3975.0,2,2,3,1.0,Under Construction,1134.0,0,0,0,0,1,1,115.0,"28.4561° N, 76.9542° E",28.4561,76.9542
house,vipul tatvam villa,7.25,sector 48,27971.0,3,4,2,2.0,Moderately Old,2592.0,1,1,1,1,0,2,174.0,"28.4177° N, 77.0359° E",28.4177,77.0359
flat,the close north,2.65,sector 50,10685.0,3,4,3+,6.0,Moderately Old,2470.0,0,1,0,0,0,2,26.0,"28.4178° N, 77.0628° E",28.4178,77.0628
house,unitech uniworld resorts,10.0,sector 33,20202.0,5,6,3,4.0,New Property,4950.0,1,1,0,0,0,1,0.0,"28.4420° N, 77.0207° E",28.442,77.0207
house,Not Applicable,1.9,sector 43,3909.0,3,3,3+,3.0,Old Property,60.0,0,0,0,0,0,0,0.0,"28.4629° N, 77.0772° E",28.4629,77.0772
house,Not Applicable,0.71,sector 104,10142.0,2,2,1,2.0,New Property,700.0,0,0,0,0,0,1,118.0,"28.4788° N, 76.9960° E",28.4788,76.996
flat,adani m2k oyster grande,2.6,sector 102,10007.0,3,3,3,2.0,Relatively New,2352.0,1,1,1,0,0,1,24.0,"28.4750° N, 76.9715° E",28.475,76.9715
flat,antriksh heights,0.85,sector 84,5556.0,2,2,3,10.0,New Property,1222.0,1,0,0,0,1,1,0.0,"28.3979° N, 76.9736° E",28.3979,76.9736
flat,siddhartha apartment,1.1,sector 95,4327.0,4,3,3,9.0,Relatively New,2824.0,0,1,0,0,1,1,149.0,"28.4172° N, 76.9081° E",28.4172,76.9081
flat,corona optus,1.4,sector 37c,7035.0,3,3,3+,4.0,Relatively New,1890.0,0,1,0,0,0,1,31.0,"28.4515° N, 76.9882° E",28.4515,76.9882
flat,suncity platinum towers,6.0,sector 25,22346.0,3,3,2,8.0,Moderately Old,2983.0,0,1,0,0,0,1,174.0,"28.4844° N, 77.0860° E",28.4844,77.086
flat,m3m skywalk,1.52,sector 74,13342.0,2,2,3,6.0,Relatively New,1250.0,0,0,1,0,0,1,49.0,"28.4158° N, 77.0118° E",28.4158,77.0118
flat,indiabulls enigma,4.49,sector 110,11572.0,5,5,3+,4.0,Relatively New,3513.0,0,1,0,0,0,1,134.0,"28.5145° N, 77.0197° E",28.5145,77.0197
flat,guru gram haryana cghs,1.38,sector 56,7225.0,3,3,3,5.0,Moderately Old,1910.0,1,0,0,0,0,2,151.0,"28.4245° N, 77.0991° E",28.4245,77.0991
flat,suncity vatsal valley,1.38,sector 2,9650.0,3,3,2,1.0,Relatively New,1295.0,0,0,0,0,0,2,80.0,"28.5095° N, 77.0320° E",28.5095,77.032
flat,kiran residency,1.5,sector 56,7500.0,3,3,3+,4.0,Relatively New,1900.0,0,1,0,0,0,2,142.0,"28.4245° N, 77.0991° E",28.4245,77.0991
house,dlf new town heights,2.5,sector 86,7058.0,4,4,3+,3.0,Moderately Old,3400.0,1,1,1,1,0,2,61.0,"28.3986° N, 76.9384° E",28.3986,76.9384
flat,m3m soulitude,1.25,sector 89,8784.0,3,3,0,4.0,New Property,1423.0,0,0,0,0,0,1,49.0,"28.4253° N, 76.9439° E",28.4253,76.9439
flat,supertech araville,0.95,sector 79,6209.0,2,2,3,7.0,New Property,1385.0,1,0,0,0,0,1,0.0,"28.3624° N, 76.9787° E",28.3624,76.9787
flat,indiabulls centrum park,1.35,sector 103,7541.0,3,3,3+,3.0,Relatively New,1621.0,1,0,0,0,0,2,122.0,"28.4949° N, 76.9845° E",28.4949,76.9845
house,international city by sobha phase 1,6.3,sector 109,9000.0,4,5,3+,2.0,Relatively New,7000.0,0,0,0,0,0,2,157.0,"28.5073° N, 77.0089° E",28.5073,77.0089
flat,ireo victory valley,3.05,sector 67,12650.0,3,3,3+,21.0,Relatively New,2029.0,0,1,0,0,0,2,127.0,"28.3859° N, 77.0608° E",28.3859,77.0608
flat,tulip violet,1.68,sector 69,8358.0,4,4,2,7.0,Relatively New,1820.0,0,0,0,0,0,1,73.0,"28.3966° N, 77.0341° E",28.3966,77.0341
flat,umang monsoon breeze,0.7,sector 78,5719.0,2,2,2,5.0,Moderately Old,1224.0,0,0,0,0,0,1,5.0,"28.3733° N, 76.9729° E",28.3733,76.9729
flat,tulip violet,1.66,sector 69,8408.0,4,4,1,12.0,Relatively New,1784.0,0,0,0,1,0,1,125.0,"28.3966° N, 77.0341° E",28.3966,77.0341
flat,m3m soulitude,1.33,sector 89,16985.0,3,3,3,4.0,Under Construction,1423.0,1,0,0,0,0,1,93.0,"28.4253° N, 76.9439° E",28.4253,76.9439
flat,la vida by tata housing,1.75,sector 113,10489.0,2,2,3,10.0,Relatively New,1424.0,1,0,0,0,0,1,15.0,"28.5287° N, 77.0233° E",28.5287,77.0233
flat,ss the leaf,2.03,sector 85,7230.0,4,4,3+,3.0,Relatively New,2225.0,0,0,0,0,1,1,0.0,"28.4042° N, 76.9513° E",28.4042,76.9513
house,Not Applicable,0.22,sector 9,7407.0,2,2,2,1.0,Old Property,37.0,0,0,0,0,0,1,49.0,"28.4603° N, 77.0000° E",28.4603,77.0
flat,paras dews,0.88,sector 106,6353.0,2,2,3+,1.0,Relatively New,940.0,0,0,0,0,0,1,76.0,"28.5007° N, 77.0003° E",28.5007,77.0003
flat,adani m2k oyster grande,2.5,sector 102,7817.0,4,5,3+,5.0,Relatively New,2895.0,0,1,0,0,0,1,16.0,"28.4750° N, 76.9715° E",28.475,76.9715
flat,signature global orchard avenue,0.38,sector 93,6387.0,2,2,2,7.0,Relatively New,661.0,0,0,0,0,0,1,21.0,"28.4153° N, 76.9326° E",28.4153,76.9326
flat,m3m woodshire,1.65,sector 107,5960.0,4,5,3+,12.0,Relatively New,2506.0,0,1,0,0,0,1,111.0,"28.5052° N, 76.9729° E",28.5052,76.9729
flat,godrej frontier,1.4,sector 80,6189.0,3,4,2,6.0,Moderately Old,1922.0,0,1,0,1,0,1,23.0,"28.3659° N, 76.9557° E",28.3659,76.9557
flat,signature global grand iva,0.23,sector 103,6527.0,1,1,1,4.0,Relatively New,400.0,0,0,0,0,0,1,117.0,"28.4949° N, 76.9845° E",28.4949,76.9845
flat,m3m woodshire,1.4,sector 107,5929.0,3,4,3+,6.0,Relatively New,2138.0,0,1,0,0,0,1,42.0,"28.5052° N, 76.9729° E",28.5052,76.9729
flat,gls avenue 51,0.42,sector 92,7106.0,2,2,1,4.0,Relatively New,657.0,1,0,0,1,0,2,15.0,"28.4079° N, 76.9153° E",28.4079,76.9153
flat,signature global solera,0.51,sector 107,7906.0,3,2,2,9.0,Relatively New,717.0,0,0,0,0,1,1,32.0,"28.5052° N, 76.9729° E",28.5052,76.9729
flat,dlf new town heights,1.99,sector 90,7297.0,4,4,3+,9.0,Relatively New,3030.0,0,1,0,1,0,2,81.0,"28.4085° N, 76.9369° E",28.4085,76.9369
flat,bestech park view city,4.25,sector 48,9334.0,4,5,3+,14.0,Moderately Old,4122.0,1,0,0,0,0,2,174.0,"28.4177° N, 77.0359° E",28.4177,77.0359
flat,la vida by tata housing,1.35,sector 113,13989.0,2,2,3,10.0,New Property,1090.0,0,0,0,0,0,1,109.0,"28.5287° N, 77.0233° E",28.5287,77.0233
flat,shapoorji pallonji joyville gurugram,2.12,sector 102,11447.0,3,3,3,9.0,New Property,1572.0,0,0,0,0,0,1,156.0,"28.4750° N, 76.9715° E",28.475,76.9715
flat,ireo uptown,2.4,sector 66,13064.0,3,2,3,5.0,Relatively New,1700.0,0,1,0,0,0,2,128.0,"28.3925° N, 77.0541° E",28.3925,77.0541
flat,emaar gurgaon greens,1.42,sector 102,8606.0,3,3,3,7.0,Relatively New,1315.0,0,1,0,0,0,1,30.0,"28.4750° N, 76.9715° E",28.475,76.9715
house,international city by sobha phase 1,6.1,sector 109,25103.0,5,6,3+,2.0,Moderately Old,2430.0,0,1,0,0,0,1,0.0,"28.5073° N, 77.0089° E",28.5073,77.0089
flat,tulip petals,1.1,sector 89,7097.0,3,2,3,4.0,New Property,1550.0,0,0,0,0,0,1,40.0,"28.4253° N, 76.9439° E",28.4253,76.9439
flat,signature global the millennia,0.65,sector 37d,10906.0,2,2,3,0.0,New Property,625.0,0,0,0,0,0,1,49.0,"28.4478° N, 76.9703° E",28.4478,76.9703
flat,umang winter hills,0.8,sector 77,5961.0,2,2,2,10.0,Relatively New,1163.0,0,0,0,0,0,2,156.0,"28.3801° N, 76.9845° E",28.3801,76.9845
flat,tulip violet,1.52,sector 69,9632.0,3,3,2,4.0,Relatively New,1429.0,0,0,0,1,0,2,86.0,"28.3966° N, 77.0341° E",28.3966,77.0341
flat,sare green parc 2,1.07,sector 92,5246.0,4,3,3,10.0,Under Construction,2040.0,1,1,0,0,0,1,54.0,"28.4079° N, 76.9153° E",28.4079,76.9153
house,unitech uniworld resorts,11.0,sector 33,26667.0,5,6,3,3.0,New Property,4125.0,1,1,0,0,0,1,168.0,"28.4420° N, 77.0207° E",28.442,77.0207
flat,experion windchants,5.6,sector 112,11551.0,4,6,3+,8.0,Relatively New,3655.35,0,1,0,0,0,2,0.0,"28.5189° N, 77.0183° E",28.5189,77.0183
house,Not Applicable,3.0,sector 7,11494.0,7,7,No,3.0,Old Property,2610.0,0,0,0,0,0,1,7.0,"28.4644° N, 77.0143° E",28.4644,77.0143
flat,bestech park view city,1.76,sector 48,9909.0,3,3,3+,9.0,Moderately Old,1576.0,0,1,0,1,0,2,105.0,"28.4177° N, 77.0359° E",28.4177,77.0359
flat,bestech park view residency,1.59,sector 23,8281.0,3,4,3+,11.0,Moderately Old,1738.0,0,1,0,0,0,1,15.0,"28.5121° N, 77.0478° E",28.5121,77.0478
house,Not Applicable,2.3,sector 4,17014.0,4,4,3,2.0,Old Property,160.0,0,0,0,0,0,2,60.0,"28.4738° N, 77.0107° E",28.4738,77.0107
house,Not Applicable,3.3,sector 57,19097.0,4,4,2,3.0,Moderately Old,1728.0,0,0,1,0,0,2,79.0,"28.4232° N, 77.0752° E",28.4232,77.0752
house,Not Applicable,4.45,sector 25,32963.0,4,3,3+,2.0,Moderately Old,1350.0,0,0,1,0,0,1,134.0,"28.4844° N, 77.0860° E",28.4844,77.086
flat,sbtl caladium,1.3,sector 109,6914.0,3,2,3,16.0,Moderately Old,1702.0,0,0,0,0,0,1,49.0,"28.5073° N, 77.0089° E",28.5073,77.0089
flat,shree vardhman victoria,1.75,sector 70,8974.0,3,4,2,16.0,Relatively New,1950.0,0,1,0,1,0,1,8.0,"28.3968° N, 77.0233° E",28.3968,77.0233
flat,emaar mgf emerald floors premier,2.8,sector 65,16969.0,3,3,3+,3.0,Relatively New,1650.0,1,1,0,0,0,2,86.0,"28.4030° N, 77.0690° E",28.403,77.069
flat,signature global city 37d ph 2,1.07,sector 37d,8237.0,3,3,2,2.0,Under Construction,1450.0,0,0,0,0,0,1,105.0,"28.4478° N, 76.9703° E",28.4478,76.9703
flat,ireo the corridors,1.3,sector 67a,10031.0,2,2,2,1.0,New Property,1296.0,0,0,0,0,0,1,116.0,"28.3960° N, 77.0372° E",28.396,77.0372
flat,shree vardhman flora,0.92,sector 90,4906.0,3,4,3,4.0,Relatively New,1494.0,0,1,0,0,0,1,30.0,"28.4085° N, 76.9369° E",28.4085,76.9369
flat,rof ananda,0.55,sector 95,5500.0,3,2,2,14.0,New Property,867.0,1,0,0,0,0,0,38.0,"28.4172° N, 76.9081° E",28.4172,76.9081
flat,smart world gems,0.95,sector 89,8600.0,2,2,2,4.0,New Property,1226.0,1,1,0,0,0,1,7.0,"28.4253° N, 76.9439° E",28.4253,76.9439
flat,ss the leaf,1.14,sector 85,6433.0,2,2,3,16.0,Relatively New,1604.0,0,0,0,0,0,1,130.0,"28.4042° N, 76.9513° E",28.4042,76.9513
flat,dlf regal gardens,1.15,sector 90,6325.0,3,3,3+,18.0,Relatively New,1646.0,0,0,0,1,0,2,104.0,"28.4085° N, 76.9369° E",28.4085,76.9369
flat,bestech park view ananda,1.15,sector 81,6927.0,3,2,3+,6.0,Relatively New,1464.0,1,0,0,0,0,2,39.0,"28.3867° N, 76.9485° E",28.3867,76.9485
house,Not Applicable,1.16,sector 7,11693.0,2,4,2,3.0,Moderately Old,1102.0,0,0,0,0,1,1,49.0,"28.4644° N, 77.0143° E",28.4644,77.0143
house,international city by sobha phase 2,6.25,sector 109,10035.0,5,7,3+,3.0,Relatively New,6228.0,1,1,1,1,0,1,153.0,"28.5073° N, 77.0089° E",28.5073,77.0089
flat,dlf the ultima,2.4,sector 81,11412.0,3,4,3+,19.0,Relatively New,1904.0,0,1,0,0,0,0,165.0,"28.3867° N, 76.9485° E",28.3867,76.9485
flat,tulip violet,1.51,sector 69,9569.0,3,3,2,0.0,Relatively New,1325.0,0,0,0,1,0,0,49.0,"28.3966° N, 77.0341° E",28.3966,77.0341
flat,m3m capital,2.9,sector 113,12619.0,4,4,3+,11.0,Under Construction,2553.0,1,1,0,0,0,1,42.0,"28.5287° N, 77.0233° E",28.5287,77.0233
flat,tarc maceo,1.4,sector 91,7407.0,3,3,3+,7.0,Relatively New,1700.0,0,0,0,0,0,1,16.0,"28.4014° N, 76.9225° E",28.4014,76.9225
flat,signature global orchard avenue,0.36,sector 93,6715.0,2,2,2,6.0,Relatively New,604.0,0,0,0,0,0,1,0.0,"28.4153° N, 76.9326° E",28.4153,76.9326
flat,signature global solera,0.28,sector 107,5623.0,2,2,2,14.0,Relatively New,543.0,0,0,0,0,0,1,174.0,"28.5052° N, 76.9729° E",28.5052,76.9729
flat,orris aster court premier,1.25,sector 85,5896.0,3,4,2,5.0,Relatively New,1900.0,0,1,0,0,0,2,45.0,"28.4042° N, 76.9513° E",28.4042,76.9513
flat,ansal heights 86,0.87,sector 86,5367.0,2,2,1,12.0,New Property,1231.0,0,0,0,0,1,2,7.0,"28.3986° N, 76.9384° E",28.3986,76.9384
house,spaze privy,3.1,sector 72,8486.0,5,5,3+,21.0,Relatively New,3653.0,0,0,0,0,0,1,53.0,"28.4225° N, 77.0211° E",28.4225,77.0211
house,Not Applicable,5.8,sector 26,32222.0,5,5,3+,2.0,Old Property,1800.0,1,1,1,1,0,1,66.0,"28.4757° N, 77.1032° E",28.4757,77.1032
flat,imperia the esfera,0.95,sector 37c,5703.0,2,2,0,17.0,Under Construction,1578.0,0,1,0,0,0,1,30.0,"28.4515° N, 76.9882° E",28.4515,76.9882
flat,hero homes,1.75,sector 104,10361.0,3,3,3,2.0,Under Construction,1529.0,0,0,0,0,0,1,152.0,"28.4788° N, 76.9960° E",28.4788,76.996
house,Not Applicable,4.45,sector 49,15451.0,6,6,3,3.0,Moderately Old,2880.0,1,1,1,1,0,0,132.0,"28.4121° N, 77.0480° E",28.4121,77.048
flat,vatika city,2.1,sector 49,10418.0,3,3,3,9.0,Moderately Old,1604.25,0,0,0,1,0,2,68.0,"28.4121° N, 77.0480° E",28.4121,77.048
flat,ambience lagoon,5.8,sector 25,12500.0,3,4,3+,9.0,Old Property,3700.0,1,1,0,1,1,0,153.0,"28.4844° N, 77.0860° E",28.4844,77.086
flat,paras dews,1.35,sector 106,8940.0,4,3,3,19.0,Old Property,1678.0,0,1,0,0,0,1,167.0,"28.5007° N, 77.0003° E",28.5007,77.0003
flat,m3m skywalk,1.4,sector 74,9831.0,2,2,2,17.0,New Property,1289.0,0,0,0,0,0,2,145.0,"28.4158° N, 77.0118° E",28.4158,77.0118
flat,dlf new town heights,1.88,sector 90,6894.0,4,4,3+,20.0,Relatively New,2726.0,0,1,0,1,0,1,42.0,"28.4085° N, 76.9369° E",28.4085,76.9369
flat,ireo the grand arch,2.2,sector 58,16000.0,2,2,2,6.0,Relatively New,1245.0,0,0,0,0,0,1,89.0,"28.4200° N, 77.1105° E",28.42,77.1105
house,dlf city plots phase 2,6.3,sector 25,35000.0,4,4,3+,2.0,Old Property,1800.0,0,1,1,0,0,1,85.0,"28.4844° N, 77.0860° E",28.4844,77.086
flat,sobha city,1.9,sector 108,13758.0,2,2,2,8.0,Relatively New,1250.0,0,0,0,0,0,1,49.0,"28.5134° N, 76.9830° E",28.5134,76.983
flat,dlf the ultima,2.25,sector 81,10699.0,3,3,3+,11.0,Relatively New,1600.0,1,1,0,1,1,0,37.0,"28.3867° N, 76.9485° E",28.3867,76.9485
flat,sare crescent parc,0.49,sector 92,4909.0,2,2,2,2.0,Relatively New,1109.0,0,0,0,0,0,1,71.0,"28.4079° N, 76.9153° E",28.4079,76.9153
flat,la vida by tata housing,1.5,sector 113,11755.0,2,2,2,13.0,New Property,1418.0,0,0,0,0,0,1,49.0,"28.5287° N, 77.0233° E",28.5287,77.0233
flat,experion windchants,3.0,sector 112,11538.0,3,3,2,2.0,Relatively New,2600.0,0,0,0,0,1,2,44.0,"28.5189° N, 77.0183° E",28.5189,77.0183
flat,m3m sierra 68,1.25,sector 68,10245.0,2,2,3,4.0,New Property,938.0,0,0,0,0,0,1,120.0,"28.3853° N, 77.0484° E",28.3853,77.0484
flat,ambience creacions,4.63,sector 22,14983.0,3,5,3+,5.0,New Property,2798.0,0,1,0,0,1,1,88.0,"28.5072° N, 77.0640° E",28.5072,77.064
flat,vipul world floors,4.3,sector 48,13870.0,4,5,3+,4.0,New Property,3444.0,1,1,0,1,0,1,142.0,"28.4177° N, 77.0359° E",28.4177,77.0359
flat,suncity avenue,0.47,sector 102,8928.0,2,2,1,5.0,Relatively New,582.0,0,0,1,0,0,1,0.0,"28.4750° N, 76.9715° E",28.475,76.9715
flat,supertech araville,1.45,sector 79,7455.0,3,3,3,3.0,Relatively New,2161.0,0,0,0,0,0,1,31.0,"28.3624° N, 76.9787° E",28.3624,76.9787
flat,ss hibiscus,6.0,sector 50,12272.0,4,3,3,5.0,Moderately Old,3984.0,0,1,0,0,0,1,29.0,"28.4178° N, 77.0628° E",28.4178,77.0628
flat,m3m woodshire,1.15,sector 107,7496.0,2,2,3,0.0,Relatively New,1281.0,1,0,0,0,0,1,65.0,"28.5052° N, 76.9729° E",28.5052,76.9729
flat,ats tourmaline,1.75,sector 109,8139.0,3,4,3+,2.0,Relatively New,1947.0,0,1,0,0,1,1,0.0,"28.5073° N, 77.0089° E",28.5073,77.0089
flat,dlf the skycourt,1.5,sector 86,9740.0,3,3,3+,18.0,Relatively New,1780.0,1,0,0,0,0,1,78.0,"28.3986° N, 76.9384° E",28.3986,76.9384
flat,tarc maceo,0.87,sector 91,6641.0,2,2,2,9.0,Relatively New,1149.0,0,0,1,0,0,1,38.0,"28.4014° N, 76.9225° E",28.4014,76.9225
flat,indiabulls centrum park,1.34,sector 103,7882.0,3,3,3+,12.0,Relatively New,1725.0,1,1,1,1,0,2,0.0,"28.4949° N, 76.9845° E",28.4949,76.9845
flat,mapsko mount ville,1.65,sector 79,9091.0,3,3,0,12.0,Relatively New,1815.0,0,0,0,0,0,1,0.0,"28.3624° N, 76.9787° E",28.3624,76.9787
house,Not Applicable,0.82,sector 49,3904.0,3,2,1,1.0,Moderately Old,2333.0,0,0,0,0,0,1,0.0,"28.4121° N, 77.0480° E",28.4121,77.048
flat,the castle society,2.0,sector 56,8695.0,4,4,2,4.0,Under Construction,2082.0,0,0,0,0,0,1,65.0,"28.4245° N, 77.0991° E",28.4245,77.0991
flat,puri diplomatic greens,2.65,sector 111,11963.0,3,4,3+,19.0,Relatively New,2005.0,1,1,1,1,0,1,62.0,"28.5238° N, 77.0320° E",28.5238,77.032
flat,conscient habitat,0.35,sector 99a,6422.0,2,2,1,3.0,Relatively New,606.0,0,0,0,0,0,1,14.0,"28.4561° N, 76.9542° E",28.4561,76.9542
flat,adani aangan arcade,0.45,sector 88a,7200.0,2,2,1,3.0,New Property,694.0,0,0,0,0,0,1,0.0,"28.4347° N, 76.9557° E",28.4347,76.9557
flat,gls avenue 51,0.45,sector 92,6000.0,3,3,1,10.0,Relatively New,833.0,0,0,0,0,0,1,0.0,"28.4079° N, 76.9153° E",28.4079,76.9153
flat,element one service,1.0,sector 49,11765.0,1,1,1,8.0,Moderately Old,850.0,0,0,0,0,0,1,75.0,"28.4121° N, 77.0480° E",28.4121,77.048
house,Not Applicable,3.69,sector 31,23699.0,4,4,2,2.0,Moderately Old,1557.0,1,1,0,1,0,2,60.0,"28.4528° N, 77.0498° E",28.4528,77.0498
flat,ats tourmaline,1.75,sector 109,8139.0,3,4,3+,9.0,Relatively New,1947.0,0,1,0,0,0,1,72.0,"28.5073° N, 77.0089° E",28.5073,77.0089
flat,microtek greenburg,1.45,sector 86,9797.0,3,2,3,8.0,Relatively New,1480.0,0,0,0,0,0,0,88.0,"28.3986° N, 76.9384° E",28.3986,76.9384
house,unitech espace,7.42,sector 50,34352.0,4,4,3,2.0,Old Property,3200.0,0,0,0,0,0,2,0.0,"28.4178° N, 77.0628° E",28.4178,77.0628
house,Not Applicable,0.62,sector 8,11273.0,3,1,No,2.0,Moderately Old,550.0,0,0,0,0,0,1,49.0,"28.3738° N, 76.8970° E",28.3738,76.897
flat,supertech araville,0.83,sector 79,5424.0,2,2,3,5.0,New Property,1700.0,1,0,0,0,0,0,151.0,"28.3624° N, 76.9787° E",28.3624,76.9787
flat,sbtl caladium,1.9,sector 109,6219.0,4,4,3,8.0,Relatively New,2766.0,0,1,0,0,0,1,31.0,"28.5073° N, 77.0089° E",28.5073,77.0089
flat,experion the heartsong,0.98,sector 108,13343.0,2,3,3,12.0,Relatively New,978.223232,1,1,1,1,0,1,45.0,"28.5134° N, 76.9830° E",28.5134,76.983
flat,signature global solera,0.28,sector 107,5725.0,2,2,2,6.0,Relatively New,543.0,0,0,0,0,0,1,49.0,"28.5052° N, 76.9729° E",28.5052,76.9729
house,Not Applicable,2.99,sector 56,20635.0,4,4,2,2.0,Moderately Old,1449.0,1,1,0,1,0,2,165.0,"28.4245° N, 77.0991° E",28.4245,77.0991
flat,adani m2k oyster grande,1.9,sector 102,9105.0,3,4,3,8.0,Relatively New,1710.0,0,1,0,0,0,1,60.0,"28.4750° N, 76.9715° E",28.475,76.9715
flat,godrej habitat,1.35,sector 3,12784.0,2,2,0,4.0,Under Construction,1056.0,0,0,0,0,0,1,49.0,"28.4909° N, 77.0176° E",28.4909,77.0176
flat,imperia the esfera,0.85,sector 37c,5386.0,2,3,3,9.0,Relatively New,1442.0,1,0,0,0,0,1,7.0,"28.4515° N, 76.9882° E",28.4515,76.9882
house,Not Applicable,0.7,sector 11,8101.0,2,2,No,2.0,Old Property,864.0,0,0,0,0,0,1,16.0,"28.4531° N, 77.0202° E",28.4531,77.0202
house,secter 16a daultabad faridabad house no 313,0.48,sector 103,6667.0,2,2,No,2.0,Relatively New,80.0,0,0,0,0,0,1,42.0,"28.4949° N, 76.9845° E",28.4949,76.9845
house,Not Applicable,10.5,sector 25,29022.0,5,5,3,3.0,Moderately Old,3618.0,1,1,0,1,0,1,0.0,"28.4844° N, 77.0860° E",28.4844,77.086
flat,raheja vedaanta,0.7,sector 108,4522.0,2,2,3,1.0,Relatively New,1548.0,0,0,0,0,0,1,65.0,"28.5134° N, 76.9830° E",28.5134,76.983
flat,orris carnation residency,0.88,sector 85,5952.0,3,3,1,1.0,Relatively New,1344.0,0,0,0,0,0,1,82.0,"28.4042° N, 76.9513° E",28.4042,76.9513
flat,m3m golfestate,4.95,sector 65,15906.0,3,3,3,10.0,Relatively New,2817.0,0,1,0,0,0,2,0.0,"28.4030° N, 77.0690° E",28.403,77.069
flat,ramsons kshitij,0.4,sector 95,5839.0,3,2,2,6.0,Relatively New,761.0,0,0,0,0,0,1,44.0,"28.4172° N, 76.9081° E",28.4172,76.9081
flat,ireo skyon,3.6,sector 60,12815.0,4,5,3,24.0,Relatively New,2605.0,0,1,0,0,0,2,60.0,"28.4003° N, 77.0975° E",28.4003,77.0975
flat,sidhartha ncr one phase,0.9,sector 95,4500.0,3,3,1,15.0,Relatively New,2000.0,0,0,0,0,0,1,0.0,"28.4172° N, 76.9081° E",28.4172,76.9081
house,signature global city 63a,1.5,sector 63,6289.0,3,3,2,1.0,New Property,2385.0,0,0,0,0,0,1,42.0,"28.3971° N, 77.0867° E",28.3971,77.0867
flat,ambience creacions,3.2,sector 22,11500.0,3,4,3+,2.0,New Property,2518.0,0,0,0,0,0,1,33.0,"28.5072° N, 77.0640° E",28.5072,77.064
house,malibu towne,1.15,sector 47,4646.0,3,3,3,2.0,Old Property,275.0,0,0,0,0,0,2,49.0,"28.4276° N, 77.0492° E",28.4276,77.0492
flat,on request,1.69,sector 103,9146.0,3,3,3+,8.0,Relatively New,1670.0,0,0,0,0,0,1,27.0,"28.4949° N, 76.9845° E",28.4949,76.9845
flat,imperia the esfera,1.4,sector 37c,5384.0,4,5,3,9.0,Relatively New,2344.0,1,1,0,1,1,1,34.0,"28.4515° N, 76.9882° E",28.4515,76.9882
flat,m3m golfestate,6.15,sector 65,18331.0,3,4,2,20.0,Relatively New,3355.0,0,0,0,0,0,1,79.0,"28.4030° N, 77.0690° E",28.403,77.069
flat,godrej summit,0.75,sector 104,5910.0,2,2,3,6.0,Relatively New,1149.0,0,0,0,0,1,1,168.0,"28.4788° N, 76.9960° E",28.4788,76.996
house,Not Applicable,2.25,sector 103,6367.0,3,5,3+,10.0,Moderately Old,3534.0,0,0,0,0,0,1,69.0,"28.4949° N, 76.9845° E",28.4949,76.9845
flat,tulip violet,1.7,sector 69,8457.0,4,4,2,1.0,Relatively New,1820.0,0,0,0,0,0,1,7.0,"28.3966° N, 77.0341° E",28.3966,77.0341
flat,tulip violet,1.4,sector 69,8928.0,3,3,1,12.0,Relatively New,1420.0,0,0,0,0,0,1,38.0,"28.3966° N, 77.0341° E",28.3966,77.0341
flat,godrej oasis,1.4,sector 88a,7567.0,3,3,3+,4.0,Relatively New,1675.0,0,0,0,0,0,2,74.0,"28.4347° N, 76.9557° E",28.4347,76.9557
flat,supertech araville,0.78,sector 79,6024.0,2,2,3+,0.0,New Property,1172.0,0,0,0,0,1,1,52.0,"28.3624° N, 76.9787° E",28.3624,76.9787
house,Not Applicable,6.21,sector 57,23000.0,6,6,3+,4.0,Old Property,2700.0,1,1,1,1,0,1,159.0,"28.4232° N, 77.0752° E",28.4232,77.0752
flat,suncity avenue,0.48,sector 102,9022.0,2,2,1,5.0,Relatively New,582.0,0,0,1,0,0,1,23.0,"28.4750° N, 76.9715° E",28.475,76.9715
flat,signature global solera,0.38,sector 107,6333.0,2,2,2,3.0,Relatively New,628.0,0,0,0,0,0,0,174.0,"28.5052° N, 76.9729° E",28.5052,76.9729
flat,emaar mgf the enclave,1.9,sector 66,10555.0,3,4,2,8.0,Relatively New,1850.0,0,1,0,0,0,2,174.0,"28.3925° N, 77.0541° E",28.3925,77.0541
flat,emaar palm gardens,1.76,sector 83,9263.0,3,3,3,5.0,Relatively New,1600.0,0,1,0,0,0,2,0.0,"28.3986° N, 76.9647° E",28.3986,76.9647
house,Not Applicable,1.15,sector 105,3285.0,3,2,1,1.0,Moderately Old,3889.0,0,0,0,0,0,1,86.0,"28.4952° N, 77.0114° E",28.4952,77.0114
flat,tulip violet,1.75,sector 69,8882.0,4,4,1,12.0,Relatively New,1784.0,0,0,0,0,0,1,42.0,"28.3966° N, 77.0341° E",28.3966,77.0341
house,Not Applicable,0.35,sector 105,7778.0,2,2,1,2.0,Moderately Old,556.0,0,0,0,0,0,1,28.0,"28.4952° N, 77.0114° E",28.4952,77.0114
flat,alpha corp gurgaonone,1.49,sector 84,7590.0,3,3,3,6.0,Relatively New,1833.0,0,1,0,0,0,1,47.0,"28.3979° N, 76.9736° E",28.3979,76.9736
house,huda sector-56 gurgaon,3.6,sector 56,24845.0,5,5,3+,3.0,Moderately Old,1449.0,0,0,0,0,1,1,167.0,"28.4245° N, 77.0991° E",28.4245,77.0991
flat,shree vardhman victoria,1.9,sector 70,9743.0,3,3,3,10.0,New Property,1765.0,0,1,1,1,1,1,80.0,"28.3968° N, 77.0233° E",28.3968,77.0233
flat,maruti vihar,1.0,sector 28,9090.0,1,1,1,1.0,Old Property,996.0,1,0,0,1,0,2,0.0,"28.4728° N, 77.0865° E",28.4728,77.0865
flat,belgravia resort residences,3.45,sector 48,18459.0,3,3,3,14.0,Moderately Old,1869.0,0,0,0,0,0,1,70.0,"28.4177° N, 77.0359° E",28.4177,77.0359
house,unitech palms south city 1,9.35,sector 41,28858.0,10,10,3+,4.0,Moderately Old,7500.0,1,1,0,0,0,2,49.0,"28.4557° N, 77.0632° E",28.4557,77.0632
flat,signature global solera,0.49,sector 107,8222.0,2,2,1,8.0,Relatively New,598.0,0,0,0,0,1,0,43.0,"28.5052° N, 76.9729° E",28.5052,76.9729
flat,m3m heights,3.67,sector 65,17990.0,3,3,2,27.0,Under Construction,2040.0,0,1,0,0,0,1,24.0,"28.4030° N, 77.0690° E",28.403,77.069
flat,antriksh heights,0.85,sector 84,5556.0,2,2,3,10.0,New Property,1222.0,1,0,0,0,1,1,33.0,"28.3979° N, 76.9736° E",28.3979,76.9736
house,not applicable,2.2,sector 11,12222.0,4,3,2,1.0,Old Property,1800.0,1,0,0,1,0,1,60.0,"28.4531° N, 77.0202° E",28.4531,77.0202
flat,ats triumph,2.0,sector 104,8733.0,3,4,3+,4.0,Relatively New,2073.0,0,1,0,0,0,1,0.0,"28.4788° N, 76.9960° E",28.4788,76.996
flat,chanderlok society,0.9,sector 28,7234.0,4,2,3+,1.0,Old Property,1382.0,0,0,0,0,0,1,0.0,"28.4728° N, 77.0865° E",28.4728,77.0865
house,Not Applicable,3.75,sector 54,26042.0,4,4,3,3.0,Moderately Old,1440.0,0,1,0,0,0,2,53.0,"28.4348° N, 77.1089° E",28.4348,77.1089
flat,smart world orchard,1.47,sector 61,12782.0,2,2,2,4.0,New Property,1278.0,1,0,0,1,0,1,67.0,"28.4050° N, 77.0963° E",28.405,77.0963
flat,ansal api celebrity suites,0.6,sector 2,8163.0,1,1,1,5.0,Moderately Old,665.0,0,0,0,0,0,2,49.0,"28.5095° N, 77.0320° E",28.5095,77.032
flat,tata gurgaon gateway,3.21,sector 113,11825.0,3,3,3,9.0,New Property,2281.0,0,0,0,0,0,1,46.0,"28.5287° N, 77.0233° E",28.5287,77.0233
flat,emaar gurgaon greens,1.4,sector 102,8484.0,3,3,3,10.0,Relatively New,1300.0,0,1,0,0,0,1,174.0,"28.4750° N, 76.9715° E",28.475,76.9715
flat,vatika lifestyle homes,1.25,sector 83,6839.0,3,2,1,6.0,Relatively New,1655.0,1,1,1,1,0,0,0.0,"28.3986° N, 76.9647° E",28.3986,76.9647
house,Not Applicable,3.5,sector 12,17500.0,3,3,1,2.0,Old Property,2000.0,0,0,0,0,0,1,151.0,"28.4723° N, 77.0320° E",28.4723,77.032
house,Not Applicable,7.0,sector 41,28283.0,7,7,3+,3.0,Moderately Old,2475.0,1,1,1,1,0,0,100.0,"28.4557° N, 77.0632° E",28.4557,77.0632
flat,raheja navodaya,0.85,sector 92,4271.0,3,3,3,2.0,Relatively New,1802.0,0,0,0,0,0,1,149.0,"28.4079° N, 76.9153° E",28.4079,76.9153
flat,ramprastha primera,1.1,sector 37d,6111.0,3,3,3,6.0,Relatively New,1700.0,0,0,0,0,0,1,24.0,"28.4478° N, 76.9703° E",28.4478,76.9703
flat,paras dews,1.14,sector 106,6000.0,3,4,3,8.0,Relatively New,1305.0,1,1,0,0,0,1,44.0,"28.5007° N, 77.0003° E",28.5007,77.0003
flat,lotus homz,0.36,sector 111,8888.0,1,1,1,10.0,Relatively New,450.0,0,0,0,0,0,1,0.0,"28.5238° N, 77.0320° E",28.5238,77.032
house,vatika india next,1.7,sector 83,7870.0,3,3,3+,4.0,New Property,2160.0,0,1,0,1,0,1,51.0,"28.3986° N, 76.9647° E",28.3986,76.9647
flat,ild greens,1.0,sector 37c,4723.0,3,3,3,3.0,Under Construction,1630.0,0,0,0,0,0,1,31.0,"28.4515° N, 76.9882° E",28.4515,76.9882
flat,dlf regal gardens,1.21,sector 90,6926.0,3,3,3+,29.0,Relatively New,1582.0,0,0,0,0,1,1,22.0,"28.4085° N, 76.9369° E",28.4085,76.9369
flat,shree vardhman flora,0.7,sector 90,5384.0,2,2,3,13.0,New Property,1177.0,1,0,0,0,0,1,66.0,"28.4085° N, 76.9369° E",28.4085,76.9369
flat,apna enclave,0.58,sector 3,6105.0,2,2,2,2.0,Old Property,900.0,0,0,0,0,0,1,0.0,"28.4909° N, 77.0176° E",28.4909,77.0176
flat,element one service,1.0,sector 49,11765.0,1,1,1,8.0,Moderately Old,850.0,0,0,0,0,0,1,96.0,"28.4121° N, 77.0480° E",28.4121,77.048
flat,bestech park view residency,1.55,sector 23,8072.0,3,4,3+,10.0,Moderately Old,1738.0,0,1,0,0,0,1,149.0,"28.5121° N, 77.0478° E",28.5121,77.0478
flat,bestech park view spa next,2.85,sector 67,12127.0,4,4,3+,5.0,Moderately Old,2128.0,0,1,0,1,0,2,49.0,"28.3859° N, 77.0608° E",28.3859,77.0608
flat,ss the leaf,2.05,sector 85,7290.0,4,4,3+,4.0,Relatively New,2500.0,0,1,0,0,0,2,49.0,"28.4042° N, 76.9513° E",28.4042,76.9513
flat,signature global solera,0.36,sector 107,5980.0,2,2,1,7.0,Relatively New,598.0,0,0,0,0,1,1,76.0,"28.5052° N, 76.9729° E",28.5052,76.9729
flat,m3m golfestate,5.2,sector 65,17455.0,3,3,3,18.0,Relatively New,2697.0,1,1,0,0,0,2,137.0,"28.4030° N, 77.0690° E",28.403,77.069
flat,m3m skywalk,2.45,sector 74,12140.0,3,3,3+,25.0,Relatively New,1800.0,1,0,0,0,0,1,67.0,"28.4158° N, 77.0118° E",28.4158,77.0118
house,Not Applicable,2.4,sector 23,12000.0,3,3,2,2.0,Moderately Old,2000.0,0,0,1,1,0,1,95.0,"28.5121° N, 77.0478° E",28.5121,77.0478
flat,tulip ivory,2.0,sector 70,8333.0,4,5,3+,6.0,Moderately Old,2114.0,0,1,0,0,0,2,117.0,"28.3968° N, 77.0233° E",28.3968,77.0233
flat,ats triumph,2.3,sector 104,10000.0,3,4,3+,15.0,New Property,2544.0,0,1,0,0,0,1,7.0,"28.4788° N, 76.9960° E",28.4788,76.996
house,Not Applicable,0.63,sector 8,7875.0,2,2,1,2.0,Old Property,800.0,0,0,0,0,1,1,60.0,"28.3738° N, 76.8970° E",28.3738,76.897
flat,pareena coban residences,1.35,sector 99a,6761.0,3,5,3,6.0,New Property,1808.0,0,1,0,0,1,1,66.0,"28.4561° N, 76.9542° E",28.4561,76.9542
flat,chd avenue,1.15,sector 71,6526.0,3,3,2,15.0,Moderately Old,1542.0,0,1,0,0,0,2,37.0,"28.4104° N, 77.0281° E",28.4104,77.0281
flat,dlf new town heights,1.2,sector 90,6217.0,3,3,3+,15.0,Relatively New,1747.0,0,0,0,0,0,1,113.0,"28.4085° N, 76.9369° E",28.4085,76.9369
flat,sobha city,2.4,sector 108,17378.0,2,2,2,14.0,New Property,1250.0,0,0,0,0,0,2,174.0,"28.5134° N, 76.9830° E",28.5134,76.983
flat,dlf the ultima,2.26,sector 81,10761.0,3,4,3+,17.0,New Property,1901.0,0,1,0,0,0,0,34.0,"28.3867° N, 76.9485° E",28.3867,76.9485
flat,smriti apartment,0.52,sector 56,10666.0,1,1,1,1.0,Old Property,475.0,0,0,0,0,0,1,38.0,"28.4245° N, 77.0991° E",28.4245,77.0991
flat,indiabulls centrum park,1.65,sector 103,8250.0,3,3,3+,15.0,Relatively New,1683.0,1,0,0,0,0,1,49.0,"28.4949° N, 76.9845° E",28.4949,76.9845
flat,pareena coban residences,1.38,sector 99a,7150.0,4,5,3+,1.0,Relatively New,2150.0,0,1,0,0,1,1,71.0,"28.4561° N, 76.9542° E",28.4561,76.9542
flat,bptp freedom park life,5.5,sector 57,8982.0,5,6,3+,19.0,Moderately Old,5010.0,0,1,0,1,0,2,0.0,"28.4232° N, 77.0752° E",28.4232,77.0752
flat,shree balaji appartment,0.4,sector 33,5000.0,2,2,2,1.0,Relatively New,724.0,0,0,0,0,0,0,139.0,"28.4420° N, 77.0207° E",28.442,77.0207
flat,ss almeria,1.48,sector 84,7400.0,3,3,2,1.0,New Property,1624.0,0,1,1,0,0,2,149.0,"28.3979° N, 76.9736° E",28.3979,76.9736
flat,bptp terra,1.67,sector 37d,7622.0,4,4,3,11.0,Relatively New,2091.0,0,0,0,0,0,2,60.0,"28.4478° N, 76.9703° E",28.4478,76.9703
flat,la vida by tata housing,1.5,sector 113,11755.0,2,2,2,13.0,New Property,1155.0,0,0,0,0,0,1,0.0,"28.5287° N, 77.0233° E",28.5287,77.0233
flat,godrej,1.29,sector 79,8206.0,2,2,3,4.0,New Property,1423.0,0,0,0,0,0,1,160.0,"28.3624° N, 76.9787° E",28.3624,76.9787
house,vipul tatvam villa,8.2,sector 48,25309.0,3,3,2,2.0,Moderately Old,3240.0,1,1,0,1,0,0,21.0,"28.4177° N, 77.0359° E",28.4177,77.0359
flat,zara aavaas,0.22,sector 104,7302.0,1,2,2,2.0,New Property,335.0,0,0,0,0,0,1,78.0,"28.4788° N, 76.9960° E",28.4788,76.996
house,ss aaron ville,6.75,sector 49,19737.0,5,4,2,2.0,Old Property,3420.0,1,1,1,0,0,1,67.0,"28.4121° N, 77.0480° E",28.4121,77.048
flat,m3m woodshire,0.9,sector 107,6588.0,2,2,3+,14.0,New Property,1237.0,0,0,0,0,0,1,29.0,"28.5052° N, 76.9729° E",28.5052,76.9729
house,ansal sushant lok 2,3.4,sector 56,22222.0,6,6,3+,2.0,Moderately Old,1530.0,0,0,0,0,0,2,86.0,"28.4245° N, 77.0991° E",28.4245,77.0991
flat,ansal heights 86,1.3,sector 86,4666.0,4,6,2,11.0,New Property,2522.0,0,1,0,0,1,1,51.0,"28.3986° N, 76.9384° E",28.3986,76.9384
flat,krrish florence estate,1.25,sector 70,6703.0,3,3,3,18.0,Under Construction,1688.0,0,0,0,0,0,1,48.0,"28.3968° N, 77.0233° E",28.3968,77.0233
flat,m3m heights,1.9,sector 65,13991.0,2,2,2,40.0,Relatively New,1358.0,0,0,0,0,0,1,71.0,"28.4030° N, 77.0690° E",28.403,77.069
flat,paras dews,1.42,sector 106,6029.0,4,6,3+,11.0,Relatively New,2132.0,0,1,0,0,0,1,0.0,"28.5007° N, 77.0003° E",28.5007,77.0003
house,eldeco mansionz,6.4,sector 48,23704.0,4,4,3,3.0,Moderately Old,2700.0,0,1,1,0,0,2,0.0,"28.4177° N, 77.0359° E",28.4177,77.0359
house,Not Applicable,2.0,sector 7,11111.0,2,2,1,2.0,Relatively New,1800.0,0,0,0,0,0,1,56.0,"28.4644° N, 77.0143° E",28.4644,77.0143
flat,sare green parc phase 3,0.7,sector 92,5279.0,3,2,2,4.0,Relatively New,1325.0,0,0,0,0,0,1,0.0,"28.4079° N, 76.9153° E",28.4079,76.9153
house,Not Applicable,0.34,sector 39,7555.0,1,1,1,1.0,Relatively New,450.0,0,0,0,0,0,1,71.0,"28.4434° N, 77.0515° E",28.4434,77.0515
flat,afnhb jalvayu vihar,1.3,sector 30,10000.0,3,3,2,2.0,Old Property,1401.0,0,0,0,0,0,1,108.0,"28.4604° N, 77.0579° E",28.4604,77.0579
flat,emaar mgf emerald floors premier,2.7,sector 65,16363.0,3,3,3,5.0,Relatively New,1650.0,0,1,1,0,0,2,105.0,"28.4030° N, 77.0690° E",28.403,77.069
flat,nbcc heights,1.5,sector 89,7058.0,3,3,3,8.0,Relatively New,1924.0,1,1,0,0,0,1,94.0,"28.4253° N, 76.9439° E",28.4253,76.9439
flat,conscient heritage max,1.75,sector 102,9011.0,3,4,3+,13.0,Relatively New,1758.0,0,1,0,0,0,2,160.0,"28.4750° N, 76.9715° E",28.475,76.9715
flat,greenopolis,0.65,sector 89,5195.0,2,2,2,15.0,Under Construction,1390.0,0,0,0,0,0,1,0.0,"28.4253° N, 76.9439° E",28.4253,76.9439
flat,tulip violet,1.2,sector 69,10909.0,2,3,0,0.0,Relatively New,1100.0,0,0,0,0,0,1,21.0,"28.3966° N, 77.0341° E",28.3966,77.0341
house,unitech espace,11.29,sector 50,34846.0,5,5,3+,2.0,Moderately Old,3240.0,1,0,0,1,0,1,158.0,"28.4178° N, 77.0628° E",28.4178,77.0628
flat,godrej,1.18,sector 79,8532.0,2,2,3,7.0,Relatively New,1252.0,0,0,0,0,0,1,26.0,"28.3624° N, 76.9787° E",28.3624,76.9787
flat,dlf belvedere towers,3.7,sector 25,17619.0,4,4,3,18.0,Old Property,2333.0,0,1,0,0,0,2,49.0,"28.4844° N, 77.0860° E",28.4844,77.086
house,Not Applicable,4.25,sector 27,31481.0,5,5,3+,3.0,Relatively New,1350.0,0,1,0,1,0,2,56.0,"28.4658° N, 77.0917° E",28.4658,77.0917
flat,unitech fresco,1.14,sector 50,8532.0,2,2,2,19.0,Moderately Old,1330.0,0,0,0,0,1,2,49.0,"28.4178° N, 77.0628° E",28.4178,77.0628
flat,shree vardhman victoria,1.8,sector 70,9230.0,3,3,3+,10.0,New Property,1765.0,0,0,0,0,1,2,137.0,"28.3968° N, 77.0233° E",28.3968,77.0233
flat,dlf new town heights,1.65,sector 90,6979.0,4,4,3+,15.0,Moderately Old,2140.0,0,1,0,0,0,2,174.0,"28.4085° N, 76.9369° E",28.4085,76.9369
flat,tulip violet,1.92,sector 69,15360.0,4,4,2,0.0,Relatively New,1389.0,0,0,0,0,0,1,56.0,"28.3966° N, 77.0341° E",28.3966,77.0341
flat,assotech blith,0.92,sector 99,6739.0,2,2,3+,22.0,Under Construction,1236.0,0,0,0,0,0,1,49.0,"28.4640° N, 76.9614° E",28.464,76.9614
flat,smriti apartment,0.6,sector 56,10000.0,1,1,1,2.0,Moderately Old,543.0,0,0,0,0,0,1,41.0,"28.4245° N, 77.0991° E",28.4245,77.0991
house,ansal sushant lok plots,7.0,sector 43,25926.0,5,5,3+,3.0,Relatively New,2700.0,1,1,0,1,0,2,69.0,"28.4629° N, 77.0772° E",28.4629,77.0772
house,eldeco mansionz,6.0,sector 48,22222.0,4,4,3+,2.0,Moderately Old,2700.0,0,1,0,0,0,1,80.0,"28.4177° N, 77.0359° E",28.4177,77.0359
house,rwa sector 46,4.5,sector 46,24390.0,6,6,3+,3.0,Moderately Old,1845.0,0,0,1,0,0,2,126.0,"28.4374° N, 77.0586° E",28.4374,77.0586
flat,m3m ikonic,1.78,sector 68,9128.0,3,3,3+,27.0,Relatively New,1845.0,0,0,0,0,0,2,9.0,"28.3853° N, 77.0484° E",28.3853,77.0484
flat,umang monsoon breeze,0.69,sector 78,5390.0,2,2,2,11.0,Moderately Old,1422.0,0,0,0,0,0,1,52.0,"28.3733° N, 76.9729° E",28.3733,76.9729
flat,sapphire eighty three,0.4,sector 83,8547.0,1,1,1,6.0,Relatively New,520.0,0,0,0,0,0,0,174.0,"28.3986° N, 76.9647° E",28.3986,76.9647
flat,m3m skycity,2.0,sector 65,15267.0,2,2,2,16.0,New Property,1186.0,0,0,0,0,0,2,49.0,"28.4030° N, 77.0690° E",28.403,77.069
flat,ss the leaf,1.75,sector 85,7267.0,3,4,3,8.0,Relatively New,2180.0,0,1,0,0,0,1,0.0,"28.4042° N, 76.9513° E",28.4042,76.9513
house,rwa sector 46,3.5,sector 46,21605.0,4,4,2,2.0,Relatively New,1620.0,0,0,0,1,0,2,44.0,"28.4374° N, 77.0586° E",28.4374,77.0586
flat,godrej air,2.6,sector 85,12212.0,3,3,3,17.0,Under Construction,2129.0,0,1,0,0,0,1,134.0,"28.4042° N, 76.9513° E",28.4042,76.9513
flat,kiran residency,1.5,sector 56,6648.0,3,5,3+,4.0,Moderately Old,2250.0,1,0,0,1,0,2,49.0,"28.4245° N, 77.0991° E",28.4245,77.0991
flat,the lions cghs,2.05,sector 56,9534.0,4,4,3,7.0,Relatively New,2000.0,0,1,0,0,1,2,60.0,"28.4245° N, 77.0991° E",28.4245,77.0991
flat,puri emerald bay,2.6,sector 104,15160.0,3,4,3+,5.0,Relatively New,2062.0,1,1,0,0,0,1,72.0,"28.4788° N, 76.9960° E",28.4788,76.996
flat,dlf the skycourt,1.6,sector 86,8294.0,3,3,1,14.0,Relatively New,1746.0,0,0,0,1,0,1,0.0,"28.3986° N, 76.9384° E",28.3986,76.9384
house,Not Applicable,2.95,sector 56,20233.0,2,2,No,1.0,Moderately Old,1458.0,0,0,0,0,0,1,0.0,"28.4245° N, 77.0991° E",28.4245,77.0991
flat,shree vardhman victoria,1.67,sector 70,14384.0,3,5,3,5.0,Moderately Old,1528.0,0,1,0,0,0,1,141.0,"28.3968° N, 77.0233° E",28.3968,77.0233
flat,dlf regal gardens,1.3,sector 90,7150.0,3,3,3+,7.0,Relatively New,1700.0,0,0,0,0,0,1,49.0,"28.4085° N, 76.9369° E",28.4085,76.9369
house,vipul tatvam villa,8.5,sector 48,26235.0,4,6,3,3.0,Old Property,3240.0,0,1,0,1,1,1,0.0,"28.4177° N, 77.0359° E",28.4177,77.0359
house,ansal sushant lok plots,3.3,sector 43,26570.0,1,1,No,2.0,Under Construction,1242.0,0,0,0,0,0,1,120.0,"28.4629° N, 77.0772° E",28.4629,77.0772
flat,tarc maceo,1.9,sector 91,6975.0,4,4,3,9.0,Relatively New,2466.0,0,1,0,0,0,1,135.0,"28.4014° N, 76.9225° E",28.4014,76.9225
flat,ss the leaf,1.77,sector 85,7350.0,3,4,3,6.0,Moderately Old,1450.0,0,1,0,0,0,2,49.0,"28.4042° N, 76.9513° E",28.4042,76.9513
house,vipul tatvam villa,8.4,sector 48,21000.0,4,5,3+,2.0,Moderately Old,4000.0,1,1,0,1,0,2,151.0,"28.4177° N, 77.0359° E",28.4177,77.0359
flat,shapoorji pallonji joyville gurugram,0.97,sector 102,16454.0,2,2,2,10.0,Relatively New,742.0,0,0,0,0,0,1,29.0,"28.4750° N, 76.9715° E",28.475,76.9715
flat,ansal heights 86,0.9,sector 86,5325.0,3,3,2,10.0,New Property,1690.0,0,0,0,0,0,1,0.0,"28.3986° N, 76.9384° E",28.3986,76.9384
flat,shapoorji pallonji joyville,1.1,sector 102,12022.0,2,2,1,7.0,Relatively New,915.0,0,0,0,0,0,1,139.0,"28.4750° N, 76.9715° E",28.475,76.9715
house,Not Applicable,8.4,sector 28,34568.0,4,4,3+,2.0,Relatively New,2430.0,0,1,1,1,0,2,90.0,"28.4728° N, 77.0865° E",28.4728,77.0865
flat,bptp mansions park prime,2.7,sector 66,9768.0,4,4,3,6.0,Relatively New,2502.0,0,1,0,0,1,1,46.0,"28.3925° N, 77.0541° E",28.3925,77.0541
flat,signature global synera,0.4,sector 81,6319.0,2,2,1,12.0,Relatively New,586.0,0,0,0,0,0,1,0.0,"28.3867° N, 76.9485° E",28.3867,76.9485
flat,ambience creacions,3.99,sector 22,12912.0,3,5,3+,3.0,New Property,2798.0,0,1,0,0,0,0,154.0,"28.5072° N, 77.0640° E",28.5072,77.064
house,international city by sobha phase 2,7.0,sector 109,12963.0,5,6,2,2.0,Relatively New,5400.0,0,1,0,0,0,1,0.0,"28.5073° N, 77.0089° E",28.5073,77.0089
house,unitech espace,7.35,sector 50,41761.0,4,4,3+,3.0,Moderately Old,1760.0,0,1,0,1,0,2,136.0,"28.4178° N, 77.0628° E",28.4178,77.0628
flat,emaar mgf emerald floors premier,2.36,sector 65,14303.0,3,3,3,2.0,Relatively New,1525.0,1,1,0,0,0,2,81.0,"28.4030° N, 77.0690° E",28.403,77.069
flat,cghs rail vihar,1.4,sector 15,10769.0,4,3,3,3.0,Old Property,1444.0,0,0,0,0,0,2,114.0,"28.4621° N, 77.0464° E",28.4621,77.0464
house,emaar mgf marbella,9.0,sector 66,21251.0,4,4,3+,2.0,Relatively New,5200.0,0,1,1,1,0,2,38.0,"28.3925° N, 77.0541° E",28.3925,77.0541
flat,bptp terra,2.08,sector 37d,10000.0,4,4,3,0.0,New Property,2212.0,1,1,0,1,0,1,120.0,"28.4478° N, 76.9703° E",28.4478,76.9703
flat,cghs airport apartment,1.8,sector 47,6000.0,4,4,3+,4.0,Moderately Old,2858.0,0,0,1,0,0,2,174.0,"28.4276° N, 77.0492° E",28.4276,77.0492
flat,bestech park view city,2.7,sector 48,11713.0,3,3,3+,7.0,Relatively New,2000.0,1,1,0,0,0,2,45.0,"28.4177° N, 77.0359° E",28.4177,77.0359
house,Not Applicable,1.7,sector 39,17980.0,2,2,3+,3.0,Moderately Old,900.0,0,1,1,0,0,1,110.0,"28.4434° N, 77.0515° E",28.4434,77.0515
flat,godrej air,1.83,sector 85,10005.0,3,3,3+,18.0,Under Construction,2032.0,0,0,0,0,0,1,174.0,"28.4042° N, 76.9513° E",28.4042,76.9513
flat,umang winter hills,0.75,sector 77,5588.0,2,2,2,7.0,Relatively New,1180.0,0,0,0,0,0,2,14.0,"28.3801° N, 76.9845° E",28.3801,76.9845
house,Not Applicable,1.2,sector 105,13333.0,4,4,1,2.0,Moderately Old,900.0,0,0,0,0,1,1,157.0,"28.4952° N, 77.0114° E",28.4952,77.0114
flat,m3m merlin,2.78,sector 67,13580.0,3,3,3+,4.0,Relatively New,2047.0,0,0,0,1,0,2,22.0,"28.3859° N, 77.0608° E",28.3859,77.0608
house,unitech espace,9.8,sector 50,30247.0,4,4,3,2.0,Moderately Old,3240.0,0,1,0,0,0,1,28.0,"28.4178° N, 77.0628° E",28.4178,77.0628
house,ss aaron ville,6.5,sector 49,18808.0,5,5,2,2.0,Relatively New,3456.0,1,1,0,1,0,2,52.0,"28.4121° N, 77.0480° E",28.4121,77.048
flat,rof ananda,0.2,sector 95,5463.0,1,1,1,9.0,Relatively New,407.0,0,0,0,1,0,1,49.0,"28.4172° N, 76.9081° E",28.4172,76.9081
flat,emaar mgf emerald floors premier,2.25,sector 65,13636.0,3,3,3,3.0,Relatively New,1600.0,1,1,0,0,0,2,22.0,"28.4030° N, 77.0690° E",28.403,77.069
flat,godrej aria,1.7,sector 79,7426.0,3,4,3+,6.0,New Property,1659.0,0,1,0,0,0,1,60.0,"28.3624° N, 76.9787° E",28.3624,76.9787
flat,godrej habitat,1.2,sector 3,8310.0,2,2,3,0.0,Under Construction,1307.0,0,0,0,0,0,1,28.0,"28.4909° N, 77.0176° E",28.4909,77.0176
flat,emaar mgf emerald floors premier,2.85,sector 65,14430.0,4,4,3,3.0,Relatively New,2194.0,1,1,0,0,0,1,76.0,"28.4030° N, 77.0690° E",28.403,77.069
flat,pyramid pride,0.5,sector 76,6578.0,2,2,1,8.0,Under Construction,844.0,0,0,0,0,0,1,160.0,"28.3935° N, 76.9888° E",28.3935,76.9888
flat,paras dews,1.34,sector 106,9550.0,4,5,3+,7.0,Relatively New,1535.0,0,1,0,0,0,1,174.0,"28.5007° N, 77.0003° E",28.5007,77.0003
flat,paras dews,0.87,sector 106,9255.0,2,2,3+,1.0,New Property,1120.0,0,0,0,0,0,1,174.0,"28.5007° N, 77.0003° E",28.5007,77.0003
flat,la vida by tata housing,3.35,sector 113,12444.0,4,4,3+,11.0,Relatively New,2991.0,1,1,0,0,0,1,60.0,"28.5287° N, 77.0233° E",28.5287,77.0233
flat,m3m soulitude,1.14,sector 89,8000.0,3,3,2,2.0,Under Construction,1581.0,1,0,0,0,0,1,0.0,"28.4253° N, 76.9439° E",28.4253,76.9439
flat,shree vardhman flora,0.86,sector 90,6254.0,3,4,3,0.0,Relatively New,1525.0,0,1,0,0,0,2,136.0,"28.4085° N, 76.9369° E",28.4085,76.9369
flat,smart world orchard,2.24,sector 61,14460.0,3,3,2,3.0,New Property,1402.0,0,0,0,0,1,1,19.0,"28.4050° N, 77.0963° E",28.405,77.0963
house,Not Applicable,6.5,sector 25,36111.0,4,3,3,3.0,Moderately Old,1800.0,1,0,0,1,0,1,28.0,"28.4844° N, 77.0860° E",28.4844,77.086
house,Not Applicable,3.6,sector 10a,19608.0,3,4,3,3.0,Moderately Old,1836.0,0,0,0,1,0,2,86.0,"28.4469° N, 77.0106° E",28.4469,77.0106
flat,ansal heights 86,1.3,sector 86,4666.0,4,6,2,11.0,New Property,2522.0,0,1,0,0,1,1,15.0,"28.3986° N, 76.9384° E",28.3986,76.9384
flat,divya apartments,0.6,sector 6,7594.0,2,2,0,2.0,Relatively New,790.0,0,0,0,0,0,2,49.0,"28.4745° N, 77.0262° E",28.4745,77.0262
house,Not Applicable,0.4,sector 5,8000.0,2,1,No,1.0,Old Property,500.0,0,0,0,0,0,1,122.0,"28.4794° N, 77.0176° E",28.4794,77.0176
flat,chintels paradiso,1.8,sector 109,8866.0,3,3,2,0.0,Moderately Old,1911.0,0,1,0,0,0,1,45.0,"28.5073° N, 77.0089° E",28.5073,77.0089
flat,ansal heights 86,0.74,sector 86,5441.0,2,2,1,11.0,Under Construction,1231.0,0,0,0,0,1,1,0.0,"28.3986° N, 76.9384° E",28.3986,76.9384
house,suncity essel towers,8.95,sector 28,17900.0,5,6,3+,4.0,Moderately Old,5000.0,0,0,0,0,0,1,59.0,"28.4728° N, 77.0865° E",28.4728,77.0865
flat,dlf new town heights,1.2,sector 90,6217.0,3,3,3+,8.0,Moderately Old,2144.0,0,1,0,1,0,1,21.0,"28.4085° N, 76.9369° E",28.4085,76.9369
flat,tulip violet,1.78,sector 69,8855.0,4,4,2,10.0,Relatively New,1820.0,0,0,0,1,0,2,8.0,"28.3966° N, 77.0341° E",28.3966,77.0341
flat,dlf regal gardens,1.26,sector 90,7636.0,3,3,2,12.0,Relatively New,1650.0,0,0,0,0,1,1,0.0,"28.4085° N, 76.9369° E",28.4085,76.9369
house,Not Applicable,0.5,sector 63,3704.0,5,2,No,2.0,Moderately Old,1350.0,0,0,0,0,0,1,43.0,"28.3971° N, 77.0867° E",28.3971,77.0867
flat,tulip white,0.91,sector 69,6862.0,3,2,2,12.0,Moderately Old,1473.0,0,0,0,0,0,1,0.0,"28.3966° N, 77.0341° E",28.3966,77.0341
house,Not Applicable,0.45,sector 8,9000.0,1,1,1,3.0,Moderately Old,556.0,0,0,0,0,0,1,85.0,"28.3738° N, 76.8970° E",28.3738,76.897
flat,signature global solera,0.36,sector 107,6569.0,2,2,1,9.0,Relatively New,496.0,0,0,0,0,0,1,95.0,"28.5052° N, 76.9729° E",28.5052,76.9729
flat,bestech park view ananda,0.87,sector 81,7951.0,2,2,3,8.0,Relatively New,1300.0,0,0,0,0,0,1,67.0,"28.3867° N, 76.9485° E",28.3867,76.9485
flat,prime habitat,0.27,sector 99a,6049.0,2,2,1,10.0,Relatively New,498.0,0,0,0,0,0,1,43.0,"28.4561° N, 76.9542° E",28.4561,76.9542
flat,raheja vanya,0.85,sector 99a,6789.0,2,2,2,3.0,New Property,1133.0,0,0,0,0,0,1,144.0,"28.4561° N, 76.9542° E",28.4561,76.9542
house,dlf city plots phase 2,15.5,sector 25,34307.0,5,6,3+,3.0,Moderately Old,4518.0,1,1,1,1,0,1,79.0,"28.4844° N, 77.0860° E",28.4844,77.086
house,dlf city phase 1,3.25,sector 26,3681.0,3,3,3,2.0,Old Property,8829.0,1,0,0,0,0,1,31.0,"28.4757° N, 77.1032° E",28.4757,77.1032
flat,spaze privy,1.9,sector 72,9620.0,3,3,3,10.0,Moderately Old,1788.0,0,1,0,0,0,2,49.0,"28.4225° N, 77.0211° E",28.4225,77.0211
flat,m3m capital,2.51,sector 113,14800.0,3,3,3+,2.0,Under Construction,1696.0,1,0,0,0,0,1,80.0,"28.5287° N, 77.0233° E",28.5287,77.0233
flat,experion windchants,3.1,sector 112,20666.0,2,2,3,9.0,Relatively New,1500.0,1,1,1,0,0,2,0.0,"28.5189° N, 77.0183° E",28.5189,77.0183
flat,bestech park view sanskruti,1.42,sector 92,7760.0,3,3,2,10.0,Relatively New,1738.0,0,0,0,0,0,1,53.0,"28.4079° N, 76.9153° E",28.4079,76.9153
flat,tashee capital gateway,0.96,sector 111,6500.0,2,2,1,4.0,Under Construction,1338.0,1,0,0,0,0,1,121.0,"28.5238° N, 77.0320° E",28.5238,77.032
flat,puri emerald bay,1.59,sector 104,10903.0,2,2,2,12.0,Relatively New,1403.0,0,0,0,0,0,1,36.0,"28.4788° N, 76.9960° E",28.4788,76.996
flat,puri emerald bay,1.8,sector 104,8823.0,2,3,3,23.0,New Property,1539.0,0,1,0,0,0,1,60.0,"28.4788° N, 76.9960° E",28.4788,76.996
flat,sidhartha ncr one phase,0.56,sector 95,4105.0,2,2,2,10.0,Relatively New,1235.0,0,0,0,0,0,2,64.0,"28.4172° N, 76.9081° E",28.4172,76.9081
flat,godrej,2.01,sector 79,8495.0,3,4,3+,6.0,Relatively New,2142.0,0,1,0,0,0,1,0.0,"28.3624° N, 76.9787° E",28.3624,76.9787
house,nirvana country,10.0,sector 50,14285.0,5,7,2,4.0,Moderately Old,7000.0,0,1,0,0,0,0,38.0,"28.4178° N, 77.0628° E",28.4178,77.0628
flat,birla navya,3.5,sector 63a,25926.0,3,3,3,1.0,Under Construction,1350.0,0,0,0,0,0,1,49.0,"28.3923° N, 77.0888° E",28.3923,77.0888
flat,ss,2.09,sector 85,7432.0,4,4,3,8.0,Relatively New,2600.0,1,1,0,1,0,1,174.0,"28.4042° N, 76.9513° E",28.4042,76.9513
flat,m3m merlin,3.32,sector 67,14079.0,3,4,3,8.0,New Property,2017.0,0,1,0,0,0,2,53.0,"28.3859° N, 77.0608° E",28.3859,77.0608
flat,pivotal devaan,0.3,sector 84,6666.0,1,1,1,14.0,New Property,500.0,0,0,0,0,0,2,8.0,"28.3979° N, 76.9736° E",28.3979,76.9736
flat,ramprastha skyz,1.25,sector 37d,7250.0,3,3,3+,2.0,Under Construction,1725.0,0,0,0,0,0,1,55.0,"28.4478° N, 76.9703° E",28.4478,76.9703
flat,bptp freedom park life,2.5,sector 57,11111.0,3,3,3,9.0,Moderately Old,2037.0,0,0,0,0,0,1,49.0,"28.4232° N, 77.0752° E",28.4232,77.0752
flat,godrej,1.12,sector 79,7146.0,2,2,3,6.0,Relatively New,1325.0,1,0,0,0,0,1,93.0,"28.3624° N, 76.9787° E",28.3624,76.9787
house,international city by sobha phase 2,9.4,sector 109,26111.0,5,6,3+,2.0,Relatively New,3600.0,1,1,1,1,0,2,126.0,"28.5073° N, 77.0089° E",28.5073,77.0089
flat,tulip violet,1.4,sector 69,8871.0,3,3,2,11.0,Relatively New,1429.0,0,0,0,1,0,1,142.0,"28.3966° N, 77.0341° E",28.3966,77.0341
flat,ireo the corridors,1.62,sector 67a,9380.0,3,3,2,4.0,New Property,1347.0,0,0,1,0,0,2,38.0,"28.3960° N, 77.0372° E",28.396,77.0372
house,emaar mgf marbella,12.0,sector 66,38095.0,5,6,3+,4.0,New Property,3150.0,0,1,0,1,0,1,51.0,"28.3925° N, 77.0541° E",28.3925,77.0541
house,bestech park view ananda,4.35,sector 81,7937.0,4,4,3,2.0,Relatively New,5480.0,0,1,1,0,0,1,80.0,"28.3867° N, 76.9485° E",28.3867,76.9485
flat,dlf new town heights,1.54,sector 86,5786.0,4,4,3+,21.0,Moderately Old,2140.0,1,1,0,1,0,1,49.0,"28.3986° N, 76.9384° E",28.3986,76.9384
flat,kamroon court,2.75,sector 43,13750.0,3,4,3+,5.0,Moderately Old,2222.0,0,1,0,0,1,2,47.0,"28.4629° N, 77.0772° E",28.4629,77.0772
flat,pareena mi casa,1.7,sector 68,8504.0,4,4,3,2.0,New Property,1810.0,0,0,0,0,0,1,106.0,"28.3853° N, 77.0484° E",28.3853,77.0484
flat,pareena mi casa,1.1,sector 68,9020.0,2,2,3,13.0,New Property,1244.0,0,0,0,0,0,1,49.0,"28.3853° N, 77.0484° E",28.3853,77.0484
flat,unitech uniworld gardens,2.15,sector 47,10306.0,3,4,3+,10.0,Moderately Old,1950.0,0,1,0,0,0,1,76.0,"28.4276° N, 77.0492° E",28.4276,77.0492
house,Not Applicable,5.5,sector 23,21825.0,8,8,2,3.0,Moderately Old,2520.0,1,1,0,1,0,2,59.0,"28.5121° N, 77.0478° E",28.5121,77.0478
flat,shapoorji pallonji joyville gurugram,1.95,sector 102,10529.0,3,3,3,10.0,Relatively New,1677.0,0,0,0,0,0,1,174.0,"28.4750° N, 76.9715° E",28.475,76.9715
flat,ss the leaf,2.2,sector 85,5641.0,4,6,3,10.0,Relatively New,3920.0,0,1,0,0,0,1,20.0,"28.4042° N, 76.9513° E",28.4042,76.9513
house,Not Applicable,2.5,sector 43,2885.0,7,7,3,4.0,Relatively New,963.0,0,0,0,0,1,2,72.0,"28.4629° N, 77.0772° E",28.4629,77.0772
flat,microtek greenburg,1.45,sector 86,9797.0,3,2,3,8.0,Relatively New,1480.0,0,0,0,0,0,0,168.0,"28.3986° N, 76.9384° E",28.3986,76.9384
flat,emaar mgf emerald floors premier,2.35,sector 65,14242.0,3,3,3,2.0,Relatively New,1494.0,1,1,0,0,0,2,60.0,"28.4030° N, 77.0690° E",28.403,77.069
flat,bestech park view sanskruti,1.55,sector 92,9687.0,3,3,3,17.0,Relatively New,1792.0,0,1,0,0,0,2,0.0,"28.4079° N, 76.9153° E",28.4079,76.9153
house,madan puri,0.75,sector 7,12500.0,3,5,3,3.0,Moderately Old,600.0,0,0,0,0,0,1,153.0,"28.4644° N, 77.0143° E",28.4644,77.0143
flat,dlf the skycourt,1.55,sector 86,8031.0,3,3,1,12.0,Relatively New,1900.0,0,0,0,1,0,2,56.0,"28.3986° N, 76.9384° E",28.3986,76.9384
flat,krishna appartment,0.35,sector 12,3500.0,3,3,1,2.0,Old Property,905.0,0,0,0,0,0,1,42.0,"28.4723° N, 77.0320° E",28.4723,77.032
flat,bestech spa signature,4.4,sector 81,12571.0,4,4,3+,6.0,New Property,3700.0,1,1,0,1,1,0,94.0,"28.3867° N, 76.9485° E",28.3867,76.9485
house,vatika the seven lamps,1.6,sector 82,6597.0,4,4,3+,16.0,Moderately Old,2425.0,0,1,0,0,0,1,0.0,"28.3935° N, 76.9600° E",28.3935,76.96
flat,apna enclave,0.8,sector 5,6153.0,3,3,1,0.0,Old Property,1000.0,0,0,0,0,0,1,0.0,"28.4794° N, 77.0176° E",28.4794,77.0176
flat,raheja navodaya,0.62,sector 92,4807.0,2,2,2,5.0,New Property,1498.0,0,0,0,0,0,1,31.0,"28.4079° N, 76.9153° E",28.4079,76.9153
flat,m3m the marina,1.0,sector 68,12500.0,2,2,3,21.0,Relatively New,889.0,0,0,0,0,0,1,49.0,"28.3853° N, 77.0484° E",28.3853,77.0484
flat,shapoorji pallonji joyville gurugram,2.15,sector 102,12706.0,3,3,3,10.0,Relatively New,1690.0,0,0,0,0,0,2,0.0,"28.4750° N, 76.9715° E",28.475,76.9715
flat,bhagwati sadan,1.15,sector 12,5500.0,3,4,2,2.0,Old Property,2000.0,0,1,0,0,1,1,44.0,"28.4723° N, 77.0320° E",28.4723,77.032
flat,bestech park view grand spa,4.5,sector 81,10714.0,4,6,3+,17.0,Relatively New,3802.0,0,1,0,0,0,2,102.0,"28.3867° N, 76.9485° E",28.3867,76.9485
flat,mapsko mount ville,1.25,sector 79,8389.0,3,3,3,18.0,Relatively New,1058.0,1,0,0,0,0,2,49.0,"28.3624° N, 76.9787° E",28.3624,76.9787
house,Not Applicable,1.07,sector 15,11888.0,2,2,1,1.0,Old Property,900.0,0,1,0,0,0,1,0.0,"28.4621° N, 77.0464° E",28.4621,77.0464
flat,shapoorji pallonji joyville gurugram,1.6,sector 102,11700.0,2,2,3,14.0,Moderately Old,1368.0,0,0,0,0,0,1,121.0,"28.4750° N, 76.9715° E",28.475,76.9715
flat,tulip white,0.9,sector 69,6787.0,3,2,3,6.0,Relatively New,1473.0,0,0,0,1,0,1,86.0,"28.3966° N, 77.0341° E",28.3966,77.0341
flat,tulip violet,1.72,sector 69,8730.0,4,4,1,12.0,Relatively New,1784.0,0,0,0,0,0,1,49.0,"28.3966° N, 77.0341° E",28.3966,77.0341
flat,ireo the grand arch,4.0,sector 58,18484.0,3,4,3,5.0,Old Property,2164.0,0,1,0,0,0,2,6.0,"28.4200° N, 77.1105° E",28.42,77.1105
flat,microtek greenburg,1.23,sector 86,8310.0,2,2,3,13.0,Relatively New,1340.0,1,0,0,0,0,1,40.0,"28.3986° N, 76.9384° E",28.3986,76.9384
flat,orchid petals,4.16,sector 49,11700.0,5,4,3+,14.0,Relatively New,3220.0,1,1,0,0,0,1,156.0,"28.4121° N, 77.0480° E",28.4121,77.048
flat,smart world one dxp,3.45,sector 113,13269.0,4,4,3,11.0,Under Construction,2354.0,1,1,0,0,0,2,75.0,"28.5287° N, 77.0233° E",28.5287,77.0233
flat,experion the heartsong,1.65,sector 108,8237.0,3,4,3,3.0,Moderately Old,1771.32,1,0,0,0,0,2,37.0,"28.5134° N, 76.9830° E",28.5134,76.983
flat,emaar mgf emerald floors premier,2.65,sector 65,16060.0,3,3,3,5.0,Relatively New,1650.0,1,1,0,0,0,1,15.0,"28.4030° N, 77.0690° E",28.403,77.069
flat,emaar mgf emerald floors premier,2.5,sector 65,15151.0,3,3,3,3.0,Relatively New,1494.0,1,1,0,0,0,1,23.0,"28.4030° N, 77.0690° E",28.403,77.069
flat,pivotal devaan,0.41,sector 84,7032.0,2,2,2,10.0,New Property,565.0,0,0,0,0,0,2,64.0,"28.3979° N, 76.9736° E",28.3979,76.9736
flat,ashok vihar phase 2,0.28,sector 5,4307.0,2,2,1,3.0,Relatively New,600.0,0,0,0,0,0,1,65.0,"28.4794° N, 77.0176° E",28.4794,77.0176
flat,raheja vedaanta,0.85,sector 108,4637.0,3,3,2,2.0,Relatively New,1500.0,0,1,0,0,0,1,174.0,"28.5134° N, 76.9830° E",28.5134,76.983
flat,tata primanti,4.0,sector 72,16032.0,4,5,3+,22.0,Relatively New,2701.0,0,1,0,0,0,2,22.0,"28.4225° N, 77.0211° E",28.4225,77.0211
house,Not Applicable,2.0,sector 7,13889.0,2,2,2,2.0,Old Property,1440.0,0,0,0,0,0,1,65.0,"28.4644° N, 77.0143° E",28.4644,77.0143
flat,dlf new town heights,1.25,sector 90,6476.0,3,3,3+,17.0,Relatively New,1700.0,0,1,0,1,0,1,27.0,"28.4085° N, 76.9369° E",28.4085,76.9369
house,Not Applicable,2.25,sector 7,15625.0,3,3,2,2.0,Old Property,1440.0,0,0,0,0,0,2,49.0,"28.4644° N, 77.0143° E",28.4644,77.0143
flat,ss the leaf,1.17,sector 85,6720.0,2,3,3,10.0,Relatively New,1550.0,0,0,0,0,1,1,174.0,"28.4042° N, 76.9513° E",28.4042,76.9513
flat,paras dews,1.5,sector 106,6369.0,4,6,3+,11.0,Relatively New,1535.0,0,1,0,0,0,1,56.0,"28.5007° N, 77.0003° E",28.5007,77.0003
flat,shree vardhman victoria,1.65,sector 70,8461.0,3,4,3,12.0,Relatively New,1765.0,0,1,1,0,0,1,58.0,"28.3968° N, 77.0233° E",28.3968,77.0233
flat,signature global city,0.68,sector 37d,11724.0,2,2,3,9.0,New Property,644.0,0,0,0,0,1,1,32.0,"28.4478° N, 76.9703° E",28.4478,76.9703
house,Not Applicable,5.5,sector 46,23061.0,8,8,3+,3.0,Moderately Old,2385.0,1,0,0,0,1,2,38.0,"28.4374° N, 77.0586° E",28.4374,77.0586
flat,ramprastha the edge towers,1.0,sector 37d,5649.0,3,3,3+,13.0,Moderately Old,1602.0,0,0,0,0,0,1,117.0,"28.4478° N, 76.9703° E",28.4478,76.9703
flat,the close north,2.7,sector 50,9980.0,3,3,3+,3.0,Moderately Old,2358.0,0,1,0,0,0,1,14.0,"28.4178° N, 77.0628° E",28.4178,77.0628
flat,ss residency,0.53,sector 12,4818.0,3,3,2,2.0,Relatively New,996.0,0,0,0,0,0,2,29.0,"28.4723° N, 77.0320° E",28.4723,77.032
flat,sare green parc phase 3,0.79,sector 92,6086.0,3,2,2,15.0,New Property,1175.0,0,0,0,0,0,1,79.0,"28.4079° N, 76.9153° E",28.4079,76.9153
flat,ats kocoon,2.22,sector 109,10596.0,3,3,3,20.0,Relatively New,1897.0,0,1,0,0,1,1,156.0,"28.5073° N, 77.0089° E",28.5073,77.0089
flat,ireo uptown,4.85,sector 66,12999.0,4,4,3+,15.0,Relatively New,3500.0,1,1,1,1,0,2,96.0,"28.3925° N, 77.0541° E",28.3925,77.0541
flat,shree vardhman victoria,1.62,sector 70,13953.0,3,3,3,9.0,Relatively New,1528.0,0,1,0,0,0,1,96.0,"28.3968° N, 77.0233° E",28.3968,77.0233
flat,vatika gurgaon,1.1,sector 83,6162.0,3,3,3+,5.0,Relatively New,1600.0,0,0,0,0,0,2,38.0,"28.3986° N, 76.9647° E",28.3986,76.9647
flat,dlf regal gardens,1.25,sector 90,6459.0,3,3,3,10.0,Relatively New,1650.0,0,0,0,0,1,2,174.0,"28.4085° N, 76.9369° E",28.4085,76.9369
flat,bestech park view sanskruti,1.6,sector 92,8020.0,3,4,3+,10.0,Relatively New,1615.0,0,1,0,0,1,2,42.0,"28.4079° N, 76.9153° E",28.4079,76.9153
flat,kendriya vihar,0.55,sector 56,9016.0,1,2,1,0.0,Old Property,678.0,0,0,0,0,0,1,67.0,"28.4245° N, 77.0991° E",28.4245,77.0991
flat,m3m golf hills,1.45,sector 79,10211.0,2,2,3,15.0,Under Construction,1578.0,0,0,0,0,0,1,0.0,"28.3624° N, 76.9787° E",28.3624,76.9787
flat,laxmi pareena,0.3,sector 99a,6666.0,2,1,0,12.0,Relatively New,500.0,0,0,0,0,0,1,65.0,"28.4561° N, 76.9542° E",28.4561,76.9542
flat,awho sispal vihar,2.0,sector 49,7262.0,4,3,3+,4.0,Old Property,2493.0,0,0,0,0,0,1,50.0,"28.4121° N, 77.0480° E",28.4121,77.048
house,raj villas,8.0,sector 52,25543.0,6,5,3+,4.0,Moderately Old,3132.0,0,0,0,0,0,1,158.0,"28.4379° N, 77.0785° E",28.4379,77.0785
flat,pioneer urban presidia,7.15,sector 62,16486.0,4,5,3+,7.0,Relatively New,3927.0,1,1,1,0,0,2,37.0,"28.4139° N, 77.0886° E",28.4139,77.0886
flat,unitech the residences,1.55,sector 33,9872.0,3,4,1,1.0,Relatively New,1421.0,0,1,0,0,0,1,123.0,"28.4420° N, 77.0207° E",28.442,77.0207
flat,vatika sovereign park,3.25,sector 99,9672.0,4,4,3+,2.0,New Property,3042.0,0,1,0,0,0,1,153.0,"28.4640° N, 76.9614° E",28.464,76.9614
house,Not Applicable,10.5,sector 28,32407.0,5,6,3+,3.0,New Property,3240.0,1,1,0,1,0,2,74.0,"28.4728° N, 77.0865° E",28.4728,77.0865
flat,rof ananda,0.31,sector 95,5644.0,2,2,1,5.0,Relatively New,610.0,0,0,0,1,0,2,22.0,"28.4172° N, 76.9081° E",28.4172,76.9081
flat,green court,0.45,sector 90,7188.0,2,2,1,2.0,New Property,696.0,0,0,0,0,0,2,174.0,"28.4085° N, 76.9369° E",28.4085,76.9369
flat,ireo victory valley,2.95,sector 67,12235.0,3,3,3,10.0,Relatively New,2150.0,0,1,0,0,0,2,61.0,"28.3859° N, 77.0608° E",28.3859,77.0608
flat,godrej summit,0.85,sector 104,6896.0,2,2,3,12.0,Relatively New,1611.0,1,0,0,0,1,1,97.0,"28.4788° N, 76.9960° E",28.4788,76.996
flat,umang winter hills,0.99,sector 77,7857.0,2,2,2,1.0,Relatively New,1126.0,0,0,0,0,0,1,0.0,"28.3801° N, 76.9845° E",28.3801,76.9845
house,Not Applicable,5.5,sector 14,16975.0,5,4,2,2.0,Old Property,3240.0,1,0,0,0,0,1,0.0,"28.4711° N, 77.0454° E",28.4711,77.0454
flat,milan cghs 9,2.0,sector 39,8333.0,3,3,3+,0.0,Old Property,2400.0,0,0,0,0,0,1,174.0,"28.4434° N, 77.0515° E",28.4434,77.0515
flat,dlf the primus,2.2,sector 82a,10516.0,3,3,3+,16.0,Relatively New,1894.0,0,1,0,0,0,0,95.0,"28.3858° N, 76.9686° E",28.3858,76.9686
flat,gls avenue 51,0.5,sector 92,7812.0,3,3,1,12.0,New Property,711.0,0,0,0,0,0,0,34.0,"28.4079° N, 76.9153° E",28.4079,76.9153
house,Not Applicable,3.3,sector 4,14667.0,3,3,2,1.0,Old Property,2250.0,0,0,0,0,0,1,14.0,"28.4738° N, 77.0107° E",28.4738,77.0107
house,Not Applicable,1.8,sector 54,8078.0,8,5,2,1.0,Moderately Old,2476.0,0,0,0,0,0,1,59.0,"28.4348° N, 77.1089° E",28.4348,77.1089
flat,bestech park view spa next,2.32,sector 67,11989.0,3,4,3+,14.0,Moderately Old,1765.0,0,1,0,0,0,2,20.0,"28.3859° N, 77.0608° E",28.3859,77.0608
house,ansals florence villa,6.0,sector 57,22222.0,4,5,2,2.0,Old Property,2700.0,0,1,0,1,0,2,56.0,"28.4232° N, 77.0752° E",28.4232,77.0752
flat,ireo victory valley,3.15,sector 67,12846.0,3,4,3+,15.0,Relatively New,2220.0,0,1,0,1,0,2,65.0,"28.3859° N, 77.0608° E",28.3859,77.0608
flat,chd avenue,1.32,sector 71,6019.0,4,4,3,14.0,Moderately Old,1985.0,0,1,0,0,0,1,115.0,"28.4104° N, 77.0281° E",28.4104,77.0281
flat,smart world gems,1.13,sector 89,8500.0,3,3,2,4.0,Under Construction,1473.0,1,0,0,0,0,1,49.0,"28.4253° N, 76.9439° E",28.4253,76.9439
house,Not Applicable,4.75,sector 22,20068.0,7,5,3+,3.0,Old Property,2367.0,0,0,0,1,1,2,0.0,"28.5072° N, 77.0640° E",28.5072,77.064
flat,raheja vedaanta,0.7,sector 108,4666.0,2,2,1,10.0,Moderately Old,1468.0,0,0,0,0,0,1,157.0,"28.5134° N, 76.9830° E",28.5134,76.983
flat,vatika gurgaon,0.84,sector 83,6746.0,2,2,2,7.0,Moderately Old,1127.0,0,0,0,0,0,2,24.0,"28.3986° N, 76.9647° E",28.3986,76.9647
flat,mahindra luminare,5.5,sector 59,18181.0,3,3,1,26.0,Under Construction,2739.0,0,1,0,0,0,1,38.0,"28.4051° N, 77.1097° E",28.4051,77.1097
flat,bestech altura,1.85,sector 79,8604.0,3,3,3,7.0,New Property,1650.0,0,1,0,0,0,1,35.0,"28.3624° N, 76.9787° E",28.3624,76.9787
flat,the penthouses at the hibiscus,8.5,sector 50,8500.0,4,4,3,9.0,Moderately Old,11111.0,0,1,0,0,0,1,38.0,"28.4178° N, 77.0628° E",28.4178,77.0628
flat,dlf the primus,2.6,sector 82a,11438.0,4,4,3+,2.0,Relatively New,2273.0,0,0,0,0,1,1,174.0,"28.3858° N, 76.9686° E",28.3858,76.9686
flat,experion windchants,2.5,sector 112,13888.0,2,2,3,10.0,Relatively New,1939.03,1,0,0,1,0,2,72.0,"28.5189° N, 77.0183° E",28.5189,77.0183
flat,dlf regal gardens,1.13,sector 90,6647.0,3,3,3+,8.0,Relatively New,1566.0,0,0,0,0,1,1,109.0,"28.4085° N, 76.9369° E",28.4085,76.9369
flat,sobha city,2.9,sector 108,14478.0,3,4,2,8.0,New Property,2003.0,0,0,0,0,0,1,174.0,"28.5134° N, 76.9830° E",28.5134,76.983
flat,la vida by tata housing,2.45,sector 113,11050.0,3,3,3+,3.0,Relatively New,1890.0,1,0,0,0,0,1,110.0,"28.5287° N, 77.0233° E",28.5287,77.0233
flat,sbtl caladium,1.88,sector 109,6153.0,4,5,3,10.0,Relatively New,2766.0,0,0,0,0,0,1,49.0,"28.5073° N, 77.0089° E",28.5073,77.0089
flat,parsvnath green ville,1.6,sector 48,8376.0,3,3,3+,8.0,Old Property,1895.0,0,0,0,0,1,2,101.0,"28.4177° N, 77.0359° E",28.4177,77.0359
flat,puri diplomatic greens,2.58,sector 111,11727.0,3,4,2,9.0,Relatively New,2200.0,0,1,0,0,0,1,152.0,"28.5238° N, 77.0320° E",28.5238,77.032
flat,emaar mgf emerald floors premier,2.25,sector 65,13636.0,3,3,3+,3.0,Relatively New,1494.0,1,1,0,0,0,1,107.0,"28.4030° N, 77.0690° E",28.403,77.069
flat,ss the leaf,1.77,sector 85,7350.0,3,4,3+,7.0,New Property,2180.0,0,0,1,0,0,1,63.0,"28.4042° N, 76.9513° E",28.4042,76.9513
flat,today callidora,0.9,sector 73,5548.0,3,3,3,3.0,Under Construction,1622.0,0,1,0,0,0,1,104.0,"28.4072° N, 77.0118° E",28.4072,77.0118
flat,mapsko mount ville,1.2,sector 79,8052.0,3,3,3,9.0,Relatively New,1321.0,1,0,0,0,0,2,110.0,"28.3624° N, 76.9787° E",28.3624,76.9787
flat,m3m merlin,3.4,sector 67,14418.0,3,4,3,15.0,Relatively New,2123.0,0,1,0,0,0,2,146.0,"28.3859° N, 77.0608° E",28.3859,77.0608
flat,smart world orchard,2.1,sector 61,13750.0,3,2,3,3.0,Under Construction,1535.0,0,0,0,0,0,1,0.0,"28.4050° N, 77.0963° E",28.405,77.0963
house,row house,0.43,sector 105,9135.0,3,3,3,2.0,Relatively New,1050.0,0,0,0,0,0,1,150.0,"28.4952° N, 77.0114° E",28.4952,77.0114
flat,ats triumph,2.55,sector 104,13076.0,4,4,3+,21.0,Relatively New,2509.0,0,1,0,0,0,1,15.0,"28.4788° N, 76.9960° E",28.4788,76.996
flat,unitech harmony,2.6,sector 50,9590.0,3,4,2,15.0,Relatively New,2700.0,0,1,0,0,1,2,40.0,"28.4178° N, 77.0628° E",28.4178,77.0628
house,Not Applicable,4.31,sector 25,31926.0,5,4,3,3.0,Old Property,1350.0,0,0,0,0,0,1,26.0,"28.4844° N, 77.0860° E",28.4844,77.086
flat,the rama apartment cghs,2.5,sector 43,10204.0,4,4,3+,4.0,Moderately Old,2722.0,0,1,0,0,0,1,0.0,"28.4629° N, 77.0772° E",28.4629,77.0772
flat,emaar mgf palm hills,1.09,sector 77,5382.0,3,4,3+,5.0,Relatively New,1833.0,0,1,0,0,1,2,174.0,"28.3801° N, 76.9845° E",28.3801,76.9845
flat,la vida by tata housing,3.35,sector 113,16750.0,3,4,3+,12.0,New Property,2200.0,1,1,0,0,0,1,118.0,"28.5287° N, 77.0233° E",28.5287,77.0233
flat,meditech apartment,2.45,sector 56,8166.0,4,4,3+,1.0,Relatively New,2900.0,0,0,0,0,1,2,90.0,"28.4245° N, 77.0991° E",28.4245,77.0991
flat,indiabulls enigma,3.4,sector 110,10000.0,4,5,3,3.0,Relatively New,3078.0,0,1,1,0,0,1,88.0,"28.5145° N, 77.0197° E",28.5145,77.0197
flat,pareena mi casa,1.7,sector 68,8500.0,4,4,3+,23.0,New Property,1810.0,0,0,0,0,0,1,174.0,"28.3853° N, 77.0484° E",28.3853,77.0484
flat,shree vardhman victoria,1.6,sector 70,8205.0,3,5,3,6.0,Relatively New,2167.0,0,1,0,0,0,1,125.0,"28.3968° N, 77.0233° E",28.3968,77.0233
flat,tulip violet,1.7,sector 69,8432.0,4,4,2,10.0,New Property,1820.0,0,0,0,0,0,1,113.0,"28.3966° N, 77.0341° E",28.3966,77.0341
flat,umang winter hills,1.0,sector 77,7500.0,2,2,2,3.0,New Property,1489.0,0,0,0,0,0,1,165.0,"28.3801° N, 76.9845° E",28.3801,76.9845
flat,ireo victory valley,3.05,sector 67,16266.0,3,4,2,35.0,Relatively New,2200.0,1,1,0,0,0,2,24.0,"28.3859° N, 77.0608° E",28.3859,77.0608
flat,antriksh heights,0.79,sector 84,4579.0,3,3,3+,8.0,New Property,1562.0,0,0,0,0,0,1,16.0,"28.3979° N, 76.9736° E",28.3979,76.9736
flat,bptp terra,1.95,sector 37d,14444.0,4,3,3,7.0,Under Construction,1650.0,0,0,0,0,0,1,54.0,"28.4478° N, 76.9703° E",28.4478,76.9703
flat,mapsko casa bella,1.25,sector 82,6377.0,3,4,3+,8.0,Under Construction,1774.0,0,0,0,0,0,1,112.0,"28.3935° N, 76.9600° E",28.3935,76.96
flat,tulip violet,1.68,sector 69,8358.0,4,4,2,2.0,Relatively New,1820.0,0,0,0,1,0,1,49.0,"28.3966° N, 77.0341° E",28.3966,77.0341
flat,ansal heights 86,0.78,sector 86,5735.0,2,2,1,8.0,New Property,1231.0,0,0,0,0,0,1,0.0,"28.3986° N, 76.9384° E",28.3986,76.9384
flat,milan cghs 9,2.0,sector 39,8333.0,3,3,3+,0.0,Old Property,2400.0,0,0,0,0,0,1,67.0,"28.4434° N, 77.0515° E",28.4434,77.0515
flat,zara aavaas,0.2,sector 104,6645.0,1,1,1,3.0,Relatively New,301.0,0,0,0,0,0,1,60.0,"28.4788° N, 76.9960° E",28.4788,76.996
flat,godrej habitat,1.1,sector 3,10410.0,2,2,2,14.0,Under Construction,957.0,0,0,0,0,0,1,0.0,"28.4909° N, 77.0176° E",28.4909,77.0176
house,Not Applicable,0.6,sector 4,6173.0,3,3,2,3.0,Old Property,972.0,0,0,0,0,0,1,84.0,"28.4738° N, 77.0107° E",28.4738,77.0107
flat,orris aster court premier,1.49,sector 85,5820.0,4,5,3+,10.0,Relatively New,2017.0,0,1,0,0,0,2,0.0,"28.4042° N, 76.9513° E",28.4042,76.9513
flat,signature global city 63a,1.4,sector 63a,11336.0,2,2,2,3.0,Under Construction,1372.0,0,0,0,0,1,1,88.0,"28.3923° N, 77.0888° E",28.3923,77.0888
flat,godrej summit,1.1,sector 104,8669.0,2,2,3,16.0,Under Construction,1149.0,0,0,0,0,1,1,88.0,"28.4788° N, 76.9960° E",28.4788,76.996
flat,vipul world floors,4.3,sector 48,13870.0,4,5,3+,4.0,New Property,3444.0,1,1,0,1,0,1,143.0,"28.4177° N, 77.0359° E",28.4177,77.0359
flat,kendriya vihar,0.65,sector 56,8609.0,1,1,1,0.0,Moderately Old,839.0,0,0,0,0,0,1,174.0,"28.4245° N, 77.0991° E",28.4245,77.0991
flat,m3m woodshire,1.39,sector 107,5887.0,3,4,3+,6.0,Relatively New,2058.0,0,1,0,1,0,2,95.0,"28.5052° N, 76.9729° E",28.5052,76.9729
flat,emaar imperial gardens,1.92,sector 102,9600.0,3,3,3,12.0,Relatively New,2222.0,1,1,1,1,0,1,120.0,"28.4750° N, 76.9715° E",28.475,76.9715
flat,the lions cghs,2.05,sector 56,7884.0,4,4,3+,7.0,Old Property,2600.0,0,0,1,0,0,2,86.0,"28.4245° N, 77.0991° E",28.4245,77.0991
flat,tulip violet,1.38,sector 69,8966.0,3,3,1,12.0,Relatively New,1392.0,0,0,0,1,0,1,165.0,"28.3966° N, 77.0341° E",28.3966,77.0341
flat,vatika gurgaon,0.83,sector 83,6666.0,2,2,2,12.0,Relatively New,1154.0,0,0,0,1,0,1,94.0,"28.3986° N, 76.9647° E",28.3986,76.9647
house,Not Applicable,7.25,sector 41,29293.0,9,8,3,4.0,Old Property,2475.0,0,1,0,0,0,2,49.0,"28.4557° N, 77.0632° E",28.4557,77.0632
flat,saan verdante,2.0,sector 95,10178.0,3,4,3+,5.0,New Property,1965.0,0,1,0,0,0,1,49.0,"28.4172° N, 76.9081° E",28.4172,76.9081
flat,signature global solera,0.3,sector 107,6134.0,2,2,1,5.0,Relatively New,544.0,0,0,0,0,0,1,43.0,"28.5052° N, 76.9729° E",28.5052,76.9729
flat,ss the leaf,1.15,sector 85,11966.0,2,2,3,20.0,Relatively New,1263.0,0,0,0,1,0,1,103.0,"28.4042° N, 76.9513° E",28.4042,76.9513
house,Not Applicable,19.0,sector 26,42222.0,6,8,3+,3.0,Moderately Old,4500.0,1,1,1,1,0,2,72.0,"28.4757° N, 77.1032° E",28.4757,77.1032
flat,supertech hues,0.82,sector 68,6950.0,2,2,3+,21.0,Under Construction,1068.0,0,0,0,0,1,1,158.0,"28.3853° N, 77.0484° E",28.3853,77.0484
flat,m3m skywalk,1.6,sector 74,9512.0,2,2,2,26.0,Relatively New,1509.0,0,0,0,0,0,2,0.0,"28.4158° N, 77.0118° E",28.4158,77.0118
house,Not Applicable,0.55,sector 105,10913.0,2,4,No,2.0,Moderately Old,56.0,0,0,0,0,0,1,0.0,"28.4952° N, 77.0114° E",28.4952,77.0114
house,Not Applicable,1.45,sector 11,8000.0,3,2,1,1.0,Relatively New,1800.0,0,0,0,0,0,1,76.0,"28.4531° N, 77.0202° E",28.4531,77.0202
flat,maxworth city residences,0.9,sector 10a,7083.0,2,2,3,9.0,New Property,1086.0,0,0,0,0,1,1,38.0,"28.4469° N, 77.0106° E",28.4469,77.0106
house,Not Applicable,8.31,sector 57,24171.0,5,6,3+,4.0,Old Property,3438.0,1,1,1,1,0,1,82.0,"28.4232° N, 77.0752° E",28.4232,77.0752
flat,rof ananda,0.2,sector 95,5463.0,1,1,1,10.0,Relatively New,407.0,0,0,0,0,0,1,81.0,"28.4172° N, 76.9081° E",28.4172,76.9081
flat,antriksh heights,0.54,sector 84,4458.0,2,2,3+,17.0,Relatively New,1086.0,0,0,0,0,0,1,49.0,"28.3979° N, 76.9736° E",28.3979,76.9736
house,vipul tatvam villa,8.25,sector 48,38194.0,4,4,3+,3.0,Relatively New,2160.0,0,1,1,0,0,2,157.0,"28.4177° N, 77.0359° E",28.4177,77.0359
flat,ss the leaf,1.08,sector 85,6585.0,2,2,3,8.0,New Property,1200.0,1,1,1,1,0,2,49.0,"28.4042° N, 76.9513° E",28.4042,76.9513
flat,pyramid urban,0.56,sector 67a,7928.0,2,2,2,0.0,Relatively New,778.0,0,0,0,0,1,1,44.0,"28.3960° N, 77.0372° E",28.396,77.0372
house,Not Applicable,2.4,sector 46,2963.0,4,4,3,3.0,Moderately Old,900.0,0,0,1,0,0,2,112.0,"28.4374° N, 77.0586° E",28.4374,77.0586
flat,ambience creacions,2.4,sector 22,17391.0,2,2,2,8.0,Relatively New,1200.0,0,0,0,0,1,0,99.0,"28.5072° N, 77.0640° E",28.5072,77.064
flat,adani brahma samsara vilasa,3.4,sector 63,10000.0,3,3,3+,1.0,New Property,3078.0,0,0,0,0,0,1,105.0,"28.3971° N, 77.0867° E",28.3971,77.0867
house,unitech nirvana birch court,6.8,sector 50,31481.0,4,4,3+,2.0,Old Property,2160.0,1,1,0,1,0,1,37.0,"28.4178° N, 77.0628° E",28.4178,77.0628
flat,ramprastha the atrium,0.9,sector 37d,6225.0,3,3,2,13.0,Relatively New,1185.0,0,0,0,0,0,0,15.0,"28.4478° N, 76.9703° E",28.4478,76.9703
flat,smart world gems,1.71,sector 89,12000.0,3,2,0,3.0,New Property,1423.0,0,0,0,0,0,1,135.0,"28.4253° N, 76.9439° E",28.4253,76.9439
flat,experion the heartsong,0.98,sector 108,13343.0,2,3,3,4.0,Relatively New,978.23,1,0,0,0,0,1,24.0,"28.5134° N, 76.9830° E",28.5134,76.983
house,Not Applicable,4.0,sector 56,26613.0,4,4,3+,2.0,Relatively New,1503.0,0,0,0,0,0,2,38.0,"28.4245° N, 77.0991° E",28.4245,77.0991
flat,dlf regal gardens,1.8,sector 90,7223.0,4,4,3+,7.0,Moderately Old,2005.0,0,0,0,0,0,1,60.0,"28.4085° N, 76.9369° E",28.4085,76.9369
flat,vipul world,1.38,sector 48,9482.0,3,3,1,2.0,Relatively New,1611.0,0,0,0,0,0,1,90.0,"28.4177° N, 77.0359° E",28.4177,77.0359
flat,signature global synera,0.5,sector 81,7886.0,2,2,1,11.0,New Property,704.0,0,0,0,0,0,0,0.0,"28.3867° N, 76.9485° E",28.3867,76.9485
flat,ambience creacions,4.8,sector 22,19200.0,4,6,3+,10.0,New Property,2778.0,0,1,0,1,0,0,0.0,"28.5072° N, 77.0640° E",28.5072,77.064
flat,sunischit apartments,1.75,sector 54,7954.0,3,3,3+,6.0,Moderately Old,2100.0,0,1,0,0,0,2,86.0,"28.4348° N, 77.1089° E",28.4348,77.1089
flat,pioneer urban presidia,6.5,sector 62,14987.0,4,4,3+,3.0,Moderately Old,3927.0,1,0,0,0,0,1,49.0,"28.4139° N, 77.0886° E",28.4139,77.0886
flat,dlf the ultima,2.28,sector 81,10841.0,3,3,3+,14.0,Relatively New,1750.0,0,1,0,0,0,0,49.0,"28.3867° N, 76.9485° E",28.3867,76.9485
flat,emaar gurgaon greens,1.4,sector 102,8484.0,3,3,3,9.0,Relatively New,1414.0,0,1,0,0,0,1,174.0,"28.4750° N, 76.9715° E",28.475,76.9715
flat,dlf the ultima,2.25,sector 81,10755.0,3,4,3+,11.0,Relatively New,2090.0,0,1,0,0,0,0,23.0,"28.3867° N, 76.9485° E",28.3867,76.9485
flat,palam vihar society,3.35,sector 23,7444.0,4,4,3+,2.0,New Property,5000.0,1,0,0,0,0,1,117.0,"28.5121° N, 77.0478° E",28.5121,77.0478
flat,m3m woodshire,1.32,sector 107,6330.0,3,3,3,10.0,Relatively New,1759.0,0,0,0,0,0,1,124.0,"28.5052° N, 76.9729° E",28.5052,76.9729
house,dlf city plots,17.3,sector 26,38737.0,6,7,3+,3.0,New Property,4518.0,1,1,1,1,0,2,46.0,"28.4757° N, 77.1032° E",28.4757,77.1032
flat,m3m heights,2.65,sector 65,18492.0,2,2,3,4.0,New Property,1433.0,1,0,0,0,0,1,136.0,"28.4030° N, 77.0690° E",28.403,77.069
flat,satya element one,0.87,sector 49,19333.0,1,1,1,2.0,Relatively New,500.0,0,0,0,0,0,1,116.0,"28.4121° N, 77.0480° E",28.4121,77.048
flat,emaar mgf emerald estate,1.7,sector 65,21013.0,3,3,3,7.0,Relatively New,1081.0,1,0,0,0,0,2,174.0,"28.4030° N, 77.0690° E",28.403,77.069
flat,tulip violet,3.1,sector 69,9822.0,4,6,3+,14.0,Relatively New,2818.0,0,1,0,1,0,1,49.0,"28.3966° N, 77.0341° E",28.3966,77.0341
house,Not Applicable,8.5,sector 40,26235.0,5,4,2,1.0,Moderately Old,3240.0,0,1,0,1,0,2,82.0,"28.4498° N, 77.0567° E",28.4498,77.0567
flat,central park 2 bellevue,5.0,sector 48,11627.0,3,4,3,14.0,Moderately Old,4778.0,0,0,0,0,0,1,49.0,"28.4177° N, 77.0359° E",28.4177,77.0359
flat,corona optus,1.27,sector 37c,7203.0,3,3,3,2.0,Relatively New,1581.0,1,0,0,0,1,1,57.0,"28.4515° N, 76.9882° E",28.4515,76.9882
flat,tarc maceo,0.96,sector 91,5413.0,2,2,3+,8.0,Moderately Old,1271.0,0,0,0,0,0,1,49.0,"28.4014° N, 76.9225° E",28.4014,76.9225
flat,mapsko mount ville,1.85,sector 79,9641.0,3,4,3,21.0,New Property,1643.0,0,1,0,1,0,1,44.0,"28.3624° N, 76.9787° E",28.3624,76.9787
house,Not Applicable,5.0,sector 55,44444.0,2,9,3+,5.0,New Property,1125.0,0,0,0,0,1,2,56.0,"28.4281° N, 77.1100° E",28.4281,77.11
house,Not Applicable,4.5,sector 25,33333.0,2,8,3+,4.0,Relatively New,1350.0,0,1,1,0,0,2,28.0,"28.4844° N, 77.0860° E",28.4844,77.086
house,Not Applicable,3.0,sector 23,19268.0,6,4,3+,3.0,Old Property,1557.0,0,0,0,0,0,2,66.0,"28.5121° N, 77.0478° E",28.5121,77.0478
flat,central park flower valley,1.65,sector 48,17441.0,3,3,0,1.0,Moderately Old,1051.0,0,0,0,0,0,1,49.0,"28.4177° N, 77.0359° E",28.4177,77.0359
flat,corona optus,1.43,sector 37c,7185.0,3,3,3+,2.0,Relatively New,1845.0,1,1,0,0,1,1,0.0,"28.4515° N, 76.9882° E",28.4515,76.9882
flat,mapsko casa bella,1.25,sector 82,6377.0,3,4,3+,8.0,Under Construction,1774.0,0,0,0,0,0,1,174.0,"28.3935° N, 76.9600° E",28.3935,76.96
flat,tata primanti,5.25,sector 72,15648.0,4,4,3+,30.0,New Property,3000.0,0,1,0,0,0,2,70.0,"28.4225° N, 77.0211° E",28.4225,77.0211
house,unitech palms south city 1,9.25,sector 41,28549.0,9,9,3+,4.0,Moderately Old,5000.0,1,1,1,1,0,2,71.0,"28.4557° N, 77.0632° E",28.4557,77.0632
flat,vasant appartments,1.7,sector 14,7391.0,5,5,2,2.0,Old Property,2556.0,1,0,1,1,0,0,0.0,"28.4711° N, 77.0454° E",28.4711,77.0454
flat,godrej oasis,1.45,sector 88a,8367.0,2,2,3+,9.0,Relatively New,133.0,1,0,0,0,0,0,144.0,"28.4347° N, 76.9557° E",28.4347,76.9557
flat,tata primanti,6.5,sector 72,15294.0,4,4,3+,0.0,Relatively New,3848.0,1,1,0,1,0,1,49.0,"28.4225° N, 77.0211° E",28.4225,77.0211
flat,smart world gems,1.16,sector 89,10500.0,3,2,3,1.0,New Property,999.0,1,0,0,0,0,1,102.0,"28.4253° N, 76.9439° E",28.4253,76.9439
flat,tulip violet,1.4,sector 69,8861.0,3,3,2,2.0,Relatively New,1429.0,0,0,0,1,0,1,26.0,"28.3966° N, 77.0341° E",28.3966,77.0341
flat,suncity avenue 76,0.55,sector 76,7422.0,2,2,2,9.0,Under Construction,823.0,0,0,0,0,0,1,46.0,"28.3935° N, 76.9888° E",28.3935,76.9888
flat,emaar gurgaon greens,1.6,sector 102,9696.0,3,3,3,8.0,Relatively New,1315.0,0,0,0,0,0,1,49.0,"28.4750° N, 76.9715° E",28.475,76.9715
flat,emaar mgf emerald floors premier,2.0,sector 65,12121.0,3,3,3,1.0,Relatively New,1833.0,0,1,0,0,0,2,98.0,"28.4030° N, 77.0690° E",28.403,77.069
flat,supertech araville,0.95,sector 79,6209.0,2,2,3,7.0,New Property,1385.0,1,0,0,0,0,1,160.0,"28.3624° N, 76.9787° E",28.3624,76.9787
house,international city by sobha phase 1,5.7,sector 109,10556.0,4,4,3+,4.0,Relatively New,5400.0,1,1,0,0,0,1,35.0,"28.5073° N, 77.0089° E",28.5073,77.0089
flat,mapsko mount ville,1.25,sector 79,8389.0,3,3,3,22.0,Relatively New,1154.0,1,0,0,1,0,1,111.0,"28.3624° N, 76.9787° E",28.3624,76.9787
flat,tulip monsella,8.25,sector 53,28004.0,3,4,3,8.0,Under Construction,2662.0,0,1,0,0,0,0,8.0,"28.4433° N, 77.0948° E",28.4433,77.0948
flat,tulip petals,1.55,sector 89,10000.0,3,2,3,6.0,Moderately Old,1403.0,0,0,1,0,0,2,16.0,"28.4253° N, 76.9439° E",28.4253,76.9439
flat,sidhartha ncr greens,0.96,sector 95,6201.0,3,3,3,8.0,New Property,1720.0,0,0,1,1,0,1,107.0,"28.4172° N, 76.9081° E",28.4172,76.9081
flat,smart world orchard,1.6,sector 61,13913.0,2,2,2,4.0,Under Construction,1278.0,0,0,0,0,0,1,95.0,"28.4050° N, 77.0963° E",28.405,77.0963
flat,bestech park view residency,1.4,sector 23,7865.0,3,3,3+,6.0,Old Property,1612.0,0,0,0,0,0,0,45.0,"28.5121° N, 77.0478° E",28.5121,77.0478
flat,ats tourmaline,1.4,sector 109,8000.0,3,3,3+,9.0,Relatively New,1584.0,0,0,0,0,0,1,159.0,"28.5073° N, 77.0089° E",28.5073,77.0089
house,Not Applicable,2.15,sector 40,23889.0,3,3,3,3.0,Moderately Old,900.0,1,0,1,1,0,1,152.0,"28.4498° N, 77.0567° E",28.4498,77.0567
flat,ss the leaf,1.58,sector 85,7714.0,3,4,3,8.0,Relatively New,2228.0,0,1,0,0,0,1,174.0,"28.4042° N, 76.9513° E",28.4042,76.9513
flat,shapoorji pallonji joyville gurugram,1.99,sector 102,20664.0,2,2,2,14.0,New Property,1146.0,0,0,0,0,0,1,0.0,"28.4750° N, 76.9715° E",28.475,76.9715
flat,paras dews,1.35,sector 106,7297.0,4,4,3+,18.0,Relatively New,2100.0,0,1,0,1,0,2,152.0,"28.5007° N, 77.0003° E",28.5007,77.0003
flat,chd avenue,0.79,sector 71,6594.0,2,2,2,8.0,Relatively New,1085.0,0,0,0,0,1,1,91.0,"28.4104° N, 77.0281° E",28.4104,77.0281
flat,dlf the skycourt,1.58,sector 86,8190.0,3,3,1,16.0,Relatively New,1750.0,0,0,0,1,0,2,0.0,"28.3986° N, 76.9384° E",28.3986,76.9384
house,dlf city plots phase 2,10.5,sector 25,29022.0,4,4,2,2.0,Old Property,3618.0,0,1,0,1,0,2,174.0,"28.4844° N, 77.0860° E",28.4844,77.086
house,Not Applicable,1.8,sector 92,7627.0,4,5,No,13.0,Moderately Old,2360.0,0,0,0,0,0,1,29.0,"28.4079° N, 76.9153° E",28.4079,76.9153
flat,ireo the grand arch,3.83,sector 58,21577.0,3,4,2,10.0,Relatively New,2000.0,1,1,0,0,0,2,109.0,"28.4200° N, 77.1105° E",28.42,77.1105
house,Not Applicable,0.7,sector 3,7007.0,2,3,1,1.0,Relatively New,999.0,0,0,1,1,0,1,139.0,"28.4909° N, 77.0176° E",28.4909,77.0176
flat,parsvnath green ville,1.75,sector 48,7201.0,3,3,3,7.0,Old Property,2200.0,0,1,0,0,0,2,49.0,"28.4177° N, 77.0359° E",28.4177,77.0359
flat,ss almeria,1.48,sector 84,7400.0,3,3,2,1.0,New Property,1624.0,0,1,1,0,0,2,35.0,"28.3979° N, 76.9736° E",28.3979,76.9736
flat,ats tourmaline,1.65,sector 109,7674.0,3,3,3+,16.0,Relatively New,1947.0,0,1,0,0,0,2,65.0,"28.5073° N, 77.0089° E",28.5073,77.0089
flat,greenopolis,1.3,sector 89,6806.0,3,3,3+,1.0,New Property,2122.0,0,1,0,0,0,1,0.0,"28.4253° N, 76.9439° E",28.4253,76.9439
flat,ats tourmaline,1.4,sector 109,8000.0,3,3,3+,12.0,Relatively New,1584.0,0,0,0,0,1,1,0.0,"28.5073° N, 77.0089° E",28.5073,77.0089
flat,aqua front towers,2.5,sector 32,11715.0,3,4,3+,1.0,Relatively New,2134.0,0,0,0,0,0,1,117.0,"28.4472° N, 77.0406° E",28.4472,77.0406
flat,sidhartha ncr greens,0.56,sector 95,5656.0,2,2,3,13.0,New Property,896.0,0,0,0,0,0,1,67.0,"28.4172° N, 76.9081° E",28.4172,76.9081
flat,emaar mgf the palm drive,2.8,sector 66,16470.0,3,4,3,8.0,Relatively New,1700.0,0,1,0,0,0,2,0.0,"28.3925° N, 77.0541° E",28.3925,77.0541
flat,m3m woodshire,1.4,sector 107,5929.0,3,4,0,1.0,New Property,2138.0,0,0,0,0,0,1,49.0,"28.5052° N, 76.9729° E",28.5052,76.9729
flat,signature global infinity mall,0.41,sector 36,6269.0,2,2,3,3.0,Relatively New,654.0,0,0,0,0,0,1,174.0,"28.4160° N, 76.9914° E",28.416,76.9914
flat,ireo skyon,2.15,sector 60,23344.0,2,3,2,5.0,Relatively New,1250.0,0,1,0,0,0,2,174.0,"28.4003° N, 77.0975° E",28.4003,77.0975
flat,puri emerald bay,2.65,sector 104,15007.0,3,4,3,15.0,Relatively New,2090.0,0,1,0,0,0,2,0.0,"28.4788° N, 76.9960° E",28.4788,76.996
flat,dlf the ultima,2.34,sector 81,11185.0,3,4,3+,14.0,Relatively New,1760.0,0,1,0,0,0,0,0.0,"28.3867° N, 76.9485° E",28.3867,76.9485
flat,chd avenue,0.82,sector 71,7083.0,2,2,2,6.0,Moderately Old,1086.0,0,0,0,0,0,1,25.0,"28.4104° N, 77.0281° E",28.4104,77.0281
flat,vatika sovereign park,3.2,sector 99,9922.0,4,4,0,5.0,Under Construction,3225.0,0,0,0,0,0,1,142.0,"28.4640° N, 76.9614° E",28.464,76.9614
house,Not Applicable,4.45,sector 26,35178.0,4,4,3,3.0,Old Property,1265.0,0,0,0,0,0,1,55.0,"28.4757° N, 77.1032° E",28.4757,77.1032
flat,godrej summit,1.2,sector 104,8298.0,3,2,3+,16.0,Relatively New,1607.0,1,0,0,1,0,2,112.0,"28.4788° N, 76.9960° E",28.4788,76.996
flat,mapsko mount ville,1.4,sector 79,9395.0,3,3,3,2.0,New Property,1656.0,0,0,0,0,0,2,36.0,"28.3624° N, 76.9787° E",28.3624,76.9787
flat,bestech park view grand spa,4.0,sector 81,9523.0,4,5,3+,15.0,Relatively New,3802.0,0,1,0,0,0,2,65.0,"28.3867° N, 76.9485° E",28.3867,76.9485
flat,signature global city 63a,2.0,sector 63a,12800.0,3,3,2,1.0,Under Construction,1540.0,0,0,0,0,0,1,134.0,"28.3923° N, 77.0888° E",28.3923,77.0888
flat,dlf new town heights,1.25,sector 86,6476.0,3,4,3+,2.0,Relatively New,1747.0,0,1,0,1,0,1,75.0,"28.3986° N, 76.9384° E",28.3986,76.9384
flat,sukhshanti apartment,1.65,sector 56,7006.0,3,3,3+,5.0,Moderately Old,2132.0,1,0,0,0,0,2,16.0,"28.4245° N, 77.0991° E",28.4245,77.0991
house,Not Applicable,3.6,sector 46,24845.0,5,5,3+,3.0,Moderately Old,1449.0,0,1,0,0,0,2,151.0,"28.4374° N, 77.0586° E",28.4374,77.0586
flat,m3m skywalk,1.5,sector 74,10714.0,2,2,1,8.0,New Property,1556.0,0,0,0,0,0,1,58.0,"28.4158° N, 77.0118° E",28.4158,77.0118
house,Not Applicable,4.5,sector 49,15625.0,8,8,3,3.0,Moderately Old,2880.0,1,1,1,1,0,0,84.0,"28.4121° N, 77.0480° E",28.4121,77.048
house,unitech uniworld resorts,11.5,sector 33,24573.0,5,6,3+,4.0,Relatively New,4680.0,0,1,0,0,0,1,43.0,"28.4420° N, 77.0207° E",28.442,77.0207
house,sai kripa floors 5,0.9,sector 11,11250.0,2,5,3,3.0,Relatively New,800.0,0,0,0,0,0,1,0.0,"28.4531° N, 77.0202° E",28.4531,77.0202
house,Not Applicable,2.5,sector 11,17857.0,5,4,3,1.0,Old Property,1850.0,0,0,1,0,0,1,94.0,"28.4531° N, 77.0202° E",28.4531,77.0202
house,Not Applicable,0.45,sector 7,5000.0,3,2,No,1.0,Old Property,1000.0,0,0,0,0,0,1,37.0,"28.4644° N, 77.0143° E",28.4644,77.0143
house,sector 57 huda,3.8,sector 57,26063.0,2,8,3+,4.0,Relatively New,1458.0,0,0,1,1,0,2,51.0,"28.4232° N, 77.0752° E",28.4232,77.0752
flat,signature andour heights,0.37,sector 71,7400.0,1,1,2,2.0,Relatively New,425.0,0,0,0,0,0,2,85.0,"28.4104° N, 77.0281° E",28.4104,77.0281
flat,ild greens,0.95,sector 37c,5066.0,3,3,3+,0.0,New Property,1698.0,0,0,0,0,0,1,165.0,"28.4515° N, 76.9882° E",28.4515,76.9882
flat,emaar mgf emerald floors premier,2.35,sector 65,14242.0,3,3,2,4.0,Relatively New,1650.0,1,1,0,0,0,1,109.0,"28.4030° N, 77.0690° E",28.403,77.069
flat,shree vardhman victoria,1.15,sector 70,8518.0,2,2,2,6.0,Relatively New,1500.0,1,0,0,0,0,1,157.0,"28.3968° N, 77.0233° E",28.3968,77.0233
flat,vatika gurgaon,0.78,sector 83,6265.0,2,2,2,3.0,Relatively New,850.0,1,0,0,1,0,2,49.0,"28.3986° N, 76.9647° E",28.3986,76.9647
flat,bestech park view grand spa,2.35,sector 81,8834.0,3,4,3+,10.0,Relatively New,2512.0,0,1,0,0,0,1,116.0,"28.3867° N, 76.9485° E",28.3867,76.9485
flat,tulip violet,1.4,sector 69,9102.0,3,3,1,12.0,Relatively New,1392.0,0,0,0,0,0,2,54.0,"28.3966° N, 77.0341° E",28.3966,77.0341
flat,tulip violet,1.9,sector 69,9452.0,4,4,2,0.0,Relatively New,1820.0,0,0,0,0,0,1,49.0,"28.3966° N, 77.0341° E",28.3966,77.0341
house,Not Applicable,3.65,sector 23,23442.0,3,9,3+,3.0,New Property,1557.0,0,1,0,1,0,2,0.0,"28.5121° N, 77.0478° E",28.5121,77.0478
flat,m3m golfestate,6.15,sector 65,15998.0,3,5,3+,1.0,Relatively New,4271.0,0,1,0,0,0,0,127.0,"28.4030° N, 77.0690° E",28.403,77.069
house,Not Applicable,1.7,sector 108,5666.0,4,4,3+,1.0,Moderately Old,3000.0,0,0,0,0,0,1,61.0,"28.5134° N, 76.9830° E",28.5134,76.983
flat,sare crescent parc,0.8,sector 92,4210.0,4,3,2,10.0,Relatively New,1720.0,0,0,0,0,1,1,95.0,"28.4079° N, 76.9153° E",28.4079,76.9153
flat,new sathi apartments,1.59,sector 76,7066.0,3,3,3+,3.0,Moderately Old,2250.0,1,0,0,0,0,2,20.0,"28.3935° N, 76.9888° E",28.3935,76.9888
flat,emaar gurgaon greens,1.54,sector 102,9333.0,3,3,3,12.0,Relatively New,1315.0,0,1,0,0,0,1,42.0,"28.4750° N, 76.9715° E",28.475,76.9715
flat,mapsko royale ville,0.97,sector 82,5418.0,3,4,2,16.0,Relatively New,1621.0,0,1,0,0,0,1,128.0,"28.3935° N, 76.9600° E",28.3935,76.96
flat,valley view estate,0.38,sector 2,6089.0,1,1,1,11.0,Moderately Old,565.0,0,0,0,0,0,1,16.0,"28.5095° N, 77.0320° E",28.5095,77.032
flat,tulip violet,1.7,sector 69,8445.0,4,4,2,7.0,Relatively New,1820.0,0,0,0,0,0,1,117.0,"28.3966° N, 77.0341° E",28.3966,77.0341
flat,mittal surya vihar,0.8,sector 21,7079.0,2,2,2,6.0,Old Property,1256.0,0,0,0,0,0,1,0.0,"28.5134° N, 77.0723° E",28.5134,77.0723
house,bhim garh kheri,0.75,sector 3,6410.0,4,2,2,2.0,Old Property,1170.0,0,0,0,0,0,1,49.0,"28.4909° N, 77.0176° E",28.4909,77.0176
flat,beverley park 1,8.44,sector 43,16230.0,4,5,3,9.0,Moderately Old,5000.0,0,1,0,0,0,0,28.0,"28.4629° N, 77.0772° E",28.4629,77.0772
flat,raheja vedas,2.15,sector 108,4134.0,3,4,3+,12.0,Relatively New,4600.0,1,0,0,0,0,1,174.0,"28.5134° N, 76.9830° E",28.5134,76.983
flat,godrej aria,1.0,sector 79,6653.0,2,2,2,4.0,Relatively New,1300.0,1,0,0,0,0,1,127.0,"28.3624° N, 76.9787° E",28.3624,76.9787
flat,green homes,1.85,sector 52,7872.0,3,3,3,7.0,Moderately Old,2128.0,0,1,0,0,0,1,38.0,"28.4379° N, 77.0785° E",28.4379,77.0785
flat,shri banke bihari society,1.35,sector 56,9642.0,3,3,3+,4.0,Old Property,1450.0,0,0,0,0,1,2,43.0,"28.4245° N, 77.0991° E",28.4245,77.0991
flat,dlf new town heights,1.21,sector 90,6243.0,3,3,3+,7.0,Relatively New,1929.0,0,1,0,1,0,1,0.0,"28.4085° N, 76.9369° E",28.4085,76.9369
flat,signature global synera,0.38,sector 81,9500.0,1,1,2,3.0,Relatively New,444.0,0,0,0,0,0,1,81.0,"28.3867° N, 76.9485° E",28.3867,76.9485
flat,tulip white,0.9,sector 69,6000.0,3,2,3+,1.0,Relatively New,1326.0,0,0,0,0,0,2,75.0,"28.3966° N, 77.0341° E",28.3966,77.0341
flat,godrej air,1.3,sector 85,14541.0,2,2,3,30.0,Under Construction,1130.0,0,0,0,0,0,1,0.0,"28.4042° N, 76.9513° E",28.4042,76.9513
flat,ss the coralwood,1.1,sector 84,4857.0,3,3,2,9.0,Relatively New,1584.0,0,0,0,0,0,1,49.0,"28.3979° N, 76.9736° E",28.3979,76.9736
flat,umang monsoon breeze,0.88,sector 78,4746.0,3,4,3,8.0,Moderately Old,1668.0,0,1,0,1,0,1,174.0,"28.3733° N, 76.9729° E",28.3733,76.9729
house,Not Applicable,2.25,sector 13,6944.0,10,10,2,1.0,Moderately Old,400.0,0,0,0,0,0,1,0.0,"28.4757° N, 77.0392° E",28.4757,77.0392
flat,m3m golfestate,5.5,sector 65,16959.0,3,4,3,3.0,Relatively New,2803.0,0,1,0,0,0,1,0.0,"28.4030° N, 77.0690° E",28.403,77.069
flat,emaar digihomes,2.45,sector 62,16000.0,2,2,2,7.0,New Property,1200.0,1,0,0,0,0,0,15.0,"28.4139° N, 77.0886° E",28.4139,77.0886
house,Not Applicable,1.3,sector 105,11556.0,3,3,1,1.0,Moderately Old,1125.0,0,0,0,0,0,1,9.0,"28.4952° N, 77.0114° E",28.4952,77.0114
flat,ireo the corridors,2.0,sector 67a,11580.0,3,3,2,6.0,Under Construction,1347.0,0,0,0,0,1,1,0.0,"28.3960° N, 77.0372° E",28.396,77.0372
house,ansals palam vihar,2.68,sector 23,17213.0,4,3,2,3.0,Moderately Old,1557.0,0,0,1,0,0,2,80.0,"28.5121° N, 77.0478° E",28.5121,77.0478
house,Not Applicable,7.0,sector 26,39260.0,5,5,2,3.0,Relatively New,1783.0,0,1,0,0,0,1,102.0,"28.4757° N, 77.1032° E",28.4757,77.1032
flat,ramprasta awho,0.92,sector 95,5257.0,3,3,3+,13.0,Relatively New,1750.0,0,0,0,0,0,1,49.0,"28.4172° N, 76.9081° E",28.4172,76.9081
flat,parsvnath exotica,6.44,sector 53,19000.0,4,4,3,7.0,Moderately Old,3069.0,0,1,0,0,0,2,96.0,"28.4433° N, 77.0948° E",28.4433,77.0948
flat,mapsko mount ville,1.3,sector 79,8724.0,3,3,3,19.0,Relatively New,1176.0,0,0,1,0,0,2,92.0,"28.3624° N, 76.9787° E",28.3624,76.9787
flat,orris carnation residency,0.72,sector 85,4881.0,3,3,2,9.0,Moderately Old,1350.0,0,0,0,0,1,1,87.0,"28.4042° N, 76.9513° E",28.4042,76.9513
flat,godrej summit,1.05,sector 104,5833.0,3,4,3+,7.0,Relatively New,2000.0,0,1,0,0,0,2,0.0,"28.4788° N, 76.9960° E",28.4788,76.996
flat,bestech park view residency,1.51,sector 23,7890.0,3,4,3+,8.0,Moderately Old,1738.0,0,1,0,0,0,1,101.0,"28.5121° N, 77.0478° E",28.5121,77.0478
flat,ansal housing highland park,1.1,sector 103,6242.0,3,3,3+,7.0,New Property,1500.0,0,0,0,0,0,1,28.0,"28.4949° N, 76.9845° E",28.4949,76.9845
house,unitech nirvana birch court,11.95,sector 50,36883.0,3,3,2,1.0,Moderately Old,3240.0,1,1,0,0,0,1,49.0,"28.4178° N, 77.0628° E",28.4178,77.0628
flat,corona optus,1.26,sector 37c,7250.0,3,3,3,4.0,New Property,1400.0,0,0,0,0,0,1,148.0,"28.4515° N, 76.9882° E",28.4515,76.9882
flat,pareena coban residences,1.32,sector 99a,6609.0,3,5,3,11.0,New Property,1737.0,0,1,0,0,0,1,39.0,"28.4561° N, 76.9542° E",28.4561,76.9542
flat,ss the leaf,1.3,sector 85,7779.0,2,2,3+,16.0,Relatively New,1406.0,0,0,1,0,0,1,88.0,"28.4042° N, 76.9513° E",28.4042,76.9513
house,Not Applicable,11.0,sector 25,28902.0,8,11,3+,3.0,Old Property,5000.0,1,1,0,1,1,2,90.0,"28.4844° N, 77.0860° E",28.4844,77.086
flat,dlf new town heights,1.54,sector 90,6514.0,4,4,3+,12.0,Moderately Old,2200.0,0,1,0,1,0,2,131.0,"28.4085° N, 76.9369° E",28.4085,76.9369
flat,dlf new town heights,1.75,sector 90,5720.0,4,4,3+,17.0,Relatively New,2469.0,0,1,0,1,0,1,110.0,"28.4085° N, 76.9369° E",28.4085,76.9369
flat,sare crescent parc,0.92,sector 92,4854.0,4,5,3+,14.0,Moderately Old,1895.0,0,0,0,0,0,2,51.0,"28.4079° N, 76.9153° E",28.4079,76.9153
flat,ats triumph,2.78,sector 104,8825.0,4,4,3+,11.0,Relatively New,2852.0,0,1,0,0,0,1,71.0,"28.4788° N, 76.9960° E",28.4788,76.996
flat,m3m urbana,0.95,sector 67,10895.0,1,1,1,17.0,Relatively New,826.0,0,0,0,0,0,1,138.0,"28.3859° N, 77.0608° E",28.3859,77.0608
flat,ild greens,1.0,sector 37c,4320.0,3,3,3+,5.0,Under Construction,1698.0,0,0,0,0,0,1,88.0,"28.4515° N, 76.9882° E",28.4515,76.9882
flat,ats tourmaline,1.45,sector 109,6744.0,3,4,3+,4.0,Relatively New,1797.0,0,1,0,0,0,1,101.0,"28.5073° N, 77.0089° E",28.5073,77.0089
house,satya the hermitage,4.35,sector 103,13501.0,4,4,3+,2.0,Relatively New,3222.0,1,1,1,1,0,1,127.0,"28.4949° N, 76.9845° E",28.4949,76.9845
flat,supertech araville,1.35,sector 79,9000.0,2,2,3,6.0,New Property,1350.0,1,0,0,0,1,2,75.0,"28.3624° N, 76.9787° E",28.3624,76.9787
flat,puri emerald bay,2.3,sector 104,9387.0,3,4,3+,10.0,Moderately Old,2218.0,0,1,0,0,0,1,127.0,"28.4788° N, 76.9960° E",28.4788,76.996
flat,smart world orchard,1.7,sector 61,15178.0,2,2,2,4.0,Under Construction,1244.0,1,0,0,0,0,1,89.0,"28.4050° N, 77.0963° E",28.405,77.0963
flat,rof ananda,0.36,sector 95,5658.0,2,2,2,10.0,New Property,717.0,1,0,0,0,0,1,95.0,"28.4172° N, 76.9081° E",28.4172,76.9081
flat,dlf new town heights,1.25,sector 90,6502.0,3,3,3+,5.0,Relatively New,1929.0,0,1,0,1,0,1,61.0,"28.4085° N, 76.9369° E",28.4085,76.9369
house,suncity essel towers,6.0,sector 28,22222.0,4,4,3+,3.0,Old Property,2700.0,1,0,0,0,0,2,105.0,"28.4728° N, 77.0865° E",28.4728,77.0865
flat,tulip violet,1.4,sector 69,8840.0,3,3,2,1.0,Relatively New,1429.0,0,0,0,0,0,1,111.0,"28.3966° N, 77.0341° E",28.3966,77.0341
flat,whiteland blissville,1.92,sector 76,11500.0,3,3,2,2.0,Under Construction,1672.0,0,0,0,0,0,1,26.0,"28.3935° N, 76.9888° E",28.3935,76.9888
flat,spire woods now ananda by alpha corp,1.25,sector 103,6902.0,3,4,3,11.0,Under Construction,2012.0,1,1,0,0,0,1,20.0,"28.4949° N, 76.9845° E",28.4949,76.9845
flat,vatika gurgaon,1.12,sector 83,6455.0,3,3,2,17.0,Moderately Old,1500.0,0,0,0,0,0,2,128.0,"28.3986° N, 76.9647° E",28.3986,76.9647
flat,m3m merlin,3.39,sector 67,14376.0,3,4,3,14.0,Relatively New,2100.0,0,1,0,0,0,2,167.0,"28.3859° N, 77.0608° E",28.3859,77.0608
house,Not Applicable,2.1,sector 43,4250.0,10,10,3+,5.0,New Property,549.0,0,1,0,0,0,1,57.0,"28.4629° N, 77.0772° E",28.4629,77.0772
flat,puri emerald bay,1.32,sector 104,8516.0,2,2,2,10.0,Relatively New,1403.0,0,0,0,0,0,1,16.0,"28.4788° N, 76.9960° E",28.4788,76.996
flat,dlf the belaire,10.0,sector 54,24558.0,4,5,3+,17.0,Moderately Old,3000.0,0,1,0,0,0,0,75.0,"28.4348° N, 77.1089° E",28.4348,77.1089
flat,afnhb jalvayu vihar,1.45,sector 30,11153.0,3,2,2,2.0,Old Property,1300.0,0,0,0,0,0,0,165.0,"28.4604° N, 77.0579° E",28.4604,77.0579
flat,vatika the seven lamps,1.39,sector 82,6412.0,3,3,3+,11.0,Relatively New,1956.0,1,1,0,0,0,2,49.0,"28.3935° N, 76.9600° E",28.3935,76.96
flat,experion windchants,3.65,sector 112,11428.0,3,5,2,3.0,Relatively New,2800.0,0,1,0,0,0,1,49.0,"28.5189° N, 77.0183° E",28.5189,77.0183
flat,shree vardhman flora,0.65,sector 90,4814.0,2,2,3,6.0,Relatively New,1222.0,1,0,0,0,0,1,174.0,"28.4085° N, 76.9369° E",28.4085,76.9369
flat,dlf the ultima,2.2,sector 81,10461.0,3,3,3+,5.0,Relatively New,1570.0,1,1,0,1,1,0,110.0,"28.3867° N, 76.9485° E",28.3867,76.9485
flat,mapsko paradise,0.75,sector 83,5597.0,3,3,3,10.0,New Property,1162.0,0,0,0,0,1,2,160.0,"28.3986° N, 76.9647° E",28.3986,76.9647
flat,the close north,2.7,sector 50,10364.0,3,3,3+,6.0,Moderately Old,2400.0,0,1,0,0,0,1,109.0,"28.4178° N, 77.0628° E",28.4178,77.0628
flat,godrej oasis,2.65,sector 88a,16747.0,3,3,3+,10.0,New Property,1582.0,0,0,0,0,0,1,33.0,"28.4347° N, 76.9557° E",28.4347,76.9557
house,the laburnum,11.0,sector 43,27160.0,5,6,3+,3.0,New Property,4050.0,0,1,0,1,0,2,49.0,"28.4629° N, 77.0772° E",28.4629,77.0772
flat,shree arihant apartment,1.55,sector 54,8611.0,3,3,3,3.0,Moderately Old,1900.0,0,1,0,0,0,2,174.0,"28.4348° N, 77.1089° E",28.4348,77.1089
flat,ambience creacions,2.0,sector 22,14492.0,2,2,2,9.0,Relatively New,1533.0,0,0,0,0,0,1,49.0,"28.5072° N, 77.0640° E",28.5072,77.064
flat,unitech fresco,1.88,sector 50,10479.0,3,3,3+,14.0,Moderately Old,1790.0,0,0,0,0,1,2,74.0,"28.4178° N, 77.0628° E",28.4178,77.0628
house,ss aaron ville,6.75,sector 49,15000.0,5,4,2,2.0,New Property,4500.0,0,0,0,0,1,1,49.0,"28.4121° N, 77.0480° E",28.4121,77.048
flat,umang winter hills,1.0,sector 77,7500.0,2,2,2,3.0,New Property,1489.0,0,0,0,0,0,1,47.0,"28.3801° N, 76.9845° E",28.3801,76.9845
flat,bptp mansions park prime,3.0,sector 66,10853.0,4,4,3,3.0,Relatively New,2700.0,1,1,0,1,1,2,49.0,"28.3925° N, 77.0541° E",28.3925,77.0541
flat,ambience creacions,1.65,sector 22,11956.0,2,2,2,9.0,Relatively New,1200.0,0,0,0,1,1,0,0.0,"28.5072° N, 77.0640° E",28.5072,77.064
flat,siddhi vinayak apartments,1.44,sector 55,9600.0,3,3,2,6.0,Moderately Old,1700.0,0,0,0,0,1,2,24.0,"28.4281° N, 77.1100° E",28.4281,77.11
flat,corona optus,1.25,sector 37c,8928.0,3,3,3,2.0,Relatively New,1563.0,1,0,0,0,0,1,159.0,"28.4515° N, 76.9882° E",28.4515,76.9882
house,Not Applicable,3.75,sector 5,11029.0,5,5,3+,3.0,Old Property,3400.0,0,0,0,0,0,1,15.0,"28.4794° N, 77.0176° E",28.4794,77.0176
flat,emaar gurgaon greens,1.55,sector 102,9393.0,3,4,3,7.0,Relatively New,1315.0,0,1,0,0,0,2,24.0,"28.4750° N, 76.9715° E",28.475,76.9715
flat,pivotal riddhi siddhi,0.5,sector 99,8517.0,2,1,2,7.0,New Property,652.0,0,0,0,0,0,1,143.0,"28.4640° N, 76.9614° E",28.464,76.9614
flat,dlf the skycourt,1.5,sector 86,7776.0,3,3,1,15.0,Relatively New,1550.0,0,0,0,0,0,1,103.0,"28.3986° N, 76.9384° E",28.3986,76.9384
flat,m3m heights,2.29,sector 65,15980.0,2,2,3,8.0,Under Construction,1592.0,1,0,0,0,0,1,16.0,"28.4030° N, 77.0690° E",28.403,77.069
flat,parsvnath exotica,5.0,sector 53,17241.0,3,4,3,7.0,Old Property,3222.0,0,1,0,0,0,2,124.0,"28.4433° N, 77.0948° E",28.4433,77.0948
flat,ambience lagoon,4.25,sector 25,13281.0,3,4,3+,3.0,Old Property,3202.0,0,1,0,1,0,2,174.0,"28.4844° N, 77.0860° E",28.4844,77.086
flat,shree vardhman flora,0.64,sector 90,4923.0,2,2,3,6.0,Old Property,1200.0,1,0,0,0,0,1,0.0,"28.4085° N, 76.9369° E",28.4085,76.9369
house,Not Applicable,1.3,sector 105,11555.0,3,3,1,2.0,Moderately Old,1125.0,0,0,0,0,0,1,110.0,"28.4952° N, 77.0114° E",28.4952,77.0114
flat,microtek greenburg,1.65,sector 86,8707.0,3,4,3,8.0,Relatively New,1716.0,0,1,0,0,0,1,114.0,"28.3986° N, 76.9384° E",28.3986,76.9384
flat,tata primanti,5.0,sector 72,11111.0,4,4,3+,2.0,Moderately Old,4500.0,1,1,0,1,1,2,76.0,"28.4225° N, 77.0211° E",28.4225,77.0211
flat,nbcc heights,0.75,sector 89,6578.0,2,2,2,6.0,Moderately Old,1032.0,0,0,0,0,0,1,15.0,"28.4253° N, 76.9439° E",28.4253,76.9439
flat,the close north,2.75,sector 50,12500.0,3,3,3,3.0,Moderately Old,2400.0,0,1,0,0,0,1,0.0,"28.4178° N, 77.0628° E",28.4178,77.0628
flat,m3m soulitude,1.28,sector 89,8827.0,3,3,2,4.0,Under Construction,1611.0,1,0,0,0,0,1,41.0,"28.4253° N, 76.9439° E",28.4253,76.9439
flat,smart world orchard,1.47,sector 61,12250.0,2,2,2,2.0,Under Construction,1333.0,1,0,0,0,0,1,55.0,"28.4050° N, 77.0963° E",28.405,77.0963
flat,housing board colony,0.3,sector 51,4630.0,1,1,0,0.0,Moderately Old,80.0,1,0,0,0,0,1,159.0,"28.4320° N, 77.0686° E",28.432,77.0686
house,sector 38 rwa,4.3,sector 38,28782.0,3,9,3+,3.0,Relatively New,1494.0,0,0,0,1,1,2,150.0,"28.4347° N, 77.0430° E",28.4347,77.043
flat,proxima tower,0.6,sector 37c,4602.0,2,2,3,5.0,Under Construction,1181.0,1,0,0,1,0,1,165.0,"28.4515° N, 76.9882° E",28.4515,76.9882
flat,sbtl caladium,1.63,sector 109,6404.0,3,3,2,8.0,Relatively New,2304.0,0,1,0,0,0,1,49.0,"28.5073° N, 77.0089° E",28.5073,77.0089
flat,ats triumph,2.6,sector 104,8813.0,4,4,3+,16.0,Relatively New,3065.0,0,1,0,0,0,2,73.0,"28.4788° N, 76.9960° E",28.4788,76.996
flat,tulip purple,1.8,sector 69,9000.0,4,5,3+,4.0,Relatively New,2200.0,0,1,0,0,0,1,80.0,"28.3966° N, 77.0341° E",28.3966,77.0341
house,Not Applicable,4.5,sector 26,33333.0,3,3,2,2.0,Old Property,1350.0,0,0,0,1,0,2,108.0,"28.4757° N, 77.1032° E",28.4757,77.1032
house,Not Applicable,3.55,sector 46,24500.0,5,4,3+,3.0,Moderately Old,1449.0,0,1,0,0,0,2,0.0,"28.4374° N, 77.0586° E",28.4374,77.0586
flat,shapoorji pallonji joyville gurugram,1.4,sector 102,11666.0,2,2,3,0.0,Relatively New,1286.0,0,0,0,0,0,1,0.0,"28.4750° N, 76.9715° E",28.475,76.9715
house,international city by sobha phase 1,5.85,sector 109,26423.0,4,5,3+,2.0,Relatively New,2214.0,0,1,0,0,0,2,63.0,"28.5073° N, 77.0089° E",28.5073,77.0089
flat,sobha city,2.9,sector 108,14478.0,3,4,2,11.0,Relatively New,2003.0,0,0,0,0,0,1,49.0,"28.5134° N, 76.9830° E",28.5134,76.983
flat,raheja atharva,1.6,sector 109,5319.0,4,1,0,0.0,New Property,3008.0,0,0,0,0,0,1,95.0,"28.5073° N, 77.0089° E",28.5073,77.0089
house,Not Applicable,0.35,sector 2,3500.0,1,4,1,1.0,Moderately Old,1000.0,0,0,0,0,0,1,98.0,"28.5095° N, 77.0320° E",28.5095,77.032
flat,pyramid urban homes 2,0.41,sector 86,6905.0,2,2,1,3.0,Relatively New,668.0,0,0,0,0,0,1,0.0,"28.3986° N, 76.9384° E",28.3986,76.9384
flat,tulip violet,1.36,sector 69,8618.0,3,3,1,12.0,Relatively New,1292.0,0,0,0,1,0,1,0.0,"28.3966° N, 77.0341° E",28.3966,77.0341
flat,kiran residency,1.54,sector 56,8324.0,3,4,3+,5.0,Old Property,1900.0,0,1,0,0,0,2,21.0,"28.4245° N, 77.0991° E",28.4245,77.0991
flat,emaar gurgaon greens,1.39,sector 102,8424.0,3,3,3,7.0,Relatively New,1494.0,0,1,0,0,0,2,142.0,"28.4750° N, 76.9715° E",28.475,76.9715
house,Not Applicable,1.25,sector 6,11574.0,2,5,1,2.0,New Property,120.0,0,0,0,1,0,1,174.0,"28.4745° N, 77.0262° E",28.4745,77.0262
flat,ats triumph,1.75,sector 104,7641.0,3,4,3+,12.0,Relatively New,2037.0,1,1,0,1,1,2,49.0,"28.4788° N, 76.9960° E",28.4788,76.996
flat,m3m golfestate,6.15,sector 65,15998.0,3,5,3+,1.0,Relatively New,4271.0,0,1,0,0,0,0,59.0,"28.4030° N, 77.0690° E",28.403,77.069
flat,indiabulls centrum park,2.14,sector 103,7443.0,4,6,3+,7.0,Relatively New,2718.0,0,1,0,0,0,1,0.0,"28.4949° N, 76.9845° E",28.4949,76.9845
flat,m3m woodshire,1.29,sector 107,8835.0,3,3,3+,1.0,Relatively New,1691.0,0,0,0,1,0,2,49.0,"28.5052° N, 76.9729° E",28.5052,76.9729
flat,shree vardhman victoria,1.1,sector 70,8461.0,2,2,2,0.0,New Property,1026.0,1,0,0,0,0,1,0.0,"28.3968° N, 77.0233° E",28.3968,77.0233
flat,indiabulls enigma,4.0,sector 110,9851.0,4,4,3,17.0,New Property,3350.0,0,0,0,0,0,1,165.0,"28.5145° N, 77.0197° E",28.5145,77.0197
house,Not Applicable,0.5,sector 9,6083.0,3,2,1,1.0,Old Property,822.0,0,0,0,0,0,1,29.0,"28.4603° N, 77.0000° E",28.4603,77.0
house,Not Applicable,3.49,sector 57,20197.0,4,4,2,3.0,Moderately Old,1728.0,1,1,0,1,0,2,174.0,"28.4232° N, 77.0752° E",28.4232,77.0752
flat,indiabulls centrum park,1.01,sector 103,8080.0,2,2,3,5.0,Relatively New,1339.0,0,0,1,0,0,2,43.0,"28.4949° N, 76.9845° E",28.4949,76.9845
house,unitech aspen greens,7.0,sector 50,32407.0,4,4,2,2.0,Old Property,2160.0,0,1,0,0,0,1,57.0,"28.4178° N, 77.0628° E",28.4178,77.0628
flat,godrej oasis,1.19,sector 88a,10162.0,2,2,3,15.0,Relatively New,1388.0,1,0,0,1,0,2,49.0,"28.4347° N, 76.9557° E",28.4347,76.9557
house,ansals palam vihar,9.0,sector 23,19231.0,5,5,2,2.0,Old Property,4680.0,1,1,1,1,0,0,61.0,"28.5121° N, 77.0478° E",28.5121,77.0478
flat,shree vardhman victoria,1.6,sector 70,8205.0,3,3,3,10.0,Relatively New,1528.0,1,1,0,1,1,1,113.0,"28.3968° N, 77.0233° E",28.3968,77.0233
flat,rof aalayas,0.45,sector 102,8404.0,2,2,1,14.0,Relatively New,568.0,0,0,0,0,0,0,61.0,"28.4750° N, 76.9715° E",28.475,76.9715
flat,shree vardhman flora,0.65,sector 90,4961.0,2,2,3,11.0,Relatively New,1225.0,1,0,0,0,0,2,174.0,"28.4085° N, 76.9369° E",28.4085,76.9369
house,Not Applicable,6.5,sector 25,36111.0,4,4,3+,2.0,Moderately Old,1800.0,1,1,1,1,0,1,0.0,"28.4844° N, 77.0860° E",28.4844,77.086
flat,whiteland blissville,1.92,sector 76,11794.0,3,3,2,3.0,Under Construction,1628.0,0,0,0,0,0,1,72.0,"28.3935° N, 76.9888° E",28.3935,76.9888
flat,experion the heartsong,1.25,sector 108,9259.0,3,3,3,1.0,Relatively New,1500.0,0,1,0,1,0,1,119.0,"28.5134° N, 76.9830° E",28.5134,76.983
flat,hcbs sports ville,0.35,sector 2,4375.0,2,2,2,8.0,Relatively New,800.0,0,0,0,0,0,1,44.0,"28.5095° N, 77.0320° E",28.5095,77.032
flat,experion the heartsong,0.9,sector 108,7014.0,2,3,3,7.0,Relatively New,1162.0,0,1,0,0,1,1,70.0,"28.5134° N, 76.9830° E",28.5134,76.983
flat,emaar gurgaon greens,1.35,sector 102,8181.0,3,3,3,5.0,Relatively New,1315.0,0,1,0,0,0,1,26.0,"28.4750° N, 76.9715° E",28.475,76.9715
flat,godrej air,1.8,sector 85,13136.0,3,3,3,30.0,Under Construction,141.0,0,0,0,0,0,1,49.0,"28.4042° N, 76.9513° E",28.4042,76.9513
flat,smartworld one dxp,2.0,sector 113,11074.0,3,3,3,12.0,New Property,1806.0,0,0,0,0,0,1,44.0,"28.5287° N, 77.0233° E",28.5287,77.0233
flat,dlf belvedere towers,3.4,sector 25,13765.0,4,4,3,1.0,Old Property,2744.0,0,1,0,0,0,1,91.0,"28.4844° N, 77.0860° E",28.4844,77.086
flat,m3m heights,2.33,sector 65,18477.0,2,2,3,35.0,Under Construction,1142.0,0,0,0,0,0,2,30.0,"28.4030° N, 77.0690° E",28.403,77.069
house,unitech nirvana birch court,7.1,sector 50,31430.0,3,3,3,1.0,Moderately Old,2259.0,0,1,0,0,0,1,156.0,"28.4178° N, 77.0628° E",28.4178,77.0628
house,Not Applicable,4.95,sector 23,20370.0,6,5,3+,3.0,Relatively New,2430.0,0,1,0,0,0,1,49.0,"28.5121° N, 77.0478° E",28.5121,77.0478
house,tata primanti,8.6,sector 72,12285.0,4,5,3+,3.0,Relatively New,7000.0,0,0,0,0,0,2,46.0,"28.4225° N, 77.0211° E",28.4225,77.0211
flat,ss the leaf,1.15,sector 85,10017.0,2,2,3+,18.0,Relatively New,1380.0,0,0,1,0,0,1,7.0,"28.4042° N, 76.9513° E",28.4042,76.9513
flat,mrg world ultimus,0.5,sector 90,6983.0,2,2,2,1.0,Under Construction,796.0,0,0,0,0,0,1,0.0,"28.4085° N, 76.9369° E",28.4085,76.9369
house,vipul tatvam villa,7.65,sector 48,19125.0,4,4,3,2.0,Moderately Old,4000.0,1,1,0,0,1,1,0.0,"28.4177° N, 77.0359° E",28.4177,77.0359
flat,unitech south park,1.13,sector 70,7000.0,3,3,2,1.0,Under Construction,1458.0,0,0,0,0,0,1,0.0,"28.3968° N, 77.0233° E",28.3968,77.0233
flat,chd avenue,1.0,sector 71,6734.0,3,3,3+,3.0,Relatively New,1344.0,0,0,0,0,0,2,135.0,"28.4104° N, 77.0281° E",28.4104,77.0281
house,Not Applicable,1.05,sector 11,9722.0,3,2,No,1.0,Moderately Old,1080.0,0,0,0,0,0,1,22.0,"28.4531° N, 77.0202° E",28.4531,77.0202
house,Not Applicable,4.5,sector 28,13889.0,4,4,No,4.0,Moderately Old,3240.0,0,0,0,0,0,1,174.0,"28.4728° N, 77.0865° E",28.4728,77.0865
house,dlf city plots,4.0,sector 26,4531.0,4,3,2,2.0,Relatively New,8829.0,0,0,0,0,0,2,53.0,"28.4757° N, 77.1032° E",28.4757,77.1032
house,Not Applicable,3.1,sector 7,13778.0,3,3,2,2.0,Old Property,2250.0,0,0,0,0,0,1,67.0,"28.4644° N, 77.0143° E",28.4644,77.0143
flat,vatika lifestyle homes,1.05,sector 83,5982.0,3,3,2,14.0,Relatively New,1589.0,1,1,1,1,0,2,61.0,"28.3986° N, 76.9647° E",28.3986,76.9647
flat,dlf the ultima,3.45,sector 81,12356.0,4,4,3+,25.0,Moderately Old,2528.0,0,1,0,0,0,1,49.0,"28.3867° N, 76.9485° E",28.3867,76.9485
flat,dhoot time residency,2.2,sector 63,12813.0,3,4,3+,8.0,Moderately Old,1554.0,1,0,0,0,0,2,160.0,"28.3971° N, 77.0867° E",28.3971,77.0867
house,Not Applicable,0.92,sector 3,15257.0,4,1,No,1.0,Moderately Old,603.0,0,0,0,0,0,1,65.0,"28.4909° N, 77.0176° E",28.4909,77.0176
flat,m3m skywalk,1.78,sector 74,12500.0,2,2,3+,12.0,Relatively New,1582.0,0,0,0,0,0,1,53.0,"28.4158° N, 77.0118° E",28.4158,77.0118
flat,green court,0.47,sector 90,6811.0,2,2,1,0.0,New Property,767.0,0,0,0,0,0,1,0.0,"28.4085° N, 76.9369° E",28.4085,76.9369
house,international city by sobha phase 1,6.0,sector 109,24691.0,4,4,3+,2.0,Relatively New,2430.0,1,1,1,1,0,1,16.0,"28.5073° N, 77.0089° E",28.5073,77.0089
flat,apex our homes,0.38,sector 37c,4108.0,2,2,1,9.0,Relatively New,925.0,0,0,0,0,0,1,79.0,"28.4515° N, 76.9882° E",28.4515,76.9882
house,vipul world,3.35,sector 48,5583.0,6,5,3+,3.0,Moderately Old,6000.0,0,0,0,0,0,1,118.0,"28.4177° N, 77.0359° E",28.4177,77.0359
house,Not Applicable,0.75,sector 36,6938.0,3,1,No,1.0,Moderately Old,1081.0,0,0,0,0,0,1,151.0,"28.4160° N, 76.9914° E",28.416,76.9914
flat,dlf wellington estate,2.09,sector 43,14615.0,3,3,2,11.0,Old Property,1295.0,0,0,0,0,0,2,156.0,"28.4629° N, 77.0772° E",28.4629,77.0772
flat,vatika lifestyle homes,1.04,sector 83,5699.0,3,2,2,2.0,Moderately Old,1500.0,0,0,0,0,0,1,35.0,"28.3986° N, 76.9647° E",28.3986,76.9647
flat,godrej,2.0,sector 79,8453.0,3,4,3+,2.0,Relatively New,2629.0,0,1,0,0,0,2,31.0,"28.3624° N, 76.9787° E",28.3624,76.9787
flat,dlf regency park,2.25,sector 28,14516.0,3,3,2,16.0,Old Property,1700.0,0,1,0,0,0,1,118.0,"28.4728° N, 77.0865° E",28.4728,77.0865
flat,vatika city homes,1.0,sector 83,5747.0,3,3,2,2.0,Relatively New,1575.0,0,0,1,0,0,2,0.0,"28.3986° N, 76.9647° E",28.3986,76.9647
flat,the penthouses at the hibiscus,8.0,sector 50,8888.0,4,3,3,7.0,Moderately Old,10000.0,0,1,0,0,0,1,88.0,"28.4178° N, 77.0628° E",28.4178,77.0628
flat,m3m skywalk,1.47,sector 74,10954.0,2,2,3,26.0,New Property,1281.0,0,0,0,0,0,2,0.0,"28.4158° N, 77.0118° E",28.4158,77.0118
flat,dlf regal gardens,1.2,sector 90,6837.0,3,3,3+,15.0,Relatively New,1572.0,0,0,0,0,0,1,0.0,"28.4085° N, 76.9369° E",28.4085,76.9369
house,Not Applicable,0.9,sector 5,8929.0,3,3,No,2.0,Old Property,112.0,0,0,0,0,0,1,67.0,"28.4794° N, 77.0176° E",28.4794,77.0176
house,Not Applicable,9.5,sector 43,42222.0,5,5,3+,2.0,Relatively New,2250.0,0,1,0,1,0,2,133.0,"28.4629° N, 77.0772° E",28.4629,77.0772
flat,elevate,6.75,sector 50,19882.0,4,4,0,10.0,Moderately Old,3395.0,0,0,0,0,0,1,8.0,"28.4178° N, 77.0628° E",28.4178,77.0628
house,bhim garh kheri,1.5,sector 3,7576.0,7,2,No,1.0,Moderately Old,1980.0,0,0,0,0,0,1,102.0,"28.4909° N, 77.0176° E",28.4909,77.0176
flat,awho shanti vihar,0.8,sector 95,8888.0,2,2,3,9.0,New Property,713.0,1,0,0,0,0,1,24.0,"28.4172° N, 76.9081° E",28.4172,76.9081
flat,emaar palm gardens,1.38,sector 83,8023.0,3,3,3,5.0,Relatively New,1350.0,0,1,0,0,0,2,119.0,"28.3986° N, 76.9647° E",28.3986,76.9647
flat,emaar mgf palm hills,1.64,sector 77,8410.0,4,3,3,9.0,Relatively New,1765.0,0,1,0,0,0,1,57.0,"28.3801° N, 76.9845° E",28.3801,76.9845
flat,smart world orchard,1.7,sector 61,15000.0,2,2,2,4.0,Under Construction,1278.0,0,0,0,0,0,1,174.0,"28.4050° N, 77.0963° E",28.405,77.0963
flat,park view apartments,1.6,sector 15,11034.0,3,3,3+,2.0,Moderately Old,1611.0,0,0,0,1,0,1,112.0,"28.4621° N, 77.0464° E",28.4621,77.0464
house,Not Applicable,6.6,sector 25,36667.0,6,7,3+,2.0,Moderately Old,1800.0,1,1,0,0,0,2,27.0,"28.4844° N, 77.0860° E",28.4844,77.086
house,unitech uniworld resorts,9.5,sector 33,23333.0,5,7,3+,2.0,Under Construction,4071.0,1,1,1,1,0,1,7.0,"28.4420° N, 77.0207° E",28.442,77.0207
flat,m3m merlin,3.0,sector 67,14655.0,3,3,3+,4.0,Relatively New,2047.0,0,0,1,0,0,2,0.0,"28.3859° N, 77.0608° E",28.3859,77.0608
flat,experion the heartsong,1.02,sector 108,7950.0,2,3,3,4.0,Relatively New,1283.0,1,0,0,0,0,1,105.0,"28.5134° N, 76.9830° E",28.5134,76.983
house,eros rosewood city,1.6,sector 49,3500.0,4,4,3,4.0,New Property,60.0,0,0,0,0,0,2,14.0,"28.4121° N, 77.0480° E",28.4121,77.048
flat,dlf royalton tower,6.2,sector 43,20687.0,4,4,3+,9.0,Moderately Old,2713.0,0,1,0,0,0,1,36.0,"28.4629° N, 77.0772° E",28.4629,77.0772
flat,global hill view,0.36,sector 11,5150.0,2,2,0,15.0,Relatively New,699.0,0,0,0,0,0,1,31.0,"28.4531° N, 77.0202° E",28.4531,77.0202
flat,vatika gurgaon,0.75,sector 83,6024.0,2,2,2,19.0,Relatively New,1150.0,0,0,0,0,1,2,60.0,"28.3986° N, 76.9647° E",28.3986,76.9647
flat,dlf regal gardens,1.25,sector 90,7167.0,3,3,2,11.0,Relatively New,1579.0,0,0,0,0,1,1,46.0,"28.4085° N, 76.9369° E",28.4085,76.9369
flat,shree vardhman victoria,1.9,sector 70,9743.0,3,3,3,10.0,New Property,1765.0,0,1,1,1,1,1,80.0,"28.3968° N, 77.0233° E",28.3968,77.0233
flat,ild grand,0.66,sector 37c,5038.0,2,2,3+,14.0,Relatively New,1310.0,0,0,0,0,0,1,157.0,"28.4515° N, 76.9882° E",28.4515,76.9882
flat,dlf the grove,5.7,sector 54,41245.0,3,3,3,1.0,Moderately Old,1382.0,0,0,0,0,0,1,174.0,"28.4348° N, 77.1089° E",28.4348,77.1089
flat,pgr shree kripaluji apartment,1.4,sector 52,6086.0,3,3,3+,8.0,Relatively New,2556.0,0,0,0,0,0,2,53.0,"28.4379° N, 77.0785° E",28.4379,77.0785
flat,unitech the residences,1.1,sector 33,9909.0,2,2,3,9.0,Moderately Old,1100.0,0,0,0,0,0,2,0.0,"28.4420° N, 77.0207° E",28.442,77.0207
flat,ss the leaf,1.2,sector 85,7317.0,2,2,3,12.0,Relatively New,1485.0,0,0,0,0,0,2,49.0,"28.4042° N, 76.9513° E",28.4042,76.9513
flat,ireo victory valley,2.87,sector 67,11903.0,3,3,3+,16.0,Relatively New,2096.0,0,1,0,0,0,2,42.0,"28.3859° N, 77.0608° E",28.3859,77.0608
flat,bestech park view city,1.78,sector 48,10022.0,3,4,2,5.0,Relatively New,1526.0,1,0,0,1,0,1,103.0,"28.4177° N, 77.0359° E",28.4177,77.0359
flat,sare petioles,1.3,sector 92,6373.0,4,4,0,7.0,Relatively New,2040.0,0,0,0,0,0,1,158.0,"28.4079° N, 76.9153° E",28.4079,76.9153
flat,pioneer park,2.1,sector 61,11666.0,3,3,3,15.0,Relatively New,1593.0,0,0,0,0,0,2,75.0,"28.4050° N, 77.0963° E",28.405,77.0963
flat,ireo victory valley,3.49,sector 67,13000.0,3,3,3,19.0,Relatively New,2724.0,0,1,0,0,0,1,96.0,"28.3859° N, 77.0608° E",28.3859,77.0608
flat,godrej,1.34,sector 79,8524.0,3,3,3,7.0,Relatively New,1423.0,0,0,0,0,0,1,141.0,"28.3624° N, 76.9787° E",28.3624,76.9787
flat,ss the leaf,1.1,sector 85,12471.0,2,2,3,12.0,Relatively New,1173.0,1,0,0,0,0,1,57.0,"28.4042° N, 76.9513° E",28.4042,76.9513
house,iffco nagar and 17b rwa,2.98,sector 17,20566.0,2,6,3+,3.0,Relatively New,1449.0,1,0,0,1,0,1,28.0,"28.4791° N, 77.0608° E",28.4791,77.0608
house,Not Applicable,4.75,sector 57,28788.0,3,3,3,2.0,Moderately Old,1650.0,0,0,1,0,0,2,174.0,"28.4232° N, 77.0752° E",28.4232,77.0752
flat,unitech uniworld city,3.55,sector 30,14991.0,3,5,3+,16.0,Old Property,2367.0,0,1,0,0,0,2,0.0,"28.4604° N, 77.0579° E",28.4604,77.0579
flat,suncity avenue 76,0.75,sector 76,10204.0,2,2,2,11.0,Under Construction,665.0,0,0,0,0,0,1,42.0,"28.3935° N, 76.9888° E",28.3935,76.9888
flat,dlf regal gardens,1.26,sector 90,7403.0,3,3,3,6.0,Relatively New,1604.0,0,0,0,0,1,2,21.0,"28.4085° N, 76.9369° E",28.4085,76.9369
flat,ats triumph,2.65,sector 104,8412.0,4,4,3+,10.0,Relatively New,2852.0,0,1,0,0,0,1,174.0,"28.4788° N, 76.9960° E",28.4788,76.996
flat,parkwood westend,0.7,sector 92,5204.0,2,2,3,5.0,Under Construction,1218.0,1,0,0,0,0,1,89.0,"28.4079° N, 76.9153° E",28.4079,76.9153
flat,alpha corp gurgaonone,2.2,sector 84,7586.0,4,4,3,10.0,Relatively New,3222.0,0,1,0,0,0,1,153.0,"28.3979° N, 76.9736° E",28.3979,76.9736
flat,emaar palm gardens,1.73,sector 83,9105.0,3,3,3,5.0,Relatively New,1600.0,0,1,0,0,0,2,174.0,"28.3986° N, 76.9647° E",28.3986,76.9647
flat,ramsons kshitij,0.45,sector 95,4591.0,2,2,1,2.0,Relatively New,887.0,1,0,0,0,0,1,45.0,"28.4172° N, 76.9081° E",28.4172,76.9081
flat,puri diplomatic greens,2.25,sector 111,13235.0,3,3,2,12.0,Relatively New,1539.0,0,0,0,0,0,1,119.0,"28.5238° N, 77.0320° E",28.5238,77.032
house,dlf city plots phase 4,9.54,sector 28,29444.0,6,5,3+,3.0,New Property,3240.0,1,1,1,1,0,1,94.0,"28.4728° N, 77.0865° E",28.4728,77.0865
flat,m3m soulitude,1.3,sector 89,8700.0,3,3,2,1.0,New Property,1179.0,0,0,0,0,1,1,105.0,"28.4253° N, 76.9439° E",28.4253,76.9439
flat,tulip ivory,5.0,sector 70,10416.0,6,7,3+,0.0,Relatively New,5333.0,1,1,0,0,0,1,153.0,"28.3968° N, 77.0233° E",28.3968,77.0233
flat,parsvnath green ville,1.86,sector 48,7654.0,3,3,3+,6.0,Moderately Old,2200.0,0,1,0,0,0,2,90.0,"28.4177° N, 77.0359° E",28.4177,77.0359
flat,dlf park place,4.86,sector 54,25920.0,3,4,3+,7.0,Relatively New,1875.0,0,1,0,0,0,2,166.0,"28.4348° N, 77.1089° E",28.4348,77.1089
flat,emaar mgf palm terraces,4.5,sector 66,10599.0,5,5,3+,11.0,New Property,3323.0,0,1,0,0,0,1,80.0,"28.3925° N, 77.0541° E",28.3925,77.0541
flat,ss the leaf,1.3,sector 85,7926.0,2,2,2,17.0,New Property,1485.0,0,0,0,0,0,1,31.0,"28.4042° N, 76.9513° E",28.4042,76.9513
flat,ramprastha the edge towers,0.8,sector 37d,8888.0,2,2,3,10.0,Relatively New,1310.0,0,0,0,0,1,1,0.0,"28.4478° N, 76.9703° E",28.4478,76.9703
house,eros rosewood villas,2.75,sector 49,19841.0,3,3,1,2.0,Old Property,1386.0,0,0,0,0,1,2,0.0,"28.4121° N, 77.0480° E",28.4121,77.048
flat,dlf city,2.02,sector 103,8080.0,4,3,1,2.0,New Property,2263.0,0,0,0,0,0,1,0.0,"28.4949° N, 76.9845° E",28.4949,76.9845
house,Not Applicable,1.75,sector 7,11111.0,4,2,2,2.0,Old Property,1575.0,0,0,0,0,1,1,38.0,"28.4644° N, 77.0143° E",28.4644,77.0143
house,Not Applicable,2.25,sector 7,16892.0,5,3,No,2.0,Old Property,148.0,0,0,0,0,0,1,49.0,"28.4644° N, 77.0143° E",28.4644,77.0143
house,ansals palam vihar,5.0,sector 23,12500.0,6,4,No,3.0,Old Property,4000.0,0,0,0,0,0,1,49.0,"28.5121° N, 77.0478° E",28.5121,77.0478
house,Not Applicable,4.3,sector 47,29312.0,3,4,2,2.0,Moderately Old,1467.0,0,0,0,0,1,1,26.0,"28.4276° N, 77.0492° E",28.4276,77.0492
flat,sare crescent parc,1.0,sector 92,5128.0,4,3,2,1.0,Relatively New,2167.0,0,0,0,0,0,1,42.0,"28.4079° N, 76.9153° E",28.4079,76.9153
flat,vipul lavanya,0.6,sector 81,6666.0,2,2,1,0.0,Relatively New,1000.0,0,0,0,0,0,1,67.0,"28.3867° N, 76.9485° E",28.3867,76.9485
flat,dlf beverly park,8.0,sector 25,15384.0,5,5,3+,2.0,Old Property,5778.0,1,1,0,1,1,0,60.0,"28.4844° N, 77.0860° E",28.4844,77.086
flat,microtek greenburg,1.3,sector 86,8756.0,2,2,3,10.0,Relatively New,1340.0,1,0,0,0,0,1,101.0,"28.3986° N, 76.9384° E",28.3986,76.9384
flat,surya vihar rwa,1.3,sector 4,6500.0,5,5,2,2.0,Old Property,2400.0,1,1,1,0,0,2,102.0,"28.4738° N, 77.0107° E",28.4738,77.0107
flat,suncity heights,3.85,sector 54,16445.0,3,3,3+,8.0,Old Property,2119.0,0,1,0,0,0,1,49.0,"28.4348° N, 77.1089° E",28.4348,77.1089
flat,shree vardhman flora,0.8,sector 90,5925.0,2,3,2,0.0,Relatively New,1350.0,0,0,0,0,0,1,174.0,"28.4085° N, 76.9369° E",28.4085,76.9369
house,ansal sushant residency,4.6,sector 57,17037.0,6,6,3,3.0,Old Property,2700.0,1,1,1,1,0,0,174.0,"28.4232° N, 77.0752° E",28.4232,77.0752
flat,bptp terra,1.8,sector 37d,8215.0,4,3,3,18.0,Relatively New,2025.0,1,1,0,1,0,1,125.0,"28.4478° N, 76.9703° E",28.4478,76.9703
flat,ss the leaf,1.11,sector 85,6851.0,2,2,3,8.0,Relatively New,1630.0,0,0,1,0,0,1,174.0,"28.4042° N, 76.9513° E",28.4042,76.9513
flat,rof ananda,0.32,sector 95,5827.0,2,2,1,9.0,Relatively New,610.0,0,0,0,1,0,2,77.0,"28.4172° N, 76.9081° E",28.4172,76.9081
flat,la vida by tata housing,3.05,sector 113,15561.0,3,4,3,3.0,Relatively New,2150.0,0,1,0,0,0,1,62.0,"28.5287° N, 77.0233° E",28.5287,77.0233
flat,chd avenue,1.4,sector 71,7945.0,3,3,2,1.0,Moderately Old,1958.0,0,0,0,1,0,2,77.0,"28.4104° N, 77.0281° E",28.4104,77.0281
flat,la vida by tata housing,2.35,sector 113,10599.0,3,3,3,11.0,New Property,2210.0,0,1,0,0,0,1,151.0,"28.5287° N, 77.0233° E",28.5287,77.0233
flat,smart world gems,1.1,sector 89,9972.0,2,2,2,3.0,New Property,1226.0,0,0,1,0,0,1,49.0,"28.4253° N, 76.9439° E",28.4253,76.9439
flat,4s aradhya homes,1.9,sector 92,8863.0,4,4,3,3.0,New Property,1992.0,0,0,0,0,0,2,85.0,"28.4079° N, 76.9153° E",28.4079,76.9153
flat,sobha city,3.75,sector 108,14938.0,3,3,2,16.0,New Property,2121.0,0,1,0,0,0,1,86.0,"28.5134° N, 76.9830° E",28.5134,76.983
flat,krrish provence estate,5.5,sector 2,9482.0,4,5,3+,11.0,New Property,5251.0,1,1,0,1,0,1,0.0,"28.5095° N, 77.0320° E",28.5095,77.032
flat,dlf the ultima,2.35,sector 81,11174.0,3,3,3+,14.0,Relatively New,1550.0,1,1,0,1,1,0,165.0,"28.3867° N, 76.9485° E",28.3867,76.9485
flat,bestech park view residency,0.98,sector 23,6961.0,2,2,3,0.0,Moderately Old,1281.0,0,0,0,0,0,1,152.0,"28.5121° N, 77.0478° E",28.5121,77.0478
house,u block dlf phase 3 road no 21,1.6,sector 25,3292.0,7,5,3+,4.0,Old Property,540.0,0,0,0,0,0,1,65.0,"28.4844° N, 77.0860° E",28.4844,77.086
flat,bestech park view ananda,0.95,sector 81,6985.0,2,2,2,14.0,Relatively New,1260.0,0,0,0,0,0,2,35.0,"28.3867° N, 76.9485° E",28.3867,76.9485
house,Not Applicable,17.0,sector 40,37778.0,5,8,3+,3.0,Relatively New,4500.0,1,1,1,1,0,0,72.0,"28.4498° N, 77.0567° E",28.4498,77.0567
flat,sare green parc phase 3,0.95,sector 92,4856.0,4,3,3,4.0,Moderately Old,1771.0,0,0,0,0,0,1,31.0,"28.4079° N, 76.9153° E",28.4079,76.9153
flat,shapoorji pallonji joyville gurugram,2.12,sector 102,16960.0,3,3,3,9.0,Relatively New,1852.0,0,0,0,0,0,1,134.0,"28.4750° N, 76.9715° E",28.475,76.9715
flat,conscient elevate,3.78,sector 59,16500.0,3,3,3,3.0,Under Construction,2550.0,0,0,0,0,0,1,117.0,"28.4051° N, 77.1097° E",28.4051,77.1097
flat,sunischit apartments,1.69,sector 54,7954.0,3,3,3+,5.0,Old Property,1992.0,0,1,0,0,0,2,38.0,"28.4348° N, 77.1089° E",28.4348,77.1089
flat,parsvnath exotica,4.8,sector 53,14680.0,3,4,3+,12.0,New Property,2895.0,0,0,0,0,0,1,44.0,"28.4433° N, 77.0948° E",28.4433,77.0948
flat,puri diplomatic greens,5.25,sector 111,11666.0,4,6,3+,7.0,Relatively New,4074.0,0,1,0,0,0,2,142.0,"28.5238° N, 77.0320° E",28.5238,77.032
flat,emaar mgf the palm drive,3.2,sector 66,17777.0,3,3,3,12.0,Relatively New,1800.0,1,1,1,1,0,1,100.0,"28.3925° N, 77.0541° E",28.3925,77.0541
flat,smart world gems,1.01,sector 89,9156.0,2,2,2,4.0,Under Construction,1226.0,1,0,0,0,0,1,174.0,"28.4253° N, 76.9439° E",28.4253,76.9439
flat,shapoorji pallonji joyville gurugram,1.76,sector 102,10224.0,3,3,3,1.0,Relatively New,1532.0,0,0,0,0,0,1,79.0,"28.4750° N, 76.9715° E",28.475,76.9715
flat,emaar mgf emerald floors premier,2.77,sector 65,14025.0,4,4,3+,3.0,Relatively New,2194.0,1,1,0,0,0,0,49.0,"28.4030° N, 77.0690° E",28.403,77.069
flat,mapsko mount ville,1.3,sector 79,8024.0,3,3,3+,1.0,Relatively New,1213.0,0,0,0,0,0,2,49.0,"28.3624° N, 76.9787° E",28.3624,76.9787
flat,paras dews,1.25,sector 106,10656.0,3,4,3,14.0,Relatively New,1305.0,1,1,0,0,0,1,103.0,"28.5007° N, 77.0003° E",28.5007,77.0003
flat,vatika sovereign next sector-82 a gurgaon,2.91,sector 82a,6700.0,4,4,3,6.0,Under Construction,3902.0,1,1,1,0,0,2,15.0,"28.3858° N, 76.9686° E",28.3858,76.9686
flat,shree vardhman victoria,1.55,sector 70,7948.0,3,3,3,6.0,Relatively New,1528.0,1,1,0,1,1,1,117.0,"28.3968° N, 77.0233° E",28.3968,77.0233
flat,shree vardhman flora,0.65,sector 90,5000.0,2,2,2,12.0,Old Property,1177.0,1,0,0,0,0,1,83.0,"28.4085° N, 76.9369° E",28.4085,76.9369
flat,dlf royalton tower,6.5,sector 43,22108.0,4,5,2,8.0,Relatively New,2662.0,0,1,0,0,0,1,64.0,"28.4629° N, 77.0772° E",28.4629,77.0772
flat,bestech altura,1.72,sector 79,8000.0,3,4,3+,5.0,Relatively New,1695.0,0,1,0,0,0,1,60.0,"28.3624° N, 76.9787° E",28.3624,76.9787
flat,ats triumph,1.85,sector 104,8078.0,3,4,3+,14.0,Relatively New,2073.0,1,1,1,1,0,1,30.0,"28.4788° N, 76.9960° E",28.4788,76.996
flat,bestech park view residency,0.98,sector 23,6932.0,2,2,3,11.0,Moderately Old,1281.0,0,0,0,0,0,1,131.0,"28.5121° N, 77.0478° E",28.5121,77.0478
flat,emaar mgf emerald floors premier,2.35,sector 65,16206.0,3,3,3,2.0,Relatively New,1500.0,1,1,0,0,0,2,63.0,"28.4030° N, 77.0690° E",28.403,77.069
flat,elan mercado,0.85,sector 80,12408.0,1,1,1,15.0,Relatively New,761.0,0,0,0,0,0,1,7.0,"28.3659° N, 76.9557° E",28.3659,76.9557
flat,ambience lagoon,4.25,sector 25,13281.0,3,4,3+,3.0,Old Property,3202.0,0,1,1,0,0,2,0.0,"28.4844° N, 77.0860° E",28.4844,77.086
flat,ramprastha the edge towers,1.1,sector 37d,5528.0,3,3,3,9.0,Relatively New,1990.0,0,0,0,0,0,1,0.0,"28.4478° N, 76.9703° E",28.4478,76.9703
flat,pioneer araya,9.2,sector 62,19943.0,4,6,3,5.0,Relatively New,3868.0,0,1,0,1,0,2,130.0,"28.4139° N, 77.0886° E",28.4139,77.0886
house,Not Applicable,1.95,sector 7,13542.0,2,2,2,2.0,Old Property,1440.0,0,0,0,0,0,1,90.0,"28.4644° N, 77.0143° E",28.4644,77.0143
flat,ats kocoon,1.7,sector 109,9742.0,3,3,3,21.0,Moderately Old,1550.0,0,0,0,0,0,1,0.0,"28.5073° N, 77.0089° E",28.5073,77.0089
flat,jmd gardens,3.25,sector 33,7510.0,4,4,3+,17.0,Old Property,4809.0,0,1,0,0,0,2,83.0,"28.4420° N, 77.0207° E",28.442,77.0207
flat,antriksh heights,0.85,sector 84,4927.0,3,3,3+,10.0,Relatively New,1562.0,1,0,0,0,0,1,49.0,"28.3979° N, 76.9736° E",28.3979,76.9736
flat,bestech park view grand spa,4.2,sector 81,10000.0,4,4,3+,25.0,Relatively New,3512.0,0,1,0,0,0,2,27.0,"28.3867° N, 76.9485° E",28.3867,76.9485
flat,godrej,0.95,sector 33,6859.0,2,2,3+,3.0,Under Construction,1254.0,0,0,0,0,0,1,112.0,"28.4420° N, 77.0207° E",28.442,77.0207
flat,m3m golfestate,1.4,sector 79,10000.0,2,2,2,4.0,Relatively New,1556.0,1,1,1,0,0,0,32.0,"28.3624° N, 76.9787° E",28.3624,76.9787
house,Not Applicable,2.95,sector 51,10926.0,4,4,2,4.0,Relatively New,2700.0,0,1,0,0,0,2,107.0,"28.4320° N, 77.0686° E",28.432,77.0686
house,huda flats,2.3,sector 7,17037.0,5,3,3+,3.0,Old Property,1350.0,1,1,0,1,0,1,160.0,"28.4644° N, 77.0143° E",28.4644,77.0143
house,nirvana cedar crest,3.99,sector 50,8866.0,4,5,3+,4.0,New Property,4500.0,0,1,0,1,0,2,15.0,"28.4178° N, 77.0628° E",28.4178,77.0628
house,Not Applicable,3.9,sector 38,21242.0,6,6,3+,3.0,Moderately Old,1836.0,1,1,0,1,0,1,21.0,"28.4347° N, 77.0430° E",28.4347,77.043
flat,bptp terra,1.45,sector 37d,8006.0,3,3,3,9.0,Relatively New,1640.0,0,0,0,0,0,1,56.0,"28.4478° N, 76.9703° E",28.4478,76.9703
house,Not Applicable,3.5,sector 25,32407.0,2,4,3,3.0,Old Property,1080.0,0,0,0,0,0,1,140.0,"28.4844° N, 77.0860° E",28.4844,77.086
house,vipul tatvam villa,8.5,sector 48,26235.0,4,4,1,2.0,Relatively New,3240.0,0,0,0,0,0,1,0.0,"28.4177° N, 77.0359° E",28.4177,77.0359
flat,bestech park view grand spa,2.29,sector 81,8609.0,3,4,3+,10.0,Relatively New,2315.0,1,1,0,0,0,0,49.0,"28.3867° N, 76.9485° E",28.3867,76.9485
flat,bestech park view grand spa,4.7,sector 81,6786.0,4,4,3+,19.0,Relatively New,6270.0,0,1,0,0,0,2,0.0,"28.3867° N, 76.9485° E",28.3867,76.9485
flat,sare crescent parc,1.0,sector 92,4778.0,4,4,3,9.0,Relatively New,2093.0,0,0,0,0,0,1,119.0,"28.4079° N, 76.9153° E",28.4079,76.9153
house,ansals palam vihar,2.75,sector 23,17662.0,3,3,3,2.0,Moderately Old,1557.0,1,0,0,1,0,2,174.0,"28.5121° N, 77.0478° E",28.5121,77.0478
flat,pareena coban residences,1.45,sector 99a,7260.0,3,5,3,11.0,Relatively New,1808.0,0,1,0,0,1,2,165.0,"28.4561° N, 76.9542° E",28.4561,76.9542
house,Not Applicable,0.75,sector 3,6410.0,2,2,No,1.0,Moderately Old,130.0,0,0,0,0,0,1,72.0,"28.4909° N, 77.0176° E",28.4909,77.0176
flat,dlf the skycourt,1.35,sector 86,6998.0,3,3,1,9.0,Relatively New,1746.0,0,0,0,0,0,1,35.0,"28.3986° N, 76.9384° E",28.3986,76.9384
flat,bestech park view city,2.65,sector 48,10323.0,4,4,3+,11.0,Moderately Old,2134.0,1,1,0,0,0,2,174.0,"28.4177° N, 77.0359° E",28.4177,77.0359
flat,emaar palm gardens,1.76,sector 83,9263.0,3,3,3,6.0,Relatively New,1500.0,0,1,0,0,0,2,127.0,"28.3986° N, 76.9647° E",28.3986,76.9647
flat,ansal harmony homes,1.12,sector 57,10666.0,2,2,1,0.0,Old Property,951.0,0,0,0,0,0,1,85.0,"28.4232° N, 77.0752° E",28.4232,77.0752
flat,signature global the millennia,0.6,sector 37d,9230.0,2,2,3,7.0,New Property,625.0,0,0,0,0,0,1,0.0,"28.4478° N, 76.9703° E",28.4478,76.9703
flat,parsvnath exotica,6.5,sector 53,19174.0,4,5,3+,10.0,Relatively New,3000.0,1,1,0,1,0,2,174.0,"28.4433° N, 77.0948° E",28.4433,77.0948
flat,m3m sierra 68,1.1,sector 68,8986.0,2,2,3,1.0,Relatively New,1150.0,0,0,0,0,0,2,134.0,"28.3853° N, 77.0484° E",28.3853,77.0484
house,huda,3.5,sector 38,24005.0,3,2,3,2.0,Moderately Old,1458.0,0,0,1,0,0,2,0.0,"28.4347° N, 77.0430° E",28.4347,77.043
flat,ansal housing highland park,0.8,sector 103,5878.0,2,2,2,9.0,Relatively New,1361.0,0,0,0,0,0,1,49.0,"28.4949° N, 76.9845° E",28.4949,76.9845
flat,m3m woodshire,0.8,sector 107,5856.0,2,2,3+,6.0,Relatively New,1204.0,0,0,0,1,0,2,61.0,"28.5052° N, 76.9729° E",28.5052,76.9729
flat,guru gram haryana cghs,1.39,sector 56,7227.0,3,3,3,4.0,Moderately Old,1738.0,1,0,0,0,0,2,39.0,"28.4245° N, 77.0991° E",28.4245,77.0991
flat,sare crescent parc,0.82,sector 92,5384.0,3,3,3+,12.0,Relatively New,1523.0,0,0,0,0,0,1,42.0,"28.4079° N, 76.9153° E",28.4079,76.9153
flat,satya the hermitage,0.8,sector 103,5517.0,2,2,0,10.0,Relatively New,1450.0,0,0,0,0,0,1,151.0,"28.4949° N, 76.9845° E",28.4949,76.9845
flat,raheja revanta,1.2,sector 78,10018.0,1,2,2,32.0,Under Construction,823.0,0,0,0,0,0,1,96.0,"28.3733° N, 76.9729° E",28.3733,76.9729
flat,experion windchants,4.75,sector 112,12622.0,3,5,3+,4.0,Relatively New,3407.0,0,1,0,0,0,2,30.0,"28.5189° N, 77.0183° E",28.5189,77.0183
flat,prime habitat,0.32,sector 99a,4657.0,2,2,1,7.0,Relatively New,601.0,0,0,0,0,0,1,111.0,"28.4561° N, 76.9542° E",28.4561,76.9542
flat,vatika independent floors,1.16,sector 82,6987.0,3,3,3+,1.0,Relatively New,1844.0,0,1,1,1,0,2,49.0,"28.3935° N, 76.9600° E",28.3935,76.96
flat,dlf new town heights,1.28,sector 86,8205.0,3,4,3+,12.0,Moderately Old,1740.0,0,1,0,1,0,1,60.0,"28.3986° N, 76.9384° E",28.3986,76.9384
flat,umang monsoon breeze,0.62,sector 78,5004.0,2,2,1,7.0,Moderately Old,1115.0,0,0,1,0,0,1,0.0,"28.3733° N, 76.9729° E",28.3733,76.9729
flat,pivotal riddhi siddhi,0.4,sector 99,4444.0,2,2,2,9.0,New Property,734.0,0,0,0,0,0,1,140.0,"28.4640° N, 76.9614° E",28.464,76.9614
flat,dlf the primus,3.5,sector 82a,13430.0,5,5,3+,14.0,Relatively New,2896.0,1,0,0,0,0,0,0.0,"28.3858° N, 76.9686° E",28.3858,76.9686
house,Not Applicable,0.95,sector 48,8920.0,3,10,3+,3.0,New Property,1065.0,0,0,0,0,0,1,61.0,"28.4177° N, 77.0359° E",28.4177,77.0359
flat,indiabulls enigma,3.45,sector 110,10147.0,4,4,3,9.0,Moderately Old,3078.0,0,1,0,0,0,2,74.0,"28.5145° N, 77.0197° E",28.5145,77.0197
flat,vatika city,2.65,sector 49,11770.0,3,4,3,11.0,Moderately Old,2251.0,0,1,0,1,0,2,148.0,"28.4121° N, 77.0480° E",28.4121,77.048
flat,raheja navodaya,1.1,sector 92,4681.0,3,2,3,0.0,Relatively New,2350.0,0,0,0,0,0,1,61.0,"28.4079° N, 76.9153° E",28.4079,76.9153
flat,dlf regal gardens,1.78,sector 90,8040.0,4,4,3+,12.0,Relatively New,2005.0,0,0,0,0,0,1,49.0,"28.4085° N, 76.9369° E",28.4085,76.9369
house,arjun marg/ sector- 26 phase- 1/ golf course road,31.5,sector 26,35000.0,7,9,3+,3.0,Moderately Old,9000.0,1,1,1,1,0,0,101.0,"28.4757° N, 77.1032° E",28.4757,77.1032
flat,ss the leaf,1.3,sector 85,10483.0,2,2,3+,10.0,Relatively New,1491.0,0,0,1,0,0,1,43.0,"28.4042° N, 76.9513° E",28.4042,76.9513
house,dlf the arbour,8.5,sector 63,21519.0,4,4,3+,27.0,Moderately Old,3950.0,0,0,0,0,0,1,44.0,"28.3971° N, 77.0867° E",28.3971,77.0867
flat,bestech park view grand spa,2.91,sector 81,9136.0,4,5,2,6.0,Relatively New,3018.0,0,1,0,0,0,2,72.0,"28.3867° N, 76.9485° E",28.3867,76.9485
house,Not Applicable,6.0,sector 23,24691.0,5,6,3+,3.0,Old Property,2430.0,1,0,0,1,1,2,141.0,"28.5121° N, 77.0478° E",28.5121,77.0478
flat,smart world gems,0.9,sector 89,8159.0,2,2,2,2.0,New Property,999.0,1,0,0,0,1,1,95.0,"28.4253° N, 76.9439° E",28.4253,76.9439
flat,dlf the ultima,2.4,sector 81,11412.0,3,3,3+,12.0,Relatively New,1650.0,0,1,0,0,0,0,98.0,"28.3867° N, 76.9485° E",28.3867,76.9485
flat,shapoorji pallonji joyville gurugram,2.04,sector 102,14068.0,3,3,3+,1.0,Relatively New,1644.0,0,0,0,0,0,1,53.0,"28.4750° N, 76.9715° E",28.475,76.9715
flat,shapoorji pallonji joyville gurugram,1.24,sector 102,10205.0,2,2,2,10.0,Relatively New,1100.0,0,0,0,0,0,1,39.0,"28.4750° N, 76.9715° E",28.475,76.9715
flat,tulip violet,2.0,sector 69,9950.0,4,4,2,0.0,Relatively New,1820.0,0,0,0,0,0,1,0.0,"28.3966° N, 77.0341° E",28.3966,77.0341
flat,dlf regency park,1.91,sector 28,16608.0,2,2,2,11.0,New Property,1278.0,0,0,0,0,0,0,69.0,"28.4728° N, 77.0865° E",28.4728,77.0865
flat,rof ananda,0.2,sector 95,5599.0,1,1,1,2.0,Relatively New,407.0,0,0,0,1,0,1,38.0,"28.4172° N, 76.9081° E",28.4172,76.9081
flat,palam vihar society,0.4,sector 23,8602.0,1,1,1,5.0,Moderately Old,450.0,0,0,0,0,0,2,49.0,"28.5121° N, 77.0478° E",28.5121,77.0478
house,Not Applicable,0.69,sector 7,9103.0,1,1,1,2.0,Old Property,758.0,0,0,0,0,0,1,0.0,"28.4644° N, 77.0143° E",28.4644,77.0143
flat,vatika the seven lamps,1.0,sector 82,6969.0,2,2,2,14.0,Relatively New,1299.0,1,0,0,0,1,1,38.0,"28.3935° N, 76.9600° E",28.3935,76.96
flat,dlf the primus,1.85,sector 82a,10176.0,3,3,3,15.0,Moderately Old,1677.0,0,0,0,0,1,1,174.0,"28.3858° N, 76.9686° E",28.3858,76.9686
flat,ss the leaf,1.85,sector 85,7682.0,3,4,3,2.0,Relatively New,2180.0,1,1,0,0,0,2,0.0,"28.4042° N, 76.9513° E",28.4042,76.9513
flat,unitech sunbreeze,0.75,sector 69,6849.0,2,2,2,4.0,Under Construction,991.0,0,0,0,0,0,1,49.0,"28.3966° N, 77.0341° E",28.3966,77.0341
flat,dlf regal gardens,1.7,sector 90,7223.0,4,4,3+,15.0,Moderately Old,2005.0,0,1,0,0,0,1,68.0,"28.4085° N, 76.9369° E",28.4085,76.9369
flat,emaar palm gardens,1.75,sector 83,9210.0,3,3,3,6.0,Relatively New,1600.0,0,1,0,0,0,2,0.0,"28.3986° N, 76.9647° E",28.3986,76.9647
flat,unitech vistas,0.99,sector 70,6325.0,3,4,2,11.0,Under Construction,1417.0,0,0,0,0,0,1,49.0,"28.3968° N, 77.0233° E",28.3968,77.0233
flat,sare green parc 2,0.75,sector 92,4745.0,3,3,3,2.0,Relatively New,1415.0,0,0,0,0,1,2,8.0,"28.4079° N, 76.9153° E",28.4079,76.9153
flat,project krishna colony,0.36,sector 7,5142.0,2,2,1,0.0,Relatively New,700.0,0,0,0,0,0,1,48.0,"28.4644° N, 77.0143° E",28.4644,77.0143
flat,shapoorji pallonji joyville gurugram,2.0,sector 102,10799.0,3,3,3,9.0,Relatively New,1677.0,0,0,0,0,0,1,158.0,"28.4750° N, 76.9715° E",28.475,76.9715
flat,dlf the skycourt,1.55,sector 86,8031.0,3,3,3,5.0,Relatively New,1900.0,0,0,0,0,0,1,103.0,"28.3986° N, 76.9384° E",28.3986,76.9384
flat,m3m heights,2.86,sector 65,14000.0,3,3,3,45.0,Under Construction,2267.0,0,1,0,0,0,1,0.0,"28.4030° N, 77.0690° E",28.403,77.069
flat,godrej,1.91,sector 79,8511.0,3,4,3+,7.0,Relatively New,2032.0,0,1,0,0,0,1,0.0,"28.3624° N, 76.9787° E",28.3624,76.9787
flat,ss the leaf,1.04,sector 85,5973.0,2,3,3+,4.0,Relatively New,1576.0,0,0,1,0,0,1,16.0,"28.4042° N, 76.9513° E",28.4042,76.9513
flat,sbtl caladium,1.26,sector 109,6542.0,3,2,3,8.0,Relatively New,1702.0,0,0,0,0,0,1,49.0,"28.5073° N, 77.0089° E",28.5073,77.0089
house,Not Applicable,1.8,sector 15,10000.0,4,3,1,1.0,Old Property,1800.0,0,0,0,0,0,1,49.0,"28.4621° N, 77.0464° E",28.4621,77.0464
flat,sukhshanti apartment,1.7,sector 56,7727.0,3,3,3,4.0,Moderately Old,2200.0,1,0,0,0,0,1,49.0,"28.4245° N, 77.0991° E",28.4245,77.0991
flat,pyramid urban homes 2,0.5,sector 86,9698.0,2,2,2,6.0,Old Property,573.0,0,0,0,0,0,1,0.0,"28.3986° N, 76.9384° E",28.3986,76.9384
house,Not Applicable,3.0,sector 67,11904.0,4,4,No,3.0,Moderately Old,2800.0,0,0,0,0,0,1,37.0,"28.3859° N, 77.0608° E",28.3859,77.0608
house,dlf city phase 1,5.5,sector 26,30556.0,4,4,3+,2.0,Moderately Old,1800.0,0,0,1,1,0,1,142.0,"28.4757° N, 77.1032° E",28.4757,77.1032
flat,kw royal court,2.0,sector 39,6250.0,5,4,3,9.0,Old Property,3556.0,0,1,0,0,0,0,0.0,"28.4434° N, 77.0515° E",28.4434,77.0515
flat,sare crescent parc royal greens phase 1,0.95,sector 92,5007.0,4,5,3+,4.0,Moderately Old,1717.0,0,1,0,0,0,1,174.0,"28.4079° N, 76.9153° E",28.4079,76.9153
flat,ireo the corridors,1.6,sector 67a,9264.0,3,3,2,3.0,New Property,1347.0,0,0,1,0,0,2,23.0,"28.3960° N, 77.0372° E",28.396,77.0372
flat,ansal plaza,1.0,sector 23,10000.0,2,3,0,1.0,Moderately Old,1000.0,0,0,0,0,0,1,38.0,"28.5121° N, 77.0478° E",28.5121,77.0478
house,ats tourmaline,1.87,sector 109,8697.0,3,4,No,12.0,Relatively New,2150.0,0,0,0,0,0,1,167.0,"28.5073° N, 77.0089° E",28.5073,77.0089
flat,tulip ivory,2.0,sector 70,8333.0,4,5,3+,7.0,Moderately Old,2170.0,0,1,0,0,0,2,15.0,"28.3968° N, 77.0233° E",28.3968,77.0233
flat,dlf the primus,1.87,sector 82a,10394.0,3,3,3,31.0,Moderately Old,1669.0,0,0,0,1,0,1,27.0,"28.3858° N, 76.9686° E",28.3858,76.9686
flat,paras dews,1.25,sector 106,11061.0,3,4,3+,7.0,Relatively New,1186.0,1,1,0,0,0,1,87.0,"28.5007° N, 77.0003° E",28.5007,77.0003
flat,m3m soulitude,1.42,sector 89,9978.0,3,3,2,3.0,New Property,1581.0,0,0,0,0,0,1,31.0,"28.4253° N, 76.9439° E",28.4253,76.9439
flat,signature global solera,0.28,sector 107,5674.0,2,2,2,11.0,Relatively New,543.0,0,0,0,0,0,1,23.0,"28.5052° N, 76.9729° E",28.5052,76.9729
house,Not Applicable,6.75,sector 26,27778.0,3,3,3,2.0,Moderately Old,2430.0,0,0,0,0,0,1,21.0,"28.4757° N, 77.1032° E",28.4757,77.1032
flat,pioneer araya,7.56,sector 62,18000.0,4,4,3+,23.0,Relatively New,4200.0,0,1,0,1,0,2,92.0,"28.4139° N, 77.0886° E",28.4139,77.0886
house,ansal sushant lok plots,11.5,sector 43,17692.0,7,8,3+,3.0,Old Property,9000.0,0,1,1,1,0,2,0.0,"28.4629° N, 77.0772° E",28.4629,77.0772
flat,bestech park view residency,1.01,sector 23,7137.0,2,2,3,0.0,Moderately Old,1281.0,0,0,0,0,0,1,87.0,"28.5121° N, 77.0478° E",28.5121,77.0478
flat,ansal sushant residency,1.5,sector 57,6775.0,3,2,3+,1.0,Moderately Old,273.0,0,0,0,0,0,1,49.0,"28.4232° N, 77.0752° E",28.4232,77.0752
flat,smart world orchard,1.58,sector 61,13739.0,2,2,2,3.0,New Property,1278.0,1,0,0,0,0,1,13.0,"28.4050° N, 77.0963° E",28.405,77.0963
house,Not Applicable,4.25,sector 41,26235.0,2,9,3+,4.0,Moderately Old,1620.0,1,1,0,0,0,2,160.0,"28.4557° N, 77.0632° E",28.4557,77.0632
flat,m3m urbana,1.0,sector 67,12106.0,1,1,1,17.0,Relatively New,826.0,0,0,0,0,0,1,79.0,"28.3859° N, 77.0608° E",28.3859,77.0608
flat,tarc maceo,0.89,sector 91,6339.0,2,2,3+,9.0,Relatively New,1302.0,0,0,0,0,1,2,101.0,"28.4014° N, 76.9225° E",28.4014,76.9225
flat,m3m skywalk,1.48,sector 74,12333.0,2,2,3,13.0,Relatively New,1300.0,0,0,1,0,0,1,174.0,"28.4158° N, 77.0118° E",28.4158,77.0118
house,emaar mgf marbella,12.0,sector 66,37037.0,4,4,3+,3.0,Relatively New,3240.0,1,1,1,1,0,2,40.0,"28.3925° N, 77.0541° E",28.3925,77.0541
flat,umang winter hills,0.86,sector 77,6408.0,2,2,2,16.0,New Property,1215.0,0,0,0,0,0,2,96.0,"28.3801° N, 76.9845° E",28.3801,76.9845
flat,emaar digihomes,2.15,sector 62,14257.0,2,2,3,31.0,Under Construction,1676.0,0,0,0,0,0,1,26.0,"28.4139° N, 77.0886° E",28.4139,77.0886
flat,orris carnation residency,0.55,sector 85,5788.0,2,2,2,5.0,Relatively New,1050.0,0,0,0,0,1,1,71.0,"28.4042° N, 76.9513° E",28.4042,76.9513
flat,vatika gurgaon,0.98,sector 83,8166.0,2,2,3,5.0,Relatively New,1300.0,0,0,0,0,0,2,157.0,"28.3986° N, 76.9647° E",28.3986,76.9647
flat,signature global the millennia,0.55,sector 37d,9166.0,2,2,3,3.0,New Property,610.0,0,0,0,0,0,1,0.0,"28.4478° N, 76.9703° E",28.4478,76.9703
flat,dlf park place,5.75,sector 54,24689.0,3,4,3,12.0,Relatively New,2329.0,0,1,0,0,0,0,120.0,"28.4348° N, 77.1089° E",28.4348,77.1089
flat,emaar mgf palm terraces select,3.4,sector 66,14107.0,4,4,3+,2.0,Relatively New,2210.0,0,1,0,0,0,2,174.0,"28.3925° N, 77.0541° E",28.3925,77.0541
flat,paras dews,1.1,sector 106,9734.0,3,4,3+,8.0,Relatively New,1186.0,0,1,0,0,0,2,0.0,"28.5007° N, 77.0003° E",28.5007,77.0003
flat,builder floor,0.6,sector 12,6000.0,3,2,1,3.0,New Property,950.0,0,0,0,0,0,1,49.0,"28.4723° N, 77.0320° E",28.4723,77.032
flat,suncity heights,3.25,sector 54,14118.0,3,3,3+,0.0,Old Property,2558.0,0,0,0,1,0,2,35.0,"28.4348° N, 77.1089° E",28.4348,77.1089
flat,parsvnath green ville,1.42,sector 48,8606.0,3,3,3,1.0,Moderately Old,1494.0,0,0,1,0,0,0,158.0,"28.4177° N, 77.0359° E",28.4177,77.0359
flat,pareena coban residences,1.08,sector 99a,6625.0,3,5,3,2.0,Relatively New,1750.0,0,1,0,0,1,1,117.0,"28.4561° N, 76.9542° E",28.4561,76.9542
flat,sidhivinayak apartments,1.9,sector 55,10555.0,4,3,3+,9.0,Moderately Old,2000.0,0,0,0,1,0,0,49.0,"28.4281° N, 77.1100° E",28.4281,77.11
flat,godrej,1.34,sector 79,8524.0,2,2,3,2.0,Relatively New,1423.0,1,0,0,0,0,1,21.0,"28.3624° N, 76.9787° E",28.3624,76.9787
flat,indiabulls enigma,4.0,sector 110,9851.0,4,4,3,17.0,New Property,3350.0,0,0,0,0,0,1,49.0,"28.5145° N, 77.0197° E",28.5145,77.0197
flat,signature global synera,0.5,sector 81,6802.0,2,2,3,6.0,Relatively New,700.0,0,0,0,0,0,1,60.0,"28.3867° N, 76.9485° E",28.3867,76.9485
flat,ambience creacions,2.55,sector 22,13709.0,3,3,3,5.0,Relatively New,1860.0,0,0,0,0,0,0,61.0,"28.5072° N, 77.0640° E",28.5072,77.064
flat,ss the leaf,2.13,sector 85,7574.0,4,4,3,6.0,Relatively New,2600.0,0,0,0,0,0,1,145.0,"28.4042° N, 76.9513° E",28.4042,76.9513
flat,parsvnath green ville,2.0,sector 48,7765.0,3,3,0,15.0,Relatively New,1924.0,0,1,0,0,0,1,92.0,"28.4177° N, 77.0359° E",28.4177,77.0359
flat,m3m golfestate,6.15,sector 65,18287.0,3,3,3,23.0,Moderately Old,3028.0,1,1,0,0,0,2,145.0,"28.4030° N, 77.0690° E",28.403,77.069
flat,whiteland blissville,1.9,sector 76,11363.0,3,3,2,0.0,Under Construction,1514.0,0,0,0,0,0,1,65.0,"28.3935° N, 76.9888° E",28.3935,76.9888
house,dlf city plots phase 2,10.55,sector 25,39074.0,5,6,3+,3.0,Moderately Old,2700.0,1,1,1,1,0,1,0.0,"28.4844° N, 77.0860° E",28.4844,77.086
flat,bestech park view residency,1.4,sector 23,7865.0,3,3,3+,8.0,Moderately Old,1612.0,0,0,0,0,0,1,159.0,"28.5121° N, 77.0478° E",28.5121,77.0478
house,Not Applicable,23.0,sector 26,25556.0,4,4,3+,2.0,Relatively New,9000.0,1,1,1,1,0,2,67.0,"28.4757° N, 77.1032° E",28.4757,77.1032
flat,godrej oasis,1.29,sector 88a,7800.0,3,3,3,5.0,New Property,1642.0,1,0,0,0,1,1,0.0,"28.4347° N, 76.9557° E",28.4347,76.9557
house,sector 14 rwa,6.5,sector 14,26000.0,5,5,No,4.0,Moderately Old,2500.0,0,0,0,0,0,1,27.0,"28.4711° N, 77.0454° E",28.4711,77.0454
flat,ss the leaf,2.2,sector 85,6934.0,4,5,3+,4.0,Relatively New,2546.0,0,0,0,0,0,1,72.0,"28.4042° N, 76.9513° E",28.4042,76.9513
flat,sobha city,2.33,sector 108,14463.0,3,3,3,17.0,Relatively New,1711.0,0,0,1,0,0,2,45.0,"28.5134° N, 76.9830° E",28.5134,76.983
flat,vatika india next,0.8,sector 82,6426.0,2,2,3,9.0,Relatively New,1383.0,0,0,0,0,0,1,103.0,"28.3935° N, 76.9600° E",28.3935,76.96
house,Not Applicable,3.25,sector 4,14444.0,3,3,2,2.0,Old Property,2250.0,0,0,0,0,0,1,49.0,"28.4738° N, 77.0107° E",28.4738,77.0107
flat,orchid petals,2.51,sector 49,12178.0,3,3,3+,7.0,Old Property,2061.0,1,0,0,0,0,2,0.0,"28.4121° N, 77.0480° E",28.4121,77.048
flat,signature global solera,0.29,sector 107,5930.0,2,2,2,3.0,Relatively New,543.0,0,0,0,0,0,1,115.0,"28.5052° N, 76.9729° E",28.5052,76.9729
flat,dlf the ultima,2.29,sector 81,10928.0,3,4,3+,15.0,Relatively New,1901.0,0,1,0,0,0,0,23.0,"28.3867° N, 76.9485° E",28.3867,76.9485
flat,sobha city,2.45,sector 108,14040.0,3,3,3,15.0,Relatively New,1460.0,0,0,0,0,0,1,66.0,"28.5134° N, 76.9830° E",28.5134,76.983
flat,sare crescent parc,0.87,sector 92,4971.0,4,4,2,2.0,Moderately Old,1584.0,0,0,1,0,0,0,0.0,"28.4079° N, 76.9153° E",28.4079,76.9153
flat,viridian the plaza 106,0.39,sector 106,5571.0,1,1,1,7.0,Relatively New,567.0,0,0,0,0,0,1,36.0,"28.5007° N, 77.0003° E",28.5007,77.0003
flat,tulip lemon,0.6,sector 69,10000.0,2,1,1,12.0,Relatively New,667.0,0,0,0,0,0,1,96.0,"28.3966° N, 77.0341° E",28.3966,77.0341
flat,pareena laxmi apartments,0.32,sector 99a,5786.0,2,2,2,11.0,New Property,502.0,0,0,0,0,0,1,49.0,"28.4561° N, 76.9542° E",28.4561,76.9542
flat,m3m skywalk,1.54,sector 74,10814.0,2,2,3+,15.0,Relatively New,1200.0,0,0,0,0,1,1,158.0,"28.4158° N, 77.0118° E",28.4158,77.0118
flat,samaspurkunj,0.55,sector 51,5238.0,2,2,0,5.0,Relatively New,1167.0,0,0,0,0,0,1,83.0,"28.4320° N, 77.0686° E",28.432,77.0686
flat,vipul lavanya,0.65,sector 81,5265.0,2,2,2,14.0,Moderately Old,986.0,0,0,0,0,0,1,40.0,"28.3867° N, 76.9485° E",28.3867,76.9485
flat,tulip violet,3.05,sector 69,9664.0,4,5,3+,14.0,Relatively New,2857.0,0,1,0,0,1,1,8.0,"28.3966° N, 77.0341° E",28.3966,77.0341
flat,antriksh heights,0.73,sector 84,6083.0,2,2,3+,4.0,Relatively New,1027.0,1,0,1,1,0,1,158.0,"28.3979° N, 76.9736° E",28.3979,76.9736
house,Not Applicable,4.5,sector 11,9091.0,4,5,2,2.0,Old Property,4950.0,0,0,0,0,0,1,93.0,"28.4531° N, 77.0202° E",28.4531,77.0202
flat,adani m2k oyster grande,1.95,sector 102,7561.0,3,4,3,9.0,Relatively New,2335.0,1,1,0,0,0,2,43.0,"28.4750° N, 76.9715° E",28.475,76.9715
house,dlf city plots phase 3,1.6,sector 25,3292.0,8,5,3+,4.0,Old Property,540.0,0,0,0,0,0,1,0.0,"28.4844° N, 77.0860° E",28.4844,77.086
flat,m3m merlin,4.5,sector 67,14267.0,4,4,3+,15.0,Relatively New,2855.0,0,1,0,0,0,2,174.0,"28.3859° N, 77.0608° E",28.3859,77.0608
flat,experion the heartsong,1.2,sector 108,6825.0,3,3,3+,10.0,Relatively New,1275.53,1,0,0,0,0,1,160.0,"28.5134° N, 76.9830° E",28.5134,76.983
flat,puri emerald bay,1.5,sector 104,9678.0,2,2,2,7.0,Under Construction,1403.0,0,0,0,0,1,1,0.0,"28.4788° N, 76.9960° E",28.4788,76.996
flat,tulip violet,1.19,sector 69,8814.0,2,3,1,0.0,Relatively New,1500.0,1,0,0,0,0,1,37.0,"28.3966° N, 77.0341° E",28.3966,77.0341
house,ss hibiscus,12.25,sector 50,20940.0,5,7,3+,1.0,Relatively New,5850.0,1,1,0,1,1,2,58.0,"28.4178° N, 77.0628° E",28.4178,77.0628
flat,nul,0.56,sector 2,6054.0,2,2,1,11.0,Old Property,1028.0,0,0,0,0,0,2,31.0,"28.5095° N, 77.0320° E",28.5095,77.032
flat,emaar mgf emerald floors premier,3.0,sector 65,15189.0,4,4,3+,2.0,Relatively New,1975.0,0,1,0,0,0,1,49.0,"28.4030° N, 77.0690° E",28.403,77.069
flat,godrej aria,0.96,sector 79,13296.0,2,2,3,8.0,Relatively New,1013.0,0,0,0,0,0,1,126.0,"28.3624° N, 76.9787° E",28.3624,76.9787
flat,smart world orchard,2.3,sector 61,14110.0,3,3,2,2.0,Under Construction,1476.0,1,0,0,0,0,1,174.0,"28.4050° N, 77.0963° E",28.405,77.0963
flat,signature global grand iva,0.3,sector 103,8290.0,1,2,2,5.0,New Property,402.0,0,0,0,0,0,1,0.0,"28.4949° N, 76.9845° E",28.4949,76.9845
flat,emaar palm gardens,1.4,sector 83,9675.0,3,3,3,11.0,Relatively New,1582.0,0,1,0,0,0,0,49.0,"28.3986° N, 76.9647° E",28.3986,76.9647
flat,indiabulls centrum park,1.32,sector 103,7787.0,3,3,3+,6.0,Relatively New,1300.0,1,0,0,0,0,1,106.0,"28.4949° N, 76.9845° E",28.4949,76.9845
flat,mariners home,2.11,sector 56,8612.0,3,2,3,4.0,Relatively New,2250.0,0,0,0,0,1,2,97.0,"28.4245° N, 77.0991° E",28.4245,77.0991
flat,paras dews,0.97,sector 106,8818.0,2,2,3,6.0,New Property,1200.0,0,0,0,1,0,2,174.0,"28.5007° N, 77.0003° E",28.5007,77.0003
flat,bestech park view sanskruti,1.5,sector 92,7812.0,3,3,3,3.0,Relatively New,1738.0,0,0,0,0,1,1,0.0,"28.4079° N, 76.9153° E",28.4079,76.9153
flat,dlf the icon,5.25,sector 43,20388.0,4,4,3,9.0,Old Property,2570.0,0,1,0,1,1,1,137.0,"28.4629° N, 77.0772° E",28.4629,77.0772
flat,shree vardhman flora,0.65,sector 90,4814.0,2,2,3,3.0,Relatively New,1222.0,1,0,0,0,0,1,80.0,"28.4085° N, 76.9369° E",28.4085,76.9369
house,Not Applicable,20.0,sector 26,44444.0,5,7,3+,3.0,Relatively New,4500.0,0,1,0,1,0,0,77.0,"28.4757° N, 77.1032° E",28.4757,77.1032
flat,ss the leaf,1.99,sector 85,8659.0,3,4,3+,17.0,Relatively New,2398.0,0,1,0,0,0,2,0.0,"28.4042° N, 76.9513° E",28.4042,76.9513
house,Not Applicable,1.2,sector 7,11194.0,2,4,2,3.0,Old Property,1072.0,0,0,0,0,0,1,35.0,"28.4644° N, 77.0143° E",28.4644,77.0143
flat,umang monsoon breeze,1.1,sector 78,5055.0,3,3,3+,9.0,Old Property,2176.0,0,1,0,0,0,1,36.0,"28.3733° N, 76.9729° E",28.3733,76.9729
flat,residency grand,5.0,sector 52,7692.0,5,7,3+,1.0,Moderately Old,5778.0,0,1,0,1,0,1,103.0,"28.4379° N, 77.0785° E",28.4379,77.0785
flat,emaar mgf emerald estate,1.42,sector 65,13921.0,2,2,2,6.0,Relatively New,1010.0,1,0,0,0,0,2,174.0,"28.4030° N, 77.0690° E",28.403,77.069
flat,vatika gurgaon,1.4,sector 83,7179.0,4,4,3,10.0,Relatively New,2167.0,0,1,0,0,0,1,53.0,"28.3986° N, 76.9647° E",28.3986,76.9647
house,Not Applicable,1.15,sector 23,19360.0,3,3,2,2.0,Old Property,594.0,0,0,0,0,0,2,0.0,"28.5121° N, 77.0478° E",28.5121,77.0478
house,Not Applicable,15.0,sector 26,33333.0,4,4,3,3.0,Moderately Old,4500.0,0,1,1,0,0,2,20.0,"28.4757° N, 77.1032° E",28.4757,77.1032
flat,ild greens,0.78,sector 37c,5714.0,2,2,3,1.0,Moderately Old,1068.1,0,0,0,0,0,2,38.0,"28.4515° N, 76.9882° E",28.4515,76.9882
flat,city shri ram apartments 1,0.22,sector 110,3666.0,2,1,1,1.0,Relatively New,543.0,0,0,0,0,0,1,64.0,"28.5145° N, 77.0197° E",28.5145,77.0197
flat,ss the leaf,1.2,sector 85,7317.0,2,2,3,6.0,Relatively New,1300.0,0,0,0,0,0,2,0.0,"28.4042° N, 76.9513° E",28.4042,76.9513
flat,ansal height 86,0.8,sector 86,5882.0,2,2,0,1.0,Relatively New,1360.0,0,0,0,0,0,1,0.0,"28.3986° N, 76.9384° E",28.3986,76.9384
flat,alpha corp gurgaonone,2.24,sector 84,6523.0,4,4,3,12.0,Relatively New,3166.0,0,1,0,0,0,1,159.0,"28.3979° N, 76.9736° E",28.3979,76.9736
house,hero homes,1.95,sector 104,21195.0,3,5,3+,2.0,Moderately Old,920.0,0,0,0,0,0,1,167.0,"28.4788° N, 76.9960° E",28.4788,76.996
flat,supertech hues,0.93,sector 68,8611.0,2,2,2,11.0,New Property,1200.0,0,0,0,0,0,1,70.0,"28.3853° N, 77.0484° E",28.3853,77.0484
flat,sidhartha ncr one phase,0.6,sector 95,4800.0,2,2,3,10.0,Relatively New,1250.0,0,0,0,0,0,1,149.0,"28.4172° N, 76.9081° E",28.4172,76.9081
flat,rail vihar cghs,1.35,sector 56,10384.0,3,2,2,1.0,Old Property,1275.0,0,0,0,0,1,1,49.0,"28.4245° N, 77.0991° E",28.4245,77.0991
house,Not Applicable,5.0,sector 40,21124.0,9,9,3+,3.0,Moderately Old,2367.0,0,1,1,0,0,2,74.0,"28.4498° N, 77.0567° E",28.4498,77.0567
flat,ireo skyon,3.75,sector 60,13392.0,4,5,3,15.0,Relatively New,2535.0,0,1,0,0,0,1,174.0,"28.4003° N, 77.0975° E",28.4003,77.0975
flat,dlf the ultima,2.2,sector 81,10476.0,3,4,3+,17.0,Relatively New,1901.0,0,1,0,0,0,0,38.0,"28.3867° N, 76.9485° E",28.3867,76.9485
flat,dlf the ultima,2.21,sector 81,10365.0,3,3,3+,3.0,Relatively New,1882.0,0,1,0,0,0,0,72.0,"28.3867° N, 76.9485° E",28.3867,76.9485
flat,m3m woodshire,1.01,sector 107,7394.0,2,2,3+,11.0,New Property,1200.0,0,0,0,0,1,1,93.0,"28.5052° N, 76.9729° E",28.5052,76.9729
flat,ss the leaf,1.98,sector 85,8256.0,3,4,3,12.0,Relatively New,2399.0,0,0,1,0,0,1,165.0,"28.4042° N, 76.9513° E",28.4042,76.9513
flat,shapoorji pallonji joyville gurugram,1.3,sector 102,17691.0,2,2,3,0.0,Relatively New,1009.0,0,0,1,0,0,1,31.0,"28.4750° N, 76.9715° E",28.475,76.9715
flat,indiabulls centrum park,2.45,sector 103,8521.0,4,4,3,11.0,Relatively New,2603.0,1,1,1,1,0,1,135.0,"28.4949° N, 76.9845° E",28.4949,76.9845
flat,sare crescent parc,0.5,sector 92,5000.0,2,2,2,2.0,Relatively New,905.0,0,0,0,0,1,1,0.0,"28.4079° N, 76.9153° E",28.4079,76.9153
flat,imperia the esfera,0.86,sector 37c,5449.0,2,3,3,9.0,Relatively New,1442.0,1,0,0,0,1,1,65.0,"28.4515° N, 76.9882° E",28.4515,76.9882
flat,bestech park view residency,1.5,sector 23,7825.0,3,4,3+,10.0,Moderately Old,1738.0,0,1,0,0,0,1,160.0,"28.5121° N, 77.0478° E",28.5121,77.0478
flat,ats tourmaline,1.75,sector 109,8139.0,3,4,3+,7.0,Relatively New,1797.0,0,1,0,0,0,1,160.0,"28.5073° N, 77.0089° E",28.5073,77.0089
flat,signature global the millennia 3,0.5,sector 37d,7142.0,3,3,2,2.0,Under Construction,778.0,0,0,0,0,0,1,165.0,"28.4478° N, 76.9703° E",28.4478,76.9703
flat,mapsko mount ville,1.2,sector 79,8053.0,3,3,3+,24.0,Relatively New,1154.0,0,0,0,0,0,2,42.0,"28.3624° N, 76.9787° E",28.3624,76.9787
house,sheetla enclave,0.96,sector 5,10000.0,2,4,2,3.0,Moderately Old,945.0,0,0,1,1,0,2,138.0,"28.4794° N, 77.0176° E",28.4794,77.0176
flat,umang monsoon breeze,0.9,sector 78,4615.0,3,3,2,1.0,Moderately Old,1900.0,0,1,0,1,0,1,0.0,"28.3733° N, 76.9729° E",28.3733,76.9729
house,international city by sobha phase 1,6.0,sector 109,9634.0,5,5,3+,2.0,Relatively New,6228.0,1,1,1,1,0,1,152.0,"28.5073° N, 77.0089° E",28.5073,77.0089
flat,suncity platinum towers,6.2,sector 25,23091.0,3,4,3+,21.0,Relatively New,2000.0,0,1,0,0,0,2,7.0,"28.4844° N, 77.0860° E",28.4844,77.086
flat,vatika sovereign park,2.45,sector 99,8812.0,3,4,3,1.0,New Property,2517.0,0,1,0,0,0,2,174.0,"28.4640° N, 76.9614° E",28.464,76.9614
house,Not Applicable,10.55,sector 50,32562.0,5,5,3,2.0,Moderately Old,3240.0,1,1,0,0,0,1,60.0,"28.4178° N, 77.0628° E",28.4178,77.0628
house,international city by sobha phase 2,9.5,sector 109,26389.0,7,6,3,3.0,Relatively New,3600.0,1,1,0,1,0,1,67.0,"28.5073° N, 77.0089° E",28.5073,77.0089
flat,dlf regal gardens,1.29,sector 90,7103.0,3,3,3+,12.0,Relatively New,1817.0,0,1,0,0,0,1,44.0,"28.4085° N, 76.9369° E",28.4085,76.9369
flat,prime habitat,0.27,sector 99a,5432.0,2,2,1,4.0,New Property,552.0,0,0,0,0,0,1,26.0,"28.4561° N, 76.9542° E",28.4561,76.9542
flat,dlf regal gardens,1.29,sector 90,9020.0,3,3,3,7.0,Relatively New,1540.0,1,0,0,0,0,1,51.0,"28.4085° N, 76.9369° E",28.4085,76.9369
flat,experion the heartsong,1.6,sector 108,7988.0,3,4,3+,3.0,Relatively New,1500.29,0,1,0,0,0,2,72.0,"28.5134° N, 76.9830° E",28.5134,76.983
flat,sare green parc phase 3,0.95,sector 92,4856.0,4,3,3,4.0,Moderately Old,1771.0,0,0,0,0,0,1,0.0,"28.4079° N, 76.9153° E",28.4079,76.9153
flat,emaar mgf emerald floors premier,2.36,sector 65,14303.0,3,3,3,0.0,Relatively New,1494.0,1,1,0,0,0,2,0.0,"28.4030° N, 77.0690° E",28.403,77.069
flat,smart world gems,1.3,sector 89,9135.0,3,3,2,2.0,New Property,1581.0,1,0,0,0,0,1,121.0,"28.4253° N, 76.9439° E",28.4253,76.9439
house,ardee city,5.5,sector 52,20370.0,9,9,3+,3.0,Moderately Old,2700.0,0,1,0,1,1,2,0.0,"28.4379° N, 77.0785° E",28.4379,77.0785
flat,ild greens,0.75,sector 37c,5245.0,2,2,3+,13.0,Relatively New,1430.0,0,0,0,0,0,1,138.0,"28.4515° N, 76.9882° E",28.4515,76.9882
flat,ramsons kshitij,0.4,sector 95,5839.0,3,2,2,6.0,Relatively New,761.0,0,0,0,0,0,1,97.0,"28.4172° N, 76.9081° E",28.4172,76.9081
house,dlf city plots,19.0,sector 26,42054.0,6,6,3,2.0,Relatively New,4518.0,1,1,0,0,0,2,103.0,"28.4757° N, 77.1032° E",28.4757,77.1032
flat,sare green parc,0.85,sector 92,6538.0,3,2,2,20.0,Relatively New,1300.0,0,0,0,0,0,1,55.0,"28.4079° N, 76.9153° E",28.4079,76.9153
flat,pioneer araya,9.95,sector 62,20995.0,4,6,3,12.0,Relatively New,3934.0,0,1,0,1,0,2,49.0,"28.4139° N, 77.0886° E",28.4139,77.0886
flat,sanskriti apartments,2.5,sector 43,13513.0,3,2,3,5.0,Old Property,1675.0,1,0,0,0,0,1,69.0,"28.4629° N, 77.0772° E",28.4629,77.0772
flat,emaar mgf palm hills,1.5,sector 77,12744.0,3,3,3,4.0,Relatively New,1310.0,0,0,0,0,0,2,35.0,"28.3801° N, 76.9845° E",28.3801,76.9845
flat,vatika city homes,1.05,sector 83,8571.0,3,3,3,8.0,Moderately Old,1468.0,0,0,0,1,0,2,72.0,"28.3986° N, 76.9647° E",28.3986,76.9647
flat,orchid petals,2.09,sector 49,11578.0,3,3,3,0.0,Relatively New,1634.0,0,0,0,0,0,1,119.0,"28.4121° N, 77.0480° E",28.4121,77.048
flat,emaar mgf the palm drive,2.8,sector 66,14358.0,3,3,2,12.0,New Property,1950.0,1,1,0,1,0,0,61.0,"28.3925° N, 77.0541° E",28.3925,77.0541
house,Not Applicable,1.34,sector 108,5000.0,1,1,No,1.0,Moderately Old,2680.0,0,0,0,0,0,1,53.0,"28.5134° N, 76.9830° E",28.5134,76.983
house,Not Applicable,6.5,sector 25,22855.0,4,4,2,2.0,Old Property,2844.0,0,0,0,1,0,1,64.0,"28.4844° N, 77.0860° E",28.4844,77.086
flat,experion windchants,5.31,sector 112,11204.0,4,6,3+,15.0,Relatively New,3573.33,0,1,0,1,0,1,94.0,"28.5189° N, 77.0183° E",28.5189,77.0183
flat,suncity vatsal valley,1.28,sector 2,9552.0,3,3,3,1.0,Relatively New,1489.0,0,0,0,0,0,2,156.0,"28.5095° N, 77.0320° E",28.5095,77.032
flat,tulip ivory,5.0,sector 70,10416.0,6,7,3+,0.0,Relatively New,5333.0,1,1,0,0,0,1,43.0,"28.3968° N, 77.0233° E",28.3968,77.0233
flat,smart world orchard,2.0,sector 61,12911.0,3,3,2,3.0,New Property,1721.0,0,0,0,0,1,1,49.0,"28.4050° N, 77.0963° E",28.405,77.0963
flat,godrej frontier,1.6,sector 80,7000.0,3,3,3,5.0,Moderately Old,2048.0,0,1,0,0,0,1,174.0,"28.3659° N, 76.9557° E",28.3659,76.9557
house,Not Applicable,9.0,sector 25,28490.0,10,10,3,3.0,Old Property,3159.0,0,0,0,1,0,2,16.0,"28.4844° N, 77.0860° E",28.4844,77.086
flat,tata primanti,3.25,sector 72,10545.0,3,3,3,2.0,Moderately Old,2988.0,0,1,0,0,0,1,0.0,"28.4225° N, 77.0211° E",28.4225,77.0211
flat,ramprastha primera,1.02,sector 37d,6000.0,3,2,3,22.0,Under Construction,1539.0,0,0,0,0,0,1,42.0,"28.4478° N, 76.9703° E",28.4478,76.9703
flat,dlf regal gardens,2.05,sector 90,9000.0,4,4,3+,5.0,Relatively New,2005.0,0,0,0,0,0,2,126.0,"28.4085° N, 76.9369° E",28.4085,76.9369
flat,dlf the ultima,2.4,sector 81,11257.0,3,3,2,10.0,Relatively New,1800.0,0,1,0,0,0,0,44.0,"28.3867° N, 76.9485° E",28.3867,76.9485
flat,ansal housing highland park,2.0,sector 103,7490.0,4,5,3+,14.0,New Property,2417.0,0,1,0,0,0,1,174.0,"28.4949° N, 76.9845° E",28.4949,76.9845
flat,malibu towers,2.45,sector 47,10698.0,3,4,2,1.0,Old Property,2544.0,1,0,0,0,0,2,64.0,"28.4276° N, 77.0492° E",28.4276,77.0492
flat,m3m ikonic,1.8,sector 68,9230.0,3,3,3+,18.0,Relatively New,1845.0,0,0,0,0,0,2,108.0,"28.3853° N, 77.0484° E",28.3853,77.0484
flat,experion the heartsong,0.97,sector 108,9238.0,2,2,3,10.0,Relatively New,1167.0,0,1,0,0,0,1,0.0,"28.5134° N, 76.9830° E",28.5134,76.983
flat,dlf the ultima,2.7,sector 81,12802.0,3,3,3,15.0,Relatively New,2343.0,0,1,0,0,0,2,103.0,"28.3867° N, 76.9485° E",28.3867,76.9485
flat,raheja vedaanta,0.8,sector 108,4080.0,3,3,3,9.0,Relatively New,1664.0,0,0,0,1,0,1,20.0,"28.5134° N, 76.9830° E",28.5134,76.983
flat,pyramid urban,0.62,sector 67a,11854.0,2,2,2,2.0,Relatively New,581.0,0,0,0,0,0,1,100.0,"28.3960° N, 77.0372° E",28.396,77.0372
flat,sare homes,1.18,sector 92,5207.0,4,4,3,8.0,Relatively New,2518.0,0,1,0,0,0,1,56.0,"28.4079° N, 76.9153° E",28.4079,76.9153
house,Not Applicable,5.7,sector 23,22634.0,9,9,3+,3.0,Moderately Old,2430.0,0,0,0,1,0,2,0.0,"28.5121° N, 77.0478° E",28.5121,77.0478
flat,signature global orchard avenue,0.85,sector 93,14237.0,2,2,0,10.0,Relatively New,597.0,0,0,0,0,0,1,49.0,"28.4153° N, 76.9326° E",28.4153,76.9326
flat,m3m skycity,2.8,sector 65,15317.0,3,3,0,14.0,Relatively New,1828.0,0,0,0,0,0,1,120.0,"28.4030° N, 77.0690° E",28.403,77.069
flat,ats kocoon,1.7,sector 109,12878.0,3,3,3,22.0,Relatively New,1550.0,0,0,0,0,0,1,0.0,"28.5073° N, 77.0089° E",28.5073,77.0089
house,Not Applicable,10.56,sector 50,32593.0,5,5,3,3.0,Moderately Old,3240.0,0,1,0,0,0,1,93.0,"28.4178° N, 77.0628° E",28.4178,77.0628
house,Not Applicable,6.25,sector 48,6944.0,3,3,No,1.0,Moderately Old,9000.0,0,0,0,0,0,1,0.0,"28.4177° N, 77.0359° E",28.4177,77.0359
flat,signature global solera,0.5,sector 107,7751.0,3,2,2,6.0,Relatively New,717.0,0,0,0,0,1,1,37.0,"28.5052° N, 76.9729° E",28.5052,76.9729
flat,godrej summit,0.82,sector 104,9854.0,2,2,3,12.0,Relatively New,86.0,1,0,0,0,0,1,67.0,"28.4788° N, 76.9960° E",28.4788,76.996
flat,essel tower,2.2,sector 28,12500.0,3,4,3+,3.0,Moderately Old,1956.0,0,1,0,0,0,0,132.0,"28.4728° N, 77.0865° E",28.4728,77.0865
flat,indiabulls centrum park,1.34,sector 103,7486.0,3,3,3+,13.0,Relatively New,1560.0,1,0,0,0,0,1,160.0,"28.4949° N, 76.9845° E",28.4949,76.9845
house,puri diplomatic greens,9.0,sector 111,11250.0,5,5,3+,3.0,Relatively New,8000.0,0,1,0,0,0,1,33.0,"28.5238° N, 77.0320° E",28.5238,77.032
flat,ramson kshitij sec-95 gurugram,0.27,sector 95,2700.0,2,2,0,1.0,Relatively New,758.0,0,0,0,0,0,1,113.0,"28.4172° N, 76.9081° E",28.4172,76.9081
house,Not Applicable,0.55,sector 12,4583.0,2,2,No,2.0,Old Property,1333.0,0,0,0,0,0,1,165.0,"28.4723° N, 77.0320° E",28.4723,77.032
flat,ss the leaf,2.1,sector 85,7467.0,4,5,3+,9.0,Relatively New,2546.0,0,0,0,0,0,2,136.0,"28.4042° N, 76.9513° E",28.4042,76.9513
flat,shapoorji pallonji joyville gurugram,0.96,sector 102,10491.0,2,2,2,10.0,Relatively New,828.0,0,0,0,0,0,1,49.0,"28.4750° N, 76.9715° E",28.475,76.9715
house,birla navya,3.85,sector 63a,15437.0,3,3,3+,4.0,New Property,2771.0,0,1,0,0,0,2,37.0,"28.3923° N, 77.0888° E",28.3923,77.0888
house,eldeco mansionz,4.75,sector 48,20299.0,7,7,3,2.0,Moderately Old,2340.0,1,0,0,0,0,2,107.0,"28.4177° N, 77.0359° E",28.4177,77.0359
flat,m3m woodshire,0.94,sector 107,6881.0,2,2,3+,1.0,Moderately Old,1237.0,0,0,0,0,0,1,49.0,"28.5052° N, 76.9729° E",28.5052,76.9729
flat,dlf the skycourt,1.59,sector 86,8242.0,3,3,3,17.0,Relatively New,1700.0,0,0,0,0,1,2,16.0,"28.3986° N, 76.9384° E",28.3986,76.9384
flat,city heights,1.75,sector 39,8750.0,3,4,3,3.0,Old Property,2222.0,0,1,0,0,0,0,23.0,"28.4434° N, 77.0515° E",28.4434,77.0515
flat,dlf new town heights,1.25,sector 90,6476.0,3,3,3+,6.0,Relatively New,1929.0,0,1,0,1,0,1,74.0,"28.4085° N, 76.9369° E",28.4085,76.9369
flat,smart world gems,0.97,sector 89,8794.0,2,2,3+,2.0,New Property,1103.0,0,0,0,0,0,1,0.0,"28.4253° N, 76.9439° E",28.4253,76.9439
house,Not Applicable,1.39,sector 28,11583.0,2,2,1,3.0,Old Property,1450.0,0,0,1,0,0,1,42.0,"28.4728° N, 77.0865° E",28.4728,77.0865
house,emaar mgf marbella,8.8,sector 66,41608.0,4,4,3+,3.0,Relatively New,2115.0,0,1,1,1,0,1,106.0,"28.3925° N, 77.0541° E",28.3925,77.0541
flat,satya the hermitage,1.12,sector 103,5625.0,3,4,3+,9.0,New Property,1735.0,0,1,0,0,0,1,110.0,"28.4949° N, 76.9845° E",28.4949,76.9845
flat,emaar digihomes,4.25,sector 62,26562.0,3,3,3,8.0,Under Construction,1600.0,1,0,0,0,0,1,72.0,"28.4139° N, 77.0886° E",28.4139,77.0886
flat,orchid island,0.71,sector 51,7891.0,2,2,1,4.0,Relatively New,1007.0,0,0,0,0,0,1,49.0,"28.4320° N, 77.0686° E",28.432,77.0686
flat,sobha city,2.1,sector 108,13975.0,2,2,2,3.0,Under Construction,1250.0,0,0,0,0,0,1,55.0,"28.5134° N, 76.9830° E",28.5134,76.983
flat,emaar palm heights,2.25,sector 77,11250.0,3,3,3,22.0,New Property,1811.0,0,1,0,0,0,2,44.0,"28.3801° N, 76.9845° E",28.3801,76.9845
house,Not Applicable,9.9,sector 25,29333.0,5,5,2,2.0,Moderately Old,3375.0,0,0,0,1,0,2,49.0,"28.4844° N, 77.0860° E",28.4844,77.086
house,uppal southend,4.4,sector 49,15278.0,6,6,3,3.0,Moderately Old,2880.0,1,1,1,1,0,0,174.0,"28.4121° N, 77.0480° E",28.4121,77.048
flat,chd avenue,1.1,sector 71,6790.0,3,3,3,11.0,Relatively New,1467.0,0,0,0,0,1,1,115.0,"28.4104° N, 77.0281° E",28.4104,77.0281
flat,microtek greenburg,1.25,sector 86,8445.0,3,4,3,0.0,Relatively New,1340.0,1,0,0,0,0,1,107.0,"28.3986° N, 76.9384° E",28.3986,76.9384
flat,signature global solera,0.6,sector 107,8000.0,3,2,2,8.0,Relatively New,750.0,0,0,0,0,0,1,115.0,"28.5052° N, 76.9729° E",28.5052,76.9729
flat,lagoon apartment,3.0,sector 24,12000.0,3,4,3,2.0,Moderately Old,2778.0,0,0,0,0,0,1,49.0,"28.4939° N, 77.1038° E",28.4939,77.1038
house,iffco nagar and 17b rwa,3.5,sector 17,24306.0,2,5,3,3.0,Old Property,1440.0,0,0,0,0,0,1,88.0,"28.4791° N, 77.0608° E",28.4791,77.0608
flat,professors enclave cghs,1.55,sector 56,7750.0,3,3,3+,6.0,Moderately Old,1811.0,0,1,0,0,0,2,61.0,"28.4245° N, 77.0991° E",28.4245,77.0991
flat,tulip violet,1.4,sector 69,8928.0,3,3,1,12.0,Relatively New,1376.0,0,0,0,1,0,1,37.0,"28.3966° N, 77.0341° E",28.3966,77.0341
flat,m3m latitude,4.6,sector 65,26791.0,3,3,3,7.0,New Property,1717.0,1,1,1,1,0,1,158.0,"28.4030° N, 77.0690° E",28.403,77.069
flat,bptp terra,1.17,sector 37d,8297.0,2,2,2,0.0,Relatively New,1277.0,0,0,0,0,0,1,159.0,"28.4478° N, 76.9703° E",28.4478,76.9703
flat,m3m capital,3.25,sector 113,14142.0,4,4,3+,34.0,Under Construction,2553.0,1,1,0,1,0,1,8.0,"28.5287° N, 77.0233° E",28.5287,77.0233
house,Not Applicable,2.1,sector 38,23333.0,2,7,3+,3.0,Relatively New,900.0,1,0,1,1,0,1,7.0,"28.4347° N, 77.0430° E",28.4347,77.043
house,ansal api spanish court,2.9,sector 23,18626.0,4,4,3,2.0,Relatively New,1557.0,0,0,1,0,0,2,67.0,"28.5121° N, 77.0478° E",28.5121,77.0478
flat,dlf new town heights,1.15,sector 90,5958.0,3,3,3+,9.0,Relatively New,1747.0,0,1,0,1,0,1,15.0,"28.4085° N, 76.9369° E",28.4085,76.9369
flat,smart world orchard,2.41,sector 61,14785.0,3,3,3,2.0,New Property,1630.0,0,0,0,0,0,1,49.0,"28.4050° N, 77.0963° E",28.405,77.0963
flat,signature global orchard avenue,0.4,sector 93,7359.0,2,2,2,11.0,New Property,604.0,0,0,0,0,0,1,93.0,"28.4153° N, 76.9326° E",28.4153,76.9326
flat,spaze privy at,1.24,sector 84,6465.0,3,3,3,8.0,Relatively New,1650.0,1,0,0,0,0,2,0.0,"28.3979° N, 76.9736° E",28.3979,76.9736
flat,indiabulls enigma,4.1,sector 110,10567.0,5,5,2,10.0,Relatively New,3500.0,0,1,0,0,0,1,174.0,"28.5145° N, 77.0197° E",28.5145,77.0197
house,Not Applicable,1.7,sector 10a,18888.0,2,1,2,2.0,Old Property,900.0,0,0,0,0,1,1,0.0,"28.4469° N, 77.0106° E",28.4469,77.0106
flat,uphaar residency 2,0.42,sector 105,5600.0,3,2,1,0.0,Moderately Old,833.0,0,0,0,0,1,1,56.0,"28.4952° N, 77.0114° E",28.4952,77.0114
flat,emaar gurgaon greens,1.4,sector 102,13690.0,3,3,3,7.0,Relatively New,1315.0,0,1,0,0,0,1,89.0,"28.4750° N, 76.9715° E",28.475,76.9715
flat,corona optus,1.44,sector 37c,7236.0,3,3,3+,2.0,Relatively New,1790.0,1,1,0,0,1,1,5.0,"28.4515° N, 76.9882° E",28.4515,76.9882
flat,emaar gurgaon greens,1.3,sector 102,7878.0,3,3,3,7.0,Relatively New,1389.0,0,1,0,0,0,1,8.0,"28.4750° N, 76.9715° E",28.475,76.9715
flat,dlf the ultima,2.3,sector 81,14375.0,3,4,3+,18.0,Relatively New,1854.0,0,1,0,0,0,0,79.0,"28.3867° N, 76.9485° E",28.3867,76.9485
house,Not Applicable,4.25,sector 31,26235.0,5,5,3+,3.0,Moderately Old,1620.0,0,0,1,1,0,2,96.0,"28.4528° N, 77.0498° E",28.4528,77.0498
flat,ild greens,1.05,sector 37c,7500.0,3,3,3,4.0,New Property,1500.0,0,0,0,0,0,2,81.0,"28.4515° N, 76.9882° E",28.4515,76.9882
flat,signature global the millennia 3,0.45,sector 37d,7627.0,2,3,2,8.0,Under Construction,656.0,0,0,0,0,0,1,49.0,"28.4478° N, 76.9703° E",28.4478,76.9703
flat,godrej oasis,1.3,sector 88a,7258.0,3,3,3+,4.0,Relatively New,1990.0,0,0,0,0,0,1,166.0,"28.4347° N, 76.9557° E",28.4347,76.9557
flat,emaar digihomes,4.0,sector 62,14871.0,3,3,3,18.0,New Property,2344.0,0,1,0,0,0,2,149.0,"28.4139° N, 77.0886° E",28.4139,77.0886
flat,spaze privvy the address,1.25,sector 93,6900.0,3,4,2,12.0,Relatively New,1350.0,0,0,0,0,0,2,0.0,"28.4153° N, 76.9326° E",28.4153,76.9326
house,Not Applicable,16.0,sector 26,35556.0,5,6,3,2.0,Old Property,4500.0,0,0,0,0,0,1,125.0,"28.4757° N, 77.1032° E",28.4757,77.1032
flat,krrish florence estate,1.65,sector 70,7764.0,3,4,3+,27.0,New Property,1924.0,1,1,0,0,0,1,31.0,"28.3968° N, 77.0233° E",28.3968,77.0233
flat,imperia the esfera,1.1,sector 37c,5405.0,3,4,3,9.0,Relatively New,1899.0,1,1,0,0,0,1,0.0,"28.4515° N, 76.9882° E",28.4515,76.9882
flat,godrej icon,1.65,sector 88a,9041.0,3,3,3,12.0,New Property,1652.0,0,0,0,0,0,1,174.0,"28.4347° N, 76.9557° E",28.4347,76.9557
flat,sobha city,2.5,sector 108,14611.0,3,3,2,19.0,New Property,1480.0,0,0,0,0,0,1,29.0,"28.5134° N, 76.9830° E",28.5134,76.983
flat,bestech park view spa next,2.7,sector 67,11489.0,4,4,3+,9.0,Moderately Old,2128.0,0,1,0,1,0,2,85.0,"28.3859° N, 77.0608° E",28.3859,77.0608
flat,raheja vedaanta,0.7,sector 108,4651.0,2,2,2,12.0,Relatively New,1505.0,0,0,0,0,0,1,72.0,"28.5134° N, 76.9830° E",28.5134,76.983
flat,conscient heritage max,1.78,sector 102,9218.0,3,4,3+,5.0,Moderately Old,1748.0,0,1,0,0,0,1,0.0,"28.4750° N, 76.9715° E",28.475,76.9715
flat,bptp terra,1.5,sector 37d,8255.0,3,3,3,12.0,Relatively New,1686.0,0,0,0,0,1,1,44.0,"28.4478° N, 76.9703° E",28.4478,76.9703
flat,suncity platinum towers,7.0,sector 25,22222.0,4,3,2,10.0,Moderately Old,2489.0,0,1,0,0,0,1,28.0,"28.4844° N, 77.0860° E",28.4844,77.086
flat,sushant lok 1 builder floors,2.5,sector 43,12920.0,3,3,2,2.0,New Property,195.0,0,0,0,0,0,1,45.0,"28.4629° N, 77.0772° E",28.4629,77.0772
flat,paras dews,0.92,sector 106,6642.0,2,2,3+,2.0,Relatively New,940.0,0,0,0,0,0,1,8.0,"28.5007° N, 77.0003° E",28.5007,77.0003
flat,smart world orchard,1.6,sector 61,13913.0,2,2,2,4.0,New Property,1278.0,1,0,0,0,1,1,49.0,"28.4050° N, 77.0963° E",28.405,77.0963
flat,godrej oasis,1.38,sector 88a,6679.0,3,3,3+,7.0,Relatively New,2296.0,0,1,0,0,0,1,0.0,"28.4347° N, 76.9557° E",28.4347,76.9557
house,Not Applicable,7.0,sector 50,32407.0,3,2,No,1.0,Moderately Old,2160.0,0,0,0,0,0,1,165.0,"28.4178° N, 77.0628° E",28.4178,77.0628
flat,ramsons kshitij,0.32,sector 95,4500.0,2,2,1,8.0,Relatively New,563.0,0,0,0,0,1,0,120.0,"28.4172° N, 76.9081° E",28.4172,76.9081
flat,signature global solera,0.27,sector 107,5521.0,2,2,2,0.0,Relatively New,543.0,0,0,0,0,0,1,109.0,"28.5052° N, 76.9729° E",28.5052,76.9729
flat,ss,1.18,sector 85,7170.0,2,2,3,4.0,Relatively New,1630.0,0,0,0,0,0,1,111.0,"28.4042° N, 76.9513° E",28.4042,76.9513
flat,m3m capital,2.57,sector 113,15575.0,4,5,3+,25.0,Under Construction,2060.0,1,0,0,0,0,2,108.0,"28.5287° N, 77.0233° E",28.5287,77.0233
house,Not Applicable,13.5,sector 25,19286.0,9,9,No,1.0,Relatively New,7000.0,0,0,0,0,0,1,128.0,"28.4844° N, 77.0860° E",28.4844,77.086
flat,vatika gurgaon,1.25,sector 83,7812.0,4,4,3,12.0,Moderately Old,1971.0,0,1,0,0,0,1,166.0,"28.3986° N, 76.9647° E",28.3986,76.9647
flat,bptp terra,1.75,sector 37d,7987.0,4,4,3,7.0,Relatively New,2100.0,0,0,0,0,1,2,23.0,"28.4478° N, 76.9703° E",28.4478,76.9703
flat,godrej,2.0,sector 79,8474.0,3,4,3+,9.0,Relatively New,1963.0,0,1,0,0,0,1,22.0,"28.3624° N, 76.9787° E",28.3624,76.9787
house,eldeco mansionz,4.95,sector 48,20599.0,7,7,3+,2.0,Old Property,2403.0,1,1,1,1,0,2,65.0,"28.4177° N, 77.0359° E",28.4177,77.0359
flat,antriksh heights,0.9,sector 84,6206.0,3,3,3+,12.0,Relatively New,1525.0,0,0,0,0,0,1,7.0,"28.3979° N, 76.9736° E",28.3979,76.9736
flat,signature andour heights,0.65,sector 71,10172.0,2,2,1,10.0,Relatively New,590.0,0,0,0,0,0,2,57.0,"28.4104° N, 77.0281° E",28.4104,77.0281
flat,511 sarahah tower,0.6,sector 8,8333.0,2,2,1,0.0,New Property,800.0,0,0,0,1,0,0,0.0,"28.3738° N, 76.8970° E",28.3738,76.897
flat,parsvnath exotica,4.8,sector 53,16580.0,3,4,3+,8.0,Relatively New,2500.0,0,1,0,1,1,2,81.0,"28.4433° N, 77.0948° E",28.4433,77.0948
house,Not Applicable,5.0,sector 4,10101.0,3,3,2,1.0,Old Property,4950.0,0,0,0,0,0,1,56.0,"28.4738° N, 77.0107° E",28.4738,77.0107
flat,unitech uniworld gardens,1.05,sector 47,10531.0,2,2,2,3.0,Relatively New,1108.0,0,0,0,0,0,2,132.0,"28.4276° N, 77.0492° E",28.4276,77.0492
flat,signature andour heights,0.37,sector 71,8222.0,1,1,2,2.0,Relatively New,450.0,0,0,0,0,0,1,27.0,"28.4104° N, 77.0281° E",28.4104,77.0281
house,suncity township,2.0,sector 54,3440.0,9,9,3,11.0,Relatively New,60.0,0,1,0,0,0,0,92.0,"28.4348° N, 77.1089° E",28.4348,77.1089
flat,ambience creacions,3.5,sector 22,19444.0,3,4,3+,8.0,New Property,2000.0,0,1,0,0,0,2,23.0,"28.5072° N, 77.0640° E",28.5072,77.064
house,unitech uniworld resorts,8.0,sector 33,17778.0,6,5,3+,4.0,Relatively New,4500.0,0,0,0,0,0,1,38.0,"28.4420° N, 77.0207° E",28.442,77.0207
house,Not Applicable,1.5,sector 3,5000.0,6,1,No,1.0,New Property,3000.0,0,0,0,0,0,1,46.0,"28.4909° N, 77.0176° E",28.4909,77.0176
flat,ganga apartment,0.55,sector 11,3352.0,2,2,1,3.0,Moderately Old,1000.0,0,0,0,0,0,1,65.0,"28.4531° N, 77.0202° E",28.4531,77.0202
flat,irwo westend towers,0.65,sector 47,12059.0,1,1,2,3.0,Old Property,599.0,0,0,0,0,0,1,49.0,"28.4276° N, 77.0492° E",28.4276,77.0492
flat,puri diplomatic greens,3.65,sector 111,12372.0,4,5,3+,17.0,Moderately Old,2671.0,0,1,0,0,0,1,56.0,"28.5238° N, 77.0320° E",28.5238,77.032
house,Not Applicable,6.46,sector 14,18889.0,5,5,2,3.0,Moderately Old,3420.0,1,1,0,1,0,2,135.0,"28.4711° N, 77.0454° E",28.4711,77.0454
flat,bestech park view residency,0.56,sector 23,8632.0,1,2,2,7.0,Moderately Old,723.0,0,0,0,0,0,1,37.0,"28.5121° N, 77.0478° E",28.5121,77.0478
house,Not Applicable,3.5,sector 9,13410.0,9,9,3+,3.0,Relatively New,2610.0,1,0,0,0,0,1,60.0,"28.4603° N, 77.0000° E",28.4603,77.0
flat,ireo the corridors,1.5,sector 67a,11111.0,2,2,2,10.0,Relatively New,1500.0,0,0,1,0,0,2,174.0,"28.3960° N, 77.0372° E",28.396,77.0372
flat,dlf the grove,5.7,sector 54,41245.0,3,3,3,1.0,Moderately Old,1382.0,0,0,0,0,0,1,101.0,"28.4348° N, 77.1089° E",28.4348,77.1089
flat,earth copia,0.7,sector 112,4673.0,2,2,2,4.0,Relatively New,1498.0,0,0,0,0,0,1,45.0,"28.5189° N, 77.0183° E",28.5189,77.0183
flat,the lions cghs,2.05,sector 56,8541.0,4,4,3+,8.0,Moderately Old,2667.0,0,0,0,0,0,2,104.0,"28.4245° N, 77.0991° E",28.4245,77.0991
flat,indiabulls centrum park,1.15,sector 103,7765.0,2,2,3,8.0,Relatively New,1250.0,1,0,0,0,0,2,49.0,"28.4949° N, 76.9845° E",28.4949,76.9845
flat,bestech park view sanskruti,1.6,sector 92,7547.0,3,3,3,10.0,Relatively New,1765.0,0,1,0,0,0,2,110.0,"28.4079° N, 76.9153° E",28.4079,76.9153
flat,ss the leaf,1.93,sector 85,8075.0,3,4,3,7.0,Relatively New,2400.0,0,1,0,0,0,1,50.0,"28.4042° N, 76.9513° E",28.4042,76.9513
house,unitech aspen greens,12.0,sector 50,37037.0,3,4,2,1.0,Moderately Old,3240.0,1,1,0,0,0,2,174.0,"28.4178° N, 77.0628° E",28.4178,77.0628
flat,m3m soulitude,1.32,sector 89,16923.0,3,3,3,1.0,Under Construction,867.0,0,0,0,0,0,1,7.0,"28.4253° N, 76.9439° E",28.4253,76.9439
flat,emaar mgf palm hills,1.25,sector 77,8620.0,3,4,3,1.0,Relatively New,1611.0,0,1,0,0,0,2,0.0,"28.3801° N, 76.9845° E",28.3801,76.9845
flat,hero homes,1.4,sector 104,15826.0,3,2,2,4.0,Under Construction,1120.0,0,0,0,0,0,1,126.0,"28.4788° N, 76.9960° E",28.4788,76.996
flat,green court,0.47,sector 90,6811.0,2,2,1,0.0,New Property,767.0,0,0,0,0,0,1,49.0,"28.4085° N, 76.9369° E",28.4085,76.9369
flat,conscient habitat,0.27,sector 99a,5599.0,2,2,1,8.0,Relatively New,538.0,0,0,0,0,1,1,26.0,"28.4561° N, 76.9542° E",28.4561,76.9542
flat,shree vardhman flora,1.3,sector 90,5252.0,4,5,2,9.0,Relatively New,2134.0,1,1,0,0,0,1,150.0,"28.4085° N, 76.9369° E",28.4085,76.9369
flat,ramsons kshitij,0.29,sector 95,5178.0,2,2,2,14.0,Relatively New,507.0,0,0,0,0,0,1,38.0,"28.4172° N, 76.9081° E",28.4172,76.9081
flat,la vida by tata housing,1.38,sector 113,12000.0,2,2,3,8.0,New Property,1350.0,1,0,0,0,0,1,57.0,"28.5287° N, 77.0233° E",28.5287,77.0233
house,Not Applicable,11.25,sector 28,34722.0,9,9,3+,2.0,Moderately Old,3240.0,0,1,1,1,0,2,112.0,"28.4728° N, 77.0865° E",28.4728,77.0865
flat,m3m soulitude,1.25,sector 89,8784.0,3,3,2,3.0,New Property,1581.0,1,0,0,0,0,1,49.0,"28.4253° N, 76.9439° E",28.4253,76.9439
flat,swarn jayanti cghs,1.75,sector 76,7608.0,4,3,3+,3.0,Old Property,1900.0,0,0,0,0,1,2,0.0,"28.3935° N, 76.9888° E",28.3935,76.9888
flat,dlf the icon,6.0,sector 43,26087.0,4,4,3+,18.0,Old Property,2556.0,0,1,0,0,0,2,55.0,"28.4629° N, 77.0772° E",28.4629,77.0772
house,Not Applicable,4.25,sector 46,23148.0,5,4,2,3.0,Moderately Old,1836.0,0,0,1,0,0,2,31.0,"28.4374° N, 77.0586° E",28.4374,77.0586
flat,adani m2k oyster grande,2.5,sector 102,7817.0,4,5,3+,10.0,Relatively New,2600.0,0,1,0,1,0,2,174.0,"28.4750° N, 76.9715° E",28.475,76.9715
house,huda floor,4.0,sector 38,22222.0,4,9,3+,2.0,Relatively New,4800.0,0,0,1,1,0,2,23.0,"28.4347° N, 77.0430° E",28.4347,77.043
house,nul,15.0,sector 25,23437.0,5,5,3,2.0,Moderately Old,6400.0,1,1,0,1,0,2,158.0,"28.4844° N, 77.0860° E",28.4844,77.086
flat,orchid petals,2.45,sector 49,11887.0,3,3,3,0.0,Relatively New,1866.0,1,0,0,0,0,1,44.0,"28.4121° N, 77.0480° E",28.4121,77.048
house,Not Applicable,4.5,sector 14,20000.0,5,5,1,1.0,Relatively New,2778.0,0,0,0,0,0,1,167.0,"28.4711° N, 77.0454° E",28.4711,77.0454
flat,emaar palm gardens,1.8,sector 83,9474.0,3,4,0,9.0,Relatively New,1900.0,0,0,0,0,0,1,95.0,"28.3986° N, 76.9647° E",28.3986,76.9647
house,Not Applicable,0.82,sector 8,9111.0,2,3,3,2.0,Moderately Old,900.0,0,0,0,0,0,1,174.0,"28.3738° N, 76.8970° E",28.3738,76.897
flat,bptp terra,1.72,sector 37d,7850.0,3,3,3+,10.0,Relatively New,1984.0,0,1,0,0,0,1,174.0,"28.4478° N, 76.9703° E",28.4478,76.9703
flat,dlf the primus,2.95,sector 82a,11451.0,4,5,3+,10.0,Relatively New,2111.0,0,1,0,0,0,0,37.0,"28.3858° N, 76.9686° E",28.3858,76.9686
flat,bestech altura,2.55,sector 79,9532.0,4,5,2,4.0,New Property,2675.0,0,1,0,0,0,1,124.0,"28.3624° N, 76.9787° E",28.3624,76.9787
flat,ireo the grand arch,3.8,sector 58,17560.0,3,4,1,19.0,Moderately Old,2164.0,0,1,0,0,0,2,105.0,"28.4200° N, 77.1105° E",28.42,77.1105
flat,m3m woodshire,0.98,sector 107,6421.0,2,2,3,7.0,Relatively New,1281.0,1,0,0,0,0,2,58.0,"28.5052° N, 76.9729° E",28.5052,76.9729
flat,shree vardhman victoria,1.5,sector 70,7692.0,3,5,3,7.0,Relatively New,1528.0,0,1,0,0,0,2,15.0,"28.3968° N, 77.0233° E",28.3968,77.0233
flat,signature global synera,0.39,sector 81,6500.0,2,2,2,6.0,Relatively New,667.0,0,0,0,0,0,1,42.0,"28.3867° N, 76.9485° E",28.3867,76.9485
flat,bestech park view ananda,1.1,sector 81,6686.0,3,2,3+,5.0,Relatively New,1319.0,0,0,0,0,0,1,174.0,"28.3867° N, 76.9485° E",28.3867,76.9485
flat,micasa sec 68,1.5,sector 48,12244.0,2,2,3,11.0,New Property,1361.0,0,0,0,0,0,1,72.0,"28.4177° N, 77.0359° E",28.4177,77.0359
flat,emaar mgf emerald floors premier,2.35,sector 65,14242.0,3,3,3,3.0,Relatively New,1833.0,1,1,0,0,0,2,152.0,"28.4030° N, 77.0690° E",28.403,77.069
flat,ansal housing highland park,1.25,sector 103,6443.0,3,3,3+,2.0,New Property,1465.0,0,0,0,1,0,1,113.0,"28.4949° N, 76.9845° E",28.4949,76.9845
house,dlf city plots phase 2,7.5,sector 25,31686.0,9,9,3+,4.0,Relatively New,2300.5,1,1,0,1,0,2,0.0,"28.4844° N, 77.0860° E",28.4844,77.086
flat,ansal estella,1.5,sector 103,8670.0,3,3,3+,6.0,Under Construction,1741.0,0,0,0,0,0,1,7.0,"28.4949° N, 76.9845° E",28.4949,76.9845
flat,ansal heights 86,0.95,sector 86,5621.0,3,2,1,6.0,New Property,1878.0,0,0,0,0,0,1,61.0,"28.3986° N, 76.9384° E",28.3986,76.9384
flat,adarsh nagar,0.65,sector 12,6190.0,3,3,1,1.0,New Property,1167.0,0,0,0,0,0,2,139.0,"28.4723° N, 77.0320° E",28.4723,77.032
flat,dlf the primus,2.85,sector 82a,10936.0,4,4,3+,2.0,New Property,2180.0,0,1,0,0,0,0,106.0,"28.3858° N, 76.9686° E",28.3858,76.9686
flat,indiabulls enigma,3.4,sector 110,10000.0,4,5,3,10.0,Relatively New,3000.0,0,1,0,0,0,1,72.0,"28.5145° N, 77.0197° E",28.5145,77.0197
flat,dlf new town heights,1.26,sector 86,6113.0,3,3,3,5.0,Moderately Old,1747.0,0,1,0,0,1,1,114.0,"28.3986° N, 76.9384° E",28.3986,76.9384
flat,dlf city,2.02,sector 103,8080.0,4,3,1,2.0,New Property,2263.0,0,0,0,0,0,1,124.0,"28.4949° N, 76.9845° E",28.4949,76.9845
flat,bptp terra,1.6,sector 37d,7302.0,4,3,3+,7.0,Relatively New,2000.0,0,0,0,0,1,2,41.0,"28.4478° N, 76.9703° E",28.4478,76.9703
flat,dlf the ultima,2.35,sector 90,11233.0,3,4,3+,18.0,Relatively New,1558.0,0,1,0,0,0,1,65.0,"28.4085° N, 76.9369° E",28.4085,76.9369
flat,ss the leaf,1.25,sector 85,10888.0,2,2,3+,17.0,Relatively New,1426.0,0,0,1,0,0,1,76.0,"28.4042° N, 76.9513° E",28.4042,76.9513
flat,smart world gems,0.86,sector 89,7796.0,2,3,2,4.0,New Property,1226.0,1,1,0,1,0,2,21.0,"28.4253° N, 76.9439° E",28.4253,76.9439
flat,sare homes,0.82,sector 92,5384.0,3,3,3+,12.0,Relatively New,1221.18,0,0,0,0,0,1,37.0,"28.4079° N, 76.9153° E",28.4079,76.9153
house,Not Applicable,17.0,sector 26,37627.0,5,5,3+,2.0,Relatively New,4518.0,1,1,1,1,0,2,49.0,"28.4757° N, 77.1032° E",28.4757,77.1032
flat,smart world gems,1.1,sector 89,9972.0,3,1,0,0.0,New Property,1103.0,0,0,0,0,0,1,101.0,"28.4253° N, 76.9439° E",28.4253,76.9439
flat,ss the leaf,2.3,sector 85,8179.0,4,4,3+,8.0,Relatively New,2546.0,0,1,0,0,0,1,127.0,"28.4042° N, 76.9513° E",28.4042,76.9513
house,Not Applicable,4.0,sector 26,29630.0,4,4,3,2.0,Old Property,1350.0,0,0,1,0,0,1,105.0,"28.4757° N, 77.1032° E",28.4757,77.1032
flat,orris carnation residency,1.1,sector 85,6686.0,3,4,3,6.0,Moderately Old,1467.0,0,1,0,0,0,0,95.0,"28.4042° N, 76.9513° E",28.4042,76.9513
flat,m3m golfestate,5.9,sector 65,17484.0,3,3,3,18.0,Relatively New,3045.0,1,1,0,0,0,1,0.0,"28.4030° N, 77.0690° E",28.403,77.069
flat,emaar mgf emerald floors premier,2.85,sector 65,14430.0,4,4,3,2.0,Relatively New,1975.0,1,1,0,0,0,1,159.0,"28.4030° N, 77.0690° E",28.403,77.069
flat,vipul lavanya,0.75,sector 81,5966.0,2,2,2,7.0,Moderately Old,1397.0,0,0,0,0,0,1,38.0,"28.3867° N, 76.9485° E",28.3867,76.9485
flat,ambience creacions,1.99,sector 22,15546.0,2,2,2,9.0,New Property,1285.0,0,0,0,0,0,1,32.0,"28.5072° N, 77.0640° E",28.5072,77.064
flat,emaar digihomes,2.15,sector 62,14257.0,2,2,3,31.0,Under Construction,1676.0,0,0,0,0,0,1,0.0,"28.4139° N, 77.0886° E",28.4139,77.0886
flat,pioneer park,1.6,sector 61,11594.0,2,2,2,21.0,Relatively New,1533.0,0,1,0,0,0,1,74.0,"28.4050° N, 77.0963° E",28.405,77.0963
flat,shree vardhman flora,1.0,sector 90,5128.0,3,4,3,8.0,New Property,1765.0,0,1,0,0,0,1,144.0,"28.4085° N, 76.9369° E",28.4085,76.9369
flat,emaar the palm drive,3.9,sector 66,18636.0,3,4,3,2.0,Relatively New,2200.0,0,0,0,0,0,1,16.0,"28.3925° N, 77.0541° E",28.3925,77.0541
flat,sbtl caladium,1.7,sector 109,6679.0,3,3,3+,9.0,Relatively New,2304.0,0,1,0,0,0,1,138.0,"28.5073° N, 77.0089° E",28.5073,77.0089
flat,smart world gems,0.95,sector 89,8600.0,2,2,2,4.0,New Property,1226.0,1,1,0,0,0,1,110.0,"28.4253° N, 76.9439° E",28.4253,76.9439
house,Not Applicable,3.5,sector 3,9210.0,1,1,No,1.0,Moderately Old,3800.0,0,0,0,0,0,1,49.0,"28.4909° N, 77.0176° E",28.4909,77.0176
flat,ss the leaf,1.1,sector 85,6318.0,2,2,3+,3.0,Relatively New,1465.0,0,0,1,0,0,1,49.0,"28.4042° N, 76.9513° E",28.4042,76.9513
flat,m3m woodshire,0.9,sector 107,5867.0,2,2,3,8.0,Relatively New,1281.0,1,0,0,0,0,2,77.0,"28.5052° N, 76.9729° E",28.5052,76.9729
flat,vatika city,1.72,sector 49,7818.0,3,3,2,2.0,Old Property,2444.0,0,0,0,0,0,2,0.0,"28.4121° N, 77.0480° E",28.4121,77.048
house,international city by sobha phase 2,6.44,sector 109,26502.0,4,5,3+,3.0,New Property,2430.0,1,1,1,1,0,1,83.0,"28.5073° N, 77.0089° E",28.5073,77.0089
flat,godrej oasis,2.65,sector 88a,16747.0,3,3,3+,10.0,New Property,1582.0,0,0,0,0,0,1,55.0,"28.4347° N, 76.9557° E",28.4347,76.9557
flat,ramprastha skyz,1.1,sector 37d,6376.0,3,3,3+,7.0,Under Construction,1562.0,0,0,0,0,0,1,72.0,"28.4478° N, 76.9703° E",28.4478,76.9703
flat,bestech park view sanskruti,1.55,sector 92,7769.0,3,4,3,8.0,Relatively New,1806.0,0,1,0,0,0,1,31.0,"28.4079° N, 76.9153° E",28.4079,76.9153
flat,m3m golfestate,5.3,sector 65,24212.0,3,3,3,38.0,Moderately Old,2506.0,0,1,0,0,0,0,0.0,"28.4030° N, 77.0690° E",28.403,77.069
flat,sapphire eighty three,0.65,sector 83,9286.0,1,1,0,6.0,Relatively New,700.0,0,0,0,0,0,1,37.0,"28.3986° N, 76.9647° E",28.3986,76.9647
flat,indiabulls centrum park,1.33,sector 103,8580.0,3,3,3+,8.0,Relatively New,1671.0,1,0,0,0,0,1,49.0,"28.4949° N, 76.9845° E",28.4949,76.9845
flat,signature global solera,0.4,sector 107,6644.0,2,2,1,7.0,Relatively New,577.0,0,0,0,0,0,2,42.0,"28.5052° N, 76.9729° E",28.5052,76.9729
flat,dlf regal gardens,1.24,sector 90,7065.0,3,3,3+,9.0,Relatively New,1600.0,0,0,0,0,1,1,20.0,"28.4085° N, 76.9369° E",28.4085,76.9369
house,Not Applicable,8.0,sector 7,22222.0,4,5,3+,1.0,Old Property,3600.0,1,1,0,1,0,1,36.0,"28.4644° N, 77.0143° E",28.4644,77.0143
flat,imperia the esfera,0.9,sector 37c,6272.0,3,3,3,9.0,Relatively New,1435.0,0,0,0,0,0,1,49.0,"28.4515° N, 76.9882° E",28.4515,76.9882
flat,smart world gems,1.2,sector 89,8432.0,3,3,2,3.0,New Property,1423.0,1,0,0,0,1,1,122.0,"28.4253° N, 76.9439° E",28.4253,76.9439
flat,dlf new town heights,2.0,sector 90,7334.0,4,4,3+,20.0,Moderately Old,2469.0,0,1,0,0,1,1,56.0,"28.4085° N, 76.9369° E",28.4085,76.9369
flat,rwa,0.48,sector 7,6000.0,3,2,1,1.0,New Property,889.0,0,0,0,0,0,1,152.0,"28.4644° N, 77.0143° E",28.4644,77.0143
flat,godrej habitat,1.25,sector 3,8656.0,2,2,3,14.0,Under Construction,1161.0,0,0,0,0,0,1,160.0,"28.4909° N, 77.0176° E",28.4909,77.0176
flat,mapsko mount ville,1.28,sector 79,8557.0,3,3,3,16.0,Relatively New,1266.0,1,0,0,0,0,2,142.0,"28.3624° N, 76.9787° E",28.3624,76.9787
flat,ss the leaf,1.09,sector 85,6661.0,2,2,3,5.0,Relatively New,1475.0,0,0,0,0,0,1,45.0,"28.4042° N, 76.9513° E",28.4042,76.9513
flat,smart world gems,0.95,sector 89,8903.0,2,2,2,1.0,Under Construction,804.0,1,0,0,0,0,1,45.0,"28.4253° N, 76.9439° E",28.4253,76.9439
house,Not Applicable,2.2,sector 46,2689.0,3,3,2,3.0,Old Property,909.0,0,0,1,0,0,2,67.0,"28.4374° N, 77.0586° E",28.4374,77.0586
flat,unitech sunbreeze,1.0,sector 69,5476.0,4,3,0,0.0,Relatively New,1826.0,0,0,0,0,0,1,129.0,"28.3966° N, 77.0341° E",28.3966,77.0341
flat,sare crescent parc,0.95,sector 92,5013.0,4,5,3+,13.0,Relatively New,1895.0,0,0,0,0,0,1,8.0,"28.4079° N, 76.9153° E",28.4079,76.9153
house,satya the legend,9.25,sector 57,16577.0,5,5,3+,4.0,Relatively New,5580.0,1,1,1,1,0,2,40.0,"28.4232° N, 77.0752° E",28.4232,77.0752
house,Not Applicable,10.45,sector 50,38704.0,4,5,2,3.0,Moderately Old,4000.0,1,1,0,1,0,2,52.0,"28.4178° N, 77.0628° E",28.4178,77.0628
house,smart world gems,1.25,sector 89,8784.0,3,3,2,1.0,Under Construction,1423.0,1,0,0,0,1,1,49.0,"28.4253° N, 76.9439° E",28.4253,76.9439
flat,smart world gems,1.71,sector 89,12000.0,3,2,0,3.0,New Property,1423.0,0,0,0,0,0,1,67.0,"28.4253° N, 76.9439° E",28.4253,76.9439
flat,central park resorts,9.3,sector 48,24926.0,4,4,3+,10.0,Moderately Old,3831.0,1,1,1,1,0,2,125.0,"28.4177° N, 77.0359° E",28.4177,77.0359
flat,shyamkunj ashok vihar pahse 2,0.3,sector 5,4444.0,2,2,1,1.0,Relatively New,750.0,0,0,0,0,0,1,0.0,"28.4794° N, 77.0176° E",28.4794,77.0176
house,international city by sobha phase 2,7.0,sector 109,11240.0,5,5,3+,2.0,Relatively New,6228.0,0,1,0,0,0,1,157.0,"28.5073° N, 77.0089° E",28.5073,77.0089
flat,orchid petals,2.23,sector 49,10969.0,3,3,3,14.0,Relatively New,1841.0,0,0,0,0,1,1,0.0,"28.4121° N, 77.0480° E",28.4121,77.048
flat,ansal housing highland park,0.88,sector 103,6429.0,2,2,3,3.0,New Property,1232.0,0,0,0,0,0,1,49.0,"28.4949° N, 76.9845° E",28.4949,76.9845
flat,greenopolis,0.9,sector 89,4700.0,3,3,0,14.0,Under Construction,1910.0,0,0,0,0,0,1,125.0,"28.4253° N, 76.9439° E",28.4253,76.9439
flat,dlf the crest,11.0,sector 54,35223.0,4,6,3,7.0,Relatively New,2827.0,0,1,0,0,0,0,65.0,"28.4348° N, 77.1089° E",28.4348,77.1089
house,Not Applicable,0.37,sector 105,8222.0,2,2,1,1.0,Moderately Old,450.0,0,0,0,0,1,1,60.0,"28.4952° N, 77.0114° E",28.4952,77.0114
flat,tulip violet,1.38,sector 69,8972.0,3,3,1,12.0,Relatively New,1392.0,0,0,0,0,0,1,13.0,"28.3966° N, 77.0341° E",28.3966,77.0341
flat,puri emerald bay,2.55,sector 104,10408.0,4,4,3+,5.0,Relatively New,2303.0,0,1,0,0,0,1,116.0,"28.4788° N, 76.9960° E",28.4788,76.996
house,Not Applicable,4.5,sector 76,14286.0,9,9,3+,3.0,Relatively New,3150.0,1,0,0,1,1,2,119.0,"28.3935° N, 76.9888° E",28.3935,76.9888
flat,the lions cghs,2.09,sector 56,8708.0,4,4,3+,7.0,Relatively New,2300.0,0,0,0,0,1,2,96.0,"28.4245° N, 77.0991° E",28.4245,77.0991
flat,tulip ivory,2.35,sector 70,9791.0,4,4,3+,10.0,Moderately Old,2667.0,0,1,0,0,0,2,0.0,"28.3968° N, 77.0233° E",28.3968,77.0233
house,Not Applicable,3.15,sector 57,20349.0,5,4,3+,2.0,Moderately Old,1548.0,0,0,1,0,0,2,0.0,"28.4232° N, 77.0752° E",28.4232,77.0752
flat,la vida by tata housing,1.85,sector 113,11716.0,3,2,2,7.0,New Property,1430.0,0,0,0,0,0,1,65.0,"28.5287° N, 77.0233° E",28.5287,77.0233
flat,pareena coban residences,1.3,sector 99a,6510.0,3,3,0,16.0,Relatively New,1997.0,0,0,0,0,0,1,80.0,"28.4561° N, 76.9542° E",28.4561,76.9542
flat,signature global orchard avenue,0.85,sector 93,14237.0,2,2,0,10.0,Relatively New,597.0,0,0,0,0,0,1,0.0,"28.4153° N, 76.9326° E",28.4153,76.9326
flat,godrej aria,1.3,sector 79,8843.0,2,2,2,7.0,Relatively New,1331.0,1,0,0,0,0,2,53.0,"28.3624° N, 76.9787° E",28.3624,76.9787
flat,smart world orchard,2.45,sector 61,15800.0,3,3,3,3.0,New Property,1223.0,1,1,0,0,0,1,0.0,"28.4050° N, 77.0963° E",28.405,77.0963
flat,emaar palm gardens,1.8,sector 83,12000.0,3,4,3+,6.0,Relatively New,1667.0,0,1,0,0,0,2,28.0,"28.3986° N, 76.9647° E",28.3986,76.9647
house,Not Applicable,9.9,sector 105,49500.0,2,2,2,3.0,Moderately Old,2000.0,0,0,0,0,0,1,88.0,"28.4952° N, 77.0114° E",28.4952,77.0114
flat,shree vardhman mantra,0.56,sector 67,7000.0,2,2,1,8.0,New Property,889.0,0,0,0,0,0,1,74.0,"28.3859° N, 77.0608° E",28.3859,77.0608
flat,la vida by tata housing,1.45,sector 113,11363.0,2,2,2,6.0,Relatively New,1080.0,0,0,0,0,0,1,49.0,"28.5287° N, 77.0233° E",28.5287,77.0233
flat,supertech araville,0.71,sector 79,6061.0,2,2,3+,17.0,New Property,1281.0,0,0,0,0,1,1,56.0,"28.3624° N, 76.9787° E",28.3624,76.9787
house,Not Applicable,0.35,sector 9,9722.0,2,2,1,2.0,Old Property,360.0,0,0,0,0,0,1,86.0,"28.4603° N, 77.0000° E",28.4603,77.0
flat,umang winter hills,1.4,sector 77,6340.0,3,3,3,10.0,Relatively New,1735.0,0,0,0,0,0,1,39.0,"28.3801° N, 76.9845° E",28.3801,76.9845
flat,dlf regal gardens,1.19,sector 90,5505.0,3,3,2,11.0,Relatively New,1563.0,0,0,0,0,1,1,128.0,"28.4085° N, 76.9369° E",28.4085,76.9369
flat,signature global city 37d ph 2,1.36,sector 37d,8846.0,3,3,3,1.0,Under Construction,1535.0,0,0,0,1,1,1,0.0,"28.4478° N, 76.9703° E",28.4478,76.9703
flat,pareena laxmi apartments,0.31,sector 99a,5904.0,2,2,2,6.0,New Property,583.0,0,0,0,0,0,1,108.0,"28.4561° N, 76.9542° E",28.4561,76.9542
flat,sare homes,0.6,sector 92,5000.0,3,2,3,4.0,Moderately Old,1333.0,0,0,0,0,0,2,20.0,"28.4079° N, 76.9153° E",28.4079,76.9153
house,Not Applicable,2.8,sector 55,18667.0,4,4,No,2.0,Old Property,1500.0,0,0,0,0,0,1,42.0,"28.4281° N, 77.1100° E",28.4281,77.11
flat,assotech blith,0.92,sector 99,6739.0,2,2,3+,22.0,Under Construction,1236.0,0,0,0,0,0,1,95.0,"28.4640° N, 76.9614° E",28.464,76.9614
flat,tulip violet,1.55,sector 69,9639.0,3,3,2,2.0,Relatively New,1456.0,0,0,0,1,0,2,14.0,"28.3966° N, 77.0341° E",28.3966,77.0341
flat,ats tourmaline,1.5,sector 109,6976.0,3,4,3+,4.0,Relatively New,1797.0,0,1,0,0,0,1,0.0,"28.5073° N, 77.0089° E",28.5073,77.0089
house,Not Applicable,2.0,sector 49,7479.0,4,3,No,1.0,Moderately Old,2674.0,0,0,0,0,0,1,156.0,"28.4121° N, 77.0480° E",28.4121,77.048
flat,shapoorji pallonji joyville gurugram,1.26,sector 102,10041.0,2,2,2,10.0,Relatively New,1100.0,0,0,0,0,0,1,125.0,"28.4750° N, 76.9715° E",28.475,76.9715
flat,signature global city 81,0.89,sector 81,8279.0,2,2,2,3.0,Under Construction,1194.0,0,0,0,0,1,1,174.0,"28.3867° N, 76.9485° E",28.3867,76.9485
house,Not Applicable,8.1,sector 26,35294.0,5,5,2,4.0,Old Property,2295.0,0,0,0,0,0,1,49.0,"28.4757° N, 77.1032° E",28.4757,77.1032
flat,experion the heartsong,2.0,sector 108,8554.0,3,3,3+,14.0,Relatively New,2117.0,0,1,0,0,0,1,46.0,"28.5134° N, 76.9830° E",28.5134,76.983
house,Not Applicable,2.1,sector 11,17284.0,2,6,3+,3.0,Relatively New,1215.0,0,0,0,0,0,1,49.0,"28.4531° N, 77.0202° E",28.4531,77.0202
house,Not Applicable,0.62,sector 11,3588.0,6,6,No,3.0,Moderately Old,192.0,0,0,0,0,0,1,99.0,"28.4531° N, 77.0202° E",28.4531,77.0202
flat,indiabulls centrum park,2.36,sector 103,9182.0,4,6,3+,8.0,Relatively New,2729.0,0,1,0,0,0,2,49.0,"28.4949° N, 76.9845° E",28.4949,76.9845
flat,bestech park view spa next,2.35,sector 67,12144.0,3,4,3+,14.0,Moderately Old,1752.0,0,1,0,0,0,2,144.0,"28.3859° N, 77.0608° E",28.3859,77.0608
flat,conscient heritage max,1.82,sector 102,9371.0,3,4,3+,15.0,Moderately Old,1758.0,0,1,0,0,0,1,7.0,"28.4750° N, 76.9715° E",28.475,76.9715
flat,tulip violet,1.31,sector 69,8517.0,3,3,2,12.0,Relatively New,1392.0,0,0,0,1,0,2,128.0,"28.3966° N, 77.0341° E",28.3966,77.0341
flat,shree vardhman flora,0.7,sector 90,5177.0,2,3,2,7.0,Relatively New,1502.0,1,0,0,0,0,2,174.0,"28.4085° N, 76.9369° E",28.4085,76.9369
house,dlf the grove,5.7,sector 54,23457.0,4,4,No,1.0,Moderately Old,2430.0,0,0,0,0,0,1,0.0,"28.4348° N, 77.1089° E",28.4348,77.1089
flat,shree vardhman victoria,1.65,sector 70,8461.0,3,4,3,5.0,Relatively New,1528.0,0,1,0,0,1,2,36.0,"28.3968° N, 77.0233° E",28.3968,77.0233
flat,sobha city,3.25,sector 108,15685.0,3,3,3,12.0,Relatively New,2072.0,0,0,0,0,0,1,0.0,"28.5134° N, 76.9830° E",28.5134,76.983
flat,ss the leaf,2.0,sector 85,8305.0,3,4,3,6.0,Relatively New,2300.0,0,1,0,0,0,1,159.0,"28.4042° N, 76.9513° E",28.4042,76.9513
house,emaar mgf marbella,8.7,sector 66,38667.0,4,5,2,3.0,New Property,2250.0,1,1,0,0,0,1,27.0,"28.3925° N, 77.0541° E",28.3925,77.0541
house,unitech south city,5.88,sector 50,27222.0,3,9,3+,3.0,Relatively New,2160.0,1,1,0,1,1,0,0.0,"28.4178° N, 77.0628° E",28.4178,77.0628
flat,paras dews,1.15,sector 106,7419.0,3,3,3,11.0,Relatively New,1650.0,0,1,0,1,0,2,149.0,"28.5007° N, 77.0003° E",28.5007,77.0003
house,Not Applicable,0.55,sector 3,5000.0,2,1,No,1.0,Moderately Old,1100.0,0,0,0,0,0,1,0.0,"28.4909° N, 77.0176° E",28.4909,77.0176
flat,emaar gurgaon greens,1.45,sector 102,8787.0,3,3,3,7.0,Relatively New,1494.0,0,1,0,0,0,1,98.0,"28.4750° N, 76.9715° E",28.475,76.9715
house,Not Applicable,9.5,sector 17,23457.0,8,8,3,3.0,Relatively New,4050.0,1,0,0,0,0,2,62.0,"28.4791° N, 77.0608° E",28.4791,77.0608
flat,sapphire eighty three,0.65,sector 83,9286.0,1,1,0,6.0,Relatively New,700.0,0,0,0,0,0,1,66.0,"28.3986° N, 76.9647° E",28.3986,76.9647
house,Not Applicable,1.85,sector 1,16003.0,4,3,2,3.0,Moderately Old,1284.0,0,0,0,0,0,1,61.0,"28.3663° N, 76.9456° E",28.3663,76.9456
flat,ireo victory valley,3.5,sector 67,14583.0,3,4,3,24.0,Relatively New,2490.0,0,1,0,1,0,2,0.0,"28.3859° N, 77.0608° E",28.3859,77.0608
flat,suposhaa smartworld orchard,2.25,sector 61,14525.0,3,3,2,3.0,Under Construction,1721.0,0,0,0,0,0,1,45.0,"28.4050° N, 77.0963° E",28.405,77.0963
flat,bestech park view residency,0.95,sector 23,6713.0,2,2,3,1.0,Moderately Old,1281.0,0,0,0,0,0,2,165.0,"28.5121° N, 77.0478° E",28.5121,77.0478
flat,la vida by tata housing,3.72,sector 113,13984.0,5,4,3+,0.0,New Property,2956.0,0,0,0,1,0,0,35.0,"28.5287° N, 77.0233° E",28.5287,77.0233
flat,dlf regency park,1.91,sector 28,16608.0,2,2,2,11.0,New Property,1278.0,0,0,0,0,0,0,128.0,"28.4728° N, 77.0865° E",28.4728,77.0865
flat,godrej aria,1.1,sector 79,11482.0,2,2,3,9.0,New Property,81.0,0,0,0,0,0,1,36.0,"28.3624° N, 76.9787° E",28.3624,76.9787
house,unitech escape,12.0,sector 50,37037.0,5,6,3+,3.0,Moderately Old,3240.0,0,0,0,0,0,1,0.0,"28.4178° N, 77.0628° E",28.4178,77.0628
house,satya the hermitage,3.15,sector 103,6702.0,4,5,No,12.0,Moderately Old,4700.0,0,0,0,0,0,1,49.0,"28.4949° N, 76.9845° E",28.4949,76.9845
house,Not Applicable,0.32,sector 8,7111.0,2,3,1,1.0,Relatively New,450.0,0,0,0,0,0,1,67.0,"28.3738° N, 76.8970° E",28.3738,76.897
flat,central park resorts,15.0,sector 48,22388.0,5,6,3+,17.0,Relatively New,7444.0,1,1,0,1,0,0,123.0,"28.4177° N, 77.0359° E",28.4177,77.0359
flat,ats kocoon,2.2,sector 109,10501.0,3,4,3,13.0,Relatively New,1860.0,0,1,0,0,0,1,146.0,"28.5073° N, 77.0089° E",28.5073,77.0089
flat,bestech park view spa next,2.72,sector 67,11574.0,4,4,3+,0.0,Relatively New,2250.0,0,1,0,1,0,2,0.0,"28.3859° N, 77.0608° E",28.3859,77.0608
flat,signature global city,1.1,sector 37d,8494.0,3,3,2,2.0,Under Construction,1439.0,0,0,0,0,0,1,0.0,"28.4478° N, 76.9703° E",28.4478,76.9703
flat,conscient elevate,3.9,sector 59,16993.0,3,1,0,0.0,Under Construction,2295.0,0,0,0,0,0,1,174.0,"28.4051° N, 77.1097° E",28.4051,77.1097
flat,ss,2.17,sector 85,7716.0,4,4,3,7.0,Relatively New,2600.0,1,1,0,1,0,1,151.0,"28.4042° N, 76.9513° E",28.4042,76.9513
flat,tarc maceo,0.9,sector 91,6870.0,2,2,2,13.0,Relatively New,1186.0,0,0,0,0,0,0,72.0,"28.4014° N, 76.9225° E",28.4014,76.9225
flat,experion the heartsong,0.87,sector 108,11845.0,2,3,3,2.0,Relatively New,978.23,0,1,0,0,0,2,26.0,"28.5134° N, 76.9830° E",28.5134,76.983
flat,pioneer araya,9.14,sector 62,19488.0,4,6,3,16.0,Relatively New,3933.0,1,1,1,0,0,2,0.0,"28.4139° N, 77.0886° E",28.4139,77.0886
flat,the close north,2.92,sector 50,11209.0,3,3,3,10.0,Moderately Old,2600.0,0,1,0,0,0,2,140.0,"28.4178° N, 77.0628° E",28.4178,77.0628
flat,shapoorji pallonji joyville gurugram,1.42,sector 102,10380.0,2,2,3,14.0,Relatively New,1368.0,0,0,0,0,0,1,165.0,"28.4750° N, 76.9715° E",28.475,76.9715
flat,ss the leaf,1.91,sector 85,5026.0,4,6,3,6.0,Relatively New,3890.0,0,1,0,0,0,1,66.0,"28.4042° N, 76.9513° E",28.4042,76.9513
flat,mapsko mount ville,1.3,sector 79,8024.0,3,3,2,6.0,Relatively New,1215.0,1,0,0,1,0,1,108.0,"28.3624° N, 76.9787° E",28.3624,76.9787
flat,emaar imperial gardens,1.98,sector 102,9900.0,3,3,3+,9.0,Relatively New,2222.0,0,1,0,0,0,2,174.0,"28.4750° N, 76.9715° E",28.475,76.9715
flat,chd avenue,1.1,sector 71,6104.0,3,4,3,3.0,Moderately Old,1631.0,0,1,0,0,0,1,81.0,"28.4104° N, 77.0281° E",28.4104,77.0281
house,bhim nagar society,0.4,sector 6,2500.0,4,2,2,1.0,Moderately Old,1600.0,0,0,0,0,0,1,122.0,"28.4745° N, 77.0262° E",28.4745,77.0262
flat,vatika city,2.64,sector 49,11725.0,3,4,3+,2.0,Moderately Old,2252.0,0,1,0,1,0,2,55.0,"28.4121° N, 77.0480° E",28.4121,77.048
flat,shree vardhman flora,0.9,sector 90,4615.0,3,4,3,4.0,Relatively New,1765.0,0,1,0,0,0,1,165.0,"28.4085° N, 76.9369° E",28.4085,76.9369
flat,prime habitat,0.26,sector 99a,4745.0,2,2,1,6.0,Relatively New,611.0,0,0,0,0,1,1,77.0,"28.4561° N, 76.9542° E",28.4561,76.9542
flat,rof ananda,0.38,sector 95,5899.0,3,2,1,2.0,Relatively New,716.0,0,0,0,1,0,2,8.0,"28.4172° N, 76.9081° E",28.4172,76.9081
flat,shree kirpalu gi sector 52,1.45,sector 52,7631.0,3,3,3+,7.0,Relatively New,1800.0,0,0,0,0,1,2,47.0,"28.4379° N, 77.0785° E",28.4379,77.0785
flat,la vida by tata housing,1.9,sector 113,18500.0,3,2,2,10.0,Relatively New,1285.0,0,0,0,1,0,2,71.0,"28.5287° N, 77.0233° E",28.5287,77.0233
flat,dlf new town heights,1.55,sector 90,6556.0,4,4,3+,1.0,Relatively New,2140.0,0,1,0,1,0,1,62.0,"28.4085° N, 76.9369° E",28.4085,76.9369
flat,smart world gems,0.95,sector 89,8903.0,2,2,2,1.0,Under Construction,804.0,1,0,0,0,0,1,54.0,"28.4253° N, 76.9439° E",28.4253,76.9439
flat,signature global solera,0.5,sector 107,7692.0,2,2,1,11.0,Relatively New,494.0,0,0,0,0,0,1,48.0,"28.5052° N, 76.9729° E",28.5052,76.9729
flat,tulip violet,1.8,sector 69,8955.0,4,4,2,9.0,Relatively New,1820.0,0,0,0,1,0,2,120.0,"28.3966° N, 77.0341° E",28.3966,77.0341
flat,sare homes,0.8,sector 92,4694.0,4,4,3,1.0,Moderately Old,1893.0,0,0,0,0,0,1,104.0,"28.4079° N, 76.9153° E",28.4079,76.9153
house,huda housing board colony,4.6,sector 31,31507.0,2,4,3+,3.0,Old Property,1460.0,0,0,0,0,1,1,159.0,"28.4528° N, 77.0498° E",28.4528,77.0498
flat,m3m capital,2.0,sector 113,12012.0,3,3,2,24.0,Under Construction,1507.0,0,0,0,0,0,1,174.0,"28.5287° N, 77.0233° E",28.5287,77.0233
house,Not Applicable,0.75,sector 6,10518.0,2,4,1,3.0,Moderately Old,713.0,0,0,0,0,0,1,168.0,"28.4745° N, 77.0262° E",28.4745,77.0262
house,Not Applicable,2.25,sector 51,2778.0,6,3,3+,3.0,Relatively New,900.0,0,0,0,0,0,1,49.0,"28.4320° N, 77.0686° E",28.432,77.0686
flat,m3m heights,1.99,sector 65,15793.0,2,2,2,26.0,Under Construction,1141.0,0,0,0,0,0,1,99.0,"28.4030° N, 77.0690° E",28.403,77.069
flat,park view apartment,1.74,sector 56,7565.0,3,3,3+,2.0,Old Property,2400.0,0,1,0,1,0,2,174.0,"28.4245° N, 77.0991° E",28.4245,77.0991
flat,ats kocoon,1.65,sector 109,10645.0,3,3,3,19.0,Relatively New,1650.0,0,0,1,0,0,2,51.0,"28.5073° N, 77.0089° E",28.5073,77.0089
flat,mapsko royale ville,1.12,sector 82,8000.0,3,4,2,6.0,Relatively New,1500.0,0,1,0,1,0,1,134.0,"28.3935° N, 76.9600° E",28.3935,76.96
flat,corona optus,1.2,sector 37c,6916.0,3,4,3,8.0,Relatively New,1635.0,0,0,0,0,0,1,42.0,"28.4515° N, 76.9882° E",28.4515,76.9882
flat,experion windchants,5.49,sector 112,11584.0,4,5,3+,5.0,Relatively New,3655.35,0,1,0,0,0,2,125.0,"28.5189° N, 77.0183° E",28.5189,77.0183
flat,ramsons kshitij,0.19,sector 95,591.0,1,1,1,14.0,Relatively New,3569.0,0,0,0,0,0,1,36.0,"28.4172° N, 76.9081° E",28.4172,76.9081
flat,m3m woodshire,0.88,sector 107,6442.0,2,2,3+,3.0,Relatively New,1237.0,0,0,0,0,0,1,49.0,"28.5052° N, 76.9729° E",28.5052,76.9729
flat,tulip yellow,1.8,sector 69,10563.0,3,3,3,14.0,Under Construction,1893.0,0,0,0,0,0,1,97.0,"28.3966° N, 77.0341° E",28.3966,77.0341
flat,m3m skywalk,1.5,sector 74,12500.0,2,2,3,17.0,Relatively New,1300.0,0,0,1,0,0,1,0.0,"28.4158° N, 77.0118° E",28.4158,77.0118
flat,conscient heritage max,2.15,sector 102,10004.0,3,4,3+,18.0,Relatively New,1946.0,1,1,0,0,0,2,20.0,"28.4750° N, 76.9715° E",28.475,76.9715
house,Not Applicable,0.9,sector 5,10000.0,3,4,3,3.0,Moderately Old,3500.0,0,0,0,0,1,2,26.0,"28.4794° N, 77.0176° E",28.4794,77.0176
flat,indiabulls enigma,3.25,sector 110,9558.0,4,4,3,11.0,Relatively New,3078.0,0,1,0,0,1,1,0.0,"28.5145° N, 77.0197° E",28.5145,77.0197
house,Not Applicable,0.66,sector 6,10784.0,3,2,1,2.0,Old Property,612.0,0,0,0,0,0,1,49.0,"28.4745° N, 77.0262° E",28.4745,77.0262
flat,emaar palm gardens,1.8,sector 83,9473.0,3,3,3,6.0,Relatively New,1549.0,0,1,0,0,0,2,0.0,"28.3986° N, 76.9647° E",28.3986,76.9647
house,ansals palam vihar,4.0,sector 23,16666.0,4,4,3+,2.0,Moderately Old,2400.0,0,1,0,0,0,1,58.0,"28.5121° N, 77.0478° E",28.5121,77.0478
flat,experion windchants,3.75,sector 112,13383.0,3,3,2,21.0,Relatively New,2225.56,0,1,0,0,0,2,0.0,"28.5189° N, 77.0183° E",28.5189,77.0183
flat,signature global city 81,0.89,sector 81,8279.0,2,2,2,3.0,Under Construction,1194.0,0,0,0,0,1,1,58.0,"28.3867° N, 76.9485° E",28.3867,76.9485
house,uppal southend,3.75,sector 49,25562.0,2,6,3+,3.0,Moderately Old,1467.0,1,0,0,0,0,2,0.0,"28.4121° N, 77.0480° E",28.4121,77.048
flat,pareena coban residences,1.3,sector 99a,6510.0,3,3,0,16.0,Relatively New,1997.0,0,0,0,0,0,1,49.0,"28.4561° N, 76.9542° E",28.4561,76.9542
flat,la vida by tata housing,2.4,sector 113,10825.0,3,4,3+,5.0,Relatively New,1940.0,0,1,0,0,0,1,44.0,"28.5287° N, 77.0233° E",28.5287,77.0233
house,Not Applicable,0.34,sector 110,6800.0,1,1,No,1.0,Moderately Old,500.0,0,0,0,0,0,1,38.0,"28.5145° N, 77.0197° E",28.5145,77.0197
house,Not Applicable,0.7,sector 105,5833.0,3,2,2,1.0,Moderately Old,1200.0,0,0,0,0,0,1,138.0,"28.4952° N, 77.0114° E",28.4952,77.0114
flat,imperia the esfera,0.7,sector 37c,4879.0,2,3,3+,12.0,Under Construction,1299.0,1,0,0,0,1,1,59.0,"28.4515° N, 76.9882° E",28.4515,76.9882
house,ansal heights,2.75,sector 92,9793.0,4,4,3+,3.0,Relatively New,5000.0,1,0,0,1,0,1,54.0,"28.4079° N, 76.9153° E",28.4079,76.9153
flat,supertech araville,1.35,sector 79,6940.0,3,3,3,4.0,Relatively New,2161.0,0,0,0,0,0,1,0.0,"28.3624° N, 76.9787° E",28.3624,76.9787
flat,paras dews,1.13,sector 106,6406.0,3,4,3+,18.0,Relatively New,1186.0,1,1,0,0,0,1,49.0,"28.5007° N, 77.0003° E",28.5007,77.0003
flat,sare crescent parc,0.65,sector 92,4596.0,3,3,3,3.0,Moderately Old,1571.0,0,0,0,0,0,1,51.0,"28.4079° N, 76.9153° E",28.4079,76.9153
flat,vatika city,1.79,sector 49,12785.0,3,3,3,9.0,Old Property,1556.0,0,1,0,0,0,1,174.0,"28.4121° N, 77.0480° E",28.4121,77.048
house,unitech espace,7.45,sector 50,34491.0,4,4,3,3.0,Old Property,4500.0,0,1,0,0,0,2,51.0,"28.4178° N, 77.0628° E",28.4178,77.0628
house,vipul tatvam villa,22.0,sector 48,26667.0,5,6,3,3.0,Moderately Old,8250.0,0,1,0,0,0,1,53.0,"28.4177° N, 77.0359° E",28.4177,77.0359
flat,ramprastha skyz,1.0,sector 37d,4942.0,3,5,3,11.0,Under Construction,1833.0,0,1,0,0,1,1,110.0,"28.4478° N, 76.9703° E",28.4478,76.9703
house,sushant lok 1 builder floors,1.65,sector 43,3395.0,4,4,3+,4.0,Moderately Old,540.0,0,0,0,0,1,0,0.0,"28.4629° N, 77.0772° E",28.4629,77.0772
flat,shree vardhman victoria,1.64,sector 70,8384.0,3,5,3,3.0,Relatively New,1528.0,0,1,0,0,0,1,30.0,"28.3968° N, 77.0233° E",28.3968,77.0233
flat,shapoorji pallonji joyville gurugram,1.9,sector 102,10259.0,3,3,3+,15.0,New Property,1700.0,0,0,0,1,0,1,0.0,"28.4750° N, 76.9715° E",28.475,76.9715
house,Not Applicable,0.59,sector 8,10085.0,2,2,2,2.0,Moderately Old,585.0,0,0,0,0,1,1,30.0,"28.3738° N, 76.8970° E",28.3738,76.897
flat,signature global city 37d ph 2,1.35,sector 37d,9375.0,3,3,3+,3.0,Under Construction,1600.0,0,0,0,1,0,1,15.0,"28.4478° N, 76.9703° E",28.4478,76.9703
flat,signature global city 81,0.82,sector 81,8639.0,2,2,3,2.0,Relatively New,955.0,0,0,0,0,0,1,158.0,"28.3867° N, 76.9485° E",28.3867,76.9485
house,vipul tatvam villa,7.69,sector 48,24069.0,4,5,3,2.0,Moderately Old,3195.0,1,1,1,1,0,2,81.0,"28.4177° N, 77.0359° E",28.4177,77.0359
flat,gls avenue 51,0.39,sector 92,6077.0,3,3,3+,6.0,Relatively New,713.0,0,0,0,0,0,1,108.0,"28.4079° N, 76.9153° E",28.4079,76.9153
flat,samadhan shri kamal cghs,2.01,sector 1,11426.0,4,4,3+,10.0,Moderately Old,1956.0,0,0,0,0,0,0,59.0,"28.3663° N, 76.9456° E",28.3663,76.9456
house,vipul tatvam villa,18.5,sector 48,26429.0,4,4,1,1.0,Moderately Old,7000.0,0,0,0,0,0,1,49.0,"28.4177° N, 77.0359° E",28.4177,77.0359
flat,surendra avenue 69,0.75,sector 69,6818.0,2,2,2,4.0,Moderately Old,1100.0,0,0,0,0,0,1,35.0,"28.3966° N, 77.0341° E",28.3966,77.0341
house,vipul tatvam villa,5.75,sector 48,22184.0,4,4,2,2.0,Moderately Old,2592.0,0,1,0,0,0,1,49.0,"28.4177° N, 77.0359° E",28.4177,77.0359
flat,dlf regal gardens,1.25,sector 90,8116.0,3,3,3,8.0,Relatively New,1640.0,0,0,0,1,0,1,49.0,"28.4085° N, 76.9369° E",28.4085,76.9369
flat,ss the leaf,1.2,sector 85,12371.0,2,2,2,4.0,Relatively New,1190.0,0,1,1,0,0,1,49.0,"28.4042° N, 76.9513° E",28.4042,76.9513
flat,shree vardhman victoria,1.07,sector 70,7925.0,2,2,3,8.0,Relatively New,1222.0,1,0,0,0,0,1,49.0,"28.3968° N, 77.0233° E",28.3968,77.0233
flat,sobha city,3.95,sector 108,16859.0,4,5,3,25.0,Relatively New,2343.0,0,0,0,0,0,1,0.0,"28.5134° N, 76.9830° E",28.5134,76.983
flat,mahindra luminare,5.8,sector 59,19173.0,3,4,3,16.0,New Property,3361.0,0,1,0,0,0,2,86.0,"28.4051° N, 77.1097° E",28.4051,77.1097
flat,vatika gurgaon,1.19,sector 83,7437.0,3,3,2,10.0,Relatively New,1778.0,0,1,0,0,0,2,26.0,"28.3986° N, 76.9647° E",28.3986,76.9647
flat,ramprastha the edge towers,0.75,sector 37d,5319.0,2,2,3,19.0,Moderately Old,1410.0,0,0,0,0,0,1,0.0,"28.4478° N, 76.9703° E",28.4478,76.9703
flat,bptp terra,1.49,sector 37d,8105.0,3,3,3,20.0,Relatively New,1707.0,0,0,0,0,1,1,92.0,"28.4478° N, 76.9703° E",28.4478,76.9703
house,Not Applicable,7.25,sector 57,26852.0,9,9,3+,2.0,New Property,2700.0,0,1,0,1,1,2,59.0,"28.4232° N, 77.0752° E",28.4232,77.0752
flat,emaar mgf palm hills,1.55,sector 77,7948.0,4,4,3+,2.0,Relatively New,1800.0,1,1,0,0,0,0,0.0,"28.3801° N, 76.9845° E",28.3801,76.9845
flat,satya element one,0.94,sector 49,14009.0,1,2,2,2.0,Moderately Old,746.0,0,0,0,0,0,1,13.0,"28.4121° N, 77.0480° E",28.4121,77.048
flat,puri diplomatic greens,2.58,sector 111,11727.0,3,4,2,10.0,Moderately Old,2200.0,0,1,0,0,0,1,150.0,"28.5238° N, 77.0320° E",28.5238,77.032
flat,m3m merlin,2.8,sector 67,13678.0,3,3,3,5.0,Moderately Old,2047.0,0,1,0,0,0,0,56.0,"28.3859° N, 77.0608° E",28.3859,77.0608
flat,godrej icon,1.31,sector 88a,8100.0,2,2,3+,3.0,Relatively New,1464.0,1,0,0,0,0,1,37.0,"28.4347° N, 76.9557° E",28.4347,76.9557
flat,pyramid urban homes 2,0.43,sector 86,8582.0,2,2,1,6.0,New Property,557.0,1,0,0,0,0,1,104.0,"28.3986° N, 76.9384° E",28.3986,76.9384
flat,maruti vihar colony,0.95,sector 28,8886.0,2,1,1,1.0,Old Property,1188.0,0,0,0,0,0,1,49.0,"28.4728° N, 77.0865° E",28.4728,77.0865
flat,ramprastha the atrium,1.0,sector 37d,7782.0,3,3,2,4.0,Relatively New,1163.0,0,0,0,0,0,1,79.0,"28.4478° N, 76.9703° E",28.4478,76.9703
flat,ireo the corridors,1.8,sector 67a,14658.0,3,3,3,6.0,New Property,1552.0,0,1,1,0,0,2,124.0,"28.3960° N, 77.0372° E",28.396,77.0372
house,emaar emerald hills,12.5,sector 65,34722.0,4,4,3+,2.0,Relatively New,3600.0,1,1,0,0,0,1,152.0,"28.4030° N, 77.0690° E",28.403,77.069
flat,pivotal devaan,0.35,sector 84,6003.0,2,2,1,4.0,Relatively New,528.0,0,0,0,0,0,1,72.0,"28.3979° N, 76.9736° E",28.3979,76.9736
flat,vatika city homes,0.75,sector 83,5660.0,2,2,2,3.0,Relatively New,1200.0,0,0,0,0,0,2,26.0,"28.3986° N, 76.9647° E",28.3986,76.9647
flat,bestech park view ananda,0.95,sector 81,10626.0,2,2,2,2.0,Relatively New,1112.0,0,0,0,0,0,2,7.0,"28.3867° N, 76.9485° E",28.3867,76.9485
flat,umang winter hills,1.1,sector 77,5296.0,3,4,3+,9.0,Relatively New,1829.0,0,1,0,0,0,1,0.0,"28.3801° N, 76.9845° E",28.3801,76.9845
house,Not Applicable,4.49,sector 45,24455.0,3,9,3+,3.0,Moderately Old,1836.0,0,0,0,0,1,2,66.0,"28.4466° N, 77.0660° E",28.4466,77.066
flat,ramsons kshitij,0.33,sector 95,3911.0,2,2,1,14.0,New Property,694.0,0,0,0,0,1,2,49.0,"28.4172° N, 76.9081° E",28.4172,76.9081
flat,emaar mgf emerald estate,1.75,sector 65,12544.0,3,3,3,10.0,Relatively New,1081.0,0,1,0,0,0,2,37.0,"28.4030° N, 77.0690° E",28.403,77.069
flat,emaar imperial gardens,1.91,sector 102,9550.0,3,4,2,17.0,Relatively New,1588.0,1,1,0,0,0,2,49.0,"28.4750° N, 76.9715° E",28.475,76.9715
flat,shapoorji pallonji joyville gurugram,2.12,sector 102,16960.0,3,3,3,9.0,Relatively New,1852.0,0,0,0,0,0,1,23.0,"28.4750° N, 76.9715° E",28.475,76.9715
flat,vipul belmonte,6.0,sector 53,24490.0,3,4,3+,6.0,Moderately Old,2218.0,0,1,0,0,1,2,174.0,"28.4433° N, 77.0948° E",28.4433,77.0948
house,Not Applicable,1.0,sector 3,6667.0,1,1,No,1.0,Moderately Old,1500.0,0,0,0,0,0,1,97.0,"28.4909° N, 77.0176° E",28.4909,77.0176
flat,ild greens,0.9,sector 37c,5614.0,3,3,3,0.0,Under Construction,1500.0,0,0,0,0,0,1,0.0,"28.4515° N, 76.9882° E",28.4515,76.9882
flat,orris aster court,0.9,sector 85,5671.0,3,3,3,8.0,Relatively New,1437.0,0,0,0,0,0,1,174.0,"28.4042° N, 76.9513° E",28.4042,76.9513
flat,smart world orchard,1.6,sector 61,13913.0,2,2,2,3.0,Under Construction,1278.0,1,0,0,0,0,1,65.0,"28.4050° N, 77.0963° E",28.405,77.0963
flat,shri balaji apartment,0.35,sector 12,4037.0,2,2,1,1.0,Moderately Old,737.0,0,0,0,0,0,1,112.0,"28.4723° N, 77.0320° E",28.4723,77.032
flat,shree vardhman flora,1.25,sector 90,4854.0,4,4,3,10.0,Relatively New,2861.0,1,0,0,1,0,1,65.0,"28.4085° N, 76.9369° E",28.4085,76.9369
flat,ats tourmaline,1.4,sector 109,8000.0,3,3,3+,8.0,Relatively New,1466.0,0,0,1,0,0,1,0.0,"28.5073° N, 77.0089° E",28.5073,77.0089
flat,paras dews,1.05,sector 106,7581.0,2,2,2,5.0,New Property,1539.0,0,0,0,0,0,1,65.0,"28.5007° N, 77.0003° E",28.5007,77.0003
flat,dlf the skycourt,1.56,sector 86,8087.0,3,4,3+,17.0,Relatively New,1580.0,0,0,1,0,0,1,9.0,"28.3986° N, 76.9384° E",28.3986,76.9384
flat,m3m capital,2.87,sector 113,12489.0,4,4,3+,3.0,Under Construction,2553.0,0,1,0,0,0,1,15.0,"28.5287° N, 77.0233° E",28.5287,77.0233
house,Not Applicable,16.0,sector 25,26667.0,6,5,2,3.0,Relatively New,6000.0,0,0,0,0,0,1,136.0,"28.4844° N, 77.0860° E",28.4844,77.086
flat,godrej summit,1.35,sector 104,5000.0,4,5,3+,0.0,Relatively New,3000.0,1,1,1,1,0,1,0.0,"28.4788° N, 76.9960° E",28.4788,76.996
flat,dlf carlton estate,2.0,sector 43,14214.0,3,3,2,5.0,Moderately Old,1274.0,0,0,0,0,0,1,103.0,"28.4629° N, 77.0772° E",28.4629,77.0772
flat,chd avenue,0.98,sector 71,6049.0,3,3,3,0.0,Moderately Old,1467.0,1,0,0,0,0,1,112.0,"28.4104° N, 77.0281° E",28.4104,77.0281
flat,tata primanti,3.5,sector 72,11428.0,4,5,3+,16.0,Relatively New,2625.0,0,1,0,0,1,1,150.0,"28.4225° N, 77.0211° E",28.4225,77.0211
flat,ansal api esencia,1.0,sector 67,6435.0,3,3,3+,2.0,Moderately Old,1407.0,0,0,0,0,0,1,153.0,"28.3859° N, 77.0608° E",28.3859,77.0608
flat,breez global heights 88a,0.5,sector 88a,8375.0,3,2,2,2.0,Under Construction,663.0,0,0,0,0,0,1,144.0,"28.4347° N, 76.9557° E",28.4347,76.9557
flat,cghs airport apartment,1.65,sector 47,7857.0,3,3,3,1.0,Old Property,1906.0,0,0,0,0,1,2,88.0,"28.4276° N, 77.0492° E",28.4276,77.0492
flat,sobha smriti apartments,0.5,sector 56,8333.0,1,1,2,3.0,Old Property,667.0,0,0,0,0,0,1,54.0,"28.4245° N, 77.0991° E",28.4245,77.0991
flat,vatika the seven lamps,0.94,sector 82,6567.0,2,2,2,12.0,Relatively New,1299.0,1,0,0,0,0,2,0.0,"28.3935° N, 76.9600° E",28.3935,76.96
house,Not Applicable,10.85,sector 25,38150.0,6,6,1,3.0,Relatively New,2844.0,0,0,1,0,0,2,0.0,"28.4844° N, 77.0860° E",28.4844,77.086
flat,godrej aria,1.69,sector 79,8522.0,3,3,2,7.0,Relatively New,1795.0,0,0,0,0,0,1,156.0,"28.3624° N, 76.9787° E",28.3624,76.9787
flat,experion windchants,3.65,sector 112,12312.0,3,4,3+,14.0,Relatively New,2225.56,0,1,0,0,0,2,110.0,"28.5189° N, 77.0183° E",28.5189,77.0183
house,Not Applicable,5.75,sector 43,23662.0,4,4,2,4.0,Under Construction,2430.0,0,1,1,0,0,0,49.0,"28.4629° N, 77.0772° E",28.4629,77.0772
house,unitech espace,11.0,sector 50,40741.0,4,4,3+,2.0,Moderately Old,2700.0,0,1,0,0,0,2,49.0,"28.4178° N, 77.0628° E",28.4178,77.0628
flat,sare homes,0.58,sector 92,4098.0,3,3,3,3.0,New Property,1281.0,0,0,0,0,0,1,118.0,"28.4079° N, 76.9153° E",28.4079,76.9153
house,Not Applicable,0.7,sector 103,7000.0,2,2,1,5.0,Moderately Old,1000.0,0,0,0,0,0,1,0.0,"28.4949° N, 76.9845° E",28.4949,76.9845
flat,indiabulls enigma,3.7,sector 110,10882.0,4,5,3,7.0,Relatively New,3078.0,0,1,0,0,0,1,0.0,"28.5145° N, 77.0197° E",28.5145,77.0197
flat,bestech altura,1.85,sector 79,8604.0,3,4,3+,11.0,New Property,1947.0,0,1,0,0,0,1,42.0,"28.3624° N, 76.9787° E",28.3624,76.9787
flat,bestech park view residency,1.55,sector 23,8072.0,3,4,3+,4.0,Old Property,1738.0,0,1,0,0,0,1,47.0,"28.5121° N, 77.0478° E",28.5121,77.0478
flat,vatika the seven lamps,0.85,sector 82,6538.0,2,2,2,0.0,Relatively New,1177.0,0,0,0,0,0,2,72.0,"28.3935° N, 76.9600° E",28.3935,76.96
flat,park royal apartment,1.71,sector 56,7600.0,3,3,3+,5.0,Moderately Old,2251.0,0,1,0,0,0,2,35.0,"28.4245° N, 77.0991° E",28.4245,77.0991
flat,shapoorji pallonji joyville gurugram,1.35,sector 102,14754.0,2,2,2,10.0,Under Construction,828.0,0,0,0,0,0,1,0.0,"28.4750° N, 76.9715° E",28.475,76.9715
flat,vipul lavanya,0.6,sector 81,6666.0,2,2,1,0.0,Under Construction,815.0,0,0,0,0,0,1,174.0,"28.3867° N, 76.9485° E",28.3867,76.9485
flat,signature global city 37d ph 2,1.1,sector 37d,8148.0,3,3,1,2.0,Under Construction,1500.0,0,0,0,1,0,1,69.0,"28.4478° N, 76.9703° E",28.4478,76.9703
flat,pareena mi casa,1.85,sector 68,9310.0,3,3,3+,13.0,Under Construction,1799.0,0,0,0,0,0,1,79.0,"28.3853° N, 77.0484° E",28.3853,77.0484
flat,dlf regal gardens,1.27,sector 90,5499.0,3,3,3+,2.0,Relatively New,1500.0,0,0,0,0,1,1,135.0,"28.4085° N, 76.9369° E",28.4085,76.9369
flat,pyramid urban homes 2,0.5,sector 86,8319.0,2,2,1,2.0,Relatively New,668.0,0,0,0,0,0,1,80.0,"28.3986° N, 76.9384° E",28.3986,76.9384
house,Not Applicable,1.2,sector 11,4444.0,7,3,No,3.0,Moderately Old,300.0,0,0,0,0,0,1,79.0,"28.4531° N, 77.0202° E",28.4531,77.0202
flat,tulip violet,1.38,sector 69,8972.0,3,3,1,12.0,Relatively New,1709.0,0,0,0,0,0,1,46.0,"28.3966° N, 77.0341° E",28.3966,77.0341
flat,tulip violet,1.65,sector 69,8872.0,3,3,2,1.0,Relatively New,1578.0,0,0,0,0,0,2,103.0,"28.3966° N, 77.0341° E",28.3966,77.0341
flat,m3m woodshire,1.49,sector 107,6310.0,3,4,3+,5.0,Relatively New,2138.0,0,1,1,0,0,2,40.0,"28.5052° N, 76.9729° E",28.5052,76.9729
house,Not Applicable,12.5,sector 26,38580.0,5,5,3+,2.0,Old Property,3240.0,1,1,1,1,0,2,77.0,"28.4757° N, 77.1032° E",28.4757,77.1032
flat,vatika the seven lamps,0.86,sector 82,6022.0,2,2,2,12.0,Relatively New,1295.0,1,0,0,0,0,2,126.0,"28.3935° N, 76.9600° E",28.3935,76.96
flat,pivotal devaan,0.36,sector 84,7588.0,2,2,1,9.0,Relatively New,531.0,0,0,1,0,0,0,117.0,"28.3979° N, 76.9736° E",28.3979,76.9736
flat,ramsons kshitij,0.33,sector 95,3911.0,2,2,1,14.0,New Property,694.0,0,0,0,0,1,2,165.0,"28.4172° N, 76.9081° E",28.4172,76.9081
house,Not Applicable,0.7,sector 5,7701.0,2,2,No,1.0,Moderately Old,909.0,0,0,0,0,0,2,67.0,"28.4794° N, 77.0176° E",28.4794,77.0176
flat,shapoorji pallonji joyville gurugram,2.5,sector 102,14000.0,3,3,3,15.0,Under Construction,1654.0,0,0,0,0,0,1,31.0,"28.4750° N, 76.9715° E",28.475,76.9715
house,eldeco mansionz,5.0,sector 48,21367.0,7,7,3,2.0,Moderately Old,2340.0,0,0,0,0,0,2,28.0,"28.4177° N, 77.0359° E",28.4177,77.0359
flat,kendriya vihar,0.58,sector 56,9586.0,1,1,1,1.0,Old Property,672.0,0,0,0,0,0,1,103.0,"28.4245° N, 77.0991° E",28.4245,77.0991
flat,kanchanjanga tower,1.45,sector 56,7631.0,3,3,3+,2.0,Moderately Old,1720.0,0,0,0,0,0,2,23.0,"28.4245° N, 77.0991° E",28.4245,77.0991
flat,bestech park view city,2.9,sector 49,12169.0,4,4,3+,5.0,Moderately Old,2157.0,0,1,0,0,0,1,117.0,"28.4121° N, 77.0480° E",28.4121,77.048
flat,m3m golfestate,5.0,sector 65,18518.0,3,3,3+,28.0,Relatively New,2800.0,0,1,0,1,0,2,159.0,"28.4030° N, 77.0690° E",28.403,77.069
flat,shapoorji pallonji joyville gurugram,2.03,sector 102,12000.0,3,3,2,1.0,New Property,1337.0,0,0,0,0,0,1,43.0,"28.4750° N, 76.9715° E",28.475,76.9715
flat,conscient elevate,4.02,sector 59,17500.0,3,3,1,3.0,Under Construction,2550.0,0,0,0,0,0,1,37.0,"28.4051° N, 77.1097° E",28.4051,77.1097
flat,puri diplomatic greens,3.7,sector 111,12542.0,4,5,3+,12.0,Relatively New,2650.0,0,1,0,0,0,2,82.0,"28.5238° N, 77.0320° E",28.5238,77.032
house,Not Applicable,4.6,sector 26,12198.0,4,4,3+,2.0,Old Property,3771.0,0,0,0,0,0,1,102.0,"28.4757° N, 77.1032° E",28.4757,77.1032
flat,vatika sovereign park,3.2,sector 99,9922.0,4,4,0,5.0,Under Construction,3225.0,0,0,0,0,0,1,49.0,"28.4640° N, 76.9614° E",28.464,76.9614
flat,vatika the seven lamps,0.81,sector 82,6192.0,2,2,2,15.0,Relatively New,1177.0,0,0,0,0,0,2,0.0,"28.3935° N, 76.9600° E",28.3935,76.96
flat,puri emerald bay,2.25,sector 104,10465.0,3,4,3+,4.0,Relatively New,2303.0,0,1,0,0,0,2,0.0,"28.4788° N, 76.9960° E",28.4788,76.996
flat,huda housing board society,0.45,sector 52,9745.0,1,1,0,0.0,Moderately Old,513.0,0,0,0,1,0,2,166.0,"28.4379° N, 77.0785° E",28.4379,77.0785
flat,ireo victory valley,2.99,sector 67,11832.0,3,3,3,4.0,Relatively New,2200.0,0,1,0,0,0,2,49.0,"28.3859° N, 77.0608° E",28.3859,77.0608
flat,shri banke bihari society,1.35,sector 56,6750.0,3,3,3,5.0,Old Property,1800.0,0,0,0,0,1,2,0.0,"28.4245° N, 77.0991° E",28.4245,77.0991
flat,umang winter hills,0.75,sector 77,5588.0,2,2,2,8.0,Relatively New,1140.0,0,0,1,0,0,2,7.0,"28.3801° N, 76.9845° E",28.3801,76.9845
flat,bestech altura,1.72,sector 79,8400.0,3,4,3,9.0,New Property,2050.0,0,0,0,0,0,1,49.0,"28.3624° N, 76.9787° E",28.3624,76.9787
flat,signature global superbia,0.4,sector 95,6728.0,2,2,3,2.0,Under Construction,661.0,0,0,0,0,0,1,0.0,"28.4172° N, 76.9081° E",28.4172,76.9081
flat,vatika the seven lamps,0.94,sector 82,6533.0,2,2,3+,9.0,Relatively New,1299.0,1,0,0,0,0,2,7.0,"28.3935° N, 76.9600° E",28.3935,76.96
flat,m3m skycity,3.5,sector 65,17039.0,3,3,3,15.0,New Property,2282.0,1,1,0,1,0,2,0.0,"28.4030° N, 77.0690° E",28.403,77.069
flat,orris aster court premier,1.25,sector 85,5896.0,3,4,2,6.0,Relatively New,1616.0,0,1,0,0,0,2,155.0,"28.4042° N, 76.9513° E",28.4042,76.9513
house,Not Applicable,1.6,sector 8,3186.0,4,6,1,3.0,Relatively New,558.0,0,0,0,0,0,1,123.0,"28.3738° N, 76.8970° E",28.3738,76.897
flat,breeze global heights,0.4,sector 33,6421.0,2,2,2,4.0,Relatively New,623.0,0,0,0,0,0,1,76.0,"28.4420° N, 77.0207° E",28.442,77.0207
flat,ss the leaf,2.13,sector 85,7574.0,4,4,3,2.0,Relatively New,2600.0,0,0,0,0,0,1,174.0,"28.4042° N, 76.9513° E",28.4042,76.9513
house,Not Applicable,0.89,sector 81,8127.0,1,1,No,1.0,Relatively New,1095.0,0,0,0,0,0,1,40.0,"28.3867° N, 76.9485° E",28.3867,76.9485
house,Not Applicable,8.4,sector 48,25926.0,4,4,3,2.0,Old Property,3240.0,0,1,0,1,0,2,174.0,"28.4177° N, 77.0359° E",28.4177,77.0359
flat,om appartments,0.4,sector 5,4444.0,3,2,1,3.0,Relatively New,1000.0,0,0,0,0,0,1,38.0,"28.4794° N, 77.0176° E",28.4794,77.0176
house,Not Applicable,3.5,sector 5,15555.0,6,5,2,3.0,Old Property,2250.0,1,1,0,1,1,0,36.0,"28.4794° N, 77.0176° E",28.4794,77.0176
flat,signature global synera,0.31,sector 81,7434.0,1,1,1,13.0,Relatively New,367.0,0,0,0,0,0,0,0.0,"28.3867° N, 76.9485° E",28.3867,76.9485
flat,smart world orchard,1.41,sector 61,12250.0,2,2,2,2.0,Under Construction,1150.0,1,0,0,0,0,1,49.0,"28.4050° N, 77.0963° E",28.405,77.0963
flat,m3m golfestate,5.0,sector 65,16666.0,3,3,3,2.0,Relatively New,3245.0,0,1,0,0,0,2,120.0,"28.4030° N, 77.0690° E",28.403,77.069
flat,bestech park view grand spa,3.3,sector 81,12222.0,4,5,3+,4.0,Relatively New,3071.0,1,1,0,0,0,2,48.0,"28.3867° N, 76.9485° E",28.3867,76.9485
flat,dlf regal gardens,1.25,sector 90,7339.0,3,3,3,28.0,Moderately Old,1542.0,0,1,0,0,0,1,52.0,"28.4085° N, 76.9369° E",28.4085,76.9369
flat,signature global city 81,0.8,sector 81,14652.0,2,2,2,4.0,Under Construction,607.0,1,0,0,0,0,1,44.0,"28.3867° N, 76.9485° E",28.3867,76.9485
flat,godrej summit premia towers,0.9,sector 104,7149.0,2,2,0,16.0,Relatively New,1259.0,0,0,0,0,0,1,52.0,"28.4788° N, 76.9960° E",28.4788,76.996
flat,eros wembley estate,1.4,sector 50,10174.0,3,3,2,9.0,Relatively New,1246.0,0,0,1,0,0,2,0.0,"28.4178° N, 77.0628° E",28.4178,77.0628
flat,orchid petals,2.55,sector 49,12318.0,3,4,3,8.0,Relatively New,2060.0,1,0,0,0,0,2,49.0,"28.4121° N, 77.0480° E",28.4121,77.048
house,international city by sobha phase 1,12.0,sector 109,20000.0,5,6,3,2.0,Relatively New,7000.0,1,1,0,0,0,2,149.0,"28.5073° N, 77.0089° E",28.5073,77.0089
flat,m3m heights,2.15,sector 65,15003.0,2,2,3+,28.0,Relatively New,1433.0,0,0,0,0,0,1,28.0,"28.4030° N, 77.0690° E",28.403,77.069
flat,chd avenue,0.95,sector 71,7917.0,2,2,0,5.0,Moderately Old,1200.0,0,0,0,0,0,1,131.0,"28.4104° N, 77.0281° E",28.4104,77.0281
flat,.,7.0,sector 2,11000.0,4,4,3+,6.0,Relatively New,5432.0,0,1,0,0,0,1,83.0,"28.5095° N, 77.0320° E",28.5095,77.032
flat,m3m heights,2.01,sector 65,13500.0,2,2,3,8.0,New Property,1482.0,1,0,0,0,0,1,7.0,"28.4030° N, 77.0690° E",28.403,77.069
flat,birla navya,3.3,sector 63a,15348.0,3,3,3,4.0,Under Construction,2150.0,0,1,0,0,0,1,67.0,"28.3923° N, 77.0888° E",28.3923,77.0888
flat,emaar mgf emerald floors,2.6,sector 65,15758.0,3,3,3+,3.0,Relatively New,1650.0,0,0,0,0,0,1,143.0,"28.4030° N, 77.0690° E",28.403,77.069
flat,corona optus,1.22,sector 37c,6912.0,3,4,3,5.0,Relatively New,1665.0,0,0,0,0,0,1,0.0,"28.4515° N, 76.9882° E",28.4515,76.9882
flat,orris aster court premier,1.2,sector 85,5660.0,3,4,2,6.0,Relatively New,1650.0,0,1,0,0,0,1,103.0,"28.4042° N, 76.9513° E",28.4042,76.9513
flat,emaar mgf the palm drive,4.6,sector 66,18400.0,3,3,3,11.0,Relatively New,2883.0,1,1,1,1,0,1,8.0,"28.3925° N, 77.0541° E",28.3925,77.0541
flat,rof ananda,0.38,sector 95,5899.0,2,2,2,5.0,Relatively New,716.0,1,0,0,0,0,1,21.0,"28.4172° N, 76.9081° E",28.4172,76.9081
flat,antriksh heights,0.92,sector 84,5041.0,3,3,3,2.0,Relatively New,1652.0,1,0,0,1,0,1,37.0,"28.3979° N, 76.9736° E",28.3979,76.9736
flat,m3m capital,2.37,sector 113,11500.0,4,4,3+,20.0,Under Construction,2060.0,1,0,0,0,0,1,174.0,"28.5287° N, 77.0233° E",28.5287,77.0233
flat,vatika emilia floors,0.65,sector 83,6190.0,2,2,2,1.0,Relatively New,950.0,0,0,0,0,0,2,0.0,"28.3986° N, 76.9647° E",28.3986,76.9647
flat,tata gurgaon gateway,2.45,sector 113,10786.0,3,3,3,8.0,Relatively New,2014.0,0,0,0,0,0,1,51.0,"28.5287° N, 77.0233° E",28.5287,77.0233
flat,sare green parc,0.75,sector 92,4820.0,3,2,2,16.0,Relatively New,1556.0,0,0,0,0,0,1,0.0,"28.4079° N, 76.9153° E",28.4079,76.9153
house,shivpuri,2.4,sector 7,8889.0,10,5,3,2.0,Old Property,2700.0,1,1,0,1,0,1,32.0,"28.4644° N, 77.0143° E",28.4644,77.0143
flat,m3m woodshire,0.9,sector 107,6588.0,2,2,3+,4.0,Relatively New,1237.0,0,0,0,0,0,1,49.0,"28.5052° N, 76.9729° E",28.5052,76.9729
flat,smart world orchard,2.55,sector 61,15644.0,3,3,2,4.0,New Property,1630.0,0,0,0,0,1,1,174.0,"28.4050° N, 77.0963° E",28.405,77.0963
flat,sare crescent parc,1.44,sector 92,7068.0,4,4,3,8.0,Relatively New,2267.0,0,0,0,0,0,1,73.0,"28.4079° N, 76.9153° E",28.4079,76.9153
flat,ss the leaf,1.93,sector 85,8075.0,3,4,3,7.0,Relatively New,2400.0,0,1,0,0,0,1,7.0,"28.4042° N, 76.9513° E",28.4042,76.9513
house,anshul,0.85,sector 6,7727.0,2,2,No,4.0,Moderately Old,1222.0,0,0,0,0,0,1,49.0,"28.4745° N, 77.0262° E",28.4745,77.0262
flat,assotech blith,1.6,sector 99,6667.0,3,4,0,15.0,New Property,2400.0,0,0,0,0,0,1,49.0,"28.4640° N, 76.9614° E",28.464,76.9614
house,Not Applicable,0.45,sector 4,8411.0,3,2,1,1.0,Old Property,594.0,0,0,0,0,0,1,26.0,"28.4738° N, 77.0107° E",28.4738,77.0107
flat,vatika xpressions,0.92,sector 88b,6815.0,2,2,3,3.0,New Property,1350.0,0,0,0,0,0,1,99.0,"28.4446° N, 76.9542° E",28.4446,76.9542
flat,bestech altura,2.69,sector 79,12500.0,3,4,3+,3.0,New Property,2152.0,0,1,0,0,0,1,127.0,"28.3624° N, 76.9787° E",28.3624,76.9787
flat,tata primanti,5.0,sector 72,11363.0,4,4,3+,2.0,New Property,4000.0,1,1,1,0,0,2,23.0,"28.4225° N, 77.0211° E",28.4225,77.0211
house,Not Applicable,4.5,sector 26,33333.0,5,5,3+,2.0,Old Property,1350.0,0,0,0,0,0,1,149.0,"28.4757° N, 77.1032° E",28.4757,77.1032
flat,afnhb jalvayu vihar,0.85,sector 30,12859.0,2,2,1,2.0,Old Property,734.0,0,0,0,0,1,2,0.0,"28.4604° N, 77.0579° E",28.4604,77.0579
flat,dlf the skycourt,1.72,sector 86,8916.0,3,3,1,8.0,Relatively New,1746.0,0,0,0,0,1,2,72.0,"28.3986° N, 76.9384° E",28.3986,76.9384
house,uppal southend,6.75,sector 49,32328.0,4,4,3,3.0,Relatively New,2088.0,0,1,0,0,0,2,49.0,"28.4121° N, 77.0480° E",28.4121,77.048
flat,sare petioles,1.22,sector 92,5250.0,4,3,3,9.0,Under Construction,2093.0,0,1,0,0,0,1,174.0,"28.4079° N, 76.9153° E",28.4079,76.9153
flat,adani m2k oyster grande,1.9,sector 102,14074.0,3,4,3,21.0,Relatively New,1605.0,0,1,0,0,0,1,174.0,"28.4750° N, 76.9715° E",28.475,76.9715
house,Not Applicable,0.7,sector 12,6034.0,3,3,No,1.0,Relatively New,1160.0,0,0,0,0,0,1,135.0,"28.4723° N, 77.0320° E",28.4723,77.032
flat,imperia the esfera,0.99,sector 37c,5454.0,3,5,3+,5.0,Relatively New,1400.0,0,1,0,0,0,1,160.0,"28.4515° N, 76.9882° E",28.4515,76.9882
flat,bptp terra,1.45,sector 37d,8006.0,3,3,3,8.0,Relatively New,1711.0,0,0,0,0,0,1,0.0,"28.4478° N, 76.9703° E",28.4478,76.9703
flat,vipul belmonte,6.5,sector 53,21922.0,3,4,3+,0.0,Old Property,2684.0,1,0,0,0,1,1,0.0,"28.4433° N, 77.0948° E",28.4433,77.0948
flat,m3m merlin,2.98,sector 67,14557.0,3,3,3,0.0,Relatively New,2047.0,0,0,0,0,1,2,52.0,"28.3859° N, 77.0608° E",28.3859,77.0608
flat,ats triumph,2.62,sector 104,8317.0,4,4,3+,14.0,Relatively New,2852.0,0,1,0,0,0,1,79.0,"28.4788° N, 76.9960° E",28.4788,76.996
flat,ireo skyon,2.85,sector 60,13936.0,3,4,3+,5.0,Relatively New,2045.0,0,1,0,0,0,2,38.0,"28.4003° N, 77.0975° E",28.4003,77.0975
flat,bestech park view residency,1.4,sector 23,7865.0,3,3,3+,6.0,Old Property,1612.0,0,0,0,0,0,0,0.0,"28.5121° N, 77.0478° E",28.5121,77.0478
flat,mapsko mount ville,1.1,sector 79,12732.0,3,3,3,22.0,Relatively New,1154.0,1,0,0,1,0,1,137.0,"28.3624° N, 76.9787° E",28.3624,76.9787
house,unitech deerwood chase,15.0,sector 50,33333.0,4,4,2,2.0,Moderately Old,4500.0,0,1,0,0,0,1,14.0,"28.4178° N, 77.0628° E",28.4178,77.0628
house,Not Applicable,3.0,sector 88,11111.0,4,4,No,1.0,Old Property,3000.0,0,0,0,0,0,1,0.0,"28.4220° N, 76.9571° E",28.422,76.9571
house,dlf gardencity enclave,1.3,sector 93,11284.0,3,2,1,3.0,Relatively New,1152.0,0,0,0,0,0,1,168.0,"28.4153° N, 76.9326° E",28.4153,76.9326
flat,shapoorji pallonji joyville,1.1,sector 102,12022.0,2,2,1,7.0,Relatively New,915.0,0,0,0,0,0,1,60.0,"28.4750° N, 76.9715° E",28.475,76.9715
flat,antriksh heights,0.6,sector 84,5000.0,2,2,2,14.0,Relatively New,1086.0,0,0,0,0,0,1,74.0,"28.3979° N, 76.9736° E",28.3979,76.9736
flat,godrej oasis,0.95,sector 88a,7268.0,2,2,2,6.0,Relatively New,1452.0,0,0,0,0,0,1,0.0,"28.4347° N, 76.9557° E",28.4347,76.9557
flat,tata primanti,4.0,sector 72,13769.0,4,5,2,7.0,Moderately Old,2630.0,0,1,0,0,0,1,74.0,"28.4225° N, 77.0211° E",28.4225,77.0211
flat,m3m skywalk,1.54,sector 74,11000.0,2,2,3+,22.0,Relatively New,1200.0,0,0,0,0,1,1,87.0,"28.4158° N, 77.0118° E",28.4158,77.0118
house,sector 14 rwa,5.51,sector 14,16990.0,3,3,2,4.0,Moderately Old,3249.0,0,0,0,0,0,1,60.0,"28.4711° N, 77.0454° E",28.4711,77.0454
house,greenopolis,0.7,sector 89,5397.0,2,2,2,14.0,Moderately Old,1297.0,0,0,0,0,0,1,168.0,"28.4253° N, 76.9439° E",28.4253,76.9439
flat,dlf the ultima,2.25,sector 81,10553.0,3,3,3+,6.0,New Property,1930.0,0,1,0,0,0,0,72.0,"28.3867° N, 76.9485° E",28.3867,76.9485
flat,bestech park view sanskruti,1.55,sector 92,7568.0,3,4,3,16.0,Relatively New,1806.0,0,1,0,0,0,2,32.0,"28.4079° N, 76.9153° E",28.4079,76.9153
flat,ats tourmaline,2.3,sector 109,8897.0,3,4,3+,10.0,New Property,2340.0,0,1,0,0,1,1,26.0,"28.5073° N, 77.0089° E",28.5073,77.0089
house,Not Applicable,0.6,sector 105,13333.0,3,3,No,3.0,Moderately Old,450.0,0,0,0,0,0,1,0.0,"28.4952° N, 77.0114° E",28.4952,77.0114
house,Not Applicable,2.8,sector 23,17983.0,5,5,3+,2.0,Old Property,1557.0,0,0,0,1,0,2,102.0,"28.5121° N, 77.0478° E",28.5121,77.0478
flat,bptp terra,1.5,sector 37d,8282.0,3,3,3,17.0,Relatively New,1692.0,0,0,0,0,1,1,49.0,"28.4478° N, 76.9703° E",28.4478,76.9703
house,dlf city plots,17.0,sector 26,37627.0,5,6,3,2.0,Old Property,4518.0,0,1,1,1,0,2,22.0,"28.4757° N, 77.1032° E",28.4757,77.1032
flat,greenopolis,0.8,sector 89,4820.0,2,3,3,8.0,Under Construction,1503.0,1,0,0,0,1,1,0.0,"28.4253° N, 76.9439° E",28.4253,76.9439
flat,godrej oasis,1.0,sector 88a,6896.0,2,2,3,7.0,Relatively New,1611.0,1,0,0,0,0,1,120.0,"28.4347° N, 76.9557° E",28.4347,76.9557
flat,central park 2 bellevue,2.75,sector 48,10754.0,3,4,3+,3.0,Moderately Old,2574.0,0,0,0,0,0,1,49.0,"28.4177° N, 77.0359° E",28.4177,77.0359
flat,indiabulls centrum park,1.2,sector 103,8432.0,2,2,3,3.0,Moderately Old,1288.0,0,0,0,0,0,1,108.0,"28.4949° N, 76.9845° E",28.4949,76.9845
flat,ambience caitriona,14.0,sector 24,22222.0,4,5,3,3.0,Moderately Old,6300.0,0,0,0,0,0,1,22.0,"28.4939° N, 77.1038° E",28.4939,77.1038
flat,tulip violet,1.43,sector 69,9039.0,3,3,2,1.0,Relatively New,1429.0,0,0,0,1,0,1,90.0,"28.3966° N, 77.0341° E",28.3966,77.0341
flat,ss,2.14,sector 85,7610.0,4,4,3,6.0,Relatively New,2300.0,1,1,0,1,0,1,43.0,"28.4042° N, 76.9513° E",28.4042,76.9513
flat,siddhartha apartment,1.1,sector 95,4327.0,4,3,3,9.0,Relatively New,2824.0,0,1,0,0,1,1,119.0,"28.4172° N, 76.9081° E",28.4172,76.9081
house,Not Applicable,0.45,sector 13,4808.0,1,1,No,1.0,Moderately Old,936.0,0,0,0,0,0,1,0.0,"28.4757° N, 77.0392° E",28.4757,77.0392
flat,satya the hermitage,0.89,sector 103,6137.0,2,3,3,1.0,Relatively New,1257.0,0,1,0,0,0,1,38.0,"28.4949° N, 76.9845° E",28.4949,76.9845
flat,mapsko casa bella,0.86,sector 82,8120.0,3,3,3,5.0,Moderately Old,1234.0,1,0,0,0,0,2,174.0,"28.3935° N, 76.9600° E",28.3935,76.96
flat,paras dews,1.32,sector 106,5605.0,4,5,3+,11.0,Relatively New,1535.0,0,1,0,0,0,1,159.0,"28.5007° N, 77.0003° E",28.5007,77.0003
flat,emaar mgf emerald floors premier,2.8,sector 65,14177.0,4,4,3,2.0,Relatively New,2194.0,1,1,0,0,0,2,76.0,"28.4030° N, 77.0690° E",28.403,77.069
flat,malibu towne,2.4,sector 47,10000.0,3,3,0,0.0,Moderately Old,2667.0,0,0,0,0,0,2,152.0,"28.4276° N, 77.0492° E",28.4276,77.0492
house,Not Applicable,4.7,sector 57,21759.0,3,3,2,2.0,Old Property,2160.0,0,1,0,0,1,1,157.0,"28.4232° N, 77.0752° E",28.4232,77.0752
flat,dlf the ultima,2.3,sector 81,14603.0,3,4,3+,27.0,Relatively New,1826.0,0,1,0,0,0,2,174.0,"28.3867° N, 76.9485° E",28.3867,76.9485
flat,rof aalayas,0.45,sector 102,6000.0,1,1,2,6.0,Relatively New,750.0,0,0,0,0,0,1,69.0,"28.4750° N, 76.9715° E",28.475,76.9715
house,Not Applicable,5.8,sector 26,12837.0,4,4,3+,4.0,Old Property,4518.0,0,0,0,0,0,1,76.0,"28.4757° N, 77.1032° E",28.4757,77.1032
flat,m3m woodshire,0.75,sector 107,5490.0,2,2,3+,14.0,Relatively New,1202.0,0,0,0,1,0,1,174.0,"28.5052° N, 76.9729° E",28.5052,76.9729
flat,tata primanti,3.19,sector 72,12152.0,4,5,3+,20.0,Relatively New,2377.0,0,1,0,0,0,2,49.0,"28.4225° N, 77.0211° E",28.4225,77.0211
flat,bestech park view residency,1.18,sector 23,7539.0,2,2,3,5.0,Old Property,1417.0,1,0,0,0,0,1,0.0,"28.5121° N, 77.0478° E",28.5121,77.0478
flat,ireo skyon,2.65,sector 60,13125.0,3,4,3+,7.0,Moderately Old,2037.0,0,1,0,0,0,2,118.0,"28.4003° N, 77.0975° E",28.4003,77.0975
flat,signature global solera,0.35,sector 107,6489.0,2,2,2,8.0,Relatively New,608.0,0,0,0,0,0,1,0.0,"28.5052° N, 76.9729° E",28.5052,76.9729
flat,tulip violet,1.85,sector 69,9203.0,4,4,2,14.0,Relatively New,1820.0,0,0,0,0,0,2,46.0,"28.3966° N, 77.0341° E",28.3966,77.0341
flat,ansal housing highland park,0.8,sector 103,5878.0,2,2,3,3.0,New Property,1089.0,0,0,0,1,0,1,87.0,"28.4949° N, 76.9845° E",28.4949,76.9845
house,international city by sobha phase 1,6.0,sector 109,9634.0,4,5,3,2.0,Moderately Old,6228.0,0,0,0,0,0,1,167.0,"28.5073° N, 77.0089° E",28.5073,77.0089
flat,the close north,2.65,sector 50,11276.0,3,3,3+,3.0,Moderately Old,2491.0,0,1,0,0,0,1,0.0,"28.4178° N, 77.0628° E",28.4178,77.0628
flat,shapoorji pallonji joyville gurugram,1.4,sector 102,10378.0,2,2,2,11.0,New Property,1166.0,0,0,0,0,0,2,22.0,"28.4750° N, 76.9715° E",28.475,76.9715
house,Not Applicable,13.0,sector 25,45710.0,6,8,3+,2.0,Relatively New,2844.0,1,1,1,1,0,0,0.0,"28.4844° N, 77.0860° E",28.4844,77.086
house,Not Applicable,7.0,sector 50,23333.0,4,4,2,3.0,Old Property,3400.0,0,1,0,0,0,1,38.0,"28.4178° N, 77.0628° E",28.4178,77.0628
house,Not Applicable,1.65,sector 41,13750.0,1,1,No,1.0,Moderately Old,1200.0,0,0,0,0,0,1,7.0,"28.4557° N, 77.0632° E",28.4557,77.0632
house,eros rosewood city,4.05,sector 49,20769.0,3,3,3,2.0,Moderately Old,2000.0,0,1,1,0,0,1,57.0,"28.4121° N, 77.0480° E",28.4121,77.048
house,dlf alameda,17.0,sector 73,35109.0,5,8,3,3.0,Relatively New,9000.0,1,1,1,1,0,0,106.0,"28.4072° N, 77.0118° E",28.4072,77.0118
house,nul,9.5,sector 25,33404.0,9,9,3+,3.0,Old Property,2844.0,0,0,0,0,1,1,165.0,"28.4844° N, 77.0860° E",28.4844,77.086
flat,bestech park view ananda,0.95,sector 81,6985.0,2,2,2,13.0,Relatively New,1150.0,0,0,0,0,0,2,107.0,"28.3867° N, 76.9485° E",28.3867,76.9485
house,Not Applicable,1.52,sector 17a,19869.0,2,2,1,1.0,Old Property,105.0,0,0,0,0,0,1,174.0,"28.4785° N, 77.0600° E",28.4785,77.06
flat,zara aavaas,0.4,sector 104,7029.0,2,2,1,14.0,Relatively New,515.0,0,0,0,0,0,1,174.0,"28.4788° N, 76.9960° E",28.4788,76.996
flat,umang monsoon breeze,1.25,sector 78,5000.0,4,4,3,2.0,Relatively New,2300.0,0,1,0,1,1,1,43.0,"28.3733° N, 76.9729° E",28.3733,76.9729
house,saksham welfare association,4.7,sector 22,19847.0,6,6,3+,2.0,Old Property,2368.0,0,0,1,1,0,2,15.0,"28.5072° N, 77.0640° E",28.5072,77.064
flat,dlf the ultima,2.25,sector 81,10553.0,3,3,3+,15.0,Relatively New,1930.0,0,1,0,0,0,0,68.0,"28.3867° N, 76.9485° E",28.3867,76.9485
flat,emaar gurgaon greens,1.45,sector 102,8787.0,3,3,2,7.0,Relatively New,1494.0,0,1,0,0,0,1,103.0,"28.4750° N, 76.9715° E",28.475,76.9715
flat,satya the hermitage,0.99,sector 103,6655.0,3,4,3+,2.0,Relatively New,1732.0,0,1,0,1,0,1,119.0,"28.4949° N, 76.9845° E",28.4949,76.9845
flat,signature global city 92,0.78,sector 92,7722.0,2,2,3,2.0,Under Construction,846.0,0,0,0,0,1,1,61.0,"28.4079° N, 76.9153° E",28.4079,76.9153
flat,tulip violet,1.75,sector 69,9459.0,3,4,2,0.0,Relatively New,2056.0,0,0,0,0,0,2,86.0,"28.3966° N, 77.0341° E",28.3966,77.0341
house,Not Applicable,9.0,sector 26,33333.0,5,5,2,3.0,Old Property,2700.0,1,1,1,1,0,0,44.0,"28.4757° N, 77.1032° E",28.4757,77.1032
flat,shree vardhman victoria,1.25,sector 70,9259.0,2,2,3,3.0,Relatively New,1222.0,1,0,0,0,0,1,125.0,"28.3968° N, 77.0233° E",28.3968,77.0233
flat,m3m heights,2.79,sector 65,14168.0,3,3,3,26.0,New Property,1969.0,0,0,0,0,0,1,0.0,"28.4030° N, 77.0690° E",28.403,77.069
flat,emaar mgf the palm drive,3.5,sector 66,16470.0,3,4,3,6.0,Relatively New,2150.0,0,1,0,0,0,1,52.0,"28.3925° N, 77.0541° E",28.3925,77.0541
flat,om apartment dayanand colony,0.26,sector 5,4373.0,1,1,1,3.0,Relatively New,648.0,0,0,0,0,0,1,0.0,"28.4794° N, 77.0176° E",28.4794,77.0176
flat,pivotal devaan,0.35,sector 84,7276.0,2,2,1,10.0,Relatively New,531.0,0,0,1,0,0,1,110.0,"28.3979° N, 76.9736° E",28.3979,76.9736
flat,shree vardhman flora,0.66,sector 90,5076.0,2,2,3,4.0,Relatively New,1122.0,1,0,0,0,0,1,157.0,"28.4085° N, 76.9369° E",28.4085,76.9369
flat,smart world orchard,2.41,sector 61,14785.0,3,3,3,2.0,New Property,1630.0,0,0,0,0,0,1,49.0,"28.4050° N, 77.0963° E",28.405,77.0963
flat,tulip violet,1.32,sector 69,8411.0,3,3,1,12.0,Relatively New,1420.0,0,0,0,1,0,1,157.0,"28.3966° N, 77.0341° E",28.3966,77.0341
flat,m3m soulitude,1.33,sector 89,16985.0,3,3,3,4.0,Under Construction,1423.0,1,0,0,0,0,1,135.0,"28.4253° N, 76.9439° E",28.4253,76.9439
flat,aipl joy square,0.7,sector 63a,10101.0,1,1,0,7.0,Under Construction,693.0,0,0,0,0,0,1,8.0,"28.3923° N, 77.0888° E",28.3923,77.0888
flat,ansal housing highland park,0.88,sector 103,6429.0,2,2,3,3.0,New Property,1232.0,0,0,0,0,0,1,60.0,"28.4949° N, 76.9845° E",28.4949,76.9845
house,vipul tatvam villa,19.5,sector 48,22222.0,5,6,3,2.0,Moderately Old,8775.0,1,1,1,1,0,2,0.0,"28.4177° N, 77.0359° E",28.4177,77.0359
flat,tulip violet,2.0,sector 69,9583.0,4,4,2,0.0,Relatively New,1889.0,0,0,0,0,0,1,23.0,"28.3966° N, 77.0341° E",28.3966,77.0341
flat,ansal heights,0.72,sector 92,4500.0,3,3,3,9.0,Relatively New,1700.0,0,1,0,0,0,1,0.0,"28.4079° N, 76.9153° E",28.4079,76.9153
flat,central park resorts,3.65,sector 48,15240.0,3,3,3+,9.0,Relatively New,2395.0,0,0,0,0,1,2,25.0,"28.4177° N, 77.0359° E",28.4177,77.0359
flat,supertech araville,0.9,sector 79,6950.0,2,2,0,12.0,Relatively New,1295.0,0,0,0,0,0,1,0.0,"28.3624° N, 76.9787° E",28.3624,76.9787
flat,dlf park place,6.75,sector 54,24963.0,4,4,2,8.0,Moderately Old,2076.0,0,1,0,0,0,0,80.0,"28.4348° N, 77.1089° E",28.4348,77.1089
flat,adani m2k oyster grande,4.55,sector 102,10000.0,4,4,3+,11.0,Relatively New,4630.0,0,0,0,0,0,2,7.0,"28.4750° N, 76.9715° E",28.475,76.9715
flat,conscient one,1.7,sector 109,17617.0,1,1,2,9.0,Relatively New,965.0,0,0,0,0,0,1,49.0,"28.5073° N, 77.0089° E",28.5073,77.0089
flat,signature global solera 2,0.37,sector 107,6680.0,2,2,2,9.0,New Property,615.0,0,0,0,0,0,1,27.0,"28.5052° N, 76.9729° E",28.5052,76.9729
flat,ramsons kshitij,0.3,sector 95,3158.0,2,2,1,11.0,Relatively New,950.0,0,0,0,0,0,1,120.0,"28.4172° N, 76.9081° E",28.4172,76.9081
house,Not Applicable,5.0,sector 14,22222.0,3,3,3,1.0,Moderately Old,2250.0,0,0,0,0,0,1,0.0,"28.4711° N, 77.0454° E",28.4711,77.0454
flat,Not Applicable,0.6,sector 78,3692.0,2,2,0,2.0,Under Construction,1625.0,0,0,0,0,0,1,167.0,"28.3733° N, 76.9729° E",28.3733,76.9729
flat,sare homes,0.8,sector 92,5252.0,3,3,3,7.0,Relatively New,1692.0,1,0,0,0,0,2,0.0,"28.4079° N, 76.9153° E",28.4079,76.9153
flat,gls avenue 51,0.42,sector 92,6562.0,3,3,1,2.0,Relatively New,711.0,0,0,0,0,0,1,0.0,"28.4079° N, 76.9153° E",28.4079,76.9153
flat,orchid petals,2.35,sector 49,11559.0,3,3,3,15.0,Relatively New,2030.0,0,0,0,0,1,1,88.0,"28.4121° N, 77.0480° E",28.4121,77.048
house,Not Applicable,3.55,sector 55,24500.0,4,4,3+,2.0,Old Property,1449.0,0,0,0,0,0,2,0.0,"28.4281° N, 77.1100° E",28.4281,77.11
flat,tulip violet,1.4,sector 69,8856.0,3,3,2,9.0,Relatively New,1429.0,0,0,0,1,0,1,5.0,"28.3966° N, 77.0341° E",28.3966,77.0341
flat,ats tourmaline,1.72,sector 109,8000.0,3,4,3+,7.0,Relatively New,1797.0,0,1,0,0,0,1,42.0,"28.5073° N, 77.0089° E",28.5073,77.0089
house,sector 14 rwa,6.5,sector 14,20635.0,4,4,3+,2.0,Moderately Old,3150.0,0,0,0,0,0,1,44.0,"28.4711° N, 77.0454° E",28.4711,77.0454
flat,krrish florence estate,1.3,sector 70,5600.0,3,3,3,17.0,Under Construction,1865.0,0,0,0,0,0,2,127.0,"28.3968° N, 77.0233° E",28.3968,77.0233
flat,godrej summit,1.35,sector 104,5014.0,4,5,3+,0.0,Relatively New,2991.0,1,1,1,1,0,1,44.0,"28.4788° N, 76.9960° E",28.4788,76.996
flat,lavanya apartments,0.9,sector 81,5056.0,3,3,0,7.0,Relatively New,1780.0,0,0,0,0,0,1,0.0,"28.3867° N, 76.9485° E",28.3867,76.9485
flat,m3m the marina,1.32,sector 68,8759.0,2,2,3,15.0,Relatively New,1364.0,1,0,0,0,0,1,56.0,"28.3853° N, 77.0484° E",28.3853,77.0484
house,Not Applicable,7.5,sector 56,23148.0,8,8,3+,3.0,Relatively New,3240.0,1,1,0,1,0,0,44.0,"28.4245° N, 77.0991° E",28.4245,77.0991
flat,uphaar homes,0.45,sector 105,4736.0,3,2,1,1.0,Relatively New,1056.0,0,0,0,0,0,2,0.0,"28.4952° N, 77.0114° E",28.4952,77.0114
flat,m3m skycity,2.1,sector 65,16030.0,2,2,2,43.0,New Property,1186.0,0,0,0,0,0,1,106.0,"28.4030° N, 77.0690° E",28.403,77.069
house,Not Applicable,8.0,sector 25,8000.0,3,9,2,3.0,New Property,11111.0,0,0,0,0,0,1,49.0,"28.4844° N, 77.0860° E",28.4844,77.086
flat,sare green parc phase 3,0.75,sector 92,7142.0,3,2,2,3.0,New Property,1298.0,0,0,0,0,0,1,49.0,"28.4079° N, 76.9153° E",28.4079,76.9153
flat,m3m latitude,4.7,sector 65,19747.0,3,3,3+,9.0,Relatively New,2380.0,0,1,0,1,0,2,99.0,"28.4030° N, 77.0690° E",28.403,77.069
flat,sidhartha ncr one phase,0.46,sector 95,4646.0,2,2,0,6.0,Relatively New,990.0,0,0,0,0,0,1,49.0,"28.4172° N, 76.9081° E",28.4172,76.9081
flat,tulip violet,1.5,sector 69,10714.0,3,3,2,8.0,Relatively New,1492.0,0,0,0,1,0,2,58.0,"28.3966° N, 77.0341° E",28.3966,77.0341
flat,puri emerald bay,2.45,sector 104,10000.0,3,4,3+,14.0,Relatively New,2131.0,0,1,0,0,0,2,174.0,"28.4788° N, 76.9960° E",28.4788,76.996
flat,greenopolis,0.8,sector 89,6168.0,2,2,2,6.0,Under Construction,1441.0,0,0,0,0,0,1,24.0,"28.4253° N, 76.9439° E",28.4253,76.9439
flat,dlf new town heights,1.3,sector 86,6735.0,3,3,3,12.0,Moderately Old,1747.0,0,1,0,1,0,1,135.0,"28.3986° N, 76.9384° E",28.3986,76.9384
flat,ss the leaf,1.83,sector 85,7610.0,3,4,3,9.0,Relatively New,1925.0,0,0,0,0,0,1,0.0,"28.4042° N, 76.9513° E",28.4042,76.9513
flat,chd avenue,1.2,sector 71,7407.0,3,3,3,4.0,Relatively New,1467.0,0,0,0,0,1,2,45.0,"28.4104° N, 77.0281° E",28.4104,77.0281
flat,sobha city,2.6,sector 108,15195.0,3,3,2,8.0,Relatively New,1711.0,0,0,0,0,0,1,95.0,"28.5134° N, 76.9830° E",28.5134,76.983
flat,imperia the esfera,0.99,sector 37c,5454.0,3,4,3,9.0,Relatively New,1660.0,0,1,0,0,0,1,115.0,"28.4515° N, 76.9882° E",28.4515,76.9882
flat,corona gracieux,1.46,sector 76,5500.0,4,6,3+,8.0,New Property,2399.0,0,1,0,0,0,1,31.0,"28.3935° N, 76.9888° E",28.3935,76.9888
flat,tulip violet,1.9,sector 69,9452.0,4,4,2,6.0,Relatively New,1743.0,0,0,1,0,0,1,86.0,"28.3966° N, 77.0341° E",28.3966,77.0341
flat,supertech araville,0.8,sector 79,6178.0,2,2,3+,9.0,New Property,1172.0,0,0,0,0,1,1,66.0,"28.3624° N, 76.9787° E",28.3624,76.9787
flat,ats triumph,2.5,sector 104,7936.0,4,4,3+,14.0,New Property,2852.0,0,1,0,0,0,1,8.0,"28.4788° N, 76.9960° E",28.4788,76.996
flat,dlf regal gardens,1.76,sector 90,7945.0,4,4,3+,8.0,Relatively New,2020.0,0,0,0,0,0,2,24.0,"28.4085° N, 76.9369° E",28.4085,76.9369
flat,dlf icon,5.8,sector 43,20707.0,4,4,3+,18.0,Moderately Old,2801.0,0,0,0,0,0,1,100.0,"28.4629° N, 77.0772° E",28.4629,77.0772
house,experion windchants,9.5,sector 112,23457.0,5,5,3,2.0,Relatively New,7450.0,0,1,0,0,0,1,49.0,"28.5189° N, 77.0183° E",28.5189,77.0183
flat,emaar mgf the palm drive,3.45,sector 66,15681.0,3,4,3,6.0,Relatively New,2000.0,0,1,0,0,0,2,68.0,"28.3925° N, 77.0541° E",28.3925,77.0541
flat,m3m skycity,2.85,sector 65,15590.0,3,3,3,43.0,Under Construction,1828.0,0,0,0,0,0,1,49.0,"28.4030° N, 77.0690° E",28.403,77.069
flat,pivotal riddhi siddhi,0.72,sector 99,947.0,2,2,2,12.0,Relatively New,784.0,0,0,1,0,0,1,21.0,"28.4640° N, 76.9614° E",28.464,76.9614
flat,tulip violet,1.43,sector 69,8886.0,3,3,2,1.0,Relatively New,1456.0,0,0,0,1,0,1,45.0,"28.3966° N, 77.0341° E",28.3966,77.0341
flat,ild greens,0.9,sector 37c,5614.0,3,3,3,0.0,Under Construction,1500.0,0,0,0,0,0,1,120.0,"28.4515° N, 76.9882° E",28.4515,76.9882
flat,emaar palm heights,2.1,sector 77,10370.0,3,3,3,17.0,New Property,1833.0,1,1,0,0,0,1,78.0,"28.3801° N, 76.9845° E",28.3801,76.9845
flat,signature global city 92,0.99,sector 92,9074.0,3,2,3,1.0,Under Construction,1091.0,0,0,0,0,0,1,49.0,"28.4079° N, 76.9153° E",28.4079,76.9153
flat,dlf regal gardens,1.25,sector 90,10416.0,3,3,3,18.0,Moderately Old,1437.0,0,1,0,0,0,1,150.0,"28.4085° N, 76.9369° E",28.4085,76.9369
flat,rof ananda,0.26,sector 95,6842.0,1,1,1,8.0,New Property,422.0,0,0,0,0,0,1,174.0,"28.4172° N, 76.9081° E",28.4172,76.9081
house,Not Applicable,5.65,sector 23,17706.0,7,7,3+,2.0,Moderately Old,5000.0,0,1,0,1,0,1,56.0,"28.5121° N, 77.0478° E",28.5121,77.0478
house,ansal api esencia,1.85,sector 67,8222.0,3,3,3,1.0,Moderately Old,278.0,0,0,0,0,0,1,21.0,"28.3859° N, 77.0608° E",28.3859,77.0608
flat,smart world gems,0.88,sector 89,7978.0,2,2,0,2.0,New Property,1103.0,0,0,0,0,0,1,158.0,"28.4253° N, 76.9439° E",28.4253,76.9439
house,emaar mgf marbella,15.1,sector 66,18605.0,5,5,3+,3.0,New Property,8067.799999999999,1,1,1,1,0,1,69.0,"28.3925° N, 77.0541° E",28.3925,77.0541
house,Not Applicable,15.0,sector 26,33201.0,5,6,3+,3.0,Moderately Old,4518.0,1,1,1,1,0,2,174.0,"28.4757° N, 77.1032° E",28.4757,77.1032
flat,m3m soulitude,1.0,sector 89,9066.0,2,2,2,2.0,New Property,1226.0,1,0,0,0,0,1,0.0,"28.4253° N, 76.9439° E",28.4253,76.9439
flat,experion the heartsong,1.3,sector 108,8344.0,3,3,3+,7.0,Relatively New,1661.0,1,0,0,0,0,1,53.0,"28.5134° N, 76.9830° E",28.5134,76.983
flat,ireo skyon,3.0,sector 60,12484.0,3,3,3,5.0,Relatively New,2400.0,0,1,0,0,0,2,51.0,"28.4003° N, 77.0975° E",28.4003,77.0975
flat,m3m heights,2.78,sector 65,15200.0,3,3,3,44.0,Relatively New,1829.0,0,0,0,0,0,1,96.0,"28.4030° N, 77.0690° E",28.403,77.069
house,Not Applicable,8.0,sector 57,29630.0,5,4,3,2.0,Relatively New,2700.0,1,1,0,1,0,1,33.0,"28.4232° N, 77.0752° E",28.4232,77.0752
house,unitech uniworld resorts,9.5,sector 33,19333.0,6,6,3+,3.0,Moderately Old,4914.0,0,0,0,0,0,2,49.0,"28.4420° N, 77.0207° E",28.442,77.0207
flat,godrej,1.93,sector 79,8532.0,3,4,3+,5.0,Relatively New,2048.0,0,1,0,0,0,1,0.0,"28.3624° N, 76.9787° E",28.3624,76.9787
flat,shyam sadan,0.55,sector 5,6470.0,2,2,1,4.0,Relatively New,778.0,1,0,0,0,0,2,0.0,"28.4794° N, 77.0176° E",28.4794,77.0176
flat,la vida by tata housing,1.55,sector 113,11654.0,2,2,3,2.0,New Property,1276.0,0,0,0,0,0,1,29.0,"28.5287° N, 77.0233° E",28.5287,77.0233
flat,suposhaa smartworld orchard,2.17,sector 61,14000.0,3,3,3,1.0,Under Construction,1721.0,0,0,0,0,0,1,0.0,"28.4050° N, 77.0963° E",28.405,77.0963
flat,ramprastha skyz,1.2,sector 37d,6000.0,3,2,1,9.0,Under Construction,1900.0,0,1,0,0,1,1,67.0,"28.4478° N, 76.9703° E",28.4478,76.9703
flat,emaar mgf the palm drive,3.4,sector 66,15454.0,3,4,3,9.0,Relatively New,2200.0,0,1,1,0,0,2,26.0,"28.3925° N, 77.0541° E",28.3925,77.0541
house,kothi,6.95,sector 17b,15444.0,4,4,3+,2.0,Old Property,3500.0,1,1,1,1,0,1,99.0,"28.4806° N, 77.0663° E",28.4806,77.0663
flat,emaar digihomes,3.95,sector 62,15262.0,3,3,3,33.0,New Property,2876.0,0,1,0,0,0,2,45.0,"28.4139° N, 77.0886° E",28.4139,77.0886
flat,ansal valley view estate,0.6,sector 2,6452.0,2,2,0,9.0,New Property,930.0,0,0,0,0,0,1,0.0,"28.5095° N, 77.0320° E",28.5095,77.032
flat,orris aster court,0.93,sector 85,5671.0,3,3,3,8.0,Relatively New,1587.0,0,0,0,0,0,1,174.0,"28.4042° N, 76.9513° E",28.4042,76.9513
house,dlf pink town house,1.9,sector 25,3786.0,10,9,3+,3.0,Relatively New,5018.0,0,0,0,0,1,0,136.0,"28.4844° N, 77.0860° E",28.4844,77.086
house,Not Applicable,0.49,sector 48,4260.0,2,2,1,3.0,New Property,1150.0,0,0,0,0,0,1,0.0,"28.4177° N, 77.0359° E",28.4177,77.0359
flat,mrg skyline,1.82,sector 106,13392.0,3,2,2,4.0,Relatively New,1359.0,0,0,0,0,0,1,66.0,"28.5007° N, 77.0003° E",28.5007,77.0003
flat,antriksh heights,1.02,sector 84,4868.0,4,4,3+,11.0,Relatively New,1897.0,0,1,0,1,0,1,35.0,"28.3979° N, 76.9736° E",28.3979,76.9736
flat,ats kocoon,2.22,sector 109,10596.0,3,4,3,14.0,Relatively New,1860.0,1,1,1,1,0,1,71.0,"28.5073° N, 77.0089° E",28.5073,77.0089
flat,shapoorji pallonji joyville gurugram,0.95,sector 102,10383.0,2,2,2,14.0,Relatively New,915.0,0,0,0,0,0,1,0.0,"28.4750° N, 76.9715° E",28.475,76.9715
flat,tata primanti,6.75,sector 72,19285.0,4,4,3+,0.0,New Property,4000.0,0,1,0,0,0,2,20.0,"28.4225° N, 77.0211° E",28.4225,77.0211
flat,dlf regal gardens,1.17,sector 90,6708.0,3,3,3,15.0,Relatively New,1630.0,0,0,0,0,0,2,96.0,"28.4085° N, 76.9369° E",28.4085,76.9369
house,surat nagar phase 2,0.36,sector 104,7843.0,2,2,1,1.0,Moderately Old,459.0,0,0,0,1,0,1,137.0,"28.4788° N, 76.9960° E",28.4788,76.996
flat,mapsko paradise,0.95,sector 83,6300.0,3,3,3,1.0,Moderately Old,1489.0,0,0,0,0,0,1,123.0,"28.3986° N, 76.9647° E",28.3986,76.9647
flat,vatika gurgaon,1.1,sector 83,6051.0,3,3,3,12.0,Relatively New,1571.0,0,1,0,0,0,2,108.0,"28.3986° N, 76.9647° E",28.3986,76.9647
flat,smart world orchard,1.57,sector 61,13652.0,2,2,2,3.0,New Property,1150.0,1,0,0,0,1,1,53.0,"28.4050° N, 77.0963° E",28.405,77.0963
flat,bhemerlei,0.69,sector 48,5100.0,2,2,2,3.0,Under Construction,1350.0,0,0,0,0,0,1,0.0,"28.4177° N, 77.0359° E",28.4177,77.0359
flat,ansals duplex flat,0.95,sector 23,7307.0,2,3,2,1.0,Old Property,1444.0,1,0,0,0,0,2,0.0,"28.5121° N, 77.0478° E",28.5121,77.0478
flat,m3m skywalk,1.57,sector 74,11000.0,2,2,3+,10.0,Relatively New,1300.0,0,0,0,0,1,1,125.0,"28.4158° N, 77.0118° E",28.4158,77.0118
house,sushant lok 1 builder floors,2.45,sector 43,7756.0,4,4,3+,3.0,Moderately Old,540.0,1,1,0,1,1,0,21.0,"28.4629° N, 77.0772° E",28.4629,77.0772
flat,dlf the belaire,7.0,sector 54,23333.0,4,6,3+,12.0,Moderately Old,2716.0,0,1,1,1,0,2,168.0,"28.4348° N, 77.1089° E",28.4348,77.1089
flat,tulip violet,1.55,sector 69,9822.0,3,3,2,9.0,Relatively New,1429.0,0,0,0,1,0,2,113.0,"28.3966° N, 77.0341° E",28.3966,77.0341
flat,ramprastha the edge towers,1.0,sector 37d,5649.0,3,3,3+,13.0,Moderately Old,1602.0,0,0,0,0,0,1,49.0,"28.4478° N, 76.9703° E",28.4478,76.9703
flat,supertech araville,0.71,sector 79,6061.0,2,2,3+,17.0,New Property,1281.0,0,0,0,0,1,1,7.0,"28.3624° N, 76.9787° E",28.3624,76.9787
house,sneh vihar,1.35,sector 48,10000.0,5,5,3+,4.0,Relatively New,1350.0,0,0,0,0,0,1,74.0,"28.4177° N, 77.0359° E",28.4177,77.0359
flat,lig flat,1.5,sector 40,5556.0,1,1,0,0.0,Relatively New,300.0,0,0,0,0,0,1,94.0,"28.4498° N, 77.0567° E",28.4498,77.0567
flat,supertech araville,1.0,sector 79,6535.0,2,2,3,4.0,Relatively New,1700.0,1,0,0,0,0,1,158.0,"28.3624° N, 76.9787° E",28.3624,76.9787
flat,conscient heritage max,2.2,sector 102,10237.0,3,4,3+,9.0,Moderately Old,1946.0,1,1,0,0,0,1,0.0,"28.4750° N, 76.9715° E",28.475,76.9715
flat,adani m2k oyster grande,2.61,sector 102,10046.0,3,3,3,14.0,Relatively New,2200.0,1,1,0,0,0,1,49.0,"28.4750° N, 76.9715° E",28.475,76.9715
flat,tata primanti,3.2,sector 72,12190.0,4,4,3+,8.0,Moderately Old,2600.0,0,1,0,0,0,2,23.0,"28.4225° N, 77.0211° E",28.4225,77.0211
flat,ss the leaf,1.78,sector 85,7392.0,3,4,3+,6.0,New Property,2180.0,0,0,1,0,0,1,115.0,"28.4042° N, 76.9513° E",28.4042,76.9513
flat,dlf the primus,3.5,sector 82a,13430.0,5,5,3+,14.0,Relatively New,2896.0,1,0,0,0,0,0,149.0,"28.3858° N, 76.9686° E",28.3858,76.9686
house,Not Applicable,5.0,sector 23,16244.0,4,4,2,2.0,Old Property,3078.0,0,0,0,0,0,1,42.0,"28.5121° N, 77.0478° E",28.5121,77.0478
flat,ireo the grand arch,2.2,sector 58,13480.0,2,2,1,5.0,Relatively New,1432.0,1,0,0,0,0,2,22.0,"28.4200° N, 77.1105° E",28.42,77.1105
flat,godrej,1.28,sector 79,8504.0,3,3,3,7.0,Relatively New,1363.0,0,0,0,0,0,1,126.0,"28.3624° N, 76.9787° E",28.3624,76.9787
flat,m3m the tree of life,2.35,sector 111,14551.0,3,3,3+,5.0,Under Construction,1615.0,0,0,0,0,0,1,81.0,"28.5238° N, 77.0320° E",28.5238,77.032
flat,paras dews,0.88,sector 106,6353.0,2,2,3+,3.0,Relatively New,1120.0,0,0,0,0,0,1,93.0,"28.5007° N, 77.0003° E",28.5007,77.0003
house,Not Applicable,4.0,sector 23,16004.0,3,3,2,2.0,Moderately Old,2430.0,0,1,0,0,0,2,174.0,"28.5121° N, 77.0478° E",28.5121,77.0478
flat,bptp terra,1.65,sector 37d,7530.0,4,3,3+,6.0,Relatively New,2091.0,0,0,0,0,0,2,157.0,"28.4478° N, 76.9703° E",28.4478,76.9703
flat,mittal cosmos executive apartments,0.75,sector 2,6550.0,2,2,2,15.0,Old Property,1100.0,0,0,0,0,0,2,124.0,"28.5095° N, 77.0320° E",28.5095,77.032
flat,m3m one key resiments,0.8,sector 67,13115.0,1,1,0,0.0,Relatively New,610.0,0,0,0,0,0,1,24.0,"28.3859° N, 77.0608° E",28.3859,77.0608
flat,sanskriti apartment,1.1,sector 10a,6666.0,3,3,3,2.0,Moderately Old,1833.0,0,0,0,0,0,1,0.0,"28.4469° N, 77.0106° E",28.4469,77.0106
flat,dlf new town heights,1.27,sector 86,6580.0,3,4,3,19.0,Relatively New,1800.0,0,1,0,1,0,1,161.0,"28.3986° N, 76.9384° E",28.3986,76.9384
house,Not Applicable,2.8,sector 49,22075.0,3,3,2,2.0,Moderately Old,1268.0,1,1,1,1,0,2,12.0,"28.4121° N, 77.0480° E",28.4121,77.048
flat,tulip leaf,2.06,sector 69,11386.0,3,3,3,16.0,Relatively New,1640.0,0,0,0,0,0,1,174.0,"28.3966° N, 77.0341° E",28.3966,77.0341
flat,m3m merlin,2.8,sector 67,13671.0,3,3,3,2.0,Relatively New,2048.0,0,0,1,0,0,0,38.0,"28.3859° N, 77.0608° E",28.3859,77.0608
flat,tulip violet,2.05,sector 69,9950.0,4,4,2,0.0,Relatively New,1889.0,0,0,0,0,0,1,49.0,"28.3966° N, 77.0341° E",28.3966,77.0341
flat,signature global city 92,0.78,sector 92,11142.0,2,2,3,2.0,Under Construction,846.0,0,0,0,0,1,1,60.0,"28.4079° N, 76.9153° E",28.4079,76.9153
flat,the ivy,6.0,sector 3,15765.0,4,5,3,2.0,Under Construction,3806.0,0,0,0,0,0,1,49.0,"28.4909° N, 77.0176° E",28.4909,77.0176
flat,ats triumph,2.63,sector 104,9563.0,4,4,3+,21.0,Relatively New,2954.0,0,1,0,0,0,2,174.0,"28.4788° N, 76.9960° E",28.4788,76.996
flat,vatika inxt floors,0.75,sector 82a,7500.0,2,2,2,1.0,Relatively New,1000.0,0,0,0,0,0,1,160.0,"28.3858° N, 76.9686° E",28.3858,76.9686
flat,ireo skyon,2.82,sector 60,12818.0,3,3,3,2.0,Relatively New,2400.0,0,1,0,0,0,2,134.0,"28.4003° N, 77.0975° E",28.4003,77.0975
flat,tata primanti,3.4,sector 72,15560.0,3,4,3+,9.0,Moderately Old,2185.0,0,1,0,0,0,1,70.0,"28.4225° N, 77.0211° E",28.4225,77.0211
house,ansal sushant lok plots,5.8,sector 43,29974.0,6,6,3,2.0,Relatively New,1935.0,0,1,0,0,1,2,174.0,"28.4629° N, 77.0772° E",28.4629,77.0772
flat,m3m woodshire,1.21,sector 107,6227.0,3,3,3,7.0,Moderately Old,1713.0,0,0,0,0,0,2,151.0,"28.5052° N, 76.9729° E",28.5052,76.9729
flat,ild grand,1.35,sector 37c,7142.0,3,3,0,1.0,New Property,1820.0,0,0,0,0,0,1,111.0,"28.4515° N, 76.9882° E",28.4515,76.9882
flat,orchid petals,2.38,sector 49,11497.0,3,4,3,1.0,Relatively New,2061.0,1,0,0,0,0,1,54.0,"28.4121° N, 77.0480° E",28.4121,77.048
flat,unitech fresco,1.8,sector 50,9589.0,3,4,3+,6.0,Moderately Old,1870.0,0,1,0,0,0,2,15.0,"28.4178° N, 77.0628° E",28.4178,77.0628
flat,ireo the corridors,1.7,sector 67a,9843.0,3,3,2,10.0,New Property,1347.0,0,1,0,0,1,2,44.0,"28.3960° N, 77.0372° E",28.396,77.0372
flat,sbtl caladium,1.68,sector 109,6601.0,3,3,3+,7.0,Moderately Old,2304.0,0,1,0,0,0,1,44.0,"28.5073° N, 77.0089° E",28.5073,77.0089
house,dlf city phase 1,4.5,sector 26,33333.0,3,3,2,2.0,Moderately Old,1350.0,1,1,0,0,0,1,49.0,"28.4757° N, 77.1032° E",28.4757,77.1032
flat,dlf the primus,1.8,sector 82a,13846.0,3,3,3+,10.0,Relatively New,1545.0,0,1,0,0,0,0,0.0,"28.3858° N, 76.9686° E",28.3858,76.9686
flat,sbtl caladium,1.2,sector 109,6382.0,3,2,2,8.0,Relatively New,1702.0,0,0,0,0,0,1,66.0,"28.5073° N, 77.0089° E",28.5073,77.0089
house,unitech aspen greens,6.8,sector 50,31481.0,4,5,3,3.0,Old Property,2160.0,1,1,0,0,0,2,42.0,"28.4178° N, 77.0628° E",28.4178,77.0628
flat,m3m heights,1.9,sector 65,15000.0,2,2,3,4.0,Under Construction,1142.0,0,0,0,0,0,1,49.0,"28.4030° N, 77.0690° E",28.403,77.069
flat,m3m skywalk,1.6,sector 74,11379.0,2,2,2,28.0,New Property,1273.0,0,0,0,0,0,1,46.0,"28.4158° N, 77.0118° E",28.4158,77.0118
house,Not Applicable,7.25,sector 56,29340.0,8,8,3+,0.0,Moderately Old,2471.0,0,0,0,0,0,2,66.0,"28.4245° N, 77.0991° E",28.4245,77.0991
flat,bestech park view grand spa,4.5,sector 81,10714.0,4,6,3+,17.0,Relatively New,3802.0,0,1,0,0,0,2,12.0,"28.3867° N, 76.9485° E",28.3867,76.9485
flat,ss radiance residency,0.6,sector 12,5660.0,3,3,2,3.0,Relatively New,1178.0,0,0,0,0,0,1,158.0,"28.4723° N, 77.0320° E",28.4723,77.032
flat,emaar mgf the palm drive,3.0,sector 66,14285.0,4,5,3+,10.0,Relatively New,2100.0,0,1,0,0,0,2,81.0,"28.3925° N, 77.0541° E",28.3925,77.0541
house,unitech espace,11.5,sector 50,35494.0,5,6,No,1.0,Moderately Old,3240.0,0,0,0,0,0,1,66.0,"28.4178° N, 77.0628° E",28.4178,77.0628
flat,dlf regency park,1.35,sector 28,11739.0,2,2,2,14.0,Old Property,1120.0,0,0,1,0,0,1,159.0,"28.4728° N, 77.0865° E",28.4728,77.0865
flat,apex builders,0.42,sector 37c,5600.0,2,2,2,4.0,Relatively New,833.0,0,0,0,0,0,1,38.0,"28.4515° N, 76.9882° E",28.4515,76.9882
flat,essel tower,1.6,sector 29,12185.0,3,3,3,4.0,Moderately Old,1189.0,0,0,0,0,0,1,49.0,"28.4669° N, 77.0663° E",28.4669,77.0663
house,Not Applicable,0.27,sector 7,12000.0,2,2,1,2.0,Moderately Old,225.0,0,0,0,0,0,1,44.0,"28.4644° N, 77.0143° E",28.4644,77.0143
flat,tulip purple,1.92,sector 69,8000.0,4,5,3+,5.0,Relatively New,2173.0,0,1,0,0,0,2,33.0,"28.3966° N, 77.0341° E",28.3966,77.0341
house,Not Applicable,3.5,sector 31,24155.0,4,3,3,2.0,Moderately Old,1449.0,0,0,1,0,0,2,174.0,"28.4528° N, 77.0498° E",28.4528,77.0498
flat,pyramid elite,0.45,sector 86,7739.0,2,2,1,4.0,Under Construction,646.0,0,0,0,0,0,1,55.0,"28.3986° N, 76.9384° E",28.3986,76.9384
flat,ats triumph,1.73,sector 104,7554.0,3,4,3+,15.0,Relatively New,2073.0,0,1,0,0,0,1,44.0,"28.4788° N, 76.9960° E",28.4788,76.996
flat,ramprastha primera,1.2,sector 37d,13333.0,3,3,3,5.0,Relatively New,1000.0,0,0,1,0,0,1,7.0,"28.4478° N, 76.9703° E",28.4478,76.9703
flat,sare crescent parc,0.5,sector 92,5000.0,2,2,3,2.0,Moderately Old,905.0,0,0,0,0,0,1,0.0,"28.4079° N, 76.9153° E",28.4079,76.9153
flat,shree vardhman flora,0.7,sector 90,4615.0,2,2,3,9.0,New Property,1224.0,1,0,0,0,1,1,92.0,"28.4085° N, 76.9369° E",28.4085,76.9369
flat,shapoorji pallonji joyville gurugram,1.28,sector 102,10534.0,2,2,3,10.0,Relatively New,1100.0,0,0,0,0,0,1,109.0,"28.4750° N, 76.9715° E",28.475,76.9715
flat,experion the heartsong,1.7,sector 108,8487.0,3,4,3+,14.0,Relatively New,1500.29,0,1,0,0,0,1,159.0,"28.5134° N, 76.9830° E",28.5134,76.983
flat,sare crescent parc,0.66,sector 92,4977.0,3,2,2,15.0,Relatively New,1473.0,0,0,0,0,0,0,127.0,"28.4079° N, 76.9153° E",28.4079,76.9153
flat,la vida by tata housing,2.35,sector 113,13352.0,3,4,3,3.0,Relatively New,1930.0,0,1,0,0,0,1,94.0,"28.5287° N, 77.0233° E",28.5287,77.0233
flat,emaar palm gardens,1.8,sector 83,9473.0,3,3,3+,9.0,Relatively New,1720.0,0,0,0,0,0,1,0.0,"28.3986° N, 76.9647° E",28.3986,76.9647
flat,sare homes,0.95,sector 92,4750.0,4,3,2,17.0,New Property,1983.0,0,0,0,0,0,1,24.0,"28.4079° N, 76.9153° E",28.4079,76.9153
flat,godrej,1.29,sector 79,8206.0,2,2,3,4.0,New Property,1423.0,0,0,0,0,0,1,160.0,"28.3624° N, 76.9787° E",28.3624,76.9787
flat,bestech park view residency,0.56,sector 23,8553.0,1,1,2,7.0,Moderately Old,722.0,0,0,0,0,0,1,49.0,"28.5121° N, 77.0478° E",28.5121,77.0478
flat,experion windchants,3.4,sector 112,12134.0,3,3,2,14.0,Relatively New,2225.56,0,0,0,0,0,2,45.0,"28.5189° N, 77.0183° E",28.5189,77.0183
flat,bptp terra,1.78,sector 37d,8124.0,4,3,3,10.0,Relatively New,1984.0,0,1,0,0,0,1,0.0,"28.4478° N, 76.9703° E",28.4478,76.9703
flat,corona optus,1.43,sector 37c,7185.0,3,3,3+,2.0,Relatively New,1834.0,0,1,0,0,1,1,61.0,"28.4515° N, 76.9882° E",28.4515,76.9882
flat,puri diplomatic greens,3.4,sector 111,11525.0,4,5,3+,14.0,Relatively New,2671.0,0,1,0,0,0,1,72.0,"28.5238° N, 77.0320° E",28.5238,77.032
house,Not Applicable,4.6,sector 14,20444.0,1,1,No,1.0,Old Property,2250.0,0,0,0,0,0,1,40.0,"28.4711° N, 77.0454° E",28.4711,77.0454
house,dlf city plots phase 2,6.5,sector 25,33592.0,3,9,3+,3.0,Old Property,1935.0,1,1,1,1,0,2,43.0,"28.4844° N, 77.0860° E",28.4844,77.086
flat,bptp terra,1.72,sector 37d,9497.0,3,3,3,9.0,Relatively New,1373.0,1,0,0,0,0,2,49.0,"28.4478° N, 76.9703° E",28.4478,76.9703
flat,paras quartier,5.9,sector 2,11028.0,4,4,3+,19.0,New Property,4844.0,1,1,1,1,0,2,0.0,"28.5095° N, 77.0320° E",28.5095,77.032
flat,supertech araville,0.8,sector 79,5266.0,2,2,2,12.0,New Property,1688.0,1,0,0,0,0,1,88.0,"28.3624° N, 76.9787° E",28.3624,76.9787
house,Not Applicable,2.35,sector 4,16319.0,4,4,2,2.0,Old Property,1440.0,0,0,0,1,0,1,174.0,"28.4738° N, 77.0107° E",28.4738,77.0107
flat,ireo uptown,1.32,sector 66,11442.0,2,2,2,6.0,Relatively New,1048.0,0,0,0,0,0,1,165.0,"28.3925° N, 77.0541° E",28.3925,77.0541
flat,dlf the arbour,7.52,sector 63,19000.0,4,4,3,15.0,New Property,3956.0,0,0,0,0,0,1,0.0,"28.3971° N, 77.0867° E",28.3971,77.0867
house,Not Applicable,1.6,sector 39,17937.0,1,1,2,2.0,Old Property,892.0,0,0,0,0,0,1,20.0,"28.4434° N, 77.0515° E",28.4434,77.0515
flat,pareena coban residences,1.56,sector 99a,7811.0,3,5,3,4.0,New Property,1808.0,0,1,0,0,1,1,37.0,"28.4561° N, 76.9542° E",28.4561,76.9542
flat,pareena coban residences,1.1,sector 99a,7096.0,2,2,3,9.0,New Property,1368.0,1,0,0,0,0,1,101.0,"28.4561° N, 76.9542° E",28.4561,76.9542
flat,m3m golfestate,5.4,sector 65,18126.0,3,4,3,19.0,Moderately Old,2697.0,1,1,0,0,0,2,21.0,"28.4030° N, 77.0690° E",28.403,77.069
flat,indiabulls enigma,3.6,sector 110,10588.0,4,5,3,7.0,Relatively New,3078.0,0,1,0,0,0,1,38.0,"28.5145° N, 77.0197° E",28.5145,77.0197
flat,smart world orchard,2.54,sector 61,15500.0,3,3,3,2.0,Under Construction,1639.0,0,0,1,0,0,1,45.0,"28.4050° N, 77.0963° E",28.405,77.0963
flat,lagoon apartment,6.0,sector 24,13636.0,4,6,3+,7.0,Moderately Old,4889.0,0,0,0,0,0,1,144.0,"28.4939° N, 77.1038° E",28.4939,77.1038
flat,experion the heartsong,0.93,sector 108,6079.0,2,3,3,10.0,Relatively New,1162.0,0,0,0,0,0,1,63.0,"28.5134° N, 76.9830° E",28.5134,76.983
house,Not Applicable,6.5,sector 7,15046.0,3,2,3+,2.0,Old Property,4320.0,0,0,0,0,0,1,49.0,"28.4644° N, 77.0143° E",28.4644,77.0143
flat,bestech park view residency,1.26,sector 23,8051.0,2,2,3,7.0,Moderately Old,1417.0,1,0,0,0,0,1,68.0,"28.5121° N, 77.0478° E",28.5121,77.0478
flat,ats tourmaline,2.95,sector 109,9365.0,4,5,3+,10.0,Relatively New,2852.0,0,1,0,0,0,1,106.0,"28.5073° N, 77.0089° E",28.5073,77.0089
flat,ss the leaf,2.0,sector 85,8305.0,3,4,3,8.0,Relatively New,2180.0,0,1,0,0,0,1,37.0,"28.4042° N, 76.9513° E",28.4042,76.9513
flat,bptp terra,1.8,sector 37d,8215.0,4,3,3,12.0,Relatively New,1984.0,1,0,0,0,0,2,70.0,"28.4478° N, 76.9703° E",28.4478,76.9703
flat,paras quartier,5.9,sector 2,11028.0,4,4,3+,0.0,Moderately Old,5350.0,0,0,0,0,0,1,69.0,"28.5095° N, 77.0320° E",28.5095,77.032
flat,umang monsoon breeze,0.75,sector 78,6053.0,2,2,1,5.0,Moderately Old,1239.0,0,0,0,0,0,1,79.0,"28.3733° N, 76.9729° E",28.3733,76.9729
flat,shapoorji pallonji joyville gurugram,1.2,sector 102,14563.0,2,2,3,0.0,Relatively New,1073.0,0,0,0,0,0,1,7.0,"28.4750° N, 76.9715° E",28.475,76.9715
flat,ss the leaf,1.05,sector 85,6402.0,2,2,3,11.0,Relatively New,1485.0,0,0,0,0,0,1,55.0,"28.4042° N, 76.9513° E",28.4042,76.9513
flat,ss the leaf,2.0,sector 85,6578.0,4,5,3+,1.0,Relatively New,2546.0,0,1,1,0,0,1,156.0,"28.4042° N, 76.9513° E",28.4042,76.9513
flat,m3m heights,3.0,sector 65,18000.0,3,3,3,20.0,Under Construction,1667.0,0,0,0,0,0,1,96.0,"28.4030° N, 77.0690° E",28.403,77.069
house,Not Applicable,0.5,sector 105,5556.0,2,2,No,1.0,Moderately Old,100.0,0,0,0,0,0,1,0.0,"28.4952° N, 77.0114° E",28.4952,77.0114
house,Not Applicable,3.5,sector 31,24155.0,4,4,3,2.0,Old Property,1449.0,0,0,1,0,0,2,44.0,"28.4528° N, 77.0498° E",28.4528,77.0498
flat,unitech the palms,2.75,sector 41,16768.0,3,3,2,14.0,Old Property,1640.0,0,0,0,0,0,0,0.0,"28.4557° N, 77.0632° E",28.4557,77.0632
flat,ss the leaf,2.15,sector 85,10924.0,4,5,3+,6.0,Relatively New,2366.0,0,1,0,0,0,1,118.0,"28.4042° N, 76.9513° E",28.4042,76.9513
flat,birla navya,2.1,sector 63a,16666.0,2,2,2,2.0,Under Construction,1400.0,0,0,0,0,0,1,49.0,"28.3923° N, 77.0888° E",28.3923,77.0888
flat,dlf ridgewood estate,2.0,sector 28,14598.0,3,3,1,12.0,Old Property,1240.0,0,0,0,0,0,2,49.0,"28.4728° N, 77.0865° E",28.4728,77.0865
house,Not Applicable,1.6,sector 4,11852.0,5,5,2,3.0,Relatively New,120.0,0,0,0,0,0,1,0.0,"28.4738° N, 77.0107° E",28.4738,77.0107
flat,pyramid urban,0.7,sector 67a,11844.0,2,2,1,14.0,New Property,657.0,0,0,0,0,0,1,158.0,"28.3960° N, 77.0372° E",28.396,77.0372
flat,orris aster court premier,1.45,sector 85,6839.0,3,4,2,3.0,New Property,1616.0,0,1,0,0,0,1,0.0,"28.4042° N, 76.9513° E",28.4042,76.9513
flat,emaar gurgaon greens,1.38,sector 102,13495.0,3,3,3,6.0,Relatively New,1315.0,0,1,0,0,0,2,72.0,"28.4750° N, 76.9715° E",28.475,76.9715
flat,ardee city,1.5,sector 52,9146.0,4,4,3,3.0,Old Property,1485.0,0,0,0,0,0,1,21.0,"28.4379° N, 77.0785° E",28.4379,77.0785
flat,bptp terra,1.55,sector 37d,7074.0,4,3,3+,19.0,Relatively New,2100.0,0,0,0,0,1,2,160.0,"28.4478° N, 76.9703° E",28.4478,76.9703
flat,godrej,2.03,sector 79,9046.0,3,4,3+,7.0,Relatively New,2032.0,0,1,0,0,0,1,149.0,"28.3624° N, 76.9787° E",28.3624,76.9787
flat,emaar mgf palm hills,1.25,sector 77,8620.0,3,4,3,3.0,Relatively New,1310.0,1,1,0,0,0,1,49.0,"28.3801° N, 76.9845° E",28.3801,76.9845
flat,paras dews,1.15,sector 106,6052.0,3,4,3,5.0,Relatively New,1305.0,1,1,0,0,0,1,0.0,"28.5007° N, 77.0003° E",28.5007,77.0003
flat,dlf regency park,1.35,sector 28,11992.0,2,2,2,1.0,Moderately Old,1109.0,0,0,0,0,0,1,88.0,"28.4728° N, 77.0865° E",28.4728,77.0865
flat,apex our homes,0.33,sector 37c,3567.0,2,2,1,3.0,Relatively New,850.0,0,0,0,0,0,2,7.0,"28.4515° N, 76.9882° E",28.4515,76.9882
house,hans enclave,2.0,sector 33,10582.0,3,10,3,3.0,Moderately Old,210.0,0,0,0,0,0,1,73.0,"28.4420° N, 77.0207° E",28.442,77.0207
flat,emaar gurgaon greens,1.3,sector 102,7878.0,3,3,3,4.0,Relatively New,1315.0,0,1,0,0,0,2,95.0,"28.4750° N, 76.9715° E",28.475,76.9715
flat,paras dews,1.0,sector 106,7220.0,2,2,3+,2.0,New Property,940.0,0,0,0,0,0,2,158.0,"28.5007° N, 77.0003° E",28.5007,77.0003
house,ss hibiscus,12.5,sector 50,40850.0,4,4,3+,2.0,Relatively New,3060.0,1,1,0,0,0,0,129.0,"28.4178° N, 77.0628° E",28.4178,77.0628
flat,the close north,2.35,sector 50,11227.0,3,3,3,8.0,Moderately Old,2000.0,0,0,1,0,0,2,116.0,"28.4178° N, 77.0628° E",28.4178,77.0628
flat,ss the leaf,1.25,sector 85,7179.0,2,2,2,16.0,Relatively New,1934.0,0,0,0,0,0,2,119.0,"28.4042° N, 76.9513° E",28.4042,76.9513
flat,rof ananda,0.38,sector 95,6919.0,2,2,1,4.0,New Property,610.0,0,0,0,0,0,1,15.0,"28.4172° N, 76.9081° E",28.4172,76.9081
flat,dlf new town heights,1.75,sector 91,7402.0,4,4,3+,9.0,Relatively New,2140.0,0,1,0,1,0,1,96.0,"28.4014° N, 76.9225° E",28.4014,76.9225
flat,uphar lakshya homes,0.42,sector 105,4200.0,3,2,1,1.0,Relatively New,1111.0,0,0,0,0,0,1,0.0,"28.4952° N, 77.0114° E",28.4952,77.0114
flat,bestech park view ananda,1.4,sector 81,7734.0,3,3,3+,6.0,Relatively New,1475.0,0,0,0,0,0,1,0.0,"28.3867° N, 76.9485° E",28.3867,76.9485
flat,ramprastha primera,1.08,sector 37d,6000.0,3,3,3,9.0,Relatively New,1700.0,0,0,0,0,0,1,92.0,"28.4478° N, 76.9703° E",28.4478,76.9703
flat,vatika the seven lamps,0.89,sector 82,8850.0,2,2,2,14.0,Relatively New,1202.0,1,0,0,0,0,2,109.0,"28.3935° N, 76.9600° E",28.3935,76.96
flat,emaar imperial gardens,2.05,sector 102,9876.0,3,4,3+,14.0,Relatively New,2250.0,0,1,0,0,0,1,60.0,"28.4750° N, 76.9715° E",28.475,76.9715
flat,la lagune,6.75,sector 54,21360.0,4,6,3+,11.0,Moderately Old,2455.0,0,1,0,0,0,2,60.0,"28.4348° N, 77.1089° E",28.4348,77.1089
flat,sare crescent parc,0.8,sector 92,6033.0,3,2,2,3.0,Relatively New,1473.0,0,0,0,0,0,1,0.0,"28.4079° N, 76.9153° E",28.4079,76.9153
flat,godrej summit,1.16,sector 104,6387.0,3,4,3+,8.0,Relatively New,2018.0,0,1,0,0,0,2,0.0,"28.4788° N, 76.9960° E",28.4788,76.996
flat,sare petioles,1.3,sector 92,6373.0,4,4,0,7.0,Relatively New,2040.0,0,0,0,0,0,1,72.0,"28.4079° N, 76.9153° E",28.4079,76.9153
flat,bestech park view grand spa,2.2,sector 81,8270.0,3,4,3+,8.0,Relatively New,2482.0,0,1,0,0,0,2,42.0,"28.3867° N, 76.9485° E",28.3867,76.9485
flat,ambience caitriona,14.0,sector 24,22222.0,4,5,3,3.0,Moderately Old,6300.0,0,0,0,0,0,1,123.0,"28.4939° N, 77.1038° E",28.4939,77.1038
house,international city by sobha phase 2,6.8,sector 109,12593.0,4,5,3,2.0,Relatively New,5400.0,0,1,0,0,0,1,165.0,"28.5073° N, 77.0089° E",28.5073,77.0089
flat,m3m skywalk,2.7,sector 74,13379.0,3,3,3,13.0,New Property,2018.0,0,0,1,0,0,1,103.0,"28.4158° N, 77.0118° E",28.4158,77.0118
flat,tulip violet,1.75,sector 69,8706.0,4,4,2,10.0,Relatively New,1820.0,0,0,0,0,0,2,0.0,"28.3966° N, 77.0341° E",28.3966,77.0341
flat,ats triumph,1.8,sector 104,7860.0,3,4,3,14.0,New Property,2544.0,0,0,0,0,0,1,0.0,"28.4788° N, 76.9960° E",28.4788,76.996
flat,emaar gurgaon greens,1.4,sector 102,8484.0,3,3,3,3.0,Relatively New,1315.0,0,1,0,0,0,1,0.0,"28.4750° N, 76.9715° E",28.475,76.9715
house,Not Applicable,7.2,sector 17b,15926.0,4,4,2,1.0,Old Property,4494.0,0,1,1,0,0,1,37.0,"28.4806° N, 77.0663° E",28.4806,77.0663
flat,bestech park view city,2.7,sector 49,12505.0,3,4,3+,6.0,Moderately Old,2159.0,0,0,0,0,0,1,60.0,"28.4121° N, 77.0480° E",28.4121,77.048
flat,assotech blith,1.15,sector 99,6593.0,2,2,2,2.0,New Property,1236.0,0,0,0,0,1,2,66.0,"28.4640° N, 76.9614° E",28.464,76.9614
flat,emaar mgf the palm drive,3.98,sector 66,18090.0,3,4,3+,2.0,Moderately Old,2200.0,0,1,0,0,0,2,7.0,"28.3925° N, 77.0541° E",28.3925,77.0541
flat,pioneer park,2.04,sector 61,14623.0,3,3,3+,16.0,Moderately Old,1595.0,0,1,0,0,0,2,86.0,"28.4050° N, 77.0963° E",28.405,77.0963
house,ansal api esencia,5.46,sector 67,24170.0,4,5,3+,2.0,Relatively New,2259.0,1,0,1,1,0,2,49.0,"28.3859° N, 77.0608° E",28.3859,77.0608
flat,dnha cghs,0.85,sector 1,3864.0,3,3,0,5.0,Moderately Old,2200.0,0,0,0,0,0,1,37.0,"28.3663° N, 76.9456° E",28.3663,76.9456
flat,tulip purple,2.6,sector 69,10833.0,4,4,3+,4.0,Moderately Old,2173.0,0,1,0,0,0,1,102.0,"28.3966° N, 77.0341° E",28.3966,77.0341
house,Not Applicable,18.25,sector 26,18250.0,7,9,3+,4.0,Relatively New,11111.0,1,1,1,1,0,2,49.0,"28.4757° N, 77.1032° E",28.4757,77.1032
flat,tulip violet,1.75,sector 69,8883.0,4,4,1,12.0,Relatively New,1784.0,0,0,0,0,0,1,57.0,"28.3966° N, 77.0341° E",28.3966,77.0341
flat,la vida by tata housing,1.32,sector 113,10344.0,2,2,2,3.0,Relatively New,1199.0,0,0,0,0,0,1,44.0,"28.5287° N, 77.0233° E",28.5287,77.0233
flat,hector trimurti heights,1.5,sector 39,6382.0,4,3,3,10.0,Old Property,2611.0,0,1,0,0,0,0,151.0,"28.4434° N, 77.0515° E",28.4434,77.0515
flat,signature global city 92,0.99,sector 92,6622.0,3,2,3,1.0,New Property,1661.0,0,0,0,0,1,1,45.0,"28.4079° N, 76.9153° E",28.4079,76.9153
flat,tulip violet,1.95,sector 69,9701.0,4,4,2,0.0,Relatively New,1820.0,0,0,0,0,0,1,80.0,"28.3966° N, 77.0341° E",28.3966,77.0341
house,unitech deerwood chase,8.45,sector 50,26153.0,3,3,2,2.0,Old Property,3231.0,1,1,0,0,0,2,21.0,"28.4178° N, 77.0628° E",28.4178,77.0628
flat,ss the leaf,1.05,sector 85,6402.0,2,2,3,6.0,Relatively New,1485.0,0,0,0,0,1,1,72.0,"28.4042° N, 76.9513° E",28.4042,76.9513
flat,tulip leaf,2.07,sector 69,11423.0,3,3,3,16.0,Relatively New,1640.0,0,0,0,0,0,1,49.0,"28.3966° N, 77.0341° E",28.3966,77.0341
flat,dlf regal gardens,1.65,sector 90,7449.0,4,4,3+,8.0,Relatively New,1900.0,0,0,0,0,1,1,68.0,"28.4085° N, 76.9369° E",28.4085,76.9369
flat,smartworld 1dxp,2.75,sector 113,10589.0,4,4,3+,20.0,Under Construction,2886.0,1,1,0,1,0,0,14.0,"28.5287° N, 77.0233° E",28.5287,77.0233
house,Not Applicable,0.9,sector 7,10000.0,2,4,3,3.0,Old Property,900.0,0,1,0,0,1,2,35.0,"28.4644° N, 77.0143° E",28.4644,77.0143
flat,shapoorji pallonji joyville gurugram,1.77,sector 102,9195.0,3,3,3,1.0,Relatively New,1654.0,0,0,0,0,0,1,45.0,"28.4750° N, 76.9715° E",28.475,76.9715
flat,signature global solera,0.36,sector 107,6581.0,2,2,2,8.0,Relatively New,608.0,0,0,0,0,0,1,174.0,"28.5052° N, 76.9729° E",28.5052,76.9729
flat,maruti vihar,1.0,sector 28,9090.0,1,1,1,1.0,Old Property,996.0,1,0,0,1,0,2,74.0,"28.4728° N, 77.0865° E",28.4728,77.0865
flat,m3m golfestate,5.9,sector 65,17543.0,3,3,3,9.0,Moderately Old,3045.0,1,0,0,0,0,0,96.0,"28.4030° N, 77.0690° E",28.403,77.069
flat,millenia,0.4,sector 37c,6666.0,2,2,2,4.0,New Property,667.0,0,0,0,0,0,1,0.0,"28.4515° N, 76.9882° E",28.4515,76.9882
flat,umang winter hills,1.05,sector 77,5762.0,3,3,3,7.0,Relatively New,1600.0,0,0,0,0,0,1,37.0,"28.3801° N, 76.9845° E",28.3801,76.9845
flat,adani aangan arcade,0.45,sector 88a,7194.0,2,2,1,8.0,New Property,695.0,0,0,0,0,0,1,72.0,"28.4347° N, 76.9557° E",28.4347,76.9557
house,Not Applicable,2.25,sector 46,2723.0,4,3,3,3.0,Relatively New,90.0,1,0,0,0,0,2,49.0,"28.4374° N, 77.0586° E",28.4374,77.0586
flat,smart world gems,0.86,sector 89,7796.0,2,3,3,4.0,Under Construction,999.0,0,0,0,0,0,1,156.0,"28.4253° N, 76.9439° E",28.4253,76.9439
flat,dlf the ultima,2.45,sector 81,11491.0,3,3,2,9.0,Relatively New,1800.0,0,1,0,0,0,2,117.0,"28.3867° N, 76.9485° E",28.3867,76.9485
flat,ats kocoon,1.7,sector 109,9742.0,3,3,3,22.0,Relatively New,1550.0,0,0,0,0,0,1,174.0,"28.5073° N, 77.0089° E",28.5073,77.0089
flat,adani brahma samsara vilasa,4.49,sector 63,14254.0,4,4,3+,3.0,New Property,3150.0,0,0,0,0,0,2,35.0,"28.3971° N, 77.0867° E",28.3971,77.0867
flat,sidhartha ncr one,0.57,sector 95,4179.0,2,2,2,10.0,Relatively New,1364.0,0,0,0,0,0,1,0.0,"28.4172° N, 76.9081° E",28.4172,76.9081
flat,adani m2k oyster grande,2.4,sector 102,9305.0,3,4,3+,3.0,Relatively New,2334.0,1,0,0,0,0,2,16.0,"28.4750° N, 76.9715° E",28.475,76.9715
flat,m3m crown,4.67,sector 111,17000.0,4,4,3+,8.0,Under Construction,3056.0,0,0,0,0,0,1,52.0,"28.5238° N, 77.0320° E",28.5238,77.032
flat,puri diplomatic greens,3.5,sector 111,11864.0,4,5,3+,10.0,Relatively New,2700.0,0,1,0,0,0,2,44.0,"28.5238° N, 77.0320° E",28.5238,77.032
flat,ss the leaf,2.0,sector 85,11869.0,3,4,3,5.0,Relatively New,2026.0,0,1,0,0,0,1,165.0,"28.4042° N, 76.9513° E",28.4042,76.9513
flat,dlf regency park,2.3,sector 28,11817.0,3,3,3,7.0,Moderately Old,1777.0,0,1,0,0,0,1,75.0,"28.4728° N, 77.0865° E",28.4728,77.0865
flat,emaar palm gardens,1.4,sector 83,8139.0,3,3,3,2.0,Relatively New,1387.0,1,1,1,1,0,2,0.0,"28.3986° N, 76.9647° E",28.3986,76.9647
house,Not Applicable,11.0,sector 41,33951.0,4,4,2,3.0,New Property,3240.0,1,1,0,1,0,1,150.0,"28.4557° N, 77.0632° E",28.4557,77.0632
flat,signature global city,1.1,sector 37d,8800.0,3,3,3,1.0,Under Construction,1389.0,0,0,0,0,0,1,149.0,"28.4478° N, 76.9703° E",28.4478,76.9703
flat,supertech hues,0.8,sector 68,6779.0,2,2,3+,14.0,New Property,1180.0,0,0,0,0,0,2,0.0,"28.3853° N, 77.0484° E",28.3853,77.0484
flat,emaar digihomes,2.1,sector 62,14254.0,2,2,2,30.0,New Property,1366.0,0,1,0,0,0,1,51.0,"28.4139° N, 77.0886° E",28.4139,77.0886
flat,tulip violet,1.42,sector 69,8998.0,3,3,2,8.0,Relatively New,1429.0,0,0,0,1,0,2,12.0,"28.3966° N, 77.0341° E",28.3966,77.0341
flat,landmark the residency,0.9,sector 103,6666.0,2,2,2,1.0,Relatively New,1222.0,0,0,0,0,0,1,108.0,"28.4949° N, 76.9845° E",28.4949,76.9845
flat,vatika gurgaon,1.12,sector 83,6455.0,3,3,2,4.0,Relatively New,1200.0,1,1,1,1,0,2,44.0,"28.3986° N, 76.9647° E",28.3986,76.9647
flat,sbtl caladium,1.6,sector 109,6286.0,3,3,3,9.0,Relatively New,2304.0,0,1,0,0,0,1,72.0,"28.5073° N, 77.0089° E",28.5073,77.0089
flat,imperia elvedor,0.55,sector 37c,8221.0,1,1,0,5.0,Relatively New,669.0,0,0,0,0,0,1,31.0,"28.4515° N, 76.9882° E",28.4515,76.9882
flat,ss the leaf,1.1,sector 85,9565.0,2,2,3,10.0,Relatively New,1600.0,0,0,0,1,0,1,0.0,"28.4042° N, 76.9513° E",28.4042,76.9513
flat,vatika city homes,1.08,sector 83,6206.0,3,3,3,6.0,Relatively New,1538.0,0,0,1,0,0,1,53.0,"28.3986° N, 76.9647° E",28.3986,76.9647
flat,experion the heartsong,3.0,sector 108,18392.0,4,5,3+,2.0,Relatively New,2204.25,0,1,0,0,0,0,129.0,"28.5134° N, 76.9830° E",28.5134,76.983
flat,signature global city 63a,1.65,sector 63a,15263.0,2,2,2,1.0,Under Construction,979.0,0,0,0,0,0,1,0.0,"28.3923° N, 77.0888° E",28.3923,77.0888
flat,assotech blith,0.82,sector 99,6007.0,2,2,3,0.0,New Property,1365.0,0,0,0,0,0,1,128.0,"28.4640° N, 76.9614° E",28.464,76.9614
house,Not Applicable,5.5,sector 43,28424.0,1,1,No,1.0,Old Property,1935.0,0,0,0,0,1,1,20.0,"28.4629° N, 77.0772° E",28.4629,77.0772
flat,ss almeria,1.5,sector 84,7500.0,3,3,3,2.0,New Property,1850.0,0,1,0,0,0,1,138.0,"28.3979° N, 76.9736° E",28.3979,76.9736
flat,dlf new town heights,1.65,sector 91,6345.0,4,4,3+,11.0,Moderately Old,2140.0,0,1,0,0,0,1,29.0,"28.4014° N, 76.9225° E",28.4014,76.9225
flat,bestech park view residency,0.55,sector 23,8461.0,1,1,2,7.0,Moderately Old,588.0,0,0,0,0,0,1,60.0,"28.5121° N, 77.0478° E",28.5121,77.0478
flat,godrej aria,1.3,sector 79,9622.0,2,4,2,3.0,Relatively New,1223.0,0,0,0,0,0,1,63.0,"28.3624° N, 76.9787° E",28.3624,76.9787
flat,dlf new town heights,1.3,sector 90,6735.0,3,3,3+,10.0,Relatively New,1929.0,0,1,0,1,0,2,159.0,"28.4085° N, 76.9369° E",28.4085,76.9369
flat,chd avenue,1.25,sector 71,6597.0,3,4,2,14.0,Relatively New,1578.0,1,1,0,1,1,0,61.0,"28.4104° N, 77.0281° E",28.4104,77.0281
flat,brisk lumbini terrace homes,1.38,sector 109,6338.0,3,3,1,4.0,Moderately Old,2419.0,0,0,0,0,0,1,78.0,"28.5073° N, 77.0089° E",28.5073,77.0089
house,international city by sobha phase 2,6.25,sector 109,11574.0,4,4,3+,2.0,Relatively New,5400.0,0,1,0,0,0,1,75.0,"28.5073° N, 77.0089° E",28.5073,77.0089
flat,m3m woodshire,1.45,sector 107,6141.0,3,4,3+,7.0,Relatively New,1900.0,0,1,0,0,0,1,133.0,"28.5052° N, 76.9729° E",28.5052,76.9729
flat,ansal heights 86,0.9,sector 86,5325.0,3,3,2,10.0,New Property,1690.0,0,0,0,0,0,1,77.0,"28.3986° N, 76.9384° E",28.3986,76.9384
flat,godrej summit,1.75,sector 104,7530.0,4,5,3+,1.0,New Property,2582.0,0,1,0,0,0,1,25.0,"28.4788° N, 76.9960° E",28.4788,76.996
house,grover homes sec 4,4.75,sector 4,9374.0,5,5,1,1.0,Old Property,5067.0,1,1,0,1,0,2,159.0,"28.4738° N, 77.0107° E",28.4738,77.0107
house,international city by sobha phase 2,12.5,sector 109,26670.0,5,6,3,3.0,Relatively New,4500.0,1,1,1,1,0,1,80.0,"28.5073° N, 77.0089° E",28.5073,77.0089
flat,puri diplomatic greens,2.65,sector 111,13589.0,3,4,2,7.0,Relatively New,2086.0,0,1,0,0,0,2,160.0,"28.5238° N, 77.0320° E",28.5238,77.032
flat,raheja revanta,0.99,sector 78,6100.0,2,2,3,14.0,Under Construction,1468.0,0,0,0,0,1,1,165.0,"28.3733° N, 76.9729° E",28.3733,76.9729
flat,dlf the arbour,7.9,sector 63,20000.0,4,4,3+,34.0,Under Construction,3950.0,0,0,0,0,0,1,174.0,"28.3971° N, 77.0867° E",28.3971,77.0867
flat,ramprastha the edge towers,0.8,sector 37d,5797.0,2,2,3,2.0,Relatively New,1300.0,0,0,0,0,0,1,174.0,"28.4478° N, 76.9703° E",28.4478,76.9703
flat,shree arihant apartment,1.5,sector 54,8108.0,3,3,3+,4.0,Moderately Old,1700.0,0,0,0,1,0,2,74.0,"28.4348° N, 77.1089° E",28.4348,77.1089
flat,vatika the seven lamps,1.6,sector 82,6597.0,4,5,3+,8.0,Relatively New,2195.0,0,1,0,0,0,1,40.0,"28.3935° N, 76.9600° E",28.3935,76.96
house,unitech uniworld resorts,8.0,sector 33,11428.0,4,4,3+,2.0,Old Property,7000.0,1,1,1,1,0,1,102.0,"28.4420° N, 77.0207° E",28.442,77.0207
house,dlf city plots phase 2,4.5,sector 25,33333.0,5,3,2,3.0,Old Property,1350.0,0,0,1,1,0,1,0.0,"28.4844° N, 77.0860° E",28.4844,77.086
flat,emaar gurgaon greens,1.49,sector 102,9030.0,3,3,3,10.0,Relatively New,1315.0,0,0,0,0,0,2,35.0,"28.4750° N, 76.9715° E",28.475,76.9715
house,sushant lok 1 builder floors,10.85,sector 43,28841.0,8,8,3,3.0,Moderately Old,3762.0,1,1,1,1,0,0,99.0,"28.4629° N, 77.0772° E",28.4629,77.0772
flat,vatika xpressions,0.92,sector 88b,7360.0,2,2,2,3.0,Relatively New,1300.0,0,0,0,1,0,1,8.0,"28.4446° N, 76.9542° E",28.4446,76.9542
flat,tata primanti,4.25,sector 72,13076.0,4,4,3+,0.0,Relatively New,2942.0,0,1,0,0,0,2,49.0,"28.4225° N, 77.0211° E",28.4225,77.0211
flat,m3m woodshire,1.35,sector 107,5717.0,3,4,3+,8.0,Relatively New,1950.0,0,1,0,0,0,2,137.0,"28.5052° N, 76.9729° E",28.5052,76.9729
house,international city by sobha phase 2,7.0,sector 109,12963.0,4,4,3+,2.0,Relatively New,5400.0,0,0,0,0,0,2,165.0,"28.5073° N, 77.0089° E",28.5073,77.0089
flat,sidhartha ncr one,0.55,sector 95,5556.0,2,2,3,15.0,Relatively New,990.0,0,0,0,0,0,1,72.0,"28.4172° N, 76.9081° E",28.4172,76.9081
flat,imperia the esfera,0.86,sector 37c,4886.0,3,3,2,0.0,New Property,1593.0,0,0,0,0,1,1,57.0,"28.4515° N, 76.9882° E",28.4515,76.9882
flat,godrej,1.47,sector 79,16256.0,2,2,3,9.0,New Property,93.0,1,0,0,0,0,1,141.0,"28.3624° N, 76.9787° E",28.3624,76.9787
flat,umang monsoon breeze,1.2,sector 78,6493.0,3,3,2,8.0,Moderately Old,2045.0,0,0,0,1,0,0,149.0,"28.3733° N, 76.9729° E",28.3733,76.9729
flat,la vida by tata housing,1.65,sector 113,10449.0,3,2,2,3.0,Relatively New,1420.0,0,0,0,0,0,1,109.0,"28.5287° N, 77.0233° E",28.5287,77.0233
flat,experion windchants,2.8,sector 112,11470.0,2,3,2,9.0,Relatively New,2441.0,1,1,0,0,0,1,58.0,"28.5189° N, 77.0183° E",28.5189,77.0183
house,international city by sobha phase 2,8.75,sector 109,24306.0,5,5,3+,3.0,New Property,3600.0,1,1,1,1,0,2,38.0,"28.5073° N, 77.0089° E",28.5073,77.0089
flat,ats tourmaline,1.5,sector 109,8571.0,3,3,3+,7.0,Relatively New,1466.0,0,0,0,0,0,1,0.0,"28.5073° N, 77.0089° E",28.5073,77.0089
flat,sare crescent parc,0.51,sector 92,4080.0,3,2,2,2.0,Relatively New,1132.0,0,0,0,0,0,1,0.0,"28.4079° N, 76.9153° E",28.4079,76.9153
flat,ats triumph,1.95,sector 104,8515.0,3,3,3+,3.0,New Property,2544.0,0,1,0,0,0,1,167.0,"28.4788° N, 76.9960° E",28.4788,76.996
flat,ss the leaf,1.2,sector 85,7317.0,2,2,3+,14.0,Relatively New,1380.0,0,0,1,0,0,1,97.0,"28.4042° N, 76.9513° E",28.4042,76.9513
flat,conscient heritage max,1.75,sector 102,9062.0,3,4,3+,16.0,Relatively New,1748.0,0,1,0,0,0,1,49.0,"28.4750° N, 76.9715° E",28.475,76.9715
flat,ss the leaf,1.14,sector 85,6951.0,2,2,3,4.0,Relatively New,1485.0,0,0,0,0,0,1,22.0,"28.4042° N, 76.9513° E",28.4042,76.9513
flat,vatika xpressions,1.1,sector 88b,8148.0,2,4,3+,2.0,Under Construction,1350.0,1,0,0,0,0,1,0.0,"28.4446° N, 76.9542° E",28.4446,76.9542
flat,smart world gems,1.0,sector 89,9033.0,2,2,2,1.0,Under Construction,1230.0,1,0,0,0,0,1,153.0,"28.4253° N, 76.9439° E",28.4253,76.9439
flat,ild grand centra,0.95,sector 37c,5220.0,3,1,0,0.0,Relatively New,1820.0,0,0,0,0,0,1,148.0,"28.4515° N, 76.9882° E",28.4515,76.9882
flat,ss the leaf,1.12,sector 85,6453.0,2,2,3,10.0,Relatively New,1485.0,0,0,0,0,1,1,94.0,"28.4042° N, 76.9513° E",28.4042,76.9513
flat,dlf the skycourt,1.6,sector 86,8294.0,3,3,3+,9.0,Relatively New,1548.0,0,0,0,0,1,2,46.0,"28.3986° N, 76.9384° E",28.3986,76.9384
house,signature global city 81,0.75,sector 81,6849.0,3,2,3,4.0,Under Construction,1095.0,1,0,0,0,0,1,101.0,"28.3867° N, 76.9485° E",28.3867,76.9485
flat,corona optus,1.25,sector 37c,7175.0,3,3,3,2.0,Relatively New,1563.0,1,0,0,0,0,1,6.0,"28.4515° N, 76.9882° E",28.4515,76.9882
flat,navjyoti apartment,2.1,sector 38,11938.0,4,4,3+,10.0,Old Property,1954.0,0,0,0,0,0,0,108.0,"28.4347° N, 77.0430° E",28.4347,77.043
house,Not Applicable,1.1,sector 9,6111.0,4,3,1,2.0,Old Property,200.0,0,0,0,0,0,1,145.0,"28.4603° N, 77.0000° E",28.4603,77.0
house,international city by sobha phase 2,8.48,sector 109,23556.0,4,6,3+,3.0,New Property,3600.0,1,1,1,1,0,1,112.0,"28.5073° N, 77.0089° E",28.5073,77.0089
house,vipul tatvam villa,6.4,sector 48,24691.0,3,4,3,2.0,Relatively New,2592.0,1,1,1,0,0,2,0.0,"28.4177° N, 77.0359° E",28.4177,77.0359
flat,smart world orchard,1.85,sector 61,14800.0,2,2,2,3.0,New Property,1389.0,0,0,0,0,0,1,0.0,"28.4050° N, 77.0963° E",28.405,77.0963
flat,emaar palm heights,1.75,sector 77,11666.0,3,3,3+,11.0,Relatively New,1900.0,0,1,0,0,0,1,65.0,"28.3801° N, 76.9845° E",28.3801,76.9845
flat,bestech park view ananda,1.15,sector 81,6927.0,3,2,3+,12.0,Relatively New,1353.0,0,0,0,0,0,1,106.0,"28.3867° N, 76.9485° E",28.3867,76.9485
flat,sare homes,0.65,sector 92,4587.0,3,3,2,3.0,Relatively New,1574.0,0,0,0,0,0,1,95.0,"28.4079° N, 76.9153° E",28.4079,76.9153
house,Not Applicable,4.15,sector 14,18444.0,5,4,2,2.0,Old Property,2250.0,0,0,0,0,0,2,91.0,"28.4711° N, 77.0454° E",28.4711,77.0454
flat,sare homes,0.71,sector 92,5354.0,3,3,3,2.0,Relatively New,1473.0,0,0,0,1,0,1,49.0,"28.4079° N, 76.9153° E",28.4079,76.9153
flat,ss the leaf,1.04,sector 85,8320.0,2,2,3,17.0,New Property,1550.0,0,0,0,0,1,1,100.0,"28.4042° N, 76.9513° E",28.4042,76.9513
flat,tarc maceo,1.5,sector 91,6465.0,3,4,3+,3.0,Relatively New,1786.0,1,1,0,0,0,1,49.0,"28.4014° N, 76.9225° E",28.4014,76.9225
flat,raheja the vedaanta floors,0.7,sector 108,4521.0,2,2,3,1.0,Moderately Old,1720.0,0,0,0,0,0,2,0.0,"28.5134° N, 76.9830° E",28.5134,76.983
house,Not Applicable,1.0,sector 5,11111.0,3,4,2,2.0,Relatively New,900.0,0,0,0,0,0,1,58.0,"28.4794° N, 77.0176° E",28.4794,77.0176
flat,pareena mi casa,1.0,sector 68,8163.0,2,2,2,16.0,New Property,1361.0,0,1,0,0,0,1,92.0,"28.3853° N, 77.0484° E",28.3853,77.0484
flat,vatika city,1.85,sector 49,10578.0,3,3,1,7.0,Moderately Old,1471.12,0,0,1,1,0,1,63.0,"28.4121° N, 77.0480° E",28.4121,77.048
flat,tulip violet,1.36,sector 69,8618.0,3,3,2,12.0,Relatively New,1429.0,0,0,0,1,0,2,0.0,"28.3966° N, 77.0341° E",28.3966,77.0341
flat,ireo skyon,2.5,sector 60,16129.0,2,3,2,4.0,Relatively New,1403.0,1,0,0,0,0,1,0.0,"28.4003° N, 77.0975° E",28.4003,77.0975
flat,shree vardhman victoria,1.63,sector 70,8358.0,3,3,3,5.0,New Property,1528.0,0,1,0,0,1,1,38.0,"28.3968° N, 77.0233° E",28.3968,77.0233
house,bhawani enclave,0.42,sector 62,8235.0,3,3,No,2.0,New Property,567.0,0,0,0,1,0,1,35.0,"28.4139° N, 77.0886° E",28.4139,77.0886
flat,kiran residency,1.55,sector 56,6888.0,3,3,3+,5.0,Moderately Old,1900.0,0,1,0,1,0,2,31.0,"28.4245° N, 77.0991° E",28.4245,77.0991
flat,gls avenue 51,0.21,sector 92,6953.0,1,1,1,0.0,Relatively New,336.0,0,0,0,0,0,1,145.0,"28.4079° N, 76.9153° E",28.4079,76.9153
house,Not Applicable,1.0,sector 6,4630.0,6,4,No,3.0,Moderately Old,240.0,0,0,0,0,0,1,0.0,"28.4745° N, 77.0262° E",28.4745,77.0262
flat,essel tower,2.2,sector 28,12500.0,3,4,3+,3.0,Moderately Old,1956.0,0,1,0,0,0,0,17.0,"28.4728° N, 77.0865° E",28.4728,77.0865
house,Not Applicable,1.4,sector 8,8235.0,2,2,1,3.0,Relatively New,1700.0,0,0,0,0,0,1,106.0,"28.3738° N, 76.8970° E",28.3738,76.897
flat,smart world gems,1.05,sector 89,9519.0,2,2,2,4.0,Under Construction,1103.0,1,0,0,0,1,1,80.0,"28.4253° N, 76.9439° E",28.4253,76.9439
flat,vatika gurgaon,0.87,sector 83,6987.0,2,2,2,3.0,Moderately Old,1127.0,0,0,0,0,0,1,120.0,"28.3986° N, 76.9647° E",28.3986,76.9647
flat,the close north,2.35,sector 50,11767.0,3,3,3+,8.0,Moderately Old,1950.0,0,0,0,0,0,2,54.0,"28.4178° N, 77.0628° E",28.4178,77.0628
house,huda plots,2.95,sector 56,20359.0,2,2,2,1.0,Moderately Old,1449.0,0,0,0,0,0,1,108.0,"28.4245° N, 77.0991° E",28.4245,77.0991
house,smart world orchard,2.01,sector 61,13000.0,3,3,3,4.0,Under Construction,1549.0,0,0,0,0,0,1,0.0,"28.4050° N, 77.0963° E",28.405,77.0963
flat,smriti apartment,0.45,sector 56,7500.0,1,1,2,3.0,Old Property,543.0,0,0,0,0,0,1,120.0,"28.4245° N, 77.0991° E",28.4245,77.0991
house,Not Applicable,2.7,sector 23,18620.0,5,5,2,3.0,Old Property,1450.0,0,0,0,0,0,2,101.0,"28.5121° N, 77.0478° E",28.5121,77.0478
flat,vatika lifestyle homes,1.05,sector 83,7500.0,3,2,2,1.0,Moderately Old,1600.0,0,0,0,0,0,2,101.0,"28.3986° N, 76.9647° E",28.3986,76.9647
flat,dlf new town heights,1.55,sector 86,6578.0,4,4,3+,12.0,Moderately Old,2039.0,0,1,0,1,0,2,52.0,"28.3986° N, 76.9384° E",28.3986,76.9384
flat,indiabulls centrum park,2.2,sector 103,7652.0,4,6,3+,4.0,Relatively New,2603.0,0,1,0,0,0,2,79.0,"28.4949° N, 76.9845° E",28.4949,76.9845
house,Not Applicable,0.38,sector 105,8444.0,2,2,2,1.0,Moderately Old,56.0,0,0,0,0,0,1,165.0,"28.4952° N, 77.0114° E",28.4952,77.0114
flat,dlf city plots phase 3,6.5,sector 25,18571.0,4,5,3+,3.0,New Property,3889.0,0,1,0,0,0,0,174.0,"28.4844° N, 77.0860° E",28.4844,77.086
flat,dlf regency park,2.35,sector 28,13224.0,3,3,2,18.0,Old Property,1609.0,0,1,0,0,0,1,101.0,"28.4728° N, 77.0865° E",28.4728,77.0865
flat,m3m the marina,1.45,sector 68,9615.0,3,2,3+,9.0,New Property,1365.0,0,0,0,0,0,1,117.0,"28.3853° N, 77.0484° E",28.3853,77.0484
flat,cghs vidya enclave,1.7,sector 56,10967.0,3,2,3,6.0,Old Property,1585.0,0,0,1,0,0,1,88.0,"28.4245° N, 77.0991° E",28.4245,77.0991
flat,m3m skywalk,2.25,sector 74,12500.0,3,3,3,5.0,Relatively New,1900.0,1,0,0,0,0,1,145.0,"28.4158° N, 77.0118° E",28.4158,77.0118
flat,birla navya,3.23,sector 63a,26872.0,3,3,3,4.0,New Property,1202.0,0,1,0,0,0,1,71.0,"28.3923° N, 77.0888° E",28.3923,77.0888
flat,emaar mgf emerald floors premier,2.55,sector 65,15454.0,3,3,3,3.0,Relatively New,1650.0,1,1,0,0,0,1,0.0,"28.4030° N, 77.0690° E",28.403,77.069
flat,la vida by tata housing,2.48,sector 113,14090.0,3,3,3+,8.0,New Property,1980.0,0,1,0,0,0,1,174.0,"28.5287° N, 77.0233° E",28.5287,77.0233
flat,emaar palm gardens,1.72,sector 83,9052.0,3,3,3,4.0,Relatively New,1600.0,0,1,0,0,0,2,0.0,"28.3986° N, 76.9647° E",28.3986,76.9647
flat,ss the leaf,1.09,sector 85,6666.0,2,2,3,9.0,Relatively New,1638.0,0,0,1,0,0,1,0.0,"28.4042° N, 76.9513° E",28.4042,76.9513
flat,conscient heritage max,2.15,sector 102,9306.0,3,4,3,13.0,Relatively New,1946.0,1,1,0,0,0,1,0.0,"28.4750° N, 76.9715° E",28.475,76.9715
flat,emaar emerald hills,1.95,sector 65,13928.0,3,3,3+,1.0,New Property,1556.0,0,0,1,0,0,2,90.0,"28.4030° N, 77.0690° E",28.403,77.069
flat,dlf carlton estate,2.1,sector 43,15418.0,3,3,1,2.0,Old Property,1233.0,0,0,1,0,0,2,0.0,"28.4629° N, 77.0772° E",28.4629,77.0772
flat,orchid petals,4.79,sector 49,11628.0,5,5,3+,14.0,Relatively New,3726.0,1,1,0,1,0,1,89.0,"28.4121° N, 77.0480° E",28.4121,77.048
house,4s aradhya homes,1.83,sector 67a,6778.0,4,4,2,4.0,New Property,2700.0,0,0,0,1,0,2,23.0,"28.3960° N, 77.0372° E",28.396,77.0372
flat,la vida by tata housing,1.93,sector 113,12222.0,3,3,2,8.0,Under Construction,1430.0,0,0,0,0,0,1,45.0,"28.5287° N, 77.0233° E",28.5287,77.0233
flat,m3m woodshire,1.3,sector 107,8922.0,3,3,3+,4.0,Relatively New,1554.0,0,0,0,1,0,2,76.0,"28.5052° N, 76.9729° E",28.5052,76.9729
flat,ramshanti cooperative society,1.76,sector 52,7242.0,4,4,3+,12.0,New Property,2200.0,0,0,0,0,0,1,95.0,"28.4379° N, 77.0785° E",28.4379,77.0785
flat,mittal surya vihar,1.4,sector 21,5833.0,5,4,2,2.0,Moderately Old,2173.0,0,0,0,0,0,1,91.0,"28.5134° N, 77.0723° E",28.5134,77.0723
flat,umang monsoon breeze,1.05,sector 78,5666.0,3,3,3,6.0,Moderately Old,1853.0,0,0,0,0,0,1,49.0,"28.3733° N, 76.9729° E",28.3733,76.9729
flat,sidhartha ncr one phase,0.55,sector 95,4867.0,2,2,2,14.0,New Property,1256.0,1,0,0,0,0,1,122.0,"28.4172° N, 76.9081° E",28.4172,76.9081
flat,shapoorji pallonji joyville gurugram,0.95,sector 102,10383.0,2,2,2,14.0,Relatively New,915.0,0,0,0,0,0,1,137.0,"28.4750° N, 76.9715° E",28.475,76.9715
flat,emaar mgf emerald floors premier,2.8,sector 65,16969.0,4,4,3,2.0,Relatively New,1650.0,1,0,0,0,0,2,65.0,"28.4030° N, 77.0690° E",28.403,77.069
flat,ansal heights,0.6,sector 92,4546.0,2,2,3,11.0,Under Construction,1195.0,0,0,0,0,1,1,15.0,"28.4079° N, 76.9153° E",28.4079,76.9153
flat,tarc maceo,1.8,sector 91,7758.0,3,3,3+,0.0,Relatively New,2578.0,0,0,0,1,0,0,20.0,"28.4014° N, 76.9225° E",28.4014,76.9225
flat,raheja navodaya,0.85,sector 92,5407.0,3,3,0,0.0,Relatively New,1423.0,0,0,0,0,0,1,49.0,"28.4079° N, 76.9153° E",28.4079,76.9153
flat,bestech park view city,1.8,sector 48,10250.0,3,4,3,3.0,Moderately Old,1951.0,1,0,0,0,0,2,72.0,"28.4177° N, 77.0359° E",28.4177,77.0359
flat,emaar imperial gardens,1.85,sector 102,9135.0,3,3,3+,0.0,Relatively New,2250.0,0,1,0,0,0,2,94.0,"28.4750° N, 76.9715° E",28.475,76.9715
flat,surendra avenue 69,0.75,sector 69,6818.0,2,2,2,4.0,Moderately Old,1100.0,0,0,0,0,0,1,110.0,"28.3966° N, 77.0341° E",28.3966,77.0341
flat,bestech park view sanskruti,1.9,sector 92,8172.0,4,4,3+,10.0,Relatively New,1920.0,1,1,0,1,1,1,144.0,"28.4079° N, 76.9153° E",28.4079,76.9153
flat,smart world orchard,1.6,sector 61,13913.0,2,2,2,3.0,New Property,1278.0,1,0,0,0,0,1,101.0,"28.4050° N, 77.0963° E",28.405,77.0963
house,Not Applicable,4.0,sector 38,21786.0,6,6,3+,4.0,Old Property,1836.0,1,1,0,1,1,2,158.0,"28.4347° N, 77.0430° E",28.4347,77.043
flat,m3m skywalk,2.2,sector 74,10901.0,3,3,3,12.0,New Property,1827.0,1,0,0,0,0,2,160.0,"28.4158° N, 77.0118° E",28.4158,77.0118
flat,tulip violet,3.25,sector 69,10105.0,4,5,3+,14.0,Relatively New,2912.0,0,0,0,1,1,1,0.0,"28.3966° N, 77.0341° E",28.3966,77.0341
flat,pareena mi casa,1.15,sector 68,9236.0,2,2,3,8.0,New Property,1127.0,0,0,0,0,0,1,138.0,"28.3853° N, 77.0484° E",28.3853,77.0484
flat,microtek greenburg,1.93,sector 86,8446.0,3,4,3,12.0,Relatively New,2069.0,0,1,0,0,0,1,49.0,"28.3986° N, 76.9384° E",28.3986,76.9384
flat,millenium bajrang society,2.5,sector 43,9433.0,4,4,3+,2.0,Relatively New,2399.0,0,0,0,0,0,2,49.0,"28.4629° N, 77.0772° E",28.4629,77.0772
flat,bestech park view residency,0.56,sector 23,8632.0,1,1,2,6.0,Moderately Old,723.0,0,0,0,0,0,1,165.0,"28.5121° N, 77.0478° E",28.5121,77.0478
house,emaar mgf marbella,19.0,sector 66,31667.0,5,6,3+,3.0,Relatively New,6667.0,0,1,1,1,0,2,88.0,"28.3925° N, 77.0541° E",28.3925,77.0541
flat,ats tourmaline,2.25,sector 109,8704.0,3,4,3,14.0,Relatively New,2340.0,0,1,0,0,0,1,174.0,"28.5073° N, 77.0089° E",28.5073,77.0089
flat,spaze privy,1.9,sector 72,9620.0,3,3,3,10.0,Relatively New,1975.0,0,0,0,0,0,1,44.0,"28.4225° N, 77.0211° E",28.4225,77.0211
flat,puri the aravallis,3.9,sector 61,33220.0,3,4,3+,33.0,Under Construction,1174.0,0,1,0,0,0,1,30.0,"28.4050° N, 77.0963° E",28.405,77.0963
flat,south city 1 floors,3.4,sector 41,11724.0,4,4,3,0.0,Old Property,2900.0,0,0,0,0,0,1,91.0,"28.4557° N, 77.0632° E",28.4557,77.0632
house,international city by sobha phase 1,5.7,sector 109,10556.0,4,5,3+,3.0,Relatively New,5400.0,1,1,1,1,0,1,7.0,"28.5073° N, 77.0089° E",28.5073,77.0089
flat,ramsons kshitij,0.35,sector 95,5495.0,2,2,0,5.0,Relatively New,637.0,0,0,0,0,0,1,40.0,"28.4172° N, 76.9081° E",28.4172,76.9081
flat,ss the leaf,1.17,sector 85,7001.0,2,2,3,11.0,Relatively New,1660.0,0,0,0,0,0,1,0.0,"28.4042° N, 76.9513° E",28.4042,76.9513
flat,ats kocoon,1.75,sector 109,10028.0,3,3,3,10.0,Relatively New,1550.0,0,0,0,1,0,2,0.0,"28.5073° N, 77.0089° E",28.5073,77.0089
flat,emaar gurgaon greens,1.45,sector 102,14179.0,3,3,3,10.0,Relatively New,1315.0,0,1,0,0,0,1,59.0,"28.4750° N, 76.9715° E",28.475,76.9715
flat,dlf new town heights,1.6,sector 90,6768.0,4,4,3+,10.0,Relatively New,2140.0,0,1,0,1,0,1,106.0,"28.4085° N, 76.9369° E",28.4085,76.9369
house,Not Applicable,16.0,sector 40,35003.0,6,7,3+,3.0,Relatively New,4500.0,1,1,1,1,0,2,0.0,"28.4498° N, 77.0567° E",28.4498,77.0567
house,Not Applicable,13.5,sector 26,29880.0,5,5,3+,2.0,Relatively New,4518.0,1,1,0,1,1,0,95.0,"28.4757° N, 77.1032° E",28.4757,77.1032
flat,m3m merlin,3.4,sector 67,14418.0,3,4,3,17.0,Relatively New,2135.0,0,1,0,0,0,2,38.0,"28.3859° N, 77.0608° E",28.3859,77.0608
flat,godrej air,1.75,sector 85,9589.0,3,3,2,27.0,Relatively New,1825.0,0,0,0,0,0,1,68.0,"28.4042° N, 76.9513° E",28.4042,76.9513
flat,sare crescent parc royal greens phase 1,0.65,sector 92,4512.0,3,3,3,1.0,Moderately Old,1304.0,0,0,0,0,0,1,0.0,"28.4079° N, 76.9153° E",28.4079,76.9153
flat,dlf royalton tower,6.5,sector 43,20687.0,4,4,3+,9.0,Moderately Old,2713.0,0,1,0,0,0,1,88.0,"28.4629° N, 77.0772° E",28.4629,77.0772
flat,ss the coralwood,1.01,sector 84,5771.0,3,3,2,18.0,Relatively New,1475.0,0,0,0,0,0,1,108.0,"28.3979° N, 76.9736° E",28.3979,76.9736
house,Not Applicable,5.15,sector 47,26615.0,3,9,3+,3.0,Relatively New,1935.0,0,0,1,0,0,2,152.0,"28.4276° N, 77.0492° E",28.4276,77.0492
flat,pivotal devaan apartments,0.39,sector 84,6500.0,2,2,0,5.0,Relatively New,549.0,0,0,0,0,0,1,59.0,"28.3979° N, 76.9736° E",28.3979,76.9736
flat,spaze privvy the address,1.25,sector 93,5701.0,4,4,3,16.0,Relatively New,2105.0,0,0,0,0,0,1,38.0,"28.4153° N, 76.9326° E",28.4153,76.9326
flat,antriksh heights,0.69,sector 84,5111.0,2,2,3+,8.0,Relatively New,1222.0,1,0,0,0,0,1,73.0,"28.3979° N, 76.9736° E",28.3979,76.9736
house,emaar mgf marbella,12.0,sector 66,37037.0,5,5,3+,3.0,New Property,3240.0,0,1,1,1,0,2,160.0,"28.3925° N, 77.0541° E",28.3925,77.0541
flat,shapoorji pallonji joyville gurugram,0.95,sector 102,10383.0,2,2,2,14.0,Relatively New,915.0,0,0,0,0,0,1,13.0,"28.4750° N, 76.9715° E",28.475,76.9715
flat,mapsko royale ville,0.99,sector 82,5530.0,3,4,2,14.0,New Property,1621.0,0,1,0,0,0,1,174.0,"28.3935° N, 76.9600° E",28.3935,76.96
flat,ireo the corridors,2.0,sector 67a,11428.0,3,3,3,12.0,New Property,1584.0,1,0,0,0,0,1,41.0,"28.3960° N, 77.0372° E",28.396,77.0372
house,eros rosewood villas,2.8,sector 49,15555.0,3,3,3,2.0,Moderately Old,1800.0,0,0,0,1,0,1,0.0,"28.4121° N, 77.0480° E",28.4121,77.048
house,ireo victory valley,8.0,sector 67,22222.0,6,7,3+,3.0,Moderately Old,3600.0,1,1,1,1,0,2,62.0,"28.3859° N, 77.0608° E",28.3859,77.0608
house,vipul tatvam villa,8.5,sector 48,26235.0,4,4,2,2.0,Moderately Old,3240.0,0,1,1,1,0,1,92.0,"28.4177° N, 77.0359° E",28.4177,77.0359
flat,shapoorji pallonji joyville gurugram,2.4,sector 102,10545.0,4,4,3+,15.0,Relatively New,1957.0,0,0,0,0,0,1,0.0,"28.4750° N, 76.9715° E",28.475,76.9715
flat,mapsko mount ville,1.55,sector 79,8539.0,3,4,3,11.0,Relatively New,1417.0,0,1,0,0,0,2,45.0,"28.3624° N, 76.9787° E",28.3624,76.9787
house,Not Applicable,3.1,sector 56,20026.0,5,4,3+,2.0,Moderately Old,1548.0,0,1,1,0,0,2,174.0,"28.4245° N, 77.0991° E",28.4245,77.0991
flat,dlf the primus,2.7,sector 82a,10481.0,4,4,3+,18.0,Moderately Old,2576.0,0,1,0,0,0,1,105.0,"28.3858° N, 76.9686° E",28.3858,76.9686
house,dlf city plots phase 2,10.75,sector 25,29861.0,9,9,3+,3.0,Old Property,3600.0,0,1,1,1,0,1,66.0,"28.4844° N, 77.0860° E",28.4844,77.086
flat,chd avenue,1.25,sector 71,7171.0,3,4,2,7.0,Relatively New,1578.0,0,1,0,0,0,2,72.0,"28.4104° N, 77.0281° E",28.4104,77.0281
flat,suncity vatsal valley,1.0,sector 2,13340.0,2,2,2,3.0,New Property,833.0,0,0,0,0,0,2,165.0,"28.5095° N, 77.0320° E",28.5095,77.032
flat,tulip violet,1.7,sector 69,8457.0,4,4,2,10.0,Relatively New,1804.0,1,1,1,1,0,1,49.0,"28.3966° N, 77.0341° E",28.3966,77.0341
flat,sare crescent parc,0.9,sector 92,4278.0,4,5,3+,14.0,Relatively New,1693.0,0,1,0,0,1,1,60.0,"28.4079° N, 76.9153° E",28.4079,76.9153
flat,tarc maceo,1.8,sector 91,7758.0,4,3,3+,0.0,Relatively New,2578.0,1,0,0,1,0,0,0.0,"28.4014° N, 76.9225° E",28.4014,76.9225
flat,shree vardhman flora,0.65,sector 90,4814.0,2,2,3,6.0,Relatively New,1222.0,1,0,0,0,0,1,0.0,"28.4085° N, 76.9369° E",28.4085,76.9369
flat,emaar mgf emerald floors premier,2.8,sector 65,16969.0,3,3,2,3.0,Relatively New,1650.0,0,1,0,0,0,1,0.0,"28.4030° N, 77.0690° E",28.403,77.069
house,vatika signature villas,3.2,sector 82,14351.0,3,4,3,1.0,New Property,2160.0,1,1,1,1,0,1,20.0,"28.3935° N, 76.9600° E",28.3935,76.96
flat,rof ananda,0.37,sector 95,5744.0,3,2,1,6.0,Relatively New,716.0,0,0,0,1,0,2,108.0,"28.4172° N, 76.9081° E",28.4172,76.9081
flat,tata primanti,4.0,sector 72,13769.0,4,5,3+,9.0,Relatively New,2800.0,0,1,0,0,0,2,7.0,"28.4225° N, 77.0211° E",28.4225,77.0211
flat,bptp terra,1.77,sector 37d,8078.0,4,3,3,15.0,Relatively New,2025.0,1,1,0,1,1,1,174.0,"28.4478° N, 76.9703° E",28.4478,76.9703
flat,ild grand,0.66,sector 37c,5038.0,2,2,3+,14.0,Relatively New,1310.0,0,0,0,0,0,1,0.0,"28.4515° N, 76.9882° E",28.4515,76.9882
flat,signature global solera,0.5,sector 107,7751.0,3,2,2,6.0,Relatively New,717.0,0,0,0,0,1,1,24.0,"28.5052° N, 76.9729° E",28.5052,76.9729
house,Not Applicable,7.6,sector 25,38756.0,2,9,3,4.0,Relatively New,1961.0,1,0,1,1,0,2,0.0,"28.4844° N, 77.0860° E",28.4844,77.086
flat,emaar mgf emerald floors,3.2,sector 65,10159.0,4,3,2,1.0,Relatively New,3150.0,0,1,0,0,0,1,0.0,"28.4030° N, 77.0690° E",28.403,77.069
house,Not Applicable,1.4,sector 8,8702.0,2,2,1,2.0,Old Property,166.0,0,0,0,0,0,1,49.0,"28.3738° N, 76.8970° E",28.3738,76.897
flat,gls avenue 51,0.45,sector 92,7614.0,2,2,1,10.0,New Property,646.0,1,0,0,0,0,2,67.0,"28.4079° N, 76.9153° E",28.4079,76.9153
flat,sare homes,1.1,sector 92,5347.0,4,4,3,4.0,Relatively New,2286.0,0,1,0,0,0,1,60.0,"28.4079° N, 76.9153° E",28.4079,76.9153
flat,la vida by tata housing,2.78,sector 113,11346.0,3,3,3,3.0,New Property,2599.0,1,1,0,0,0,1,51.0,"28.5287° N, 77.0233° E",28.5287,77.0233
flat,godrej air,1.35,sector 85,13632.0,2,2,3,19.0,Under Construction,102.0,0,0,0,0,0,1,100.0,"28.4042° N, 76.9513° E",28.4042,76.9513
flat,dlf the crest,11.0,sector 54,35484.0,4,5,3+,7.0,Relatively New,3444.0,1,1,0,1,0,1,44.0,"28.4348° N, 77.1089° E",28.4348,77.1089
flat,unitech vistas,0.53,sector 70,4800.0,2,2,2,9.0,Under Construction,991.0,0,0,0,0,1,1,49.0,"28.3968° N, 77.0233° E",28.3968,77.0233
house,Not Applicable,0.9,sector 3,8928.0,3,1,No,1.0,Moderately Old,1008.0,0,0,0,0,0,1,15.0,"28.4909° N, 77.0176° E",28.4909,77.0176
house,house number b-34,0.8,sector 5,8888.0,2,2,1,1.0,Old Property,900.0,0,0,0,0,0,1,8.0,"28.4794° N, 77.0176° E",28.4794,77.0176
flat,emaar gurgaon greens,1.42,sector 102,8606.0,3,3,3,4.0,Relatively New,1315.0,0,0,0,0,1,1,165.0,"28.4750° N, 76.9715° E",28.475,76.9715
house,sushant lok 1 builder floors,1.95,sector 43,10077.0,3,4,3+,4.0,New Property,1935.0,0,1,0,0,0,2,0.0,"28.4629° N, 77.0772° E",28.4629,77.0772
house,Not Applicable,5.65,sector 46,23870.0,8,6,3+,3.0,Moderately Old,2367.0,0,1,0,0,0,2,49.0,"28.4374° N, 77.0586° E",28.4374,77.0586
flat,paras dews,2.1,sector 106,8917.0,4,6,3+,6.0,Relatively New,2132.0,0,1,0,0,1,1,97.0,"28.5007° N, 77.0003° E",28.5007,77.0003
flat,supertech new soft launch,0.84,sector 68,7119.0,2,2,2,7.0,New Property,1180.0,0,0,0,0,0,1,60.0,"28.3853° N, 77.0484° E",28.3853,77.0484
house,indiabulls centrum park,3.25,sector 103,8125.0,4,3,3+,20.0,Under Construction,4000.0,0,0,0,0,0,1,84.0,"28.4949° N, 76.9845° E",28.4949,76.9845
house,unitech uniworld resorts,11.75,sector 33,23240.0,5,7,3+,3.0,Relatively New,5056.0,0,1,0,0,0,1,0.0,"28.4420° N, 77.0207° E",28.442,77.0207
flat,shapoorji pallonji joyville gurugram,0.97,sector 102,10601.0,2,2,2,12.0,Relatively New,828.0,0,0,0,0,0,1,15.0,"28.4750° N, 76.9715° E",28.475,76.9715
house,nul,6.25,sector 25,34722.0,5,5,3,2.0,Moderately Old,1800.0,0,1,0,1,0,2,49.0,"28.4844° N, 77.0860° E",28.4844,77.086
flat,dlf the primus,1.85,sector 82a,10283.0,3,3,3+,2.0,Relatively New,1669.0,0,0,0,0,0,2,126.0,"28.3858° N, 76.9686° E",28.3858,76.9686
flat,pareena coban residences,1.05,sector 99a,6774.0,2,2,3,2.0,Relatively New,1390.0,1,0,0,0,0,1,0.0,"28.4561° N, 76.9542° E",28.4561,76.9542
house,nitin vihar,0.85,sector 33,9444.0,3,2,No,1.0,Relatively New,900.0,0,0,0,0,0,1,53.0,"28.4420° N, 77.0207° E",28.442,77.0207
flat,kashish manor one,1.65,sector 111,7097.0,3,4,3+,14.0,Under Construction,2105.0,0,1,0,0,1,1,156.0,"28.5238° N, 77.0320° E",28.5238,77.032
flat,the close south,3.1,sector 50,12444.0,3,4,3+,4.0,Moderately Old,2450.0,0,1,0,0,0,2,174.0,"28.4178° N, 77.0628° E",28.4178,77.0628
flat,umang monsoon breeze,0.75,sector 78,6053.0,2,2,1,5.0,Moderately Old,1239.0,0,0,0,0,0,1,174.0,"28.3733° N, 76.9729° E",28.3733,76.9729
flat,shree vardhman flora,0.7,sector 90,5177.0,2,2,3,9.0,New Property,1224.0,1,0,0,0,0,1,49.0,"28.4085° N, 76.9369° E",28.4085,76.9369
house,Not Applicable,12.0,sector 28,42194.0,4,5,3+,4.0,Relatively New,2844.0,0,1,1,1,0,2,9.0,"28.4728° N, 77.0865° E",28.4728,77.0865
flat,bestech park view residency,1.51,sector 23,7869.0,3,4,3+,7.0,Moderately Old,1738.0,0,1,0,0,0,2,0.0,"28.5121° N, 77.0478° E",28.5121,77.0478
flat,vatika city,3.6,sector 49,11920.0,4,5,3,7.0,Moderately Old,3356.0,0,1,0,1,0,0,159.0,"28.4121° N, 77.0480° E",28.4121,77.048
flat,experion windchants,3.75,sector 112,13383.0,3,5,3+,22.0,Relatively New,2537.0,0,1,0,0,0,2,25.0,"28.5189° N, 77.0183° E",28.5189,77.0183
flat,chd avenue,1.3,sector 71,5531.0,4,4,3,5.0,Moderately Old,2128.0,0,1,0,0,0,1,51.0,"28.4104° N, 77.0281° E",28.4104,77.0281
flat,signature global orchard avenue,0.4,sector 93,5479.0,2,2,0,0.0,Relatively New,730.0,0,0,0,0,0,1,85.0,"28.4153° N, 76.9326° E",28.4153,76.9326
flat,conscient heritage max,2.1,sector 102,9772.0,3,4,3+,10.0,Relatively New,1946.0,1,1,0,0,0,1,49.0,"28.4750° N, 76.9715° E",28.475,76.9715
flat,indiabulls centrum park,2.4,sector 103,8347.0,4,6,3+,15.0,Relatively New,2456.0,0,1,0,0,0,1,49.0,"28.4949° N, 76.9845° E",28.4949,76.9845
flat,pareena coban residences,1.02,sector 99a,8793.0,2,2,3,3.0,Relatively New,1430.0,1,0,0,0,0,1,54.0,"28.4561° N, 76.9542° E",28.4561,76.9542
flat,la vida by tata housing,2.33,sector 113,12533.0,3,3,3,3.0,New Property,2098.0,0,1,0,0,0,1,5.0,"28.5287° N, 77.0233° E",28.5287,77.0233
flat,shapoorji pallonji joyville gurugram,1.75,sector 102,9449.0,3,3,3,10.0,Relatively New,1465.0,1,1,0,1,1,1,0.0,"28.4750° N, 76.9715° E",28.475,76.9715
flat,the serenas,0.42,sector 36,7910.0,2,2,1,3.0,Relatively New,590.0,0,0,0,0,0,1,174.0,"28.4160° N, 76.9914° E",28.416,76.9914
house,malibu towne,8.81,sector 47,27191.0,8,6,3+,3.0,Moderately Old,3240.0,1,1,0,0,1,2,51.0,"28.4276° N, 77.0492° E",28.4276,77.0492
flat,emaar mgf emerald estate,1.73,sector 65,12401.0,3,3,3,9.0,Relatively New,1263.0,0,1,0,0,0,0,37.0,"28.4030° N, 77.0690° E",28.403,77.069
flat,sare crescent parc royal greens phase 1,0.79,sector 92,6086.0,3,2,2,15.0,New Property,1175.0,0,0,0,0,0,1,13.0,"28.4079° N, 76.9153° E",28.4079,76.9153
flat,m3m antalya hills,1.15,sector 79,7496.0,3,3,3+,1.0,Under Construction,1200.0,1,0,0,0,0,1,165.0,"28.3624° N, 76.9787° E",28.3624,76.9787
flat,sare homes,1.12,sector 92,5358.0,4,4,2,12.0,Relatively New,2322.0,0,1,0,0,0,1,166.0,"28.4079° N, 76.9153° E",28.4079,76.9153
flat,ss the leaf,1.87,sector 85,7780.0,3,4,3,7.0,Relatively New,2225.0,0,0,0,0,0,1,106.0,"28.4042° N, 76.9513° E",28.4042,76.9513
flat,shapoorji pallonji joyville gurugram,1.41,sector 102,10307.0,2,2,3,0.0,Relatively New,1239.0,0,0,0,0,1,1,61.0,"28.4750° N, 76.9715° E",28.475,76.9715
house,Not Applicable,1.64,sector 56,10123.0,3,3,2,4.0,New Property,1620.0,1,1,0,0,0,2,0.0,"28.4245° N, 77.0991° E",28.4245,77.0991
flat,nagata group housing society,0.85,sector 1,3695.0,3,3,3+,4.0,Relatively New,2082.0,0,1,0,0,0,1,26.0,"28.3663° N, 76.9456° E",28.3663,76.9456
flat,ireo skyon,3.75,sector 60,13392.0,4,4,3,12.0,Relatively New,2650.0,0,1,0,0,0,2,43.0,"28.4003° N, 77.0975° E",28.4003,77.0975
house,Not Applicable,6.0,sector 23,20000.0,4,4,1,2.0,Relatively New,3000.0,0,0,0,0,0,1,0.0,"28.5121° N, 77.0478° E",28.5121,77.0478
flat,godrej summit,0.98,sector 104,5950.0,3,3,3,12.0,Relatively New,1491.0,0,0,0,0,1,1,99.0,"28.4788° N, 76.9960° E",28.4788,76.996
flat,experion the heartsong,1.55,sector 108,7738.0,3,3,3+,7.0,Relatively New,1750.0,0,1,0,1,0,2,46.0,"28.5134° N, 76.9830° E",28.5134,76.983
house,Not Applicable,4.6,sector 47,26620.0,2,6,3+,4.0,Moderately Old,1728.0,0,0,0,0,0,0,81.0,"28.4276° N, 77.0492° E",28.4276,77.0492
flat,signature global grand iva,0.3,sector 103,8290.0,1,2,2,5.0,New Property,402.0,0,0,0,0,0,1,47.0,"28.4949° N, 76.9845° E",28.4949,76.9845
house,Not Applicable,0.99,sector 47,17187.0,1,4,3,4.0,Relatively New,576.0,0,0,0,0,0,1,160.0,"28.4276° N, 77.0492° E",28.4276,77.0492
flat,dlf new town heights,1.3,sector 86,6735.0,3,3,3,12.0,Moderately Old,1747.0,0,1,0,0,0,2,145.0,"28.3986° N, 76.9384° E",28.3986,76.9384
flat,kiran residency,1.55,sector 56,7750.0,3,3,3+,5.0,Old Property,1800.0,0,1,0,1,1,1,144.0,"28.4245° N, 77.0991° E",28.4245,77.0991
flat,supertech araville,1.1,sector 79,5641.0,3,3,3,1.0,Relatively New,2167.0,0,0,0,0,0,2,76.0,"28.3624° N, 76.9787° E",28.3624,76.9787
flat,dlf the arbour,8.5,sector 63,21519.0,4,4,0,27.0,New Property,3950.0,0,0,0,0,0,1,66.0,"28.3971° N, 77.0867° E",28.3971,77.0867
house,Not Applicable,4.65,sector 53,17574.0,5,5,3+,1.0,Moderately Old,2646.0,0,0,0,0,0,2,49.0,"28.4433° N, 77.0948° E",28.4433,77.0948
flat,vatika gurgaon,1.18,sector 83,6801.0,3,3,2,14.0,Relatively New,1619.0,0,0,0,0,0,1,9.0,"28.3986° N, 76.9647° E",28.3986,76.9647
house,Not Applicable,4.99,sector 23,18889.0,4,4,3+,3.0,Moderately Old,2642.0,0,1,1,1,0,1,38.0,"28.5121° N, 77.0478° E",28.5121,77.0478
house,Not Applicable,6.5,sector 50,21667.0,5,6,No,1.0,Moderately Old,3000.0,0,0,0,0,0,1,113.0,"28.4178° N, 77.0628° E",28.4178,77.0628
flat,tulip violet,1.55,sector 69,9822.0,3,3,2,5.0,Relatively New,1429.0,0,0,0,1,0,1,130.0,"28.3966° N, 77.0341° E",28.3966,77.0341
house,sushant lok 1 builder floors,6.25,sector 43,30728.0,7,7,3+,3.0,Moderately Old,2034.0,1,1,1,0,0,1,16.0,"28.4629° N, 77.0772° E",28.4629,77.0772
flat,raheja atlantis,5.5,sector 31,18688.0,4,5,3+,1.0,Relatively New,2664.0,1,1,0,1,0,1,0.0,"28.4528° N, 77.0498° E",28.4528,77.0498
flat,shree vardhman victoria,1.75,sector 70,8974.0,3,5,0,0.0,Relatively New,1950.0,0,0,0,0,0,1,21.0,"28.3968° N, 77.0233° E",28.3968,77.0233
house,dlf floors phase 3,3.51,sector 25,12342.0,4,4,3,4.0,Under Construction,2844.0,1,1,1,1,0,2,0.0,"28.4844° N, 77.0860° E",28.4844,77.086
house,tata primanti,8.5,sector 72,13492.0,5,6,3+,10.0,Relatively New,6300.0,1,1,1,1,0,2,118.0,"28.4225° N, 77.0211° E",28.4225,77.0211
house,vipul tatvam villa,7.35,sector 48,22812.0,4,5,2,2.0,Moderately Old,3222.0,1,1,1,1,0,2,159.0,"28.4177° N, 77.0359° E",28.4177,77.0359
flat,mapsko royale ville,1.22,sector 82,7176.0,3,5,3+,10.0,Relatively New,2000.0,0,1,0,1,0,2,37.0,"28.3935° N, 76.9600° E",28.3935,76.96
flat,tata primanti,3.9,sector 72,13425.0,4,4,3+,39.0,Relatively New,2509.0,0,1,0,0,1,1,72.0,"28.4225° N, 77.0211° E",28.4225,77.0211
house,Not Applicable,1.2,sector 105,10122.0,3,2,1,2.0,Old Property,1185.51,0,0,0,0,0,1,16.0,"28.4952° N, 77.0114° E",28.4952,77.0114
house,Not Applicable,2.43,sector 7,14890.0,4,4,2,3.0,Old Property,345.0,1,0,1,1,0,1,120.0,"28.4644° N, 77.0143° E",28.4644,77.0143
flat,apartment,0.75,sector 92,4687.0,3,4,3,2.0,Moderately Old,1778.0,1,0,0,0,0,1,45.0,"28.4079° N, 76.9153° E",28.4079,76.9153
flat,mapsko casa bella,1.3,sector 82,6378.0,4,4,3+,1.0,Relatively New,1774.0,0,1,0,0,0,1,42.0,"28.3935° N, 76.9600° E",28.3935,76.96
flat,orris aster court premier,1.73,sector 85,6757.0,4,5,3+,8.0,Relatively New,2017.0,0,1,0,0,0,1,67.0,"28.4042° N, 76.9513° E",28.4042,76.9513
house,Not Applicable,4.75,sector 1,10556.0,6,7,No,4.0,Moderately Old,4500.0,0,0,0,0,0,1,65.0,"28.3663° N, 76.9456° E",28.3663,76.9456
flat,ss the leaf,1.65,sector 85,6852.0,3,4,3,9.0,New Property,2180.0,0,0,0,1,0,1,79.0,"28.4042° N, 76.9513° E",28.4042,76.9513
house,Not Applicable,1.55,sector 109,6567.0,3,2,No,1.0,Relatively New,2360.0,0,0,0,0,0,1,0.0,"28.5073° N, 77.0089° E",28.5073,77.0089
flat,puri emerald bay,2.23,sector 104,9911.0,3,4,3+,10.0,Relatively New,2359.0,0,1,0,0,0,2,96.0,"28.4788° N, 76.9960° E",28.4788,76.996
flat,bptp terra,1.79,sector 37d,8983.0,4,3,3,15.0,Relatively New,1809.0,0,0,0,0,1,2,81.0,"28.4478° N, 76.9703° E",28.4478,76.9703
flat,sahara grace,4.3,sector 28,12420.0,3,4,3,5.0,Old Property,3134.0,0,1,1,0,0,1,65.0,"28.4728° N, 77.0865° E",28.4728,77.0865
flat,raheja vedaanta,0.7,sector 108,4651.0,2,2,2,12.0,Moderately Old,1363.0,0,0,0,0,0,1,49.0,"28.5134° N, 76.9830° E",28.5134,76.983
flat,smart world orchard,1.65,sector 61,13750.0,2,2,2,1.0,Under Construction,1333.0,1,0,0,0,0,1,9.0,"28.4050° N, 77.0963° E",28.405,77.0963
flat,emaar palm gardens,1.75,sector 83,9210.0,3,3,3+,11.0,Relatively New,1549.0,0,1,0,0,0,1,48.0,"28.3986° N, 76.9647° E",28.3986,76.9647
flat,conscient heritage max,2.2,sector 102,10237.0,3,4,3+,20.0,Relatively New,1186.0,1,1,0,0,0,2,49.0,"28.4750° N, 76.9715° E",28.475,76.9715
flat,silverglades hightown residences,4.2,sector 43,19767.0,3,4,2,7.0,Under Construction,2125.0,0,0,0,0,0,1,42.0,"28.4629° N, 77.0772° E",28.4629,77.0772
house,Not Applicable,3.5,sector 57,21605.0,4,4,3+,3.0,Old Property,1620.0,0,0,1,0,0,2,45.0,"28.4232° N, 77.0752° E",28.4232,77.0752
flat,raheja vedaanta,1.25,sector 108,5681.0,3,2,0,0.0,Relatively New,1992.0,0,0,0,0,0,2,8.0,"28.5134° N, 76.9830° E",28.5134,76.983
flat,godrej oasis,1.15,sector 88a,9856.0,2,2,1,12.0,New Property,120.0,1,0,0,0,0,1,58.0,"28.4347° N, 76.9557° E",28.4347,76.9557
flat,sare crescent parc royal greens phase 1,0.5,sector 92,5000.0,2,2,3,2.0,Relatively New,1000.0,0,0,0,0,0,1,19.0,"28.4079° N, 76.9153° E",28.4079,76.9153
flat,emaar mgf emerald estate,1.3,sector 65,20602.0,2,2,2,7.0,Relatively New,812.0,1,0,0,0,0,1,49.0,"28.4030° N, 77.0690° E",28.403,77.069
flat,emaar mgf the palm drive,3.0,sector 66,15384.0,3,3,2,12.0,Relatively New,1950.0,0,1,0,0,0,1,0.0,"28.3925° N, 77.0541° E",28.3925,77.0541
flat,dlf new town heights,2.0,sector 91,6967.0,4,4,3+,16.0,Moderately Old,2469.0,1,1,0,1,0,1,0.0,"28.4014° N, 76.9225° E",28.4014,76.9225
flat,dlf the grove,6.0,sector 43,25000.0,4,4,2,1.0,Under Construction,2667.0,0,1,0,0,0,2,0.0,"28.4629° N, 77.0772° E",28.4629,77.0772
house,anamika enclave,6.0,sector 12,14492.0,9,9,3+,3.0,Old Property,9000.0,0,0,0,0,0,1,0.0,"28.4723° N, 77.0320° E",28.4723,77.032
flat,m3m heights,2.5,sector 65,13600.0,3,3,3,19.0,Under Construction,1655.0,0,0,0,0,0,1,0.0,"28.4030° N, 77.0690° E",28.403,77.069
flat,corona optus,1.25,sector 37c,7090.0,3,3,3,4.0,Relatively New,1350.0,0,0,0,0,1,1,0.0,"28.4515° N, 76.9882° E",28.4515,76.9882
flat,green court,0.5,sector 90,8333.0,2,2,1,8.0,New Property,650.0,0,0,0,0,0,1,0.0,"28.4085° N, 76.9369° E",28.4085,76.9369
flat,bestech park view ananda,1.45,sector 81,8734.0,3,2,3+,3.0,Relatively New,1353.0,0,0,0,0,1,1,0.0,"28.3867° N, 76.9485° E",28.3867,76.9485
house,Not Applicable,0.6,sector 9,10753.0,2,2,1,1.0,Moderately Old,558.0,0,0,0,0,0,1,0.0,"28.4603° N, 77.0000° E",28.4603,77.0
flat,puri the aravallis,3.87,sector 61,17200.0,3,4,3+,21.0,Under Construction,2250.0,0,1,0,0,0,1,0.0,"28.4050° N, 77.0963° E",28.405,77.0963
house,Not Applicable,4.35,sector 46,23693.0,3,8,2,3.0,Relatively New,1836.0,1,0,0,1,0,2,0.0,"28.4374° N, 77.0586° E",28.4374,77.0586
flat,shree vardhman victoria,1.15,sector 70,8518.0,2,2,3,8.0,Relatively New,1222.0,1,0,0,0,1,1,0.0,"28.3968° N, 77.0233° E",28.3968,77.0233
