property_type,society,price,sector,price_per_sqft,area,areaWithType,bedRoom,bathroom,balcony,floorNum,facing,agePossession,super_built_up_area,built_up_area,carpet_area,study room,servant room,store room,pooja room,others,furnishing_type,luxury_score,area_room_ratio
flat,godrej,1.3,sector 79,8269.0,1572.0,Super Built up area 1572(146.04 sq.m.),2,2,3,3.0,North-East,New Property,1572.0,,,1,0,0,0,0,1,49.0,786.0
flat,shree vardhman victoria,1.63,sector 70,8358.0,1950.0,Super Built up area 1950(181.16 sq.m.)Carpet area: 1161 sq.ft. (107.86 sq.m.),3,5,3,12.0,East,Relatively New,1950.0,,1161.0,0,1,0,0,0,1,43.0,650.0
flat,tulip monsella,7.4,sector 53,33199.0,2229.0,Carpet area: 2229 (207.08 sq.m.),4,4,3,21.0,,Under Construction,,,2229.0,0,0,0,0,0,1,35.0,557.25
flat,raheja sampada,0.65,sector 92,4744.0,1370.0,Super Built up area 1370(127.28 sq.m.),3,2,3,6.0,North-East,Relatively New,1370.0,,,0,0,0,0,0,1,49.0,456.6666666666667
flat,signature andour heights,0.6,sector 71,10000.0,600.0,Super Built up area 600(55.74 sq.m.)Carpet area: 514 sq.ft. (47.75 sq.m.),2,2,1,5.0,South-West,Relatively New,600.0,,514.0,0,0,0,1,0,1,59.0,300.0
flat,bptp park generations,1.5,sector 37d,9868.0,1520.0,Super Built up area 1520(141.21 sq.m.),3,2,3+,17.0,North-East,Relatively New,1520.0,,,0,0,0,0,0,1,42.0,506.6666666666667
flat,paras dews,1.4,sector 106,6000.0,2333.0,Super Built up area 1760(163.51 sq.m.),3,4,3+,12.0,,Under Construction,1760.0,,,1,1,0,0,1,1,55.0,777.6666666666666
flat,emaar palm gardens,1.48,sector 83,7789.0,1900.0,Super Built up area 1900(176.52 sq.m.)Carpet area: 1240.04 sq.ft. (115.2 sq.m.),3,3,3,7.0,East,Relatively New,1900.0,,1240.04,0,1,0,0,0,1,66.0,633.3333333333334
house,,1.5,sector 5,10288.0,1458.0,Plot area 162(135.45 sq.m.)Built Up area: 210 sq.yards (175.59 sq.m.),3,3,No,,,Old Property,,210.0,,0,0,0,0,0,1,0.0,486.0
flat,emaar palm gardens,1.6,sector 83,8648.0,1850.0,Super Built up area 1850(171.87 sq.m.),3,3,3+,6.0,East,Relatively New,1850.0,,,1,1,1,1,0,2,167.0,616.6666666666666
flat,tulip petals,1.55,sector 89,10000.0,1550.0,Super Built up area 1550(144 sq.m.),3,2,3,6.0,East,Moderately Old,1550.0,,,0,0,1,0,0,2,111.0,516.6666666666666
flat,ireo the grand arch,4.85,sector 58,16934.0,2864.0,Carpet area: 2864 (266.07 sq.m.),4,5,3,23.0,North-West,Relatively New,,,2864.0,1,1,0,1,1,2,49.0,716.0
flat,shapoorji pallonji joyville gurugram,1.1,sector 102,12181.0,903.0,Super Built up area 903(83.89 sq.m.),2,2,1,8.0,,Under Construction,903.0,,,0,0,0,0,0,1,105.0,451.5
flat,orris aster court,0.69,sector 85,5221.0,1322.0,Super Built up area 1312(121.89 sq.m.)Built Up area: 1075 sq.ft. (99.87 sq.m.)Carpet area: 975 sq.ft. (90.58 sq.m.),2,2,2,5.0,South-West,Relatively New,1312.0,1075.0,975.0,0,0,0,0,0,1,37.0,661.0
flat,shree vardhman victoria,1.8,sector 70,9230.0,1950.0,Super Built up area 1950(181.16 sq.m.)Carpet area: 1161 sq.ft. (107.86 sq.m.),3,4,3,2.0,South-West,New Property,1950.0,,1161.0,0,1,0,0,1,1,45.0,650.0
flat,ireo uptown,1.85,sector 66,12567.0,1472.0,Super Built up area 1472(136.75 sq.m.)Built Up area: 1470 sq.ft. (136.57 sq.m.)Carpet area: 1251 sq.ft. (116.22 sq.m.),2,3,3,16.0,South-East,Relatively New,1472.0,1470.0,1251.0,0,1,0,0,1,2,79.0,736.0
house,,1.2,sector 48,22297.0,538.0,Plot area 50,1,4,3+,4.0,West,Old Property,,535.0,,0,0,0,0,0,1,8.0,538.0
flat,shree vardhman flora,0.65,sector 90,4814.0,1350.0,Super Built up area 1350(125.42 sq.m.),2,2,3,10.0,North,Moderately Old,1350.0,,,1,0,0,0,0,2,83.0,675.0
flat,mapsko casa bella,3.0,sector 82,6134.0,4891.0,Super Built up area 4890(454.3 sq.m.),4,6,3+,25.0,West,Relatively New,4890.0,,,0,1,0,1,0,2,119.0,1222.75
flat,conscient heritage max,2.0,sector 102,9306.0,2149.0,Super Built up area 2149(199.65 sq.m.)Built Up area: 1900 sq.ft. (176.52 sq.m.)Carpet area: 1650 sq.ft. (153.29 sq.m.),3,4,3+,13.0,North-East,Relatively New,2149.0,1900.0,1650.0,1,1,0,0,0,2,174.0,716.3333333333334
flat,breeze global heights,0.4,sector 33,6421.0,623.0,Built Up area: 623 (57.88 sq.m.)Carpet area: 599 sq.ft. (55.65 sq.m.),2,2,2,4.0,,Undefined,,623.0,599.0,0,0,0,0,0,1,0.0,311.5
flat,smart world orchard,2.57,sector 61,15766.0,1630.0,Carpet area: 1630 (151.43 sq.m.),3,3,2,3.0,North-East,Under Construction,,,1630.0,1,0,0,0,0,1,0.0,543.3333333333334
flat,godrej icon,1.62,sector 88a,10018.0,1617.0,Super Built up area 1617(150.22 sq.m.),3,2,3+,10.0,East,Relatively New,1617.0,,,1,0,0,0,0,0,49.0,539.0
flat,vatika inxt floors,1.25,sector 82a,8333.0,1500.0,Carpet area: 1500 (139.35 sq.m.),3,2,3,2.0,North,Relatively New,,,1500.0,1,0,0,1,0,2,94.0,500.0
flat,paras dews,1.25,sector 106,7102.0,1760.0,Super Built up area 1760(163.51 sq.m.)Built Up area: 1186 sq.ft. (110.18 sq.m.)Carpet area: 1130 sq.ft. (104.98 sq.m.),3,4,3+,5.0,North-East,Relatively New,1760.0,1186.0,1130.0,0,1,0,0,0,1,165.0,586.6666666666666
flat,ireo skyon,3.05,sector 60,12788.0,2385.0,Super Built up area 2385(221.57 sq.m.)Built Up area: 2300 sq.ft. (213.68 sq.m.)Carpet area: 2200 sq.ft. (204.39 sq.m.),3,3,3,9.0,South-East,Relatively New,2385.0,2300.0,2200.0,0,1,0,0,0,2,165.0,795.0
flat,satya the hermitage,0.93,sector 103,6404.0,1452.0,Carpet area: 1452 (134.9 sq.m.),2,3,3,3.0,East,Relatively New,,,1452.0,0,1,0,0,0,2,90.0,726.0
flat,tulip violet,1.7,sector 69,10773.0,1578.0,Super Built up area 1578(146.6 sq.m.),3,3,2,0.0,South-East,Relatively New,1578.0,,,0,0,0,1,0,1,49.0,526.0
flat,tulip violet,1.6,sector 69,10139.0,1578.0,Super Built up area 1578(146.6 sq.m.),3,3,2,0.0,North-West,Relatively New,1578.0,,,0,0,0,1,0,1,166.0,526.0
flat,gls arawali homes,0.35,sohna,6076.0,576.0,Super Built up area 576(53.51 sq.m.),2,2,2,12.0,,New Property,576.0,,,0,0,0,0,0,1,42.0,288.0
flat,my home,0.28,new sector 23,3166.0,884.0,Carpet area: 900 (83.61 sq.m.),2,1,1,2.0,,Relatively New,,,900.0,0,0,0,0,1,1,15.0,442.0
flat,apex our homes,0.35,sector 37c,3783.0,925.0,Super Built up area 925(85.94 sq.m.)Built Up area: 850 sq.ft. (78.97 sq.m.)Carpet area: 800 sq.ft. (74.32 sq.m.),2,2,1,7.0,East,Relatively New,925.0,850.0,800.0,0,0,0,0,0,2,158.0,462.5
house,international city by sobha phase 2,11.25,sector 109,25000.0,4500.0,Plot area 500(418.06 sq.m.),7,5,3+,4.0,North-East,Relatively New,,4500.0,,1,1,0,1,0,1,42.0,642.8571428571429
house,,0.53,sector 7,5888.0,900.0,Built Up area: 900 (83.61 sq.m.),2,2,No,1.0,,Undefined,,900.0,,0,0,0,0,0,1,0.0,450.0
house,vatika india next,6.8,sector 82,20988.0,3240.0,Plot area 360(301.01 sq.m.),4,4,3+,3.0,North-East,Relatively New,,3240.0,,0,1,0,0,0,0,110.0,810.0
flat,krisumi waterfall residences,2.3,sector 36a,15551.0,1479.0,Built Up area: 1479 (137.4 sq.m.),2,2,2,23.0,,Undefined,,1479.0,,0,0,0,0,0,1,58.0,739.5
house,,1.5,sector 67,8642.0,1736.0,Carpet area: 180 (150.5 sq.m.),5,3,2,2.0,,New Property,,,180.0,0,0,0,0,0,1,0.0,347.2
flat,supertech hues,1.0,sector 68,8474.0,1180.0,Carpet area: 1180 (109.63 sq.m.),2,2,2,12.0,,New Property,,,1180.0,0,0,0,0,0,1,54.0,590.0
flat,maruti kunj,0.8,bhondsi,5161.0,1550.0,Super Built up area 1550(144 sq.m.),3,2,0,0.0,,Old Property,1550.0,,,0,0,0,0,0,1,8.0,516.6666666666666
flat,bestech park view sanskruti,1.83,sector 92,7870.0,2325.0,Super Built up area 2325(216 sq.m.),4,3,3,8.0,East,New Property,2325.0,,,0,1,0,0,0,1,128.0,581.25
flat,shree vardhman flora,0.9,sector 90,4615.0,1950.0,Super Built up area 1950(181.16 sq.m.),3,4,3,4.0,South-West,Relatively New,1950.0,,,0,1,0,0,0,1,165.0,650.0
flat,apartment,0.75,sector 92,4687.0,1600.0,Carpet area: 1600 (148.64 sq.m.),3,4,3,2.0,East,Moderately Old,,,1600.0,1,0,0,0,0,1,113.0,533.3333333333334
house,dlf city plots,13.5,sector 26,29880.0,4518.0,Plot area 502(419.74 sq.m.),5,5,3,2.0,East,Old Property,,4518.0,,1,1,1,1,0,2,110.0,903.6
flat,emaar mgf emerald floors premier,2.75,sector 65,13924.0,1975.0,Super Built up area 1975(183.48 sq.m.)Built Up area: 1750 sq.ft. (162.58 sq.m.)Carpet area: 1650 sq.ft. (153.29 sq.m.),4,4,3,3.0,North-West,Relatively New,1975.0,1750.0,1650.0,1,1,0,0,0,2,113.0,493.75
flat,godrej,1.33,sector 79,8531.0,1559.0,Super Built up area 1559(144.84 sq.m.),2,2,3,6.0,North-West,Relatively New,1559.0,,,1,0,0,0,0,1,158.0,779.5
flat,om appartments,0.4,sector 5,4444.0,900.0,Carpet area: 900 (83.61 sq.m.),3,2,1,3.0,,Relatively New,,,900.0,0,0,0,0,0,1,7.0,300.0
house,,0.65,sector 105,9028.0,720.0,Plot area 80(66.89 sq.m.),3,2,1,1.0,East,Relatively New,,720.0,,0,0,0,1,1,1,14.0,240.0
house,,2.95,sector 49,16388.0,1035.0,Plot area 1800(167.23 sq.m.)Built Up area: 1900 sq.ft. (176.52 sq.m.)Carpet area: 1850 sq.ft. (171.87 sq.m.),3,3,3,2.0,North-West,Moderately Old,,1900.0,1850.0,0,0,1,0,0,2,81.0,345.0
flat,pyramid urban homes 2,0.41,sector 86,8283.0,495.0,Carpet area: 501 (46.54 sq.m.),2,2,1,7.0,West,New Property,,,501.0,1,1,0,1,1,1,49.0,247.5
flat,orris carnation residency,0.8,sector 85,4857.0,1647.0,Super Built up area 1645(152.83 sq.m.)Built Up area: 1390 sq.ft. (129.14 sq.m.)Carpet area: 1275 sq.ft. (118.45 sq.m.),3,4,3,4.0,West,Relatively New,1645.0,1390.0,1275.0,0,1,0,0,0,2,40.0,549.0
flat,orris aster court premier,1.38,sector 85,6509.0,2120.0,Super Built up area 2120(196.95 sq.m.)Built Up area: 1616 sq.ft. (150.13 sq.m.),3,4,2,6.0,North-East,Relatively New,2120.0,1616.0,,0,1,0,0,0,1,76.0,706.6666666666666
house,,4.25,sector 10a,17955.0,2367.0,Built Up area: 2367 (219.9 sq.m.)Carpet area: 1800 sq.ft. (167.23 sq.m.),4,3,2,1.0,North-East,Undefined,,2367.0,1800.0,0,0,0,0,0,1,0.0,591.75
flat,dlf regal gardens,1.65,sector 90,7449.0,2215.0,Super Built up area 2215(205.78 sq.m.)Built Up area: 2214 sq.ft. (205.69 sq.m.)Carpet area: 2213 sq.ft. (205.59 sq.m.),4,4,3+,15.0,East,Relatively New,2215.0,2214.0,2213.0,0,0,0,0,0,1,158.0,553.75
house,,11.58,sector 50,35741.0,3240.0,Plot area 360(301.01 sq.m.),5,5,3,2.0,,Moderately Old,,3240.0,,0,1,0,0,0,1,20.0,648.0
flat,lotus homz,0.5,sector 111,14838.0,337.0,Carpet area: 336.96 (31.3 sq.m.),1,1,1,2.0,,Relatively New,,,336.91007,0,0,0,0,0,0,72.0,337.0
flat,corona gracieux,1.05,sector 76,5949.0,1765.0,Super Built up area 1765(163.97 sq.m.),3,3,3+,7.0,North-East,Relatively New,1765.0,,,0,0,0,0,0,2,133.0,588.3333333333334
house,,1.45,sector 25,2984.0,4860.0,Plot area 60(50.17 sq.m.),3,3,1,,,Old Property,,540.0,,0,0,0,0,0,1,9.0,1620.0
flat,bestech altura,1.9,sector 79,8837.0,2150.0,Super Built up area 2150(199.74 sq.m.),3,4,3,11.0,North-East,Under Construction,2150.0,,,0,0,0,0,0,1,96.0,716.6666666666666
house,,5.25,sector 25,38889.0,1350.0,Plot area 163(136.29 sq.m.)Built Up area: 160 sq.yards (133.78 sq.m.)Carpet area: 150 sq.yards (125.42 sq.m.),4,4,3+,2.0,East,Relatively New,,160.0,150.0,0,1,0,1,0,2,72.0,337.5
flat,ansal api celebrity suites,0.6,sector 2,8163.0,735.0,Super Built up area 735(68.28 sq.m.),1,1,1,5.0,North-East,Moderately Old,735.0,,,0,0,0,0,0,2,88.0,735.0
flat,tulsiani easy in homes,0.4,sohna,7920.0,505.0,Carpet area: 505 (46.92 sq.m.),2,2,3,9.0,,Under Construction,,,505.0,0,0,0,0,0,1,36.0,252.5
flat,the close north,2.51,sector 50,11992.0,2093.0,Super Built up area 2093(194.45 sq.m.),3,3,3,11.0,North-East,Moderately Old,2093.0,,,0,0,1,1,0,2,109.0,697.6666666666666
flat,m3m the marina,2.22,sector 68,14322.0,1550.0,Super Built up area 1550(144 sq.m.),3,2,3,4.0,East,Relatively New,1550.0,,,0,0,0,0,0,1,44.0,516.6666666666666
flat,m3m heights,2.8,sector 65,15000.0,1867.0,Super Built up area 1828(169.83 sq.m.),3,3,3,20.0,North-East,Under Construction,1828.0,,,0,0,0,0,0,1,91.0,622.3333333333334
flat,sidhartha ncr greens,0.6,sector 95,5576.0,1076.0,Super Built up area 1076(99.96 sq.m.),2,2,2,14.0,,Relatively New,1076.0,,,1,0,0,0,0,1,31.0,538.0
house,,9.0,sector 41,27778.0,3240.0,Plot area 360(301.01 sq.m.),8,5,3+,3.0,,Old Property,,3240.0,,0,1,1,1,0,2,26.0,405.0
flat,alpha corp gurgaonone,1.2,sector 84,9448.0,1270.0,Super Built up area 1270(117.99 sq.m.),2,2,1,6.0,South-West,Relatively New,1270.0,,,0,0,0,0,0,1,13.0,635.0
flat,m3m sierra 68,1.13,sector 68,9076.0,1245.0,Super Built up area 1245(115.66 sq.m.)Built Up area: 1130 sq.ft. (104.98 sq.m.)Carpet area: 930 sq.ft. (86.4 sq.m.),2,2,3,9.0,West,Relatively New,1245.0,1130.0,930.0,0,0,0,0,0,2,149.0,622.5
flat,tata primanti,3.5,sector 72,11428.0,3063.0,Built Up area: 2625 (243.87 sq.m.),4,5,3+,10.0,West,Relatively New,,2625.0,,0,1,0,0,1,1,38.0,765.75
flat,m3m sierra 68,1.08,sector 68,8674.0,1245.0,Super Built up area 1245(115.66 sq.m.)Built Up area: 1130 sq.ft. (104.98 sq.m.)Carpet area: 930 sq.ft. (86.4 sq.m.),2,2,3,1.0,West,Relatively New,1245.0,1130.0,930.0,0,0,0,0,0,2,149.0,622.5
house,,4.0,sector 53,17778.0,2250.0,Plot area 250(209.03 sq.m.),5,5,2,3.0,,Relatively New,,2250.0,,1,0,0,0,0,1,23.0,450.0
flat,dlf regency park,2.35,sector 28,13224.0,1777.0,Super Built up area 1777(165.09 sq.m.)Built Up area: 1700 sq.ft. (157.94 sq.m.)Carpet area: 1600 sq.ft. (148.64 sq.m.),3,4,3,8.0,South-East,Old Property,1777.0,1700.0,1600.0,0,1,0,0,0,2,109.0,592.3333333333334
flat,tulip monsella,5.6,sector 53,19363.0,2892.0,Super Built up area 2892(268.68 sq.m.),3,3,3+,1.0,,Under Construction,2892.0,,,0,0,0,0,0,1,42.0,964.0
flat,corona gracieux,0.75,sector 76,5660.0,1325.0,Super Built up area 1325(123.1 sq.m.),2,2,3,13.0,,Relatively New,1325.0,,,0,0,0,0,0,2,0.0,662.5
flat,ambience creacions,4.1,sector 22,28101.0,1459.0,Super Built up area 2781(258.36 sq.m.)Carpet area: 1459 sq.ft. (135.55 sq.m.),3,3,3+,2.0,North-East,New Property,2781.0,,1459.0,0,0,0,0,0,0,119.0,486.3333333333333
house,huda ashok vihar phase,0.7,sector 3a,10233.0,684.0,Plot area 684(63.55 sq.m.),3,2,1,2.0,North-East,New Property,,684.0,,1,0,0,0,0,1,7.0,228.0
flat,residency grand,5.0,sector 52,9615.0,5200.0,Built Up area: 5200 (483.1 sq.m.),5,5,3+,2.0,East,Undefined,,5200.0,,0,0,0,0,0,1,0.0,1040.0
flat,vatika the seven lamps,1.28,sector 82,6819.0,1877.0,Super Built up area 1877(174.38 sq.m.)Built Up area: 1800 sq.ft. (167.23 sq.m.)Carpet area: 1500 sq.ft. (139.35 sq.m.),3,3,3,3.0,North,Relatively New,1877.0,1800.0,1500.0,1,0,0,0,0,2,165.0,625.6666666666666
flat,ireo skyon,2.05,sector 60,15185.0,1350.0,Super Built up area 1524(141.58 sq.m.)Built Up area: 1520 sq.ft. (141.21 sq.m.)Carpet area: 1350 sq.ft. (125.42 sq.m.),2,3,2,2.0,North-East,Relatively New,1524.0,1520.0,1350.0,0,0,1,0,0,2,174.0,675.0
house,,4.0,sector 11,19753.0,2025.0,Built Up area: 225 (188.13 sq.m.)Carpet area: 180 sq.yards (150.5 sq.m.),5,4,1,2.0,North-East,Undefined,,225.0,180.0,0,0,0,0,0,1,0.0,405.0
flat,m3m woodshire,1.8,sector 107,7623.0,2361.0,Super Built up area 2361(219.34 sq.m.)Carpet area: 1384 sq.ft. (128.58 sq.m.),3,4,3+,2.0,,Relatively New,2361.0,,1384.0,0,1,0,0,0,1,129.0,787.0
flat,satya element one,0.8,sector 49,11111.0,720.0,Built Up area: 720 (66.89 sq.m.),1,1,1,0.0,,Undefined,,720.0,,0,0,0,0,0,1,0.0,720.0
flat,ss the leaf,1.2,sector 85,10452.0,1148.0,Super Built up area 1640(152.36 sq.m.)Carpet area: 1148 sq.ft. (106.65 sq.m.),2,2,3+,2.0,West,Relatively New,1640.0,,1148.0,0,0,1,0,0,1,156.0,574.0
flat,antriksh heights,0.49,sector 84,4355.0,1125.0,Super Built up area 1125(104.52 sq.m.),2,2,2,16.0,East,Relatively New,1125.0,,,0,0,0,0,0,1,66.0,562.5
flat,ireo skyon,2.12,sector 60,15531.0,1365.0,Super Built up area 1365(126.81 sq.m.)Built Up area: 1350 sq.ft. (125.42 sq.m.)Carpet area: 1300 sq.ft. (120.77 sq.m.),2,2,2,2.0,North-East,Relatively New,1365.0,1350.0,1300.0,0,0,0,1,0,2,174.0,682.5
flat,supertech araville,0.78,sector 79,6023.0,1295.0,Super Built up area 1295(120.31 sq.m.),2,2,3+,17.0,,Relatively New,1295.0,,,0,0,0,0,0,1,24.0,647.5
flat,sidhartha ncr one,0.56,sector 95,4106.0,1364.0,Built Up area: 1364 (126.72 sq.m.)Carpet area: 1200 sq.ft. (111.48 sq.m.),2,2,2,10.0,,Undefined,,1364.0,1200.0,0,0,0,0,0,1,0.0,682.0
flat,ss the leaf,2.1,sector 85,8720.0,2408.0,Super Built up area 2408(223.71 sq.m.)Carpet area: 1685 sq.ft. (156.54 sq.m.),3,4,3+,6.0,North,Relatively New,2408.0,,1685.0,0,1,0,0,0,1,156.0,802.6666666666666
flat,alpha corp gurgaonone,1.52,sector 84,7904.0,1923.0,Super Built up area 1923(178.65 sq.m.)Carpet area: 1500 sq.ft. (139.35 sq.m.),3,4,3,15.0,South,Relatively New,1923.0,,1500.0,0,1,0,0,0,1,92.0,641.0
house,,9.85,a block sector 43,29642.0,3323.0,Plot area 418(349.5 sq.m.),5,5,2,3.0,West,Old Property,,418.0,,1,1,0,1,0,1,21.0,664.6
flat,emaar gurgaon greens,1.35,sector 102,10800.0,1250.0,Super Built up area 1650(153.29 sq.m.)Built Up area: 1400 sq.ft. (130.06 sq.m.)Carpet area: 1250 sq.ft. (116.13 sq.m.),3,4,3+,9.0,North-East,Relatively New,1650.0,1400.0,1250.0,0,1,0,1,0,2,174.0,416.6666666666667
flat,corona optus,1.27,sector 37c,7231.0,1756.0,Super Built up area 1763(163.79 sq.m.),3,3,3,2.0,South,Relatively New,1763.0,,,0,0,0,0,1,1,49.0,585.3333333333334
flat,signature global synera,0.48,sector 81,8450.0,568.0,Super Built up area 657(61.04 sq.m.)Carpet area: 568 sq.ft. (52.77 sq.m.),2,2,1,7.0,South-East,Relatively New,657.0,,568.0,0,0,0,0,0,2,70.0,284.0
flat,sunischit apartments,1.75,sector 54,7954.0,2200.0,Super Built up area 2200(204.39 sq.m.)Built Up area: 1900 sq.ft. (176.52 sq.m.)Carpet area: 1700 sq.ft. (157.94 sq.m.),3,4,3+,5.0,East,Moderately Old,2200.0,1900.0,1700.0,0,1,0,0,0,2,83.0,733.3333333333334
flat,raheja vedaanta,0.95,sector 108,5214.0,1822.0,Super Built up area 1822(169.27 sq.m.),3,3,3,3.0,,Relatively New,1822.0,,,0,0,0,0,1,1,95.0,607.3333333333334
house,signature global park,0.85,sohna,7589.0,1120.0,Built Up area: 1120 (104.05 sq.m.),3,2,2,1.0,,Under Construction,,1120.0,,0,0,0,0,0,1,15.0,373.3333333333333
flat,chintamani,1.57,sector 103,8509.0,1845.0,Built Up area: 1845 (171.41 sq.m.)Carpet area: 1350 sq.ft. (125.42 sq.m.),3,3,3,1.0,North-East,Undefined,,1845.0,1350.0,0,0,0,0,0,1,0.0,615.0
flat,vatika boulevard residences and heights,1.42,sector 83,8000.0,1775.0,Carpet area: 1775 (164.9 sq.m.),3,3,2,2.0,West,Relatively New,,,1775.0,0,0,0,0,0,2,113.0,591.6666666666666
flat,capital residences 360,1.1,sector 70a,7586.0,1450.0,Super Built up area 1450(134.71 sq.m.),2,2,2,10.0,South-East,Relatively New,1450.0,,,1,0,0,0,0,1,42.0,725.0
house,,0.45,sector 11,8007.0,562.0,Plot area 562(52.21 sq.m.),3,2,1,1.0,North-East,Old Property,,562.0,,0,0,0,0,0,1,15.0,187.33333333333334
flat,godrej air,1.4,sector 85,10000.0,1400.0,Built Up area: 1400 (130.06 sq.m.)Carpet area: 900 sq.ft. (83.61 sq.m.),2,2,3,23.0,,Undefined,,1400.0,900.0,0,0,0,0,0,1,44.0,700.0
house,ninex city,1.75,sector 76,6250.0,2800.0,Carpet area: 2800 (260.13 sq.m.),4,4,No,14.0,,Undefined,,,2800.0,0,0,0,0,0,1,0.0,700.0
flat,ireo victory valley,3.65,sector 67,13528.0,2698.0,Super Built up area 2698(250.65 sq.m.)Built Up area: 2490 sq.ft. (231.33 sq.m.),3,4,3+,18.0,North,Relatively New,2698.0,2490.0,,0,1,0,1,0,2,61.0,899.3333333333334
house,,3.25,sector 25,30374.0,1070.0,Plot area 1069.63(99.37 sq.m.),4,4,3,3.0,,Old Property,,1069.63,,0,0,0,0,0,1,15.0,267.5
house,dlf new town heights,2.5,sector 86,7827.0,3194.0,Plot area 3194(296.73 sq.m.),4,5,3+,4.0,West,Moderately Old,,3194.0,,0,1,0,1,1,2,49.0,798.5
flat,dlf the ultima,2.3,sector 81,10994.0,2092.0,Super Built up area 2092(194.35 sq.m.),3,4,3+,6.0,East,New Property,2092.0,,,0,1,0,0,0,0,167.0,697.3333333333334
flat,m3m skycity,1.8,sector 65,13700.0,1314.0,Carpet area: 1310 (121.7 sq.m.),2,2,3,13.0,,New Property,,,1310.0,0,0,0,0,0,1,73.0,657.0
flat,adani brahma samsara vilasa,3.35,sector 63,16470.0,2034.0,Super Built up area 2034(188.96 sq.m.),3,3,3+,3.0,,New Property,2034.0,,,0,0,0,0,0,2,16.0,678.0
flat,central park flower valley,2.3,sector-33 sohna,12777.0,1800.0,Carpet area: 1800 (167.23 sq.m.),4,4,3+,5.0,North-East,New Property,,,1800.0,0,1,0,1,0,1,42.0,450.0
house,,11.0,sector 25,35530.0,3096.0,Plot area 344(287.63 sq.m.),5,5,3+,2.0,,Relatively New,,3096.0,,1,1,1,1,0,1,29.0,619.2
flat,brisk lumbini terrace homes,1.5,sector 109,6616.0,2267.0,Carpet area: 2267 (210.61 sq.m.),3,3,1,4.0,North,New Property,,,2267.0,0,1,0,0,0,1,37.0,755.6666666666666
flat,tulip lemon,0.6,sector 69,11407.0,526.0,Carpet area: 526 (48.87 sq.m.),2,1,1,11.0,,Undefined,,,526.0,0,0,0,0,0,1,0.0,263.0
house,international city by sobha phase 1,6.75,sector 109,10838.0,6228.0,Plot area 692(578.6 sq.m.),4,4,3+,2.0,North-East,New Property,,6228.0,,0,1,0,1,0,1,130.0,1557.0
flat,adani brahma samsara vilasa,3.0,sector 63,16666.0,1800.0,Carpet area: 1800 (167.23 sq.m.),3,3,3,3.0,East,New Property,,,1800.0,0,0,0,0,0,1,24.0,600.0
flat,m3m woodshire,0.9,sector 107,6590.0,1366.0,Super Built up area 1366(126.91 sq.m.),2,2,3+,10.0,,Relatively New,1366.0,,,0,0,0,0,1,2,49.0,683.0
house,,0.74,sector 105,7400.0,1000.0,Built Up area: 1000 (92.9 sq.m.),3,3,No,2.0,,Undefined,,1000.0,,0,0,0,0,0,1,0.0,333.3333333333333
flat,the lions cghs,2.05,sector 56,7884.0,2600.0,Super Built up area 2600(241.55 sq.m.)Built Up area: 2500 sq.ft. (232.26 sq.m.)Carpet area: 2400 sq.ft. (222.97 sq.m.),4,4,3+,6.0,South,Relatively New,2600.0,2500.0,2400.0,0,0,0,0,1,2,101.0,650.0
house,eros rosewood city,3.75,sector 49,22046.0,1701.0,Plot area 189(158.03 sq.m.),3,3,1,2.0,South,Old Property,,1701.0,,0,0,0,1,0,2,6.0,567.0
flat,shree vardhman flora,0.92,sector 90,4717.0,1950.0,Carpet area: 1950 (181.16 sq.m.),3,3,2,6.0,North,Relatively New,,,1950.0,1,0,0,0,0,2,49.0,650.0
flat,silverglades hightown residences,4.2,sector 43,19767.0,2125.0,Super Built up area 2150(199.74 sq.m.),3,4,2,7.0,East,Under Construction,2150.0,,,0,0,0,0,0,1,42.0,708.3333333333334
flat,pareena coban residences,1.6,sector 99a,8000.0,2000.0,Super Built up area 2000(185.81 sq.m.),3,3,3,6.0,,Under Construction,2000.0,,,0,0,0,0,0,1,0.0,666.6666666666666
house,,0.7,sector 62,4117.0,1700.0,Plot area 1700(157.94 sq.m.),4,4,1,2.0,,Moderately Old,,1700.0,,0,0,0,0,0,1,0.0,425.0
house,uppal southend,3.75,sector 49,25562.0,1467.0,Plot area 163(136.29 sq.m.),2,6,3,3.0,East,Moderately Old,,1467.0,,0,0,0,0,1,1,49.0,733.5
flat,shree vardhman victoria,1.55,sector 70,7948.0,1950.0,Super Built up area 1950(181.16 sq.m.)Carpet area: 1161 sq.ft. (107.86 sq.m.),3,5,3,8.0,South,Relatively New,1950.0,,1161.0,0,1,0,0,0,1,174.0,650.0
flat,piedmont taksila heights,0.9,sector 37c,5855.0,1537.0,Built Up area: 1537 (142.79 sq.m.),3,3,3,9.0,South-West,Moderately Old,,1537.0,,0,0,0,0,0,2,94.0,512.3333333333334
flat,imperia the esfera,0.87,sector 37c,5513.0,1578.0,Super Built up area 1578(146.6 sq.m.),2,3,3+,9.0,North-East,New Property,1578.0,,,1,0,0,0,0,1,49.0,789.0
flat,ss the leaf,1.24,sector 85,7122.0,1741.0,Super Built up area 1741(161.74 sq.m.)Built Up area: 1730 sq.ft. (160.72 sq.m.)Carpet area: 1720 sq.ft. (159.79 sq.m.),2,2,3,10.0,West,Relatively New,1741.0,1730.0,1720.0,0,0,0,0,0,1,49.0,870.5
house,,0.68,sector 3,3874.0,1755.0,Built Up area: 1755 (163.04 sq.m.),5,3,No,1.0,,Undefined,,1755.0,,0,0,0,0,0,1,0.0,351.0
flat,g l s arawali homes,0.26,sohna,4513.0,576.0,Super Built up area 576(53.51 sq.m.),2,2,2,1.0,,Moderately Old,576.0,,,0,0,0,0,0,1,0.0,288.0
flat,godrej summit,0.85,sector 104,5878.0,1446.0,Super Built up area 1446(134.34 sq.m.)Built Up area: 1269 sq.ft. (117.89 sq.m.)Carpet area: 777 sq.ft. (72.19 sq.m.),2,2,3+,10.0,East,Relatively New,1446.0,1269.0,777.0,1,0,0,0,0,1,79.0,723.0
flat,m3m merlin,3.4,sector 67,14418.0,2358.0,Super Built up area 2358(219.07 sq.m.)Carpet area: 1708 sq.ft. (158.68 sq.m.),3,4,3,16.0,North-West,Relatively New,2358.0,,1708.0,0,1,0,0,0,2,174.0,786.0
house,sare crescent parc royal greens phase 1,0.85,sector 92,4877.0,1743.0,Built Up area: 1743 (161.93 sq.m.),4,4,3,4.0,,Undefined,,1743.0,,0,0,0,0,0,1,0.0,435.75
house,,0.9,sector 54,10000.0,900.0,Plot area 900(83.61 sq.m.),2,4,3+,4.0,,Moderately Old,,900.0,,0,0,0,0,0,1,7.0,450.0
flat,ats tourmaline,1.4,sector 109,8000.0,1750.0,Super Built up area 1750(162.58 sq.m.)Built Up area: 1466 sq.ft. (136.2 sq.m.),3,3,3+,5.0,East,Relatively New,1750.0,1466.0,,0,0,0,0,0,1,44.0,583.3333333333334
flat,ireo skyon,3.7,sector 60,13214.0,2800.0,Super Built up area 2800(260.13 sq.m.),4,5,3,10.0,South,Relatively New,2800.0,,,0,1,0,0,0,2,165.0,700.0
flat,parsvnath green ville,1.5,sector 48,8787.0,1707.0,Super Built up area 1707(158.59 sq.m.)Built Up area: 1600 sq.ft. (148.64 sq.m.)Carpet area: 1400 sq.ft. (130.06 sq.m.),3,3,3,1.0,North,Old Property,1707.0,1600.0,1400.0,0,0,0,0,0,2,128.0,569.0
flat,tulip violet,1.2,sector 69,8888.0,1350.0,Super Built up area 1350(125.42 sq.m.),2,3,1,0.0,North-West,Relatively New,1350.0,,,0,0,0,0,0,1,150.0,675.0
flat,the pearl apartmen,0.43,sector 15,5584.0,770.0,Carpet area: 770 (71.54 sq.m.),2,2,1,2.0,,Relatively New,,,770.0,0,0,0,0,0,2,28.0,385.0
flat,tarc maceo,0.95,sector 91,5954.0,1596.0,Super Built up area 1310(121.7 sq.m.),2,2,2,10.0,East,Relatively New,1310.0,,,0,0,0,0,0,1,77.0,798.0
flat,parsvnath green ville,3.3,sector 48,9984.0,3305.0,Super Built up area 3905(362.79 sq.m.)Built Up area: 3305 sq.ft. (307.04 sq.m.),5,5,3+,4.0,,Old Property,3905.0,3305.0,,0,1,0,0,0,1,71.0,661.0
flat,emaar mgf emerald floors premier,2.85,sector 65,14430.0,1975.0,Super Built up area 1975(183.48 sq.m.),4,4,3+,0.0,West,Relatively New,1975.0,,,1,1,0,0,0,2,151.0,493.75
flat,la vida by tata housing,2.7,sector 113,16363.0,1650.0,Built Up area: 2217 (205.97 sq.m.)Carpet area: 1650 sq.ft. (153.29 sq.m.),3,4,3+,4.0,North-West,Relatively New,,2217.0,1650.0,0,1,0,0,0,2,49.0,550.0
flat,bestech park view residency,1.36,sector 23,7646.0,1779.0,Super Built up area 1780(165.37 sq.m.),3,3,3+,5.0,South-West,Moderately Old,1780.0,,,0,0,0,0,0,1,84.0,593.0
flat,godrej,2.5,sector 79,11141.0,2244.0,Built Up area: 2244 (208.47 sq.m.)Carpet area: 1800 sq.ft. (167.23 sq.m.),3,3,3+,5.0,,Undefined,,2244.0,1800.0,0,0,0,0,0,1,0.0,748.0
flat,signature global rosellia,0.45,sector 95a,8754.0,514.0,Carpet area: 514 (47.75 sq.m.),2,2,2,14.0,,New Property,,,514.0,0,0,0,0,0,1,24.0,257.0
flat,godrej summit,1.25,sector 104,6778.0,1844.0,Super Built up area 1844(171.31 sq.m.),3,4,3+,12.0,East,Relatively New,1844.0,,,0,1,0,0,1,1,79.0,614.6666666666666
flat,conscient elevate,4.25,sector 59,18518.0,2295.0,Super Built up area 2295(213.21 sq.m.),3,4,3,3.0,,Under Construction,2295.0,,,0,0,0,0,0,1,0.0,765.0
house,,2.9,sector 23,11600.0,2500.0,Plot area 2500(232.26 sq.m.),4,4,3,2.0,,Relatively New,,2500.0,,0,1,0,0,0,2,43.0,625.0
flat,dlf the skycourt,1.55,sector 86,8035.0,1929.0,Super Built up area 1929(179.21 sq.m.)Built Up area: 1500 sq.ft. (139.35 sq.m.)Carpet area: 1300 sq.ft. (120.77 sq.m.),3,3,3+,12.0,North-East,Relatively New,1929.0,1500.0,1300.0,0,0,0,0,1,0,166.0,643.0
flat,dlf garden city floors,1.7,sector 92,8588.0,1980.0,Super Built up area 1630(151.43 sq.m.),3,4,2,1.0,,Under Construction,1630.0,,,0,0,0,0,0,1,63.0,660.0
flat,dlf the skycourt,2.2,sector 86,11500.0,1913.0,Super Built up area 1930(179.3 sq.m.),3,3,1,7.0,,Relatively New,1930.0,,,0,0,0,1,0,0,77.0,637.6666666666666
house,,7.5,sector 14,16600.0,4518.0,Plot area 502(419.74 sq.m.),3,3,2,1.0,West,Old Property,,4518.0,,1,1,0,1,0,2,27.0,1506.0
flat,signature andour heights,0.59,sector 71,8428.0,700.0,Super Built up area 700(65.03 sq.m.)Built Up area: 639 sq.ft. (59.37 sq.m.)Carpet area: 540.89 sq.ft. (50.25 sq.m.),2,2,1,6.0,North-East,Moderately Old,700.0,639.0,540.89,0,0,0,0,0,1,67.0,350.0
flat,bestech altura,1.9,sector 79,9000.0,2111.0,Carpet area: 2150 (199.74 sq.m.),3,4,2,11.0,,New Property,,,2150.0,0,1,0,0,0,1,49.0,703.6666666666666
flat,signature global park 4,0.82,sector 36 sohna,7585.0,1081.0,Super Built up area 1081(100.43 sq.m.)Carpet area: 650 sq.ft. (60.39 sq.m.),3,2,2,2.0,,New Property,1081.0,,650.0,0,0,0,0,0,1,8.0,360.3333333333333
flat,dlf the ultima,2.3,sector 81,10936.0,2103.0,Super Built up area 2103(195.38 sq.m.)Built Up area: 1617 sq.ft. (150.22 sq.m.)Carpet area: 1257 sq.ft. (116.78 sq.m.),3,3,3+,19.0,East,Relatively New,2103.0,1617.0,1257.0,1,1,0,1,1,0,49.0,701.0
flat,bptp astaire gardens,1.7,sector 70a,8947.0,1900.0,Carpet area: 1900 (176.52 sq.m.),4,3,3,1.0,North-East,Relatively New,,,1900.0,0,0,0,0,0,2,49.0,475.0
flat,m3m the marina,1.02,sector 68,8095.0,1260.0,Super Built up area 1260(117.06 sq.m.)Built Up area: 1250 sq.ft. (116.13 sq.m.)Carpet area: 800 sq.ft. (74.32 sq.m.),2,2,2,11.0,North-East,Relatively New,1260.0,1250.0,800.0,0,0,0,0,1,2,49.0,630.0
flat,bptp terra,1.65,sector 37d,8790.0,1877.0,Super Built up area 1877(174.38 sq.m.),3,3,2,15.0,East,Relatively New,1877.0,,,0,0,0,0,0,1,116.0,625.6666666666666
flat,ats triumph,4.45,sector 104,6846.0,6500.0,Carpet area: 6500 (603.87 sq.m.),4,5,3+,27.0,North,Relatively New,,,6500.0,0,0,0,0,0,1,110.0,1625.0
house,vipul tatvam villa,7.25,sector 48,22377.0,3240.0,Plot area 360(33.45 sq.m.),4,4,3,2.0,,Relatively New,,360.0,,1,1,1,1,0,2,103.0,810.0
flat,smart world orchard,2.2,sector 61,13500.0,1630.0,Carpet area: 1600 (148.64 sq.m.),3,3,2,1.0,North-East,Under Construction,,,1600.0,0,0,0,0,0,1,49.0,543.3333333333334
flat,shapoorji pallonji joyville gurugram,1.26,sector 102,10370.0,1215.0,Super Built up area 1215(112.88 sq.m.),2,2,3,7.0,East,Relatively New,1215.0,,,0,0,0,0,0,2,49.0,607.5
flat,godrej nature plus,1.5,sector-33 sohna,10200.0,1471.0,Carpet area: 1385 (128.67 sq.m.),2,2,3+,2.0,South-East,Under Construction,,,1385.0,0,0,0,0,0,1,87.0,735.5
flat,pyramid urban homes 2,0.44,sector 86,7321.0,601.0,Carpet area: 601 (55.83 sq.m.),2,2,2,6.0,East,Relatively New,,,601.0,0,0,0,0,0,2,63.0,300.5
flat,smart world gems,1.2,sector 89,8433.0,1423.0,Built Up area: 1423 (132.2 sq.m.)Carpet area: 920 sq.ft. (85.47 sq.m.),3,3,2,2.0,East,Undefined,,1423.0,920.0,0,0,0,0,0,1,45.0,474.3333333333333
flat,ansal heights 86,1.25,sector 86,7396.0,1690.0,Super Built up area 1690(157.01 sq.m.),3,2,1,2.0,,New Property,1690.0,,,0,0,0,0,0,1,100.0,563.3333333333334
flat,shree shyam residency,0.23,block a sector 4,5000.0,460.0,Carpet area: 460 (42.74 sq.m.),1,1,1,2.0,South,Relatively New,,,460.0,0,0,0,0,0,1,9.0,460.0
flat,hsiidc sidco shivalik apartments,0.48,sector 1 imt manesar,3840.0,1250.0,Super Built up area 1250(116.13 sq.m.)Carpet area: 770 sq.ft. (71.54 sq.m.),2,2,3,7.0,South,Moderately Old,1250.0,,770.0,0,0,0,0,0,1,88.0,625.0
flat,sidhivinayak apartments,1.9,sector 55,10555.0,1800.0,Carpet area: 1800 (167.23 sq.m.),4,3,3+,9.0,North,Moderately Old,,,1800.0,0,0,0,1,0,0,35.0,450.0
flat,citizen apartment,3.55,sector 51,6826.0,5201.0,Built Up area: 5200 (483.1 sq.m.)Carpet area: 4700 sq.ft. (436.64 sq.m.),5,6,3+,11.0,North,Moderately Old,,5200.0,4700.0,1,1,1,1,0,2,157.0,1040.2
flat,capital residences 360,1.68,sector 70a,8502.0,1976.0,Super Built up area 1976(183.58 sq.m.)Built Up area: 1900 sq.ft. (176.52 sq.m.)Carpet area: 1560 sq.ft. (144.93 sq.m.),3,3,3+,5.0,North-East,New Property,1976.0,1900.0,1560.0,0,1,0,0,0,1,141.0,658.6666666666666
flat,sare crescent parc,0.49,sector 92,4909.0,998.0,Carpet area: 998 (92.72 sq.m.),2,2,2,2.0,,Relatively New,,,998.0,0,0,0,0,0,1,96.0,499.0
flat,ats triumph,2.65,sector 104,8412.0,3150.0,Super Built up area 3150(292.64 sq.m.)Carpet area: 2650 sq.ft. (246.19 sq.m.),4,4,3+,14.0,East,Relatively New,3150.0,,2650.0,0,1,0,0,0,1,21.0,787.5
flat,krisumi waterfall residences,3.65,sector 36a,14381.0,2538.0,Super Built up area 2538(235.79 sq.m.),3,3,2,17.0,East,New Property,2538.0,,,0,0,0,0,0,1,31.0,846.0
flat,imperia the esfera,0.87,sector 37c,5513.0,1578.0,Super Built up area 1578(146.6 sq.m.)Built Up area: 1300 sq.ft. (120.77 sq.m.)Carpet area: 1110 sq.ft. (103.12 sq.m.),2,3,3+,5.0,North-West,Relatively New,1578.0,1300.0,1110.0,1,0,0,0,0,1,109.0,789.0
flat,signature global solera,0.28,sector 107,5674.0,493.0,Carpet area: 489 (45.43 sq.m.),2,2,2,6.0,West,Relatively New,,,489.0,0,0,0,0,0,1,45.0,246.5
flat,lotus elise,0.95,sector 99,6551.0,1450.0,Carpet area: 1450 (134.71 sq.m.),2,3,3,7.0,,Relatively New,,,1450.0,0,1,0,0,0,1,0.0,725.0
house,,5.6,sector 55,20741.0,2700.0,Plot area 300(250.84 sq.m.),6,4,3,3.0,East,Old Property,,2700.0,,0,1,0,0,0,2,41.0,450.0
flat,ats triumph,2.6,sector 104,8253.0,3150.0,Super Built up area 3150(292.64 sq.m.),4,4,3+,12.0,South,Relatively New,3150.0,,,0,1,0,0,0,1,118.0,787.5
flat,conscient heritage max,2.5,sector 102,11633.0,2149.0,Super Built up area 2149(199.65 sq.m.),3,4,3+,25.0,North-East,New Property,2149.0,,,1,1,0,0,0,2,56.0,716.3333333333334
flat,central park flower valley,2.15,sector-33 sohna,13522.0,1590.0,Super Built up area 1590(147.72 sq.m.),3,3,3+,1.0,,New Property,1590.0,,,0,0,0,0,0,1,31.0,530.0
flat,signature global park,0.58,sohna,7056.0,822.0,Built Up area: 822 (76.37 sq.m.)Carpet area: 600 sq.ft. (55.74 sq.m.),2,2,2,3.0,,Undefined,,822.0,600.0,0,0,0,0,0,1,58.0,411.0
flat,central park flower valley,2.5,sector-33 sohna,13270.0,1884.0,Carpet area: 1884 (175.03 sq.m.),3,3,2,1.0,,Undefined,,,1884.0,0,0,0,0,0,1,66.0,628.0
flat,krrish provence estate,7.5,sector 2,7500.0,10000.0,Super Built up area 10000(929.03 sq.m.),5,6,3+,23.0,North-East,Relatively New,10000.0,,,0,1,0,1,1,1,49.0,2000.0
flat,godrej nature plus,1.65,sector-33 sohna,8266.0,1996.0,Carpet area: 1996 (185.43 sq.m.),3,3,3,2.0,,Under Construction,,,1996.0,0,1,0,0,0,1,37.0,665.3333333333334
flat,umang winter hills,1.2,sector 77,6586.0,1822.0,Built Up area: 1822 (169.27 sq.m.)Carpet area: 1200 sq.ft. (111.48 sq.m.),3,3,3,14.0,East,Undefined,,1822.0,1200.0,0,0,0,0,0,1,46.0,607.3333333333334
flat,emaar mgf the enclave,2.1,sector 66,12352.0,1700.0,Super Built up area 1920(178.37 sq.m.)Built Up area: 1800 sq.ft. (167.23 sq.m.)Carpet area: 1700 sq.ft. (157.94 sq.m.),3,4,2,12.0,North-East,Relatively New,1920.0,1800.0,1700.0,0,1,0,0,0,2,156.0,566.6666666666666
flat,ambience creacions,6.16,sector 22,20533.0,3000.0,Carpet area: 3000 (278.71 sq.m.),4,5,3+,10.0,South-East,New Property,,,3000.0,0,1,0,1,0,2,49.0,750.0
flat,dlf new town heights,1.4,sector 86,5942.0,2356.0,Super Built up area 2356(218.88 sq.m.),4,4,3+,20.0,South-East,Relatively New,2356.0,,,0,1,0,1,0,1,65.0,589.0
flat,shree vardhman victoria,1.65,sector 70,8461.0,1950.0,Super Built up area 1950(181.16 sq.m.)Carpet area: 1267 sq.ft. (117.71 sq.m.),3,4,3,1.0,North,Relatively New,1950.0,,1267.0,0,1,0,0,0,0,167.0,650.0
flat,shree vardhman victoria,1.62,sector 70,8307.0,1950.0,Super Built up area 1950(181.16 sq.m.)Carpet area: 1161 sq.ft. (107.86 sq.m.),3,5,3,9.0,North,Relatively New,1950.0,,1161.0,0,1,0,0,0,1,43.0,650.0
flat,m3m merlin,2.65,sector 67,12945.0,2047.0,Super Built up area 2047(190.17 sq.m.)Built Up area: 1900 sq.ft. (176.52 sq.m.)Carpet area: 1700 sq.ft. (157.94 sq.m.),3,3,3,0.0,North-East,Relatively New,2047.0,1900.0,1700.0,0,0,0,0,1,2,174.0,682.3333333333334
flat,orchid petals,1.95,sector 49,9972.0,1955.0,Super Built up area 1805(167.69 sq.m.),3,3,3,2.0,East,Old Property,1805.0,,,0,0,0,0,0,2,90.0,651.6666666666666
flat,gls arawali homes,0.28,sohna,4307.0,650.0,Super Built up area 650(60.39 sq.m.),2,2,2,12.0,,New Property,650.0,,,0,0,0,0,0,1,0.0,325.0
flat,chd avenue,1.35,sector 71,5744.0,2350.0,Super Built up area 2350(218.32 sq.m.),4,4,3,8.0,North-West,Moderately Old,2350.0,,,0,1,0,0,0,1,26.0,587.5
flat,vatika lifestyle homes,1.3,sector 83,4545.0,2860.0,Super Built up area 2860(265.7 sq.m.),3,3,1,6.0,North-West,Relatively New,2860.0,,,0,0,0,0,0,1,79.0,953.3333333333334
flat,sare green parc,0.85,sector 92,6741.0,1261.0,Built Up area: 1261 (117.15 sq.m.),3,2,2,14.0,,Undefined,,1261.0,,0,0,0,0,0,1,0.0,420.3333333333333
flat,vatika sovereign park,3.25,sector 99,9672.0,3360.0,Super Built up area 3360(312.15 sq.m.),4,4,3+,2.0,,New Property,3360.0,,,0,1,0,0,0,1,123.0,840.0
flat,alpha corp gurgaonone,2.28,sector 84,8769.0,2600.0,Super Built up area 3434(319.03 sq.m.)Carpet area: 2600 sq.ft. (241.55 sq.m.),4,4,3+,8.0,South-East,Relatively New,3434.0,,2600.0,0,1,0,0,0,1,61.0,650.0
flat,smart world orchard,2.5,sector 61,16139.0,1549.0,Built Up area: 1549 (143.91 sq.m.),3,3,1,1.0,East,Undefined,,1549.0,,0,0,0,0,0,1,61.0,516.3333333333334
flat,shapoorji pallonji joyville gurugram,1.95,sector 102,17285.0,1128.0,Super Built up area 1852(172.06 sq.m.)Carpet area: 1128.09 sq.ft. (104.8 sq.m.),3,3,3,12.0,North-East,New Property,1852.0,,1128.09,0,0,1,0,0,1,72.0,376.0
house,international city by sobha phase 1,5.75,sector 109,16428.0,3500.0,Plot area 272(25.27 sq.m.)Built Up area: 4800 sq.ft. (445.93 sq.m.)Carpet area: 3500 sq.ft. (325.16 sq.m.),4,4,2,3.0,South-East,Relatively New,,4800.0,3500.0,0,1,0,0,0,1,146.0,875.0
flat,dlf the ultima,3.25,sector 81,11805.0,2753.0,Super Built up area 2753(255.76 sq.m.),4,4,3+,11.0,North-West,Moderately Old,2753.0,,,0,1,0,0,0,1,28.0,688.25
house,unitech uniworld resorts,8.5,sector 33,17820.0,4770.0,Plot area 530(443.15 sq.m.),5,5,3+,3.0,North,New Property,,4770.0,,1,1,1,1,0,2,145.0,954.0
flat,sidhartha ncr one phase,0.43,sector 95,3152.0,1364.0,Super Built up area 1364(126.72 sq.m.)Built Up area: 1300 sq.ft. (120.77 sq.m.)Carpet area: 1020 sq.ft. (94.76 sq.m.),2,2,2,6.0,North,Relatively New,1364.0,1300.0,1020.0,0,0,0,0,0,1,120.0,682.0
flat,vasant appartments,1.7,sector 14,7391.0,2300.0,Carpet area: 2300 (213.68 sq.m.),5,5,2,2.0,North-West,Old Property,,,2300.0,1,0,1,1,0,0,71.0,460.0
flat,sare homes,0.95,sector 92,4250.0,2235.0,Super Built up area 2000(185.81 sq.m.)Built Up area: 1983 sq.ft. (184.23 sq.m.)Carpet area: 1900 sq.ft. (176.52 sq.m.),4,3,2,16.0,East,New Property,2000.0,1983.0,1900.0,0,0,0,0,0,1,95.0,558.75
flat,signature global park,0.54,sohna,7248.0,745.0,Carpet area: 745 (69.21 sq.m.),2,1,3,1.0,,New Property,,,745.0,0,0,0,0,0,1,65.0,372.5
flat,m3m heights,3.29,sector 65,17997.0,1828.0,Super Built up area 1828(169.83 sq.m.),3,3,3,33.0,East,New Property,1828.0,,,0,0,0,0,0,1,49.0,609.3333333333334
flat,umang winter hills,0.71,sector 77,5305.0,1338.0,Super Built up area 1342(124.68 sq.m.)Carpet area: 810 sq.ft. (75.25 sq.m.),2,2,2,6.0,North-West,Relatively New,1342.0,,810.0,1,0,0,0,0,1,108.0,669.0
house,vatika signature villas,4.7,sector 82,21759.0,2160.0,Plot area 240(200.67 sq.m.),3,3,3+,3.0,,New Property,,2160.0,,0,1,0,0,0,1,33.0,720.0
flat,sare homes,0.5,sector 92,4237.0,1180.0,Super Built up area 1180(109.63 sq.m.),3,3,2,1.0,North,Relatively New,1180.0,,,0,0,0,0,0,1,26.0,393.3333333333333
flat,godrej air,1.05,sector 85,10603.0,990.0,Built Up area: 97 Carpet area: 92 sq.m.,2,2,1,15.0,East,Under Construction,,97.0,92.0,0,0,0,0,0,1,45.0,495.0
flat,m3m capital,1.83,sector 113,13969.0,1310.0,Built Up area: 1310 (121.7 sq.m.),2,2,0,7.0,,Undefined,,1310.0,,0,0,0,0,0,1,68.0,655.0
house,,0.07,sohna,2525.0,277.0,Plot area 33(27.59 sq.m.),1,1,No,1.0,,Relatively New,,33.0,,0,0,0,0,0,1,0.0,277.0
flat,emaar mgf emerald floors premier,2.35,sector 65,14242.0,1650.0,Built Up area: 1650 (153.29 sq.m.)Carpet area: 1200 sq.ft. (111.48 sq.m.),3,3,3,2.0,South-West,Relatively New,,1650.0,1200.0,1,1,0,0,0,1,158.0,550.0
flat,bestech park view ananda,0.88,sector 81,8042.0,1094.0,Super Built up area 1360(126.35 sq.m.)Carpet area: 1094 sq.ft. (101.64 sq.m.),2,2,3,8.0,West,Relatively New,1360.0,,1094.0,1,0,0,0,0,2,95.0,547.0
flat,sare homes,0.68,sector 92,5238.0,1298.0,Carpet area: 1298 (120.59 sq.m.),3,3,2,11.0,North-West,Relatively New,,,1298.0,0,0,0,1,0,1,100.0,432.6666666666667
flat,ansal heights 86,0.82,sector 86,6029.0,1360.0,Super Built up area 1360(126.35 sq.m.)Built Up area: 1300 sq.ft. (120.77 sq.m.)Carpet area: 1000 sq.ft. (92.9 sq.m.),2,2,1,12.0,,New Property,1360.0,1300.0,1000.0,0,0,0,0,0,1,49.0,680.0
house,,5.5,sector 48,23504.0,2340.0,Plot area 260(217.39 sq.m.),4,4,2,2.0,North,Relatively New,,2340.0,,0,1,0,0,0,2,22.0,585.0
flat,orchid petals,4.21,sector 49,11835.0,3557.0,Super Built up area 3557(330.46 sq.m.),5,6,3+,14.0,South-East,Relatively New,3557.0,,,0,1,0,1,0,1,35.0,711.4
flat,umang monsoon breeze,1.15,sector 78,5284.0,2176.0,Super Built up area 2176(202.16 sq.m.),3,3,3,9.0,,Moderately Old,2176.0,,,0,1,0,0,1,1,22.0,725.3333333333334
flat,godrej aria,0.95,sector 79,6551.0,1450.0,Carpet area: 1450 (134.71 sq.m.),2,2,3,5.0,East,Relatively New,,,1450.0,0,0,0,0,0,2,174.0,725.0
house,,12.5,sector 50,40611.0,3078.0,Plot area 342(285.96 sq.m.),6,5,3,4.0,East,Moderately Old,,3078.0,,1,1,0,1,0,2,23.0,513.0
flat,rk tower,0.95,sector 23,9595.0,990.0,Carpet area: 990 (91.97 sq.m.),2,2,1,1.0,South-East,Relatively New,,,990.0,0,0,0,0,0,1,99.0,495.0
flat,deepak minda,1.25,sector 1a imt manesar,4716.0,2651.0,Carpet area: 2650 (246.19 sq.m.),3,3,3+,6.0,,Moderately Old,,,2650.0,0,1,0,0,0,1,44.0,883.6666666666666
house,sushant lok 1 builder floors,13.0,sector 43,48148.0,2700.0,Plot area 300(250.84 sq.m.),3,3,3+,4.0,North,New Property,,2700.0,,0,0,0,1,0,2,7.0,900.0
house,signature global city,1.27,sector 37d,8089.0,1570.0,Plot area 1570(145.86 sq.m.),3,3,3,4.0,East,Under Construction,,1570.0,,0,0,0,1,0,1,89.0,523.3333333333334
flat,signature andour heights,0.39,sector 71,9846.0,396.0,Super Built up area 325(30.19 sq.m.),1,1,2,1.0,,New Property,325.0,,,0,0,0,0,0,1,0.0,396.0
house,,1.45,sector 56,26852.0,540.0,Plot area 60(5.57 sq.m.),1,4,3+,4.0,East,Relatively New,,60.0,,0,0,1,0,0,1,70.0,540.0
flat,woodstock floors,1.05,sector 50,10627.0,988.0,Carpet area: 988 (91.79 sq.m.),2,2,2,2.0,North,Moderately Old,,,988.0,0,0,0,0,0,1,53.0,494.0
house,,8.0,sector 38,25616.0,3123.0,Built Up area: 347 (32.24 sq.m.)Carpet area: 215 sq.ft. (19.97 sq.m.),10,10,3+,1.0,North,Undefined,,347.0,215.0,0,0,0,0,0,1,0.0,312.3
flat,dlf regency park,1.6,sector 28,14545.0,1100.0,Carpet area: 1100 (102.19 sq.m.),2,2,2,3.0,North,Relatively New,,,1100.0,0,0,0,0,0,1,52.0,550.0
flat,central park flower valley,1.55,sector-33 sohna,11923.0,1300.0,Carpet area: 1300 (120.77 sq.m.),3,3,3+,7.0,North-East,New Property,,,1300.0,0,0,0,0,0,2,28.0,433.3333333333333
house,bptp visionnaire,4.7,sector 70a,18008.0,2610.0,Plot area 290(242.48 sq.m.),4,4,3+,3.0,North-East,New Property,,2610.0,,0,0,0,0,1,1,35.0,652.5
flat,deepak minda,1.25,sector 1a imt manesar,4715.0,2651.0,Carpet area: 2651 (246.29 sq.m.),4,4,3+,6.0,,Moderately Old,,,2651.0,0,0,0,0,0,2,44.0,662.75
flat,sare homes,0.95,sector 92,4871.0,1950.0,Super Built up area 1950(181.16 sq.m.),4,3,3,13.0,,New Property,1950.0,,,0,0,0,0,0,1,0.0,487.5
flat,sbr apartment,0.68,sector 1a imt manesar,4456.0,1526.0,Built Up area: 1526 (141.77 sq.m.),3,3,3,2.0,,Moderately Old,,1526.0,,0,0,0,0,0,1,0.0,508.6666666666667
flat,ireo skyon,3.8,sector 60,13571.0,2800.0,Super Built up area 2800(260.13 sq.m.)Built Up area: 2791 sq.ft. (259.29 sq.m.)Carpet area: 2768 sq.ft. (257.16 sq.m.),4,5,3,15.0,East,Moderately Old,2800.0,2791.0,2768.0,0,1,0,0,0,2,145.0,700.0
house,landmark house,2.75,sector 43,25463.0,1080.0,Plot area 120(100.34 sq.m.),3,3,1,2.0,South-East,Moderately Old,,1080.0,,0,0,0,1,0,1,21.0,360.0
house,,6.4,sector 14,20317.0,3150.0,Plot area 350(292.64 sq.m.)Built Up area: 349 sq.yards (291.81 sq.m.)Carpet area: 348 sq.yards (290.97 sq.m.),6,6,3+,3.0,North,Old Property,,349.0,348.0,0,0,0,0,1,1,35.0,525.0
flat,paras dews,1.4,sector 106,9978.0,1403.0,Super Built up area 2355(218.79 sq.m.)Built Up area: 1535 sq.ft. (142.61 sq.m.)Carpet area: 1403 sq.ft. (130.34 sq.m.),4,6,3+,10.0,North-West,Relatively New,2355.0,1535.0,1403.0,0,1,0,0,0,1,174.0,350.75
flat,guru gram haryana cghs,1.39,sector 56,8424.0,1650.0,Super Built up area 1850(171.87 sq.m.)Built Up area: 1750 sq.ft. (162.58 sq.m.)Carpet area: 1650 sq.ft. (153.29 sq.m.),3,2,3,6.0,South,Old Property,1850.0,1750.0,1650.0,0,1,0,1,0,2,89.0,550.0
flat,ats kocoon,1.6,sector 109,9169.0,1745.0,Super Built up area 1745(162.12 sq.m.)Built Up area: 1550 sq.ft. (144 sq.m.),3,3,3,10.0,North,Relatively New,1745.0,1550.0,,0,0,0,0,0,1,86.0,581.6666666666666
flat,dlf the primus,1.59,sector 82a,10338.0,1538.0,Super Built up area 1799(167.13 sq.m.)Carpet area: 1538 sq.ft. (142.88 sq.m.),3,3,3+,5.0,North-East,Relatively New,1799.0,,1538.0,0,0,0,0,1,0,167.0,512.6666666666666
flat,vatika gurgaon,1.4,sector 83,6628.0,2112.0,Super Built up area 1735(161.19 sq.m.),3,3,2,7.0,,Relatively New,1735.0,,,0,0,0,0,0,2,74.0,704.0
house,dlf city plots phase 2,4.25,sector 25,31481.0,1350.0,Plot area 150(125.42 sq.m.),3,2,3,2.0,North,Old Property,,1350.0,,1,0,0,0,0,1,35.0,450.0
flat,conscient habitat,0.35,sector 99a,6422.0,545.0,Carpet area: 545 (50.63 sq.m.),2,2,1,3.0,North-East,Relatively New,,,545.0,0,0,0,0,0,1,62.0,272.5
flat,rose apartment,3.0,sector 28,10482.0,2862.0,Super Built up area 2862(265.89 sq.m.),3,5,3+,8.0,,Old Property,2862.0,,,0,0,0,0,0,1,0.0,954.0
flat,emaar palm premier,2.1,sector 77,10500.0,2000.0,Super Built up area 2000(185.81 sq.m.)Built Up area: 1600 sq.ft. (148.64 sq.m.)Carpet area: 1500 sq.ft. (139.35 sq.m.),3,4,3+,11.0,,New Property,2000.0,1600.0,1500.0,0,1,0,0,0,2,129.0,666.6666666666666
flat,conscient heritage max,2.65,sector 102,10375.0,2554.0,Super Built up area 2554(237.27 sq.m.),4,5,3+,17.0,North,Moderately Old,2554.0,,,0,1,0,0,0,1,125.0,638.5
house,vatika signature villas,5.0,sector 82,15432.0,3240.0,Plot area 360(301.01 sq.m.),4,4,3+,3.0,East,Relatively New,,3240.0,,0,1,1,1,0,1,24.0,810.0
house,ireo victory valley,8.0,sector 67,22222.0,3600.0,Plot area 400(334.45 sq.m.),6,7,3+,51.0,North-East,Moderately Old,,3600.0,,1,1,0,1,0,2,49.0,600.0
flat,raisina residency,5.0,sector 59,13058.0,3829.0,Carpet area: 3829 (355.73 sq.m.),4,4,3+,13.0,North-West,Relatively New,,,3829.0,1,1,1,1,0,2,174.0,957.25
flat,unitech heritage city,4.26,mehrauli  road,13108.0,3250.0,Built Up area: 3250 (301.93 sq.m.),4,4,0,9.0,,Undefined,,3250.0,,0,0,0,0,0,1,0.0,812.5
house,dlf city plots,12.5,sector 26,38580.0,3240.0,Plot area 360(301.01 sq.m.),4,5,2,2.0,North-East,Moderately Old,,3240.0,,1,1,0,0,0,2,121.0,810.0
flat,mrg world ultimus,0.5,sector 90,6983.0,716.0,Carpet area: 716 (66.52 sq.m.),2,2,2,1.0,North-East,Under Construction,,,716.0,0,0,0,0,0,1,21.0,358.0
flat,ireo victory valley,2.95,sector 67,12110.0,2436.0,Super Built up area 2436(226.31 sq.m.)Built Up area: 2236 sq.ft. (207.73 sq.m.)Carpet area: 2036 sq.ft. (189.15 sq.m.),3,3,3+,14.0,South,Moderately Old,2436.0,2236.0,2036.0,0,1,0,1,0,2,165.0,812.0
flat,bhagwati sadan,1.15,sector 12a,5750.0,2000.0,Super Built up area 2500(232.26 sq.m.)Built Up area: 2000 sq.ft. (185.81 sq.m.)Carpet area: 1750 sq.ft. (162.58 sq.m.),3,4,2,2.0,,Old Property,2500.0,2000.0,1750.0,1,1,0,0,1,2,28.0,666.6666666666666
flat,signature global grand iva,0.5,sector 103,6250.0,800.0,Super Built up area 800(74.32 sq.m.)Carpet area: 605 sq.ft. (56.21 sq.m.),2,2,2,10.0,,Relatively New,800.0,,605.0,0,0,0,0,0,1,8.0,400.0
house,,5.8,sector 26,32222.0,1800.0,Plot area 200(167.23 sq.m.),4,3,2,2.0,East,Relatively New,,1800.0,,0,0,1,0,0,1,21.0,450.0
house,,11.75,sector 28,41315.0,2844.0,Plot area 316(264.22 sq.m.),4,5,3+,4.0,East,Relatively New,,2844.0,,1,1,1,0,0,2,54.0,711.0
house,,3.5,sector 5,14787.0,2367.0,Plot area 263(219.9 sq.m.),5,4,2,2.0,North,Old Property,,2367.0,,0,0,0,1,1,1,36.0,473.4
flat,the close north,3.0,sector 50,11516.0,2605.0,Super Built up area 2605(242.01 sq.m.),3,3,3+,14.0,North,Old Property,2605.0,,,0,1,0,0,0,2,121.0,868.3333333333334
flat,ambience creacions,2.79,sector 22,15000.0,1860.0,Super Built up area 1860(172.8 sq.m.)Carpet area: 1300 sq.ft. (120.77 sq.m.),3,3,3,13.0,East,New Property,1860.0,,1300.0,0,0,0,0,0,0,158.0,620.0
flat,bestech park view sanskruti,1.68,sector 92,11052.0,1520.0,Super Built up area 2120(196.95 sq.m.)Carpet area: 1520 sq.ft. (141.21 sq.m.),3,4,3+,15.0,East,Relatively New,2120.0,,1520.0,0,1,0,0,0,2,174.0,506.6666666666667
flat,aditya apartment,1.0,imt manesar,4033.0,2480.0,Built Up area: 2480 (230.4 sq.m.),3,4,0,3.0,,New Property,,2480.0,,0,0,0,0,0,1,0.0,826.6666666666666
flat,godrej frontier,1.1,sector 80,5705.0,1928.0,Super Built up area 1928(179.12 sq.m.)Built Up area: 1580 sq.ft. (146.79 sq.m.)Carpet area: 1391 sq.ft. (129.23 sq.m.),3,3,3,8.0,North-West,Moderately Old,1928.0,1580.0,1391.0,0,1,0,0,0,1,111.0,642.6666666666666
flat,adani brahma samsara vilasa,3.25,sector 63,29545.0,1100.0,Built Up area: 2700 (250.84 sq.m.)Carpet area: 1100 sq.ft. (102.19 sq.m.),3,3,3,4.0,North-East,New Property,,2700.0,1100.0,0,0,0,0,1,1,41.0,366.6666666666667
flat,pareena mi casa,1.9,sector 68,9227.0,2059.0,Carpet area: 2059 (191.29 sq.m.),3,3,3+,1.0,,Under Construction,,,2059.0,0,1,0,0,0,1,49.0,686.3333333333334
flat,unitech uniworld gardens,2.4,sector 47,11505.0,2086.0,Super Built up area 2086(193.8 sq.m.)Carpet area: 1750 sq.ft. (162.58 sq.m.),3,4,3+,10.0,East,Moderately Old,2086.0,,1750.0,0,1,0,0,0,1,103.0,695.3333333333334
flat,ss the leaf,1.06,sector 85,6343.0,1671.0,Super Built up area 1671(155.24 sq.m.),2,2,2,12.0,South,Relatively New,1671.0,,,0,0,0,0,0,1,44.0,835.5
flat,breez global hill view,0.35,sohna,5600.0,625.0,Carpet area: 625 (58.06 sq.m.),2,2,2,14.0,,Relatively New,,,625.0,0,0,0,0,0,1,98.0,312.5
flat,smart world gems,1.2,sector 89,12526.0,958.0,Carpet area: 958 (89 sq.m.),3,3,3,3.0,East,Under Construction,,,958.0,0,0,1,1,0,1,131.0,319.3333333333333
flat,brisk lumbini terrace homes,1.5,sector 109,6616.0,2267.0,Carpet area: 2267 (210.61 sq.m.),3,3,1,4.0,North,New Property,,,2267.0,0,1,0,0,0,1,37.0,755.6666666666666
flat,smart world orchard,1.47,sector 61,12782.0,1150.0,Carpet area: 1150 (106.84 sq.m.),2,2,2,4.0,East,Under Construction,,,1150.0,1,0,0,0,0,1,31.0,575.0
flat,unitech uniworld gardens,1.05,sector 47,10531.0,997.0,Carpet area: 997 (92.62 sq.m.),2,2,2,3.0,North-East,Relatively New,,,997.0,0,0,0,0,0,2,34.0,498.5
flat,emaar mgf palm studios,1.45,sector 66,14795.0,980.0,Super Built up area 1188(110.37 sq.m.)Carpet area: 980 sq.ft. (91.04 sq.m.),2,2,3,3.0,East,Relatively New,1188.0,,980.0,0,0,0,0,0,1,92.0,490.0
flat,alpha corp gurgaonone,1.5,sector 84,7641.0,1963.0,Super Built up area 1963(182.37 sq.m.)Carpet area: 1700 sq.ft. (157.94 sq.m.),3,3,3,20.0,North-West,Relatively New,1963.0,,1700.0,0,1,0,0,0,2,37.0,654.3333333333334
flat,ats tourmaline,2.3,sector 109,8897.0,2585.0,Super Built up area 2585(240.15 sq.m.),3,4,3+,10.0,East,New Property,2585.0,,,0,1,0,0,1,1,74.0,861.6666666666666
house,,8.5,sector 17b,18814.0,4518.0,Plot area 502(419.74 sq.m.)Built Up area: 500 sq.yards (418.06 sq.m.)Carpet area: 400 sq.yards (334.45 sq.m.),4,4,2,2.0,West,Old Property,,500.0,400.0,1,1,0,1,0,2,21.0,1129.5
flat,dlf regal gardens,1.23,sector 90,7052.0,1744.0,Super Built up area 1744(162.02 sq.m.),3,3,2,19.0,North,Relatively New,1744.0,,,0,0,0,0,1,1,6.0,581.3333333333334
house,prem kunj,0.5,sector 48,7407.0,675.0,Plot area 675(62.71 sq.m.)Built Up area: 725 sq.ft. (67.35 sq.m.)Carpet area: 675 sq.ft. (62.71 sq.m.),2,4,3,3.0,South-West,Relatively New,,725.0,675.0,0,0,0,1,0,1,22.0,337.5
house,,1.35,mianwali colony,12222.0,1105.0,Plot area 150(125.42 sq.m.)Built Up area: 2052 sq.yards (1715.73 sq.m.),2,5,1,3.0,,Old Property,,2052.0,,0,0,0,0,0,1,31.0,552.5
flat,pareena mi casa,1.1,sector 68,8835.0,1245.0,Super Built up area 1245(115.66 sq.m.),2,2,3,11.0,North,New Property,1245.0,,,0,0,0,0,0,1,95.0,622.5
flat,sobha city,3.35,sector 108,13266.0,2525.0,Super Built up area 2072.9(192.58 sq.m.),3,4,2,19.0,,New Property,2072.9,,,0,0,0,0,0,1,102.0,841.6666666666666
flat,bestech park view grand spa,2.22,sector 81,8345.0,2660.0,Super Built up area 2660(247.12 sq.m.),3,4,3+,15.0,South-East,Relatively New,2660.0,,,0,1,0,0,0,2,174.0,886.6666666666666
flat,supertech hues,0.9,sector 68,7627.0,1180.0,Carpet area: 1180 (109.63 sq.m.),2,2,2,1.0,East,New Property,,,1180.0,0,0,0,0,0,1,44.0,590.0
flat,silverglades the melia,0.75,sohna,5555.0,1350.0,Built Up area: 1350 (125.42 sq.m.),2,2,2,4.0,,Moderately Old,,1350.0,,0,0,0,0,0,1,70.0,675.0
flat,emaar digihomes,2.1,sector 62,13925.0,1508.0,Super Built up area 1508(140.1 sq.m.)Built Up area: 1500 sq.ft. (139.35 sq.m.)Carpet area: 1200 sq.ft. (111.48 sq.m.),2,2,3,12.0,North-East,New Property,1508.0,1500.0,1200.0,0,0,0,0,1,2,49.0,754.0
flat,sagar apartment,1.45,sector 56,7250.0,2000.0,Super Built up area 2000(185.81 sq.m.)Built Up area: 1900 sq.ft. (176.52 sq.m.)Carpet area: 1800 sq.ft. (167.23 sq.m.),3,3,3+,7.0,South,Old Property,2000.0,1900.0,1800.0,1,1,0,1,1,1,166.0,666.6666666666666
flat,signature global park,0.52,sohna,6326.0,822.0,Carpet area: 822 (76.37 sq.m.),2,2,2,3.0,North-West,Relatively New,,,822.0,0,0,0,1,0,1,161.0,411.0
flat,spaze privy,3.1,sector 72,6692.0,4632.0,Super Built up area 4632(430.33 sq.m.)Carpet area: 2300 sq.ft. (213.68 sq.m.),4,5,3+,8.0,South,Moderately Old,4632.0,,2300.0,1,1,1,1,0,1,136.0,1158.0
flat,antriksh heights,0.84,sector 84,4869.0,1725.0,Super Built up area 1725(160.26 sq.m.),3,3,3+,8.0,,New Property,1725.0,,,0,0,0,1,0,1,60.0,575.0
flat,ss the leaf,1.05,sector 85,6163.0,1704.0,Super Built up area 1671(155.24 sq.m.),2,2,3+,7.0,West,Relatively New,1671.0,,,0,0,1,0,0,1,144.0,852.0
flat,emaar palm gardens,1.35,sector 83,12325.0,1095.0,Super Built up area 1720(159.79 sq.m.)Carpet area: 1095.3 sq.ft. (101.76 sq.m.),3,3,3,7.0,South-West,Relatively New,1720.0,,1095.3,0,1,0,0,0,1,24.0,365.0
flat,krisumi waterfall residences,2.2,sector 36a,14874.0,7250.0,Super Built up area 1479(137.4 sq.m.),2,2,2,23.0,North,New Property,1479.0,,,0,0,0,0,0,1,15.0,3625.0
flat,czar mahira homes 63a,0.42,sector 63a,7407.0,567.0,Carpet area: 567 (52.68 sq.m.),3,2,2,1.0,,Undefined,,,567.0,0,0,0,0,0,1,0.0,189.0
flat,godrej,1.35,sector 79,8970.0,1505.0,Super Built up area 1505(139.82 sq.m.),3,3,2,7.0,South-West,Relatively New,1505.0,,,0,0,0,0,0,1,118.0,501.6666666666667
flat,godrej aria,1.95,sector 79,8519.0,2289.0,Super Built up area 2289(212.66 sq.m.)Carpet area: 1121 sq.ft. (104.14 sq.m.),3,4,3+,10.0,,New Property,2289.0,,1121.0,0,1,0,0,0,1,32.0,763.0
house,,10.0,sector 40,30864.0,3240.0,Plot area 360(301.01 sq.m.),6,6,3+,4.0,North-East,Moderately Old,,3240.0,,1,1,1,1,0,2,70.0,540.0
flat,emaar mgf palm hills,1.9,sector 77,9500.0,2000.0,Super Built up area 2000(185.81 sq.m.)Carpet area: 1218.03 sq.ft. (113.16 sq.m.),3,4,3+,6.0,South-West,New Property,2000.0,,1218.03,0,1,0,0,0,2,42.0,666.6666666666666
flat,central park resorts,5.15,sector 48,20900.0,2464.0,Super Built up area 2464(228.91 sq.m.)Built Up area: 2364 sq.ft. (219.62 sq.m.)Carpet area: 2264 sq.ft. (210.33 sq.m.),3,3,3+,8.0,North-West,Moderately Old,2464.0,2364.0,2264.0,0,1,0,0,0,0,53.0,821.3333333333334
flat,ansal heights 86,1.25,sector 86,7396.0,1690.0,Super Built up area 1690(157.01 sq.m.),3,2,1,11.0,,New Property,1690.0,,,0,0,0,0,0,1,45.0,563.3333333333334
flat,mapsko mount ville,1.2,sector 79,8053.0,1490.0,Super Built up area 1490(138.43 sq.m.),3,3,3,24.0,West,Relatively New,1490.0,,,0,0,0,0,0,2,8.0,496.6666666666667
flat,sbtl caladium,1.35,sector 109,7180.0,1880.0,Super Built up area 1880(174.66 sq.m.)Carpet area: 1128 sq.ft. (104.79 sq.m.),3,2,3+,12.0,West,Relatively New,1880.0,,1128.0,0,0,0,0,0,1,128.0,626.6666666666666
house,,0.5,sector 6,8333.0,600.0,Plot area 600(55.74 sq.m.),3,3,2,2.0,East,Moderately Old,,600.0,,0,0,0,1,0,1,0.0,200.0
flat,ramsons kshitij,0.28,sector 95,3650.0,767.0,Super Built up area 767(71.26 sq.m.),2,2,2,5.0,North-West,New Property,767.0,,,0,0,0,0,1,1,0.0,383.5
flat,m3m soulitude,1.25,sector 89,8784.0,1423.0,Super Built up area 1423(132.2 sq.m.),3,3,3,3.0,East,New Property,1423.0,,,1,0,0,0,1,1,61.0,474.3333333333333
flat,godrej aria,1.1,sector 79,7772.0,1415.0,Super Built up area 1351(125.51 sq.m.),2,2,3+,4.0,North-East,New Property,1351.0,,,0,0,0,0,0,2,49.0,707.5
house,,3.51,sector 76,12342.0,2844.0,Plot area 316(264.22 sq.m.),4,4,3,4.0,North,New Property,,2844.0,,0,1,0,0,0,1,73.0,711.0
flat,raheja atharva,0.79,sector 109,7931.0,996.0,Super Built up area 1457(135.36 sq.m.)Carpet area: 996 sq.ft. (92.53 sq.m.),3,2,2,3.0,,Relatively New,1457.0,,996.0,0,0,0,0,0,2,44.0,332.0
house,,2.95,sector 23,15989.0,1845.0,Plot area 205(171.41 sq.m.),4,4,3+,2.0,North-West,Old Property,,1845.0,,0,0,0,0,0,1,27.0,461.25
flat,cghs hewo apartments,1.25,sector 31,11574.0,1080.0,Carpet area: 1080 (100.34 sq.m.),2,2,2,2.0,,Old Property,,,1080.0,0,0,0,0,0,1,28.0,540.0
flat,signature global city,1.0,sector 37d,8160.0,1225.0,Built Up area: 1250 (116.13 sq.m.)Carpet area: 915 sq.ft. (85.01 sq.m.),3,3,3,4.0,South-East,Under Construction,,1250.0,915.0,0,0,0,0,0,1,49.0,408.3333333333333
flat,ramsons kshitij,0.17,sector 95,544.0,3125.0,Carpet area: 3212 (298.4 sq.m.),1,1,1,12.0,North-East,Relatively New,,,3212.0,0,0,0,0,0,1,56.0,3125.0
house,,3.85,sector 7,14650.0,2628.0,Plot area 292(244.15 sq.m.),4,4,3,3.0,North-West,Old Property,,2628.0,,0,0,0,0,0,1,27.0,657.0
flat,ramprastha city,1.3,dwarka expressway,9285.0,1400.0,Super Built up area 1400(130.06 sq.m.),3,3,2,3.0,,Under Construction,1400.0,,,0,0,0,0,0,1,0.0,466.6666666666667
house,unitech uniworld resorts,9.55,sector 33,19293.0,4950.0,Plot area 550(459.87 sq.m.),6,7,3+,2.0,East,Relatively New,,4950.0,,1,1,1,1,0,2,126.0,825.0
flat,mvn athens,0.27,sohna,5897.0,458.0,Carpet area: 457.81 (42.53 sq.m.),2,2,1,4.0,South-East,Relatively New,,,457.788667,0,0,0,0,1,2,35.0,229.0
flat,emaar mgf palm hills,1.08,sector 77,5400.0,2000.0,Super Built up area 2000(185.81 sq.m.),3,4,3+,5.0,South-West,Relatively New,2000.0,,,1,1,0,0,1,2,167.0,666.6666666666666
flat,alpha corp gurgaonone,1.15,sector 84,7496.0,1534.0,Super Built up area 1534(142.51 sq.m.)Carpet area: 1200 sq.ft. (111.48 sq.m.),2,2,3,8.0,North-East,Relatively New,1534.0,,1200.0,1,0,0,0,0,2,37.0,767.0
flat,dlf regal gardens,1.78,sector 90,8036.0,2215.0,Super Built up area 2215(205.78 sq.m.)Built Up area: 2000 sq.ft. (185.81 sq.m.)Carpet area: 1650 sq.ft. (153.29 sq.m.),4,4,3+,8.0,South,Relatively New,2215.0,2000.0,1650.0,0,0,0,0,0,1,126.0,553.75
flat,pyramid urban,0.53,sector 67a,8967.0,591.0,Carpet area: 591 (54.91 sq.m.),2,2,1,6.0,West,Relatively New,,,591.0,0,0,0,0,1,2,49.0,295.5
house,,0.9,sector 13,11464.0,785.0,Plot area 785(72.93 sq.m.),2,4,3,3.0,North-West,Moderately Old,,785.0,,1,1,0,1,1,1,0.0,392.5
house,,2.1,sector 8,8386.0,2504.0,Built Up area: 2504 (232.63 sq.m.),4,3,No,2.0,,Undefined,,2504.0,,0,0,0,0,0,1,0.0,626.0
flat,dhoot time residency,3.0,sector 63,18271.0,1642.0,Built Up area: 1642 (152.55 sq.m.)Carpet area: 1500 sq.ft. (139.35 sq.m.),3,3,3+,14.0,,Relatively New,,1642.0,1500.0,0,1,0,0,0,2,0.0,547.3333333333334
house,,0.61,sector 3a phase 2,11111.0,549.0,Plot area 61(5.67 sq.m.),2,2,2,2.0,South-East,Moderately Old,,61.0,,0,0,0,0,1,1,14.0,274.5
flat,afnhb jalvayu vihar,0.69,sector 30,7272.0,949.0,Super Built up area 990(91.97 sq.m.),2,2,1,3.0,North-East,Old Property,990.0,,,0,0,0,0,0,1,65.0,474.5
flat,sahara grace,5.5,sector 28,14612.0,3764.0,Super Built up area 3764(349.69 sq.m.),4,5,3+,5.0,East,Moderately Old,3764.0,,,0,1,0,0,1,2,8.0,941.0
flat,dlf new town heights,1.95,sector 90,7150.0,2727.0,Super Built up area 2727(253.35 sq.m.)Carpet area: 2200 sq.ft. (204.39 sq.m.),4,4,3+,24.0,North-East,Relatively New,2727.0,,2200.0,0,1,1,0,0,1,174.0,681.75
flat,aipl club residences,0.85,sector 70a,9139.0,930.0,Super Built up area 930(86.4 sq.m.),2,2,2,5.0,South-East,Relatively New,930.0,,,0,0,0,0,0,2,45.0,465.0
flat,baani city center,0.88,sector 63,10945.0,804.0,Built Up area: 804 (74.69 sq.m.)Carpet area: 600 sq.ft. (55.74 sq.m.),1,1,2,4.0,,Undefined,,804.0,600.0,0,0,0,0,0,1,0.0,804.0
flat,dlf regal gardens,1.79,sector 90,8081.0,2215.0,Carpet area: 2215 (205.78 sq.m.),4,3,3+,10.0,North-East,Moderately Old,,,2215.0,0,0,0,0,0,1,63.0,553.75
flat,the lions cghs,2.1,sector 56,8750.0,2400.0,Super Built up area 2400(222.97 sq.m.)Built Up area: 2200 sq.ft. (204.39 sq.m.)Carpet area: 2000 sq.ft. (185.81 sq.m.),3,4,3+,8.0,West,Old Property,2400.0,2200.0,2000.0,0,0,0,0,1,2,166.0,800.0
flat,shree vardhman victoria,1.75,sector 70,8205.0,2133.0,Super Built up area 1950(181.16 sq.m.)Carpet area: 1161 sq.ft. (107.86 sq.m.),3,5,3,7.0,,New Property,1950.0,,1161.0,0,1,0,1,0,1,37.0,711.0
house,project mianwali colony,1.7,mianwali colony,9444.0,1800.0,Carpet area: 1800 (167.23 sq.m.),1,1,2,1.0,,Undefined,,,1800.0,0,0,0,0,0,1,0.0,1800.0
flat,pareena laxmi apartments,0.32,sector 99a,6106.0,524.0,Super Built up area 524(48.68 sq.m.)Carpet area: 424.8 sq.ft. (39.47 sq.m.),2,2,2,2.0,,New Property,524.0,,424.8,0,0,0,0,0,1,50.0,262.0
house,suncity avenue 76,0.75,sector 76,10067.0,745.0,Plot area 745(69.21 sq.m.)Built Up area: 745 sq.ft. (69.21 sq.m.),2,2,2,11.0,North-East,New Property,,745.0,,0,0,0,0,0,1,40.0,372.5
flat,tulip violet,1.7,sector 69,8623.0,1971.0,Super Built up area 1970(183.02 sq.m.),4,4,1,12.0,North-West,Relatively New,1970.0,,,0,0,0,0,0,1,88.0,492.75
flat,ireo the corridors,1.5,sector 67a,11111.0,1350.0,Carpet area: 1350 (125.42 sq.m.),2,2,2,10.0,,Relatively New,,,1350.0,0,0,1,0,0,2,38.0,675.0
flat,m3m woodshire,1.3,sector 107,10815.0,1202.0,Super Built up area 1943(180.51 sq.m.)Carpet area: 1202 sq.ft. (111.67 sq.m.),3,3,3,7.0,,Relatively New,1943.0,,1202.0,0,0,0,1,0,1,89.0,400.6666666666667
flat,raheja atharva,2.2,sector 109,9490.0,2318.0,Carpet area: 2318 (215.35 sq.m.),3,3,2,7.0,North,Moderately Old,,,2318.0,0,1,0,0,0,2,111.0,772.6666666666666
flat,aipl the peaceful homes,2.52,sector 70a,10723.0,2350.0,Super Built up area 2350(218.32 sq.m.),3,4,3,8.0,West,Relatively New,2350.0,,,0,1,0,0,0,1,174.0,783.3333333333334
flat,gls arawali homes,0.3,sohna,5291.0,567.0,Super Built up area 567(52.68 sq.m.)Carpet area: 467 sq.ft. (43.39 sq.m.),2,2,2,10.0,,Relatively New,567.0,,467.0,0,0,0,0,0,1,42.0,283.5
house,vatika india next,6.5,sector 82,20062.0,3240.0,Built Up area: 360 (301.01 sq.m.)Carpet area: 300 sq.yards (250.84 sq.m.),4,3,No,2.0,,Undefined,,360.0,300.0,0,0,0,0,0,1,0.0,810.0
house,,18.0,sector 26,39841.0,4518.0,Plot area 502(419.74 sq.m.),5,4,3+,4.0,North,Moderately Old,,4518.0,,1,1,1,1,0,2,113.0,903.6
flat,birla navya,3.7,sector 63a,15416.0,2400.0,Carpet area: 2400 (222.97 sq.m.),3,3,3+,1.0,North,Under Construction,,,2400.0,0,0,0,0,0,1,72.0,800.0
house,ansals palam vihar,5.7,sector 23,14729.0,3870.0,Plot area 430(359.53 sq.m.)Built Up area: 4550 sq.yards (3804.38 sq.m.)Carpet area: 4450 sq.yards (3720.77 sq.m.),5,5,2,2.0,North-East,Old Property,,4550.0,4450.0,0,0,0,1,0,0,94.0,774.0
flat,sare homes,1.19,sector 92,5219.0,2280.0,Carpet area: 2280 (211.82 sq.m.),4,3,3,14.0,North,Relatively New,,,2280.0,0,1,0,0,0,1,100.0,570.0
flat,smart world orchard,1.55,sector 61,13478.0,1150.0,Super Built up area 1150(106.84 sq.m.),2,2,1,3.0,,Under Construction,1150.0,,,1,0,0,0,0,1,43.0,575.0
flat,signature global the millennia,0.55,sector 37d,9166.0,600.0,Super Built up area 600(55.74 sq.m.),2,2,3,3.0,,New Property,600.0,,,0,0,0,0,0,1,53.0,300.0
flat,signature global park,0.78,sohna,6446.0,1210.0,Carpet area: 1210 (112.41 sq.m.),3,3,3,3.0,South-West,Relatively New,,,1210.0,0,0,0,1,0,1,150.0,403.3333333333333
flat,orris aster court premier,1.5,sector 85,5859.0,2560.0,Super Built up area 2560(237.83 sq.m.)Built Up area: 2017 sq.ft. (187.39 sq.m.)Carpet area: 1800 sq.ft. (167.23 sq.m.),4,5,3+,6.0,West,New Property,2560.0,2017.0,1800.0,0,1,0,0,0,2,28.0,640.0
flat,signature global synera,0.49,sector 81,6666.0,735.0,Super Built up area 735(68.28 sq.m.)Built Up area: 700 sq.ft. (65.03 sq.m.)Carpet area: 635 sq.ft. (58.99 sq.m.),2,2,3,5.0,South,Relatively New,735.0,700.0,635.0,0,0,0,0,0,1,117.0,367.5
flat,emaar mgf the palm drive,3.5,sector 66,15901.0,2201.0,Super Built up area 2201(204.48 sq.m.)Built Up area: 2200 sq.ft. (204.39 sq.m.)Carpet area: 1800 sq.ft. (167.23 sq.m.),3,3,2,4.0,South,Relatively New,2201.0,2200.0,1800.0,1,0,0,0,0,1,89.0,733.6666666666666
flat,tulip violet,1.43,sector 69,8886.0,1609.0,Super Built up area 1608(149.39 sq.m.)Carpet area: 1039 sq.ft. (96.53 sq.m.),3,3,2,1.0,South-West,Relatively New,1608.0,,1039.0,0,0,0,1,0,1,86.0,536.3333333333334
house,international city by sobha phase 2,5.65,sector 109,10463.0,5400.0,Plot area 600(501.68 sq.m.),4,4,3+,2.0,North-East,New Property,,5400.0,,0,1,0,0,1,2,44.0,1350.0
flat,chintels paradiso,2.0,sector 109,7604.0,2630.0,Super Built up area 2630(244.33 sq.m.),4,4,2,11.0,,Relatively New,2630.0,,,0,1,0,1,0,1,64.0,657.5
flat,vatika gurgaon,1.25,sector 83,6313.0,1980.0,Super Built up area 1980(183.95 sq.m.)Built Up area: 1700 sq.ft. (157.94 sq.m.)Carpet area: 1400 sq.ft. (130.06 sq.m.),3,3,2,12.0,North,Moderately Old,1980.0,1700.0,1400.0,0,1,0,0,0,1,95.0,660.0
flat,signature global city,1.1,sector 37d,9838.0,1118.0,Carpet area: 1118 (103.87 sq.m.),2,2,2,4.0,South,Undefined,,,1118.0,0,0,0,0,0,1,59.0,559.0
flat,elan the presidential,6.3,sector 106,15384.0,4095.0,Super Built up area 4095(380.44 sq.m.)Carpet area: 3500 sq.ft. (325.16 sq.m.),5,6,3+,10.0,North-East,Under Construction,4095.0,,3500.0,0,0,0,0,0,2,62.0,819.0
flat,godrej nature plus,1.07,sector-33 sohna,7725.0,1385.0,Super Built up area 1385(128.67 sq.m.),2,2,2,14.0,North-East,Under Construction,1385.0,,,0,0,0,0,0,1,68.0,692.5
flat,shapoorji pallonji joyville gurugram,2.0,sector 102,17729.0,1128.0,Super Built up area 1852(172.06 sq.m.)Built Up area: 1456 sq.ft. (135.27 sq.m.)Carpet area: 1128.09 sq.ft. (104.8 sq.m.),3,3,3+,1.0,South,Relatively New,1852.0,1456.0,1128.09,0,0,1,0,0,1,139.0,376.0
flat,pareena coban residences,1.16,sector 99a,5808.0,1997.0,Super Built up area 1997(185.53 sq.m.)Built Up area: 1790 sq.ft. (166.3 sq.m.)Carpet area: 1420 sq.ft. (131.92 sq.m.),3,3,3,3.0,North-East,Relatively New,1997.0,1790.0,1420.0,0,1,0,0,1,1,49.0,665.6666666666666
flat,"new colony, gurgaon",0.8,sector 7,8100.0,988.0,Carpet area: 990 (91.97 sq.m.),3,2,1,4.0,North-East,Relatively New,,,990.0,0,0,0,0,0,2,69.0,329.3333333333333
flat,tulip orange,1.1,sector 70,8148.0,1350.0,Built Up area: 1350 (125.42 sq.m.)Carpet area: 1080 sq.ft. (100.34 sq.m.),3,2,2,5.0,East,Undefined,,1350.0,1080.0,0,0,0,0,0,1,0.0,450.0
house,,3.5,sector 38,20323.0,1722.0,Plot area 160,3,2,2,1.0,East,Moderately Old,,1712.0,,0,0,0,0,0,1,0.0,574.0
flat,ansal heights 86,1.05,sector 86,5541.0,1895.0,Super Built up area 1895(176.05 sq.m.),3,3,3,9.0,North-East,Under Construction,1895.0,,,0,1,0,0,0,1,0.0,631.6666666666666
flat,pioneer park,2.0,sector 61,11764.0,1700.0,Super Built up area 1700(157.94 sq.m.),3,3,3,24.0,North-West,Moderately Old,1700.0,,,0,0,0,0,0,2,75.0,566.6666666666666
flat,piedmont taksila heights,1.0,sector 37c,6506.0,1537.0,Carpet area: 1537 (142.79 sq.m.),3,3,3+,8.0,,Relatively New,,,1537.0,0,0,0,0,0,2,49.0,512.3333333333334
flat,maxworth city residences,0.8,sector 10a,6400.0,1250.0,Carpet area: 1250 (116.13 sq.m.),2,3,2,9.0,,New Property,,,1250.0,0,0,0,0,0,1,46.0,625.0
flat,emaar mgf emerald floors premier,2.4,sector 65,14545.0,1650.0,Super Built up area 1650(153.29 sq.m.)Built Up area: 1600 sq.ft. (148.64 sq.m.)Carpet area: 1250 sq.ft. (116.13 sq.m.),3,3,3,3.0,East,Relatively New,1650.0,1600.0,1250.0,1,1,0,0,0,2,49.0,550.0
flat,vatika sovereign next,3.85,sector 82a,7500.0,5133.0,Carpet area: 5140 (477.52 sq.m.),5,6,3+,6.0,,New Property,,,5140.0,0,1,0,1,0,1,148.0,1026.6
flat,friends apartment,2.0,sector 52,8510.0,2350.0,Super Built up area 2350(218.32 sq.m.)Carpet area: 1850 sq.ft. (171.87 sq.m.),4,3,3,5.0,North,Moderately Old,2350.0,,1850.0,0,1,0,0,0,0,111.0,587.5
flat,sbtl caladium,1.8,sector 109,7072.0,2545.0,Super Built up area 2545(236.44 sq.m.)Carpet area: 1527 sq.ft. (141.86 sq.m.),3,3,3+,10.0,East,Relatively New,2545.0,,1527.0,0,0,0,0,0,1,174.0,848.3333333333334
house,,0.58,sector 3a phase 2,9619.0,603.0,Plot area 67(6.22 sq.m.),2,2,1,2.0,West,Moderately Old,,67.0,,0,0,0,1,1,1,7.0,301.5
flat,dlf the primus,2.25,sector 82a,10714.0,2100.0,Carpet area: 2100 (195.1 sq.m.),3,3,3+,29.0,East,Relatively New,,,2100.0,0,1,0,0,0,0,72.0,700.0
flat,supertech araville,0.9,sector 79,5883.0,1530.0,Super Built up area 1530(142.14 sq.m.)Built Up area: 1450 sq.ft. (134.71 sq.m.)Carpet area: 1400 sq.ft. (130.06 sq.m.),2,2,3,5.0,,Relatively New,1530.0,1450.0,1400.0,1,0,0,0,0,1,53.0,765.0
house,experion windchants,7.46,sector 112,10260.0,7271.0,Built Up area: 6350 (589.93 sq.m.),4,4,3+,2.0,East,Relatively New,,6350.0,,0,1,0,1,0,2,62.0,1817.75
flat,signature global park,0.87,sohna,7190.0,1210.0,Built Up area: 1210 (112.41 sq.m.)Carpet area: 870 sq.ft. (80.83 sq.m.),3,2,3,4.0,,Undefined,,1210.0,870.0,0,0,0,0,0,1,58.0,403.3333333333333
flat,signature global solera,0.52,sector 107,8062.0,645.0,Carpet area: 645 (59.92 sq.m.),3,2,2,5.0,East,Relatively New,,,645.0,0,0,0,0,1,1,15.0,215.0
flat,dlf belvedere towers,3.7,sector 25,17619.0,2100.0,Carpet area: 2100 (195.1 sq.m.),4,4,3,18.0,North-West,Old Property,,,2100.0,0,1,0,0,0,2,26.0,525.0
house,vatika independent floors,1.4,sector 82,8235.0,1700.0,Plot area 1700(157.94 sq.m.),3,3,2,3.0,North-West,New Property,,1700.0,,0,0,0,1,0,1,61.0,566.6666666666666
flat,tulip violet,1.76,sector 69,9513.0,1850.0,Super Built up area 1850(171.87 sq.m.),3,4,2,0.0,South-West,Relatively New,1850.0,,,0,0,0,0,0,1,157.0,616.6666666666666
flat,allure homes,0.72,sector 12,7272.0,990.0,Carpet area: 990 (91.97 sq.m.),2,2,1,2.0,,Relatively New,,,990.0,0,0,0,0,1,2,16.0,495.0
flat,dlf new town heights,1.9,sector 90,5683.0,3343.0,Super Built up area 2727(253.35 sq.m.),4,4,3+,7.0,North-West,Relatively New,2727.0,,,0,1,0,1,0,1,88.0,835.75
flat,indiabulls centrum park,1.15,sector 103,8679.0,1325.0,Super Built up area 1325(123.1 sq.m.)Carpet area: 865 sq.ft. (80.36 sq.m.),2,2,3,10.0,North-East,Relatively New,1325.0,,865.0,1,0,0,0,0,2,174.0,662.5
flat,dlf the ultima,2.5,sector 81,11726.0,2132.0,Super Built up area 2132(198.07 sq.m.)Built Up area: 1700 sq.ft. (157.94 sq.m.)Carpet area: 1350 sq.ft. (125.42 sq.m.),3,3,2,20.0,West,Relatively New,2132.0,1700.0,1350.0,0,1,0,0,0,0,174.0,710.6666666666666
house,international city by sobha phase 2,6.2,sector 109,25514.0,2430.0,Plot area 270(225.75 sq.m.),5,5,2,2.0,South-West,Relatively New,,2430.0,,0,1,0,0,0,1,135.0,486.0
flat,ashiana anmol,0.99,sohna,8215.0,1205.0,Super Built up area 1205(111.95 sq.m.)Carpet area: 900 sq.ft. (83.61 sq.m.),2,2,2,6.0,East,Under Construction,1205.0,,900.0,0,0,0,0,0,1,49.0,602.5
flat,ss residency,0.48,sector 6,5333.0,900.0,Carpet area: 100 (83.61 sq.m.),3,2,2,2.0,,Moderately Old,,,100.0,0,0,0,0,0,1,54.0,300.0
flat,ild greens,0.95,sector 37c,9223.0,1030.0,Super Built up area 1340(124.49 sq.m.)Carpet area: 1030 sq.ft. (95.69 sq.m.),2,2,3+,11.0,South-West,Relatively New,1340.0,,1030.0,0,0,1,1,0,2,119.0,515.0
flat,pyramid elite,0.45,sector 86,7846.0,574.0,Carpet area: 573.54 (53.28 sq.m.),2,2,1,12.0,,Under Construction,,,573.500592,0,0,0,0,0,1,30.0,287.0
flat,smart world gems,1.2,sector 89,8433.0,1423.0,Built Up area: 1423 (132.2 sq.m.)Carpet area: 920 sq.ft. (85.47 sq.m.),3,3,2,2.0,East,Undefined,,1423.0,920.0,0,0,0,0,0,1,45.0,474.3333333333333
flat,pivotal devaan,0.34,sector 84,7039.0,483.0,Carpet area: 483 (44.87 sq.m.),2,2,1,1.0,East,Relatively New,,,483.0,0,0,1,0,0,2,84.0,241.5
flat,pyramid urban homes 2,0.5,sector 86,9615.0,520.0,Carpet area: 520 (48.31 sq.m.),2,2,1,10.0,,Relatively New,,,520.0,0,0,0,0,0,1,15.0,260.0
house,international city by sobha phase 1,5.9,sector 109,24280.0,2430.0,Plot area 270(225.75 sq.m.),4,5,2,2.0,East,Relatively New,,2430.0,,0,1,0,0,0,2,111.0,607.5
flat,ireo the corridors,1.85,sector 67a,9531.0,1941.0,Built Up area: 1941 (180.32 sq.m.),3,4,3,4.0,East,New Property,,1941.0,,1,0,1,0,0,2,150.0,647.0
flat,hero homes,1.9,sector 104,11249.0,1689.0,Super Built up area 1689(156.91 sq.m.)Carpet area: 1082 sq.ft. (100.52 sq.m.),3,3,3,16.0,,Under Construction,1689.0,,1082.0,0,0,0,1,0,2,103.0,563.0
flat,avl 36 gurgaon,0.75,sector 36a,7500.0,1000.0,Super Built up area 1000(92.9 sq.m.)Carpet area: 727 sq.ft. (67.54 sq.m.),2,2,2,5.0,North-East,Relatively New,1000.0,,727.0,0,0,0,0,0,1,26.0,500.0
flat,experion the heartsong,2.0,sector 108,7196.0,2779.0,Super Built up area 2779(258.18 sq.m.)Built Up area: 2500 sq.ft. (232.26 sq.m.)Carpet area: 2300 sq.ft. (213.68 sq.m.),4,4,3+,10.0,North-East,Relatively New,2779.0,2500.0,2300.0,0,1,0,1,0,2,174.0,694.75
flat,tulip violet,1.32,sector 69,8411.0,1569.0,Super Built up area 1568(145.67 sq.m.),3,3,1,12.0,South-West,Relatively New,1568.0,,,0,0,0,1,0,2,86.0,523.0
flat,lotus homz,0.6,sector 111,8450.0,710.0,Carpet area: 710 (65.96 sq.m.),2,2,3,9.0,East,New Property,,,710.0,0,0,0,0,0,1,52.0,355.0
flat,tulip violet,1.3,sector 69,8283.0,1569.0,Super Built up area 1568(145.67 sq.m.),3,3,1,12.0,South-West,Relatively New,1568.0,,,0,0,0,1,0,1,86.0,523.0
flat,espire south,1.32,sector 68,9050.0,1459.0,Built Up area: 1460 (135.64 sq.m.),2,2,2,9.0,,New Property,,1460.0,,0,0,0,0,0,1,0.0,729.5
flat,silverglades the melia,0.91,sohna,6800.0,1338.0,Super Built up area 1350(125.42 sq.m.),2,2,3,1.0,,New Property,1350.0,,,1,0,0,0,0,1,72.0,669.0
flat,vatika city,1.69,sector 49,8622.0,1960.0,Carpet area: 1960 (182.09 sq.m.),3,3,3,3.0,North,Moderately Old,,,1960.0,0,0,0,1,0,1,136.0,653.3333333333334
flat,parsvnath green ville,2.5,sector 48,12820.0,1950.0,Carpet area: 1950 (181.16 sq.m.),4,5,3,1.0,South-East,Moderately Old,,,1950.0,0,0,0,0,1,2,49.0,487.5
flat,la vida by tata housing,3.05,sector 113,11338.0,2690.0,Super Built up area 2690(249.91 sq.m.)Built Up area: 2600 sq.ft. (241.55 sq.m.)Carpet area: 2240 sq.ft. (208.1 sq.m.),3,4,3,15.0,North-East,New Property,2690.0,2600.0,2240.0,0,1,0,0,0,1,174.0,896.6666666666666
flat,sare crescent parc royal greens phase 1,1.0,sector 92,3713.0,2693.0,Super Built up area 2020(187.66 sq.m.),4,4,3,15.0,,New Property,2020.0,,,0,0,0,0,0,1,31.0,673.25
flat,tulip violet,1.36,sector 69,8841.0,1538.0,Super Built up area 1538(142.88 sq.m.),3,3,1,12.0,North-West,Relatively New,1538.0,,,0,0,0,1,0,1,86.0,512.6666666666666
flat,unitech vistas,0.53,sector 70,4800.0,1104.0,Super Built up area 1095(101.73 sq.m.),2,2,2,9.0,,Under Construction,1095.0,,,0,0,0,0,1,1,24.0,552.0
house,anant raj estates,8.5,sector 63a,27139.0,3132.0,Plot area 348(290.97 sq.m.),6,6,3+,3.0,East,Under Construction,,3132.0,,0,0,1,1,0,1,29.0,522.0
flat,chintels paradiso,1.97,sector 109,7490.0,2630.0,Super Built up area 2630(244.33 sq.m.),4,4,2,11.0,North-East,Relatively New,2630.0,,,0,1,0,1,0,1,49.0,657.5
flat,ireo the corridors,1.8,sector 67a,9370.0,1921.0,Super Built up area 1921(178.47 sq.m.)Carpet area: 1227.96 sq.ft. (114.08 sq.m.),3,3,2,3.0,North,New Property,1921.0,,1227.96,1,0,1,0,0,2,150.0,640.3333333333334
flat,signature global orchard avenue,0.4,sector 93,7359.0,544.0,Carpet area: 543.53 (50.5 sq.m.),2,2,2,11.0,,New Property,,,543.57695,0,0,0,0,0,1,37.0,272.0
flat,dlf new town heights,1.8,sector 91,7679.0,2344.0,Carpet area: 2344 (217.76 sq.m.),4,4,3+,6.0,,Moderately Old,,,2344.0,0,1,0,1,0,1,81.0,586.0
flat,dlf new town heights,1.51,sector 90,6387.0,2364.0,Super Built up area 2364(219.62 sq.m.)Built Up area: 2362 sq.ft. (219.44 sq.m.)Carpet area: 2360 sq.ft. (219.25 sq.m.),4,4,3+,6.0,South,Relatively New,2364.0,2362.0,2360.0,0,1,0,1,0,2,142.0,591.0
flat,krrish provence estate,5.25,sector 2,9051.0,5800.0,Super Built up area 5800(538.84 sq.m.),4,5,3+,2.0,North-East,New Property,5800.0,,,1,1,0,1,0,1,49.0,1450.0
flat,dlf the ultima,3.45,sector 81,12012.0,2872.0,Super Built up area 2872(266.82 sq.m.),4,4,3+,10.0,East,New Property,2872.0,,,0,1,0,0,0,0,165.0,718.0
flat,mapsko mount ville,1.2,sector 79,13837.0,867.0,Super Built up area 1510(140.28 sq.m.)Carpet area: 867.24 sq.ft. (80.57 sq.m.),3,3,3,18.0,North,Relatively New,1510.0,,867.24,1,0,0,1,0,2,160.0,289.0
house,,9.0,sector 13,11111.0,8100.0,Plot area 900(83.61 sq.m.),10,5,3+,4.0,,Old Property,,900.0,,0,0,0,0,0,1,0.0,810.0
flat,signature global park,0.55,sohna,6690.0,822.0,Carpet area: 822 (76.37 sq.m.),2,2,3,3.0,East,Undefined,,,822.0,0,0,0,0,0,1,58.0,411.0
flat,housing apna enclave,0.39,sector 4,4105.0,950.0,Built Up area: 950 (88.26 sq.m.)Carpet area: 750 sq.ft. (69.68 sq.m.),2,2,1,1.0,North-East,Undefined,,950.0,750.0,0,0,0,0,0,1,0.0,475.0
flat,ganga apartment,0.74,sector 11,6040.0,1225.0,Carpet area: 1225 (113.81 sq.m.),3,3,2,0.0,North-East,Relatively New,,,1225.0,0,0,0,0,0,1,62.0,408.3333333333333
flat,smart world gems,1.25,sector 89,8784.0,1423.0,Super Built up area 1423(132.2 sq.m.),3,3,3,2.0,North,Under Construction,1423.0,,,0,0,0,1,0,1,12.0,474.3333333333333
house,unitech espace,7.5,sector 50,34722.0,2160.0,Plot area 240(200.67 sq.m.)Built Up area: 241 sq.yards (201.51 sq.m.)Carpet area: 240 sq.yards (200.67 sq.m.),3,3,2,2.0,West,Moderately Old,,241.0,240.0,0,1,0,0,0,2,66.0,720.0
flat,signature global park,0.56,sohna,6812.0,822.0,Carpet area: 822 (76.37 sq.m.),2,2,3,3.0,South,New Property,,,822.0,0,0,0,0,0,1,111.0,411.0
flat,smart world gems,0.9,sector 89,8145.0,1105.0,Built Up area: 1105 (102.66 sq.m.),2,2,2,1.0,,Undefined,,1105.0,,0,0,0,0,0,1,45.0,552.5
flat,raheja vedaanta,1.5,sector 108,5263.0,2850.0,Built Up area: 2850 (264.77 sq.m.),3,4,0,12.0,,Undefined,,2850.0,,0,0,0,0,0,1,0.0,950.0
flat,ansal heights 86,0.78,sector 86,5735.0,1360.0,Built Up area: 1360 (126.35 sq.m.),2,2,2,8.0,North,New Property,,1360.0,,0,0,0,0,0,1,72.0,680.0
flat,hcbs sports ville,0.29,sohna,3970.0,730.0,Built Up area: 743 (69.03 sq.m.)Carpet area: 519 sq.ft. (48.22 sq.m.),2,2,1,4.0,,Undefined,,743.0,519.0,0,0,0,0,0,1,0.0,365.0
flat,emaar palm gardens,1.55,sector 83,9011.0,1720.0,Super Built up area 1720(159.79 sq.m.)Built Up area: 1400 sq.ft. (130.06 sq.m.)Carpet area: 1095 sq.ft. (101.73 sq.m.),3,3,3,4.0,West,Relatively New,1720.0,1400.0,1095.0,0,1,0,0,0,2,174.0,573.3333333333334
flat,the nav manesar apartment,0.85,sector 1,3953.0,2150.0,Super Built up area 2150(199.74 sq.m.),3,3,3+,5.0,North-East,Moderately Old,2150.0,,,0,1,0,0,0,1,5.0,716.6666666666666
flat,shapoorji pallonji joyville gurugram,1.25,sector 102,9876.0,1266.0,Super Built up area 1215(112.88 sq.m.),2,2,2,0.0,East,Relatively New,1215.0,,,0,0,0,0,0,1,79.0,633.0
flat,ss,1.19,sector 85,7121.0,1671.0,Super Built up area 1671(155.24 sq.m.)Built Up area: 1670 sq.ft. (155.15 sq.m.)Carpet area: 1660 sq.ft. (154.22 sq.m.),2,2,3,11.0,West,Relatively New,1671.0,1670.0,1660.0,0,0,0,0,0,1,49.0,835.5
flat,lord krishna,2.7,sector 12,8571.0,3150.0,Built Up area: 3150 (292.64 sq.m.),4,3,3,6.0,North-East,Undefined,,3150.0,,0,0,0,0,0,1,0.0,787.5
flat,signature global solera,0.37,sector 107,6751.0,548.0,Super Built up area 548(50.91 sq.m.),2,2,1,10.0,South,Relatively New,548.0,,,0,0,0,0,0,1,73.0,274.0
flat,ss the leaf,1.07,sector 85,6524.0,1640.0,Super Built up area 1640(152.36 sq.m.),2,2,3,21.0,South,Relatively New,1640.0,,,0,0,0,1,0,1,67.0,820.0
flat,smart world orchard,2.2,sector 61,13496.0,1630.0,Carpet area: 1630 (151.43 sq.m.),3,3,2,3.0,,Under Construction,,,1630.0,0,0,0,0,0,1,16.0,543.3333333333334
flat,tulip violet,2.0,sector 69,10167.0,1967.0,Carpet area: 1967 (182.74 sq.m.),4,4,1,12.0,,Relatively New,,,1967.0,0,0,0,0,0,1,79.0,491.75
flat,essel towers,2.75,mehrauli  road,12500.0,2200.0,Built Up area: 2200 (204.39 sq.m.),4,5,3+,8.0,East,Old Property,,2200.0,,1,1,0,0,0,0,128.0,550.0
house,,0.6,sector 104 1,5128.0,1170.0,Plot area 130(108.7 sq.m.),4,3,1,2.0,North,Moderately Old,,1170.0,,0,0,0,0,0,1,0.0,292.5
house,,1.1,sector 3a,11111.0,990.0,Built Up area: 990 (91.97 sq.m.),3,4,1,2.0,North,Undefined,,990.0,,0,0,0,0,0,1,0.0,330.0
flat,assotech blith,1.9,sector 99,6702.0,2835.0,Built Up area: 2835 (263.38 sq.m.),4,4,3+,2.0,North-East,Undefined,,2835.0,,0,0,0,0,0,1,51.0,708.75
flat,corona optus,1.44,sector 37c,7250.0,1986.0,Carpet area: 1990 (184.88 sq.m.),3,3,3+,8.0,North-West,New Property,,,1990.0,0,1,0,0,0,1,37.0,662.0
flat,tulip lemon,0.62,sector 69,12863.0,482.0,Carpet area: 482 (44.78 sq.m.),2,2,1,4.0,North-East,Relatively New,,,482.0,0,0,0,0,0,2,108.0,241.0
flat,aipl the peaceful homes,2.55,sector 70a,11860.0,2150.0,Super Built up area 2150(199.74 sq.m.)Built Up area: 2000 sq.ft. (185.81 sq.m.),3,3,3,20.0,North-East,New Property,2150.0,2000.0,,0,1,0,1,1,2,150.0,716.6666666666666
house,,7.35,sector 40,29697.0,2475.0,Plot area 275(229.94 sq.m.),6,4,3+,3.0,North-East,Old Property,,2475.0,,1,1,1,1,0,2,61.0,412.5
flat,experion the heartsong,2.29,sector 108,8240.0,2779.0,Built Up area: 2779 (258.18 sq.m.),4,5,3+,8.0,South,Relatively New,,2779.0,,0,1,0,0,0,1,95.0,694.75
flat,vatika iris floors,0.63,sector 82,5590.0,1127.0,Super Built up area 1134(105.35 sq.m.),2,2,3+,2.0,East,Relatively New,1134.0,,,1,0,0,0,0,1,110.0,563.5
flat,emaar gurgaon greens,1.52,sector 102,9212.0,1650.0,Super Built up area 1650(153.29 sq.m.)Carpet area: 1022.58 sq.ft. (95 sq.m.),3,3,3,7.0,North-West,Relatively New,1650.0,,1022.58,0,1,0,0,0,2,137.0,550.0
flat,railway officers rpf society,1.25,sector 9a,6921.0,1806.0,Carpet area: 1806 (167.78 sq.m.),4,3,3,1.0,South-West,Old Property,,,1806.0,0,1,0,0,0,2,12.0,451.5
house,,0.45,sector 7,5000.0,900.0,Plot area 900(83.61 sq.m.),3,2,1,2.0,North-West,Old Property,,900.0,,0,0,0,0,1,1,12.0,300.0
flat,ansal api sushant estate,0.29,sector 52,11600.0,250.0,Carpet area: 250 (23.23 sq.m.),1,1,0,0.0,,Moderately Old,,,250.0,0,0,0,0,0,2,49.0,250.0
flat,orchid island,1.7,sector 51,10651.0,1596.0,Carpet area: 1596 (148.27 sq.m.),3,4,3,2.0,West,Moderately Old,,,1596.0,0,0,1,1,0,1,90.0,532.0
flat,antriksh heights,0.88,sector 84,4821.0,1825.0,Super Built up area 1825(169.55 sq.m.),3,3,3,16.0,,Relatively New,1825.0,,,0,0,0,1,0,1,67.0,608.3333333333334
flat,eldeco accolade,1.1,sohna,7549.0,1457.0,Super Built up area 1457(135.36 sq.m.),2,2,3+,17.0,,Relatively New,1457.0,,,1,0,0,0,1,2,7.0,728.5
flat,karmyogi apartment,2.3,sector 10a,6467.0,3557.0,Carpet area: 3556 (330.36 sq.m.),6,4,2,6.0,,Moderately Old,,,3556.0,0,0,0,0,0,1,0.0,592.8333333333334
flat,trisara our homes 3,0.38,sohna,6312.0,602.0,Built Up area: 602 (55.93 sq.m.),2,2,2,1.0,,Undefined,,602.0,,0,0,0,0,0,1,0.0,301.0
flat,breez global heights,0.46,sohna,6478.0,710.0,Carpet area: 710 (65.96 sq.m.),2,2,2,6.0,East,Relatively New,,,710.0,0,0,0,0,0,0,49.0,355.0
house,,1.65,sector 9,18333.0,900.0,Built Up area: 900 (83.61 sq.m.),2,3,No,3.0,,Undefined,,900.0,,0,0,0,0,0,1,0.0,450.0
flat,paras dews,1.15,sector 106,6534.0,1760.0,Super Built up area 1760(163.51 sq.m.)Built Up area: 1186 sq.ft. (110.18 sq.m.)Carpet area: 1130 sq.ft. (104.98 sq.m.),3,4,3+,12.0,East,Relatively New,1760.0,1186.0,1130.0,1,1,0,0,0,2,174.0,586.6666666666666
flat,emaar mgf emerald floors premier,2.79,sector 65,14126.0,1975.0,Carpet area: 1975 (183.48 sq.m.),4,4,3+,2.0,South-West,Relatively New,,,1975.0,1,1,0,0,0,0,174.0,493.75
house,,0.95,new sector 23 phase 1,10555.0,900.0,Plot area 900(83.61 sq.m.),3,2,2,3.0,South-East,Old Property,,900.0,,0,0,1,0,0,1,16.0,300.0
flat,the close north,3.0,sector 50,11516.0,2605.0,Super Built up area 2605(242.01 sq.m.),3,3,3+,14.0,North,Old Property,2605.0,,,0,1,0,0,0,2,121.0,868.3333333333334
flat,signature global city 92,0.78,sector 92,8047.0,969.0,Super Built up area 1197(111.2 sq.m.),2,2,2,2.0,,New Property,1197.0,,,0,0,0,0,0,2,47.0,484.5
house,ansal celebrity homes,5.2,sector 23,10000.0,5200.0,Built Up area: 5200 (483.1 sq.m.)Carpet area: 4000 sq.ft. (371.61 sq.m.),4,5,2,1.0,,Undefined,,5200.0,4000.0,0,0,0,0,0,1,0.0,1300.0
flat,bestech park view spa next,3.32,sector 67,12599.0,2635.0,Super Built up area 2635(244.8 sq.m.),4,5,3+,12.0,West,Moderately Old,2635.0,,,0,1,0,0,0,2,174.0,658.75
house,experion windchants,7.99,sector 112,12519.0,6382.0,Built Up area: 6382 (592.91 sq.m.),4,6,3,2.0,South-East,New Property,,6382.0,,0,1,1,1,0,2,129.0,1595.5
flat,paras dews,0.95,sector 106,6859.0,1385.0,Super Built up area 1385(128.67 sq.m.)Built Up area: 940 sq.ft. (87.33 sq.m.)Carpet area: 845 sq.ft. (78.5 sq.m.),2,2,3+,2.0,North,Relatively New,1385.0,940.0,845.0,0,0,0,0,0,1,49.0,692.5
flat,mapsko mount ville,1.25,sector 79,8389.0,1490.0,Carpet area: 1490 (138.43 sq.m.),3,3,3+,16.0,North,Relatively New,,,1490.0,0,0,0,0,0,2,49.0,496.6666666666667
flat,emaar imperial gardens,1.7,sector 102,8395.0,2025.0,Super Built up area 2025(188.13 sq.m.)Built Up area: 1750 sq.ft. (162.58 sq.m.)Carpet area: 1600 sq.ft. (148.64 sq.m.),3,4,3+,8.0,North-East,Relatively New,2025.0,1750.0,1600.0,0,1,0,1,0,2,174.0,675.0
flat,emaar mgf emerald floors premier,2.9,sector 65,14683.0,1975.0,Carpet area: 1975 (183.48 sq.m.),4,4,0,0.0,North,Relatively New,,,1975.0,0,0,1,0,0,1,50.0,493.75
flat,assotech blith,1.9,sector 99,6702.0,2835.0,Built Up area: 2835 (263.38 sq.m.),4,4,3+,2.0,North-East,Undefined,,2835.0,,0,0,0,0,0,1,51.0,708.75
flat,ansal sushant lok ci,2.0,sector 43,15151.0,1320.0,Carpet area: 1320 (122.63 sq.m.),3,3,2,1.0,North,Old Property,,,1320.0,0,1,0,0,0,0,15.0,440.0
house,,3.5,sector 14,18088.0,1935.0,Plot area 215(179.77 sq.m.)Built Up area: 214 sq.yards (178.93 sq.m.)Carpet area: 180 sq.yards (150.5 sq.m.),6,4,2,2.0,West,Old Property,,214.0,180.0,0,0,0,0,1,2,27.0,322.5
flat,emaar imperial gardens,1.98,sector 102,9900.0,2000.0,Carpet area: 2000 (185.81 sq.m.),3,3,3+,9.0,North,Relatively New,,,2000.0,0,1,0,0,0,2,72.0,666.6666666666666
flat,supertech basera,0.36,sector 79,7643.0,471.0,Built Up area: 546 (50.73 sq.m.)Carpet area: 471 sq.ft. (43.76 sq.m.),2,2,1,4.0,,New Property,,546.0,471.0,0,0,0,0,0,1,60.0,235.5
flat,shree vardhman victoria,1.23,sector 70,9111.0,1350.0,Super Built up area 1350(125.42 sq.m.),2,2,3,1.0,North-East,Relatively New,1350.0,,,1,0,0,0,0,1,43.0,675.0
house,,10.0,sector 25,37037.0,2700.0,Plot area 300(250.84 sq.m.),5,6,3,3.0,North,Old Property,,2700.0,,0,1,1,0,0,2,64.0,540.0
flat,dlf the skycourt,1.54,sector 86,9221.0,1670.0,Super Built up area 1929(179.21 sq.m.)Built Up area: 1780 sq.ft. (165.37 sq.m.)Carpet area: 1670 sq.ft. (155.15 sq.m.),3,3,3+,15.0,North-West,Relatively New,1929.0,1780.0,1670.0,0,1,0,0,0,1,174.0,556.6666666666666
flat,ss the leaf,2.2,sector 85,11178.0,1968.0,Super Built up area 2812(261.24 sq.m.)Built Up area: 2390 sq.ft. (222.04 sq.m.)Carpet area: 1968 sq.ft. (182.83 sq.m.),4,5,3+,4.0,West,Relatively New,2812.0,2390.0,1968.0,0,1,0,1,0,1,174.0,492.0
house,,9.0,sector 28,27778.0,3240.0,Plot area 360(301.01 sq.m.),6,7,3+,3.0,North,Moderately Old,,3240.0,,1,1,1,1,0,1,67.0,540.0
house,bptp astaire gardens,6.5,sector 70a,27873.0,2332.0,Plot area 299(250 sq.m.),4,4,3+,2.0,North-East,New Property,,299.0,,1,1,0,1,0,2,160.0,583.0
flat,ashiana anmol,1.1,sector 33,8627.0,1275.0,Built Up area: 1275 (118.45 sq.m.)Carpet area: 795 sq.ft. (73.86 sq.m.),2,2,2,4.0,North-East,Undefined,,1275.0,795.0,0,0,0,0,0,1,0.0,637.5
flat,ats kocoon,2.95,sector 109,10350.0,2850.0,Built Up area: 3150 (292.64 sq.m.)Carpet area: 2850 sq.ft. (264.77 sq.m.),4,4,3+,7.0,South-East,Relatively New,,3150.0,2850.0,0,1,1,0,0,2,158.0,712.5
house,,5.75,c block sector 43,29716.0,1935.0,Plot area 215(179.77 sq.m.),4,4,2,2.0,North,Old Property,,1935.0,,0,1,1,1,0,1,34.0,483.75
flat,cancon enclave,1.05,sector 4,7777.0,1350.0,Carpet area: 1350 (125.42 sq.m.),3,2,2,2.0,,New Property,,,1350.0,0,0,0,0,0,2,0.0,450.0
flat,pivotal devaan,0.35,sector 84,7246.0,483.0,Carpet area: 483 (44.87 sq.m.),2,2,2,4.0,East,Relatively New,,,483.0,0,0,0,0,0,1,37.0,241.5
flat,lavanya apartments,0.9,sector 81,5056.0,1780.0,Built Up area: 1780 (165.37 sq.m.),3,3,0,7.0,,Undefined,,1780.0,,0,0,0,0,0,1,0.0,593.3333333333334
flat,signature global solera,0.25,sector 107,7862.0,318.0,Built Up area: 318 (29.54 sq.m.),1,1,0,0.0,,Undefined,,318.0,,0,0,0,0,0,1,55.0,318.0
flat,imperia the esfera,0.98,sector 37c,5399.0,1815.0,Super Built up area 1815(168.62 sq.m.)Carpet area: 1510 sq.ft. (140.28 sq.m.),3,4,3,9.0,South-West,Relatively New,1815.0,,1510.0,0,1,0,0,1,1,49.0,605.0
flat,paras dews,1.17,sector 106,6647.0,1760.0,Super Built up area 1760(163.51 sq.m.)Built Up area: 1186 sq.ft. (110.18 sq.m.)Carpet area: 1130 sq.ft. (104.98 sq.m.),3,4,3+,12.0,West,Relatively New,1760.0,1186.0,1130.0,0,1,0,0,0,1,49.0,586.6666666666666
flat,tulip ivory,2.1,sector 70,8750.0,2400.0,Super Built up area 2400(222.97 sq.m.)Carpet area: 1850 sq.ft. (171.87 sq.m.),4,5,3+,5.0,West,Moderately Old,2400.0,,1850.0,0,1,0,0,0,2,120.0,600.0
flat,ats tourmaline,1.75,sector 109,10000.0,1750.0,Super Built up area 1750(162.58 sq.m.)Built Up area: 1466 sq.ft. (136.2 sq.m.)Carpet area: 1460 sq.ft. (135.64 sq.m.),3,3,3,4.0,,New Property,1750.0,1466.0,1460.0,0,0,0,0,0,1,31.0,583.3333333333334
flat,bptp terra,1.55,sector 37d,8558.0,1811.0,Super Built up area 1811(168.25 sq.m.),3,3,3+,11.0,South,Relatively New,1811.0,,,0,0,0,0,0,1,79.0,603.6666666666666
flat,godrej summit,1.3,sector 104,7893.0,1647.0,Super Built up area 1647(153.01 sq.m.),3,3,3,8.0,,New Property,1647.0,,,0,0,0,0,1,1,103.0,549.0
flat,ats triumph,1.85,sector 104,8078.0,2290.0,Super Built up area 2290(212.75 sq.m.),3,3,3+,24.0,East,Relatively New,2290.0,,,0,1,0,0,0,1,174.0,763.3333333333334
flat,shree vardhman flora,1.25,sector 90,4854.0,2575.0,Super Built up area 2575(239.23 sq.m.),4,5,2,8.0,South,Relatively New,2575.0,,,1,1,0,0,0,1,165.0,643.75
flat,radhakrishna society,0.55,sector 23a,5000.0,1100.0,Super Built up area 1100(102.19 sq.m.),2,2,1,1.0,West,Moderately Old,1100.0,,,0,0,0,0,0,2,29.0,550.0
flat,experion windchants,5.6,sector 112,11529.0,4857.0,Super Built up area 4857(451.23 sq.m.)Built Up area: 3662.34 sq.ft. (340.24 sq.m.),4,6,3+,15.0,North-East,Moderately Old,4857.0,3662.34,,0,1,0,0,0,2,157.0,1214.25
flat,microtek greenburg,1.25,sector 86,8445.0,1480.0,Super Built up area 1480(137.5 sq.m.),2,2,3,13.0,West,Moderately Old,1480.0,,,1,0,0,0,0,1,6.0,740.0
house,,0.29,sector 88,3254.0,891.0,Plot area 891(82.78 sq.m.),2,1,No,0.0,West,Old Property,,891.0,,0,0,0,0,0,1,0.0,445.5
flat,signature global city 81,0.96,sector 81,9767.0,983.0,Carpet area: 1075 (99.87 sq.m.),2,2,2,1.0,,Under Construction,,,1075.0,0,0,0,0,0,1,49.0,491.5
flat,emaar mgf the palm drive,2.99,sector 66,14950.0,2000.0,Super Built up area 2000(185.81 sq.m.)Built Up area: 1800 sq.ft. (167.23 sq.m.)Carpet area: 1500 sq.ft. (139.35 sq.m.),3,3,3,7.0,East,Relatively New,2000.0,1800.0,1500.0,0,1,0,0,0,2,49.0,666.6666666666666
flat,la vida by tata housing,3.0,sector 113,14285.0,2100.0,Super Built up area 2691(250 sq.m.)Built Up area: 2460 sq.ft. (228.54 sq.m.)Carpet area: 2100 sq.ft. (195.1 sq.m.),3,3,3+,3.0,East,Relatively New,2691.0,2460.0,2100.0,0,1,0,0,0,1,167.0,700.0
flat,pyramid urban homes 2,0.43,sector 86,8582.0,501.0,Carpet area: 501 (46.54 sq.m.),2,2,1,6.0,North-East,New Property,,,501.0,0,0,0,0,1,1,72.0,250.5
flat,dlf new town heights,1.9,sector 90,6967.0,2727.0,Super Built up area 2727(253.35 sq.m.)Carpet area: 2300 sq.ft. (213.68 sq.m.),4,4,3+,19.0,North-East,Relatively New,2727.0,,2300.0,0,1,1,0,0,2,174.0,681.75
house,,8.0,sector 56,9654.0,8287.0,Plot area 362(33.63 sq.m.)Built Up area: 8286 sq.ft. (769.79 sq.m.),10,10,3+,4.0,,Relatively New,,8286.0,,1,1,0,1,0,0,107.0,828.7
flat,mvn athens,0.24,sohna,4210.0,570.0,Super Built up area 570(52.95 sq.m.),2,2,1,12.0,,Relatively New,570.0,,,0,0,0,0,0,1,38.0,285.0
flat,m3m woodshire,1.7,sector 107,6141.0,2768.0,Super Built up area 2768(257.16 sq.m.),4,5,3+,9.0,South,Relatively New,2768.0,,,0,1,0,0,0,1,79.0,692.0
flat,landmark the residency,0.9,sector 103,6666.0,1350.0,Super Built up area 1350(125.42 sq.m.),2,2,2,1.0,South-West,Relatively New,1350.0,,,0,0,0,0,0,1,44.0,675.0
flat,dlf park place,4.85,sector 54,25867.0,1875.0,Super Built up area 1875(174.19 sq.m.),3,4,3+,25.0,South-East,Relatively New,1875.0,,,0,1,0,0,0,2,26.0,625.0
flat,dlf the arbour,7.8,sector 63,19747.0,3950.0,Built Up area: 3950 (366.97 sq.m.),4,4,0,6.0,,Undefined,,3950.0,,0,0,0,0,0,1,61.0,987.5
flat,godrej summit,0.82,sector 104,9854.0,832.0,Carpet area: 77.31,2,2,3,12.0,,Relatively New,,,77.31,1,0,0,0,0,1,120.0,416.0
flat,bptp pedestal,1.6,sector 70a,10158.0,1575.0,Carpet area: 1575 (146.32 sq.m.),3,3,3,2.0,North-East,New Property,,,1575.0,0,1,0,0,1,1,77.0,525.0
flat,experion the heartsong,2.08,sector 108,9904.0,2100.0,Built Up area: 2631 (244.43 sq.m.)Carpet area: 2100 sq.ft. (195.1 sq.m.),4,4,3+,3.0,East,Relatively New,,2631.0,2100.0,0,1,0,0,0,1,126.0,525.0
flat,ansal heights 86,0.64,sector 86,4706.0,1360.0,Built Up area: 1360 (126.35 sq.m.),2,2,1,3.0,,New Property,,1360.0,,0,0,0,0,0,1,73.0,680.0
flat,dlf the ultima,3.5,sector 81,11686.0,2995.0,Super Built up area 2995(278.24 sq.m.)Carpet area: 2200 sq.ft. (204.39 sq.m.),4,5,3+,7.0,North-East,Relatively New,2995.0,,2200.0,0,1,0,0,0,0,174.0,748.75
flat,vatika lifestyle homes,1.15,sector 83,8214.0,1400.0,Super Built up area 1832(170.2 sq.m.)Carpet area: 1400 sq.ft. (130.06 sq.m.),3,3,1,7.0,South-West,Moderately Old,1832.0,,1400.0,0,0,0,0,0,2,95.0,466.6666666666667
flat,ss the leaf,1.19,sector 83,7225.0,1647.0,Super Built up area 1640(152.36 sq.m.)Built Up area: 1630 sq.ft. (151.43 sq.m.)Carpet area: 1620 sq.ft. (150.5 sq.m.),2,2,3,4.0,South-East,Relatively New,1640.0,1630.0,1620.0,0,0,0,0,0,1,49.0,823.5
flat,shree vardhman victoria,1.1,sector 70,8461.0,1300.0,Carpet area: 1300 (120.77 sq.m.),2,2,2,8.0,North-East,Relatively New,,,1300.0,0,0,0,0,0,1,101.0,650.0
flat,the arzoo cghs,2.1,sector 51,9130.0,2300.0,Built Up area: 2300 (213.68 sq.m.),4,4,3,1.0,,Relatively New,,2300.0,,0,0,0,0,0,1,58.0,575.0
flat,avl 36 gurgaon,0.37,sector 36a,10539.0,351.0,Super Built up area 352(32.7 sq.m.),1,1,1,3.0,North,Relatively New,352.0,,,0,0,0,0,0,2,88.0,351.0
flat,vatika independent floors,0.67,sector 82,5826.0,1150.0,Built Up area: 1150 (106.84 sq.m.),2,2,3,2.0,,Moderately Old,,1150.0,,0,0,0,0,0,1,53.0,575.0
flat,abhinav group housing society,1.1,sector 61,6111.0,1800.0,Carpet area: 1800 (167.23 sq.m.),3,2,3,5.0,,Old Property,,,1800.0,0,0,0,0,0,1,42.0,600.0
house,ardee city,2.25,sector 52,16071.0,1400.0,Plot area 2160(200.67 sq.m.)Built Up area: 1800 sq.ft. (167.23 sq.m.)Carpet area: 1400 sq.ft. (130.06 sq.m.),3,3,3,4.0,South-East,New Property,,1800.0,1400.0,0,1,0,0,0,2,22.0,466.6666666666667
house,,8.9,sector 26,32963.0,2700.0,Plot area 300(250.84 sq.m.),4,4,3+,2.0,South-East,Old Property,,2700.0,,1,1,1,1,0,1,82.0,675.0
flat,ss the leaf,1.85,sector 85,6578.0,2812.0,Super Built up area 2812(261.24 sq.m.),4,5,3+,1.0,North-West,Relatively New,2812.0,,,0,0,0,0,0,1,95.0,703.0
house,not applicable,0.65,sector 3a,13000.0,500.0,Plot area 500(46.45 sq.m.),2,1,1,3.0,East,Moderately Old,,500.0,,0,0,0,0,0,1,7.0,250.0
flat,sare homes,1.25,sector 92,6200.0,2016.0,Built Up area: 2040 (189.52 sq.m.),4,3,0,16.0,,Under Construction,,2040.0,,0,0,0,0,0,1,49.0,504.0
flat,raheja sampada,0.7,sector 92,4453.0,1572.0,Built Up area: 1572 (146.04 sq.m.),3,3,0,7.0,,Undefined,,1572.0,,0,0,0,0,0,1,0.0,524.0
house,,6.0,sector 26,33333.0,1800.0,Plot area 200(167.23 sq.m.),3,5,3+,3.0,,Old Property,,1800.0,,0,0,0,0,0,2,9.0,600.0
flat,ramprastha the edge towers,0.71,sector 37d,5420.0,1310.0,Super Built up area 1310(121.7 sq.m.)Built Up area: 1100 sq.ft. (102.19 sq.m.)Carpet area: 1000 sq.ft. (92.9 sq.m.),2,2,3,10.0,South-East,New Property,1310.0,1100.0,1000.0,0,0,0,0,1,1,38.0,655.0
flat,ireo uptown,1.5,sector 66,11219.0,1337.0,Super Built up area 1337(124.21 sq.m.)Built Up area: 1330 sq.ft. (123.56 sq.m.)Carpet area: 1050 sq.ft. (97.55 sq.m.),2,3,3,1.0,South,Relatively New,1337.0,1330.0,1050.0,0,1,0,0,1,2,79.0,668.5
flat,breez global heights,0.21,sohna,5329.0,394.0,Carpet area: 394 (36.6 sq.m.),1,1,1,2.0,,Relatively New,,,394.0,0,0,0,0,0,1,21.0,394.0
flat,apna enclave,0.55,sector 3,5789.0,950.0,Super Built up area 950(88.26 sq.m.)Built Up area: 900 sq.ft. (83.61 sq.m.)Carpet area: 744 sq.ft. (69.12 sq.m.),2,2,2,2.0,North-East,Old Property,950.0,900.0,744.0,0,0,0,0,0,1,66.0,475.0
flat,unitech sunbreeze,0.74,sector 69,5500.0,1345.0,Super Built up area 1337(124.21 sq.m.),3,3,1,10.0,,Under Construction,1337.0,,,0,1,0,0,0,1,60.0,448.3333333333333
flat,umang winter hills,0.92,sector 77,5049.0,1822.0,Super Built up area 1822(169.27 sq.m.)Carpet area: 1400 sq.ft. (130.06 sq.m.),3,3,3,17.0,North-East,Relatively New,1822.0,,1400.0,0,0,0,0,1,2,49.0,607.3333333333334
flat,tulip violet,1.76,sector 69,8756.0,2010.0,Super Built up area 2010(186.74 sq.m.),4,4,2,6.0,North,Relatively New,2010.0,,,0,0,0,0,0,1,108.0,502.5
flat,indiabulls enigma,3.49,sector 110,10264.0,3400.0,Super Built up area 3400(315.87 sq.m.),4,5,3,7.0,North-West,Relatively New,3400.0,,,0,1,0,0,0,1,165.0,850.0
flat,shree vardhman flora,0.75,sector 90,5769.0,1300.0,Carpet area: 1300 (120.77 sq.m.),2,2,3,8.0,North-East,Undefined,,,1300.0,0,0,0,0,0,1,60.0,650.0
flat,whiteland the aspen,3.35,sector 76,17615.0,1902.0,Carpet area: 1900 (176.52 sq.m.),3,4,3+,5.0,North-East,Under Construction,,,1900.0,0,1,0,0,0,0,151.0,634.0
flat,imperia aashiyara,0.4,sector 37c,5882.0,680.0,Carpet area: 680 (63.17 sq.m.),2,2,3,3.0,,Under Construction,,,680.0,0,0,0,0,0,1,126.0,340.0
flat,dhoot time residency,3.0,sector 63,18271.0,1642.0,Built Up area: 1642 (152.55 sq.m.)Carpet area: 1500 sq.ft. (139.35 sq.m.),3,3,3+,14.0,,Relatively New,,1642.0,1500.0,0,1,0,0,0,2,0.0,547.3333333333334
flat,eldeco accolade,0.78,sohna,5422.0,1439.0,Super Built up area 1457(135.36 sq.m.),2,2,2,7.0,North,Relatively New,1457.0,,,1,0,0,0,0,2,137.0,719.5
flat,dlf the skycourt,1.5,sector 86,7894.0,1900.0,Super Built up area 1900(176.52 sq.m.),3,3,1,16.0,East,Relatively New,1900.0,,,0,0,0,0,1,1,49.0,633.3333333333334
flat,ansal api esencia,1.2,sector 67,7407.0,1620.0,Carpet area: 180 (150.5 sq.m.),3,3,2,1.0,,Undefined,,,180.0,0,0,0,0,0,1,49.0,540.0
flat,gls avenue 51,0.5,sector 92,7812.0,640.0,Super Built up area 640(59.46 sq.m.),3,3,1,0.0,,Relatively New,640.0,,,0,0,0,0,0,1,0.0,213.33333333333334
house,palam vihar extension west zone rwa,0.35,sector 23 extension,6481.0,540.0,Plot area 600(55.74 sq.m.)Carpet area: 540 sq.ft. (50.17 sq.m.),2,2,No,1.0,North-East,New Property,,,540.0,0,0,0,0,0,1,0.0,270.0
flat,vatika city,1.98,sector 49,9074.0,2182.0,Super Built up area 2182(202.71 sq.m.)Built Up area: 1750.75 sq.ft. (162.65 sq.m.)Carpet area: 1670 sq.ft. (155.15 sq.m.),3,4,3,9.0,South-East,Moderately Old,2182.0,1750.75,1670.0,0,1,0,0,0,2,101.0,727.3333333333334
flat,sare crescent parc royal greens phase 1,0.75,sector 92,4325.0,1734.0,Built Up area: 1734 (161.09 sq.m.),4,4,3+,3.0,East,Relatively New,,1734.0,,0,0,0,0,0,1,93.0,433.5
house,,0.85,sector 3a,7522.0,1130.0,Built Up area: 1130 (104.98 sq.m.),3,3,No,1.0,,Undefined,,1130.0,,0,0,0,0,0,1,0.0,376.6666666666667
flat,signature global park,0.78,sohna,6404.0,1218.0,Carpet area: 1210 (112.41 sq.m.),3,3,3,1.0,South-East,Relatively New,,,1210.0,0,0,0,1,0,1,150.0,406.0
flat,smart world gems,1.2,sector 89,8432.0,1423.0,Carpet area: 1423 (132.2 sq.m.),3,3,2,2.0,North-East,New Property,,,1423.0,0,0,0,0,0,1,44.0,474.3333333333333
flat,supertech hill town,1.5,sector-2 sohna,8720.0,1720.0,Carpet area: 1720 (159.79 sq.m.),3,3,3+,3.0,East,Under Construction,,,1720.0,0,0,0,0,0,1,46.0,573.3333333333334
flat,experion the heartsong,2.28,sector 108,8204.0,2779.0,Super Built up area 2779(258.18 sq.m.),4,5,3+,8.0,North,Relatively New,2779.0,,,0,0,0,0,0,1,101.0,694.75
flat,bestech park view grand spa,2.3,sector 81,8646.0,2660.0,Super Built up area 2660(247.12 sq.m.)Built Up area: 2280 sq.ft. (211.82 sq.m.)Carpet area: 1950 sq.ft. (181.16 sq.m.),3,4,3+,7.0,East,Relatively New,2660.0,2280.0,1950.0,0,1,0,0,0,2,49.0,886.6666666666666
flat,bhawna cghs,3.25,sector 43,10156.0,3200.0,Super Built up area 3200(297.29 sq.m.)Carpet area: 3000 sq.ft. (278.71 sq.m.),4,4,3+,12.0,,Moderately Old,3200.0,,3000.0,0,0,0,1,0,2,119.0,800.0
flat,orchid petals,4.52,sector 49,10984.0,4115.0,Super Built up area 4115(382.3 sq.m.),5,5,3+,14.0,West,Moderately Old,4115.0,,,1,1,0,1,0,1,49.0,823.0
flat,ss the leaf,1.22,sector 85,13318.0,916.0,Super Built up area 1772(164.62 sq.m.)Built Up area: 1300 sq.ft. (120.77 sq.m.)Carpet area: 916 sq.ft. (85.1 sq.m.),2,2,3,16.0,North-East,Relatively New,1772.0,1300.0,916.0,0,0,1,0,0,1,81.0,458.0
flat,shree vardhman flora,0.7,sector 90,5325.0,1315.0,Super Built up area 1352(125.6 sq.m.)Built Up area: 1350 sq.ft. (125.42 sq.m.),2,2,3,9.0,East,New Property,1352.0,1350.0,,1,0,0,0,0,1,60.0,657.5
house,,13.2,sector 50,27155.0,4861.0,Built Up area: 4861 (451.6 sq.m.),6,6,No,2.0,,Undefined,,4861.0,,0,0,0,0,0,1,0.0,810.1666666666666
flat,sobha city,2.95,sector 108,14727.0,2003.0,Super Built up area 2003(186.08 sq.m.)Built Up area: 1600 sq.ft. (148.64 sq.m.)Carpet area: 1400 sq.ft. (130.06 sq.m.),3,4,2,12.0,East,Relatively New,2003.0,1600.0,1400.0,0,0,0,0,0,1,49.0,667.6666666666666
flat,m3m golfestate,4.94,sector 65,16233.0,3043.0,Super Built up area 3043(282.7 sq.m.),3,4,3,15.0,North-East,Moderately Old,3043.0,,,0,1,0,0,0,1,165.0,1014.3333333333334
flat,indiabulls enigma,3.79,sector 110,9895.0,3830.0,Super Built up area 3830(355.82 sq.m.),5,5,3,4.0,South-West,Relatively New,3830.0,,,0,1,0,0,1,1,125.0,766.0
flat,central park flower valley aqua front towers,1.7,sector-33 sohna,9449.0,1799.0,Super Built up area 1799(167.13 sq.m.)Carpet area: 1590 sq.ft. (147.72 sq.m.),3,3,3+,5.0,East,New Property,1799.0,,1590.0,0,0,0,0,0,2,44.0,599.6666666666666
flat,godrej habitat,1.3,sector 3,9002.0,1444.0,Carpet area: 1444 (134.15 sq.m.),2,2,2,6.0,,Under Construction,,,1444.0,0,0,0,0,0,1,36.0,722.0
flat,ss the leaf,1.2,sector 85,9677.0,1240.0,Super Built up area 1772(164.62 sq.m.)Carpet area: 1240 sq.ft. (115.2 sq.m.),2,2,3+,9.0,East,Relatively New,1772.0,,1240.0,0,0,1,0,0,1,148.0,620.0
house,,3.25,sector 31,22429.0,1449.0,Plot area 161(134.62 sq.m.),4,4,3+,3.0,,Moderately Old,,1449.0,,1,1,1,1,0,2,29.0,362.25
flat,chd avenue,1.12,sector 71,6215.0,1802.0,Super Built up area 1802(167.41 sq.m.),3,4,3,0.0,South-East,Moderately Old,1802.0,,,0,1,0,0,0,1,65.0,600.6666666666666
house,,1.55,sohna,14720.0,1053.0,Plot area 117(97.83 sq.m.),2,3,2,1.0,North,New Property,,1053.0,,1,0,0,1,0,2,49.0,526.5
flat,m3m skycity,3.0,sector 65,16411.0,1828.0,Super Built up area 1828(169.83 sq.m.),3,3,3,17.0,East,Under Construction,1828.0,,,0,0,0,0,0,1,99.0,609.3333333333334
flat,bptp amstoria,1.9,sector 102,8444.0,2250.0,Super Built up area 2727(253.35 sq.m.)Built Up area: 2500 sq.ft. (232.26 sq.m.)Carpet area: 2250 sq.ft. (209.03 sq.m.),3,3,3+,1.0,North-East,Relatively New,2727.0,2500.0,2250.0,0,1,0,0,0,1,174.0,750.0
flat,takshila heights sector 37 c,0.67,new,5583.0,1200.0,Super Built up area 1200(111.48 sq.m.),2,2,2,3.0,,Relatively New,1200.0,,,0,0,0,0,0,1,23.0,600.0
flat,indiabulls enigma,4.25,sector 110,10953.0,3880.0,Super Built up area 3880(360.46 sq.m.),5,5,3+,4.0,East,Relatively New,3880.0,,,0,1,0,0,0,1,101.0,776.0
flat,emaar palm gardens,1.75,sector 83,9210.0,1900.0,Super Built up area 1900(176.52 sq.m.)Built Up area: 1600 sq.ft. (148.64 sq.m.)Carpet area: 1240 sq.ft. (115.2 sq.m.),3,3,3,6.0,West,Relatively New,1900.0,1600.0,1240.0,0,1,0,0,0,2,150.0,633.3333333333334
flat,breez global hill view,0.3,sohna,5124.0,585.0,Carpet area: 585.41 (54.39 sq.m.),2,2,1,11.0,North,New Property,,,585.448521,0,0,0,0,0,1,91.0,292.5
flat,park royal apartment,1.85,sector 56,9024.0,2050.0,Carpet area: 2050 (190.45 sq.m.),3,4,3,7.0,,Old Property,,,2050.0,0,1,0,0,0,1,72.0,683.3333333333334
flat,unitech uniworld gardens,2.4,sector 47,11505.0,2086.0,Super Built up area 2086(193.8 sq.m.),3,3,3+,10.0,,Moderately Old,2086.0,,,0,1,0,0,0,2,120.0,695.3333333333334
flat,m3m merlin,3.5,sector 67,14843.0,2358.0,Super Built up area 2358(219.07 sq.m.),3,4,3+,15.0,South,Relatively New,2358.0,,,0,1,0,0,0,2,158.0,786.0
flat,mapsko casa bella,1.75,sector 82,6903.0,2535.0,Built Up area: 2535 (235.51 sq.m.)Carpet area: 1960 sq.ft. (182.09 sq.m.),4,5,3+,1.0,West,Undefined,,2535.0,1960.0,0,0,0,0,0,1,54.0,633.75
flat,paras dews,1.28,sector 106,7272.0,1760.0,Super Built up area 1760(163.51 sq.m.)Built Up area: 1186 sq.ft. (110.18 sq.m.)Carpet area: 1130 sq.ft. (104.98 sq.m.),3,4,3+,24.0,North-West,Relatively New,1760.0,1186.0,1130.0,0,1,0,0,0,1,49.0,586.6666666666666
flat,umang winter hills,1.35,sector 77,7780.0,1735.0,Super Built up area 1735(161.19 sq.m.)Carpet area: 1199 sq.ft. (111.39 sq.m.),3,3,3+,7.0,,New Property,1735.0,,1199.0,0,0,1,0,0,2,96.0,578.3333333333334
flat,godrej oasis,1.5,sector 88a,8108.0,1850.0,Super Built up area 1850(171.87 sq.m.),3,3,3+,11.0,North-East,New Property,1850.0,,,0,0,0,0,0,1,39.0,616.6666666666666
house,,9.0,sector 25,33333.0,2700.0,Plot area 300(250.84 sq.m.),5,5,3,3.0,North,Old Property,,2700.0,,1,1,1,1,0,1,56.0,540.0
flat,maa bhagwati residency,0.45,sector 7,5000.0,900.0,Carpet area: 900 (83.61 sq.m.),2,2,1,4.0,West,Relatively New,,,900.0,0,0,0,0,0,1,28.0,450.0
flat,orris carnation residency,0.9,sector 85,4531.0,1986.0,Super Built up area 1975(183.48 sq.m.)Built Up area: 1575 sq.ft. (146.32 sq.m.)Carpet area: 1435 sq.ft. (133.32 sq.m.),4,4,3,8.0,East,Moderately Old,1975.0,1575.0,1435.0,0,0,0,0,0,2,40.0,496.5
house,,1.15,sector 7,8518.0,1350.0,Plot area 150(125.42 sq.m.),5,3,2,2.0,North-East,Old Property,,1350.0,,0,0,0,1,0,1,15.0,270.0
flat,sare crescent parc royal greens phase 1,1.25,sector 92,5832.0,2143.0,Super Built up area 2143(199.09 sq.m.),4,4,3,20.0,East,Relatively New,2143.0,,,0,1,0,0,0,1,60.0,535.75
flat,m3m heights,2.1,sector 65,16653.0,1261.0,Super Built up area 1261(117.15 sq.m.)Carpet area: 800 sq.ft. (74.32 sq.m.),2,2,3,8.0,,New Property,1261.0,,800.0,0,0,0,0,0,1,31.0,630.5
house,dlf city phase 1,5.5,sector 26,30556.0,1800.0,Plot area 200(167.23 sq.m.),4,4,3,2.0,North-East,Moderately Old,,1800.0,,1,1,0,1,0,1,69.0,450.0
flat,ireo the corridors,2.08,sector 67a,12044.0,1727.0,Super Built up area 1727(160.44 sq.m.),3,3,2,6.0,,Under Construction,1727.0,,,0,0,0,0,1,1,55.0,575.6666666666666
flat,emaar mgf the palm drive,1.51,sector 66,15130.0,998.0,Super Built up area 1200(111.48 sq.m.)Built Up area: 1188 sq.ft. (110.37 sq.m.)Carpet area: 998 sq.ft. (92.72 sq.m.),2,2,2,5.0,North,Relatively New,1200.0,1188.0,998.0,0,0,0,1,0,2,82.0,499.0
flat,pareena laxmi apartments,0.3,sector 99a,5424.0,553.0,Super Built up area 553(51.38 sq.m.)Carpet area: 470 sq.ft. (43.66 sq.m.),2,1,2,5.0,North,New Property,553.0,,470.0,0,0,0,0,0,1,66.0,276.5
flat,tulip ivory,2.35,sector 70,9791.0,2400.0,Carpet area: 2400 (222.97 sq.m.),4,4,3+,8.0,West,Moderately Old,,,2400.0,0,1,0,0,0,1,108.0,600.0
house,spaze privy,3.09,sector 72,6981.0,4426.0,Built Up area: 3653 (339.37 sq.m.)Carpet area: 2922 sq.ft. (271.46 sq.m.),5,5,3+,14.0,East,Relatively New,,3653.0,2922.0,0,1,0,0,0,2,33.0,885.2
flat,umang monsoon breeze,0.8,sector 78,4836.0,1654.0,Super Built up area 1654(153.66 sq.m.)Built Up area: 1472 sq.ft. (136.75 sq.m.)Carpet area: 1310 sq.ft. (121.7 sq.m.),3,2,2,7.0,South,Moderately Old,1654.0,1472.0,1310.0,0,0,0,1,0,1,102.0,551.3333333333334
flat,emaar palm heights,1.79,sector 77,8839.0,2025.0,Super Built up area 2025(188.13 sq.m.)Built Up area: 1600 sq.ft. (148.64 sq.m.)Carpet area: 1548 sq.ft. (143.81 sq.m.),3,3,3,1.0,North-East,New Property,2025.0,1600.0,1548.0,0,1,0,0,0,2,49.0,675.0
flat,antriksh heights,0.94,sector 84,7000.0,1343.0,Super Built up area 1350(125.42 sq.m.),3,2,3+,10.0,,New Property,1350.0,,,1,0,0,0,0,2,89.0,447.6666666666667
flat,puri diplomatic greens,3.45,sector 111,11694.0,2950.0,Super Built up area 2950(274.06 sq.m.),4,5,3+,9.0,North-East,Relatively New,2950.0,,,0,1,0,0,0,1,68.0,737.5
flat,la vida by tata housing,2.85,sector 113,12855.0,2217.0,Super Built up area 2217(205.97 sq.m.),3,3,3+,10.0,East,New Property,2217.0,,,0,1,0,0,0,1,72.0,739.0
flat,ireo victory valley,3.49,sector 67,13000.0,2685.0,Carpet area: 2452 (227.8 sq.m.),3,3,3,19.0,South-East,Relatively New,,,2452.0,0,1,0,0,0,1,103.0,895.0
flat,ats triumph,2.0,sector 104,8733.0,2290.0,Super Built up area 2290(212.75 sq.m.),3,4,3+,4.0,,Relatively New,2290.0,,,0,1,0,0,0,1,60.0,763.3333333333334
flat,dlf new town heights,1.42,sector 90,4864.0,2919.0,Super Built up area 2364(219.62 sq.m.),4,4,3+,8.0,East,Moderately Old,2364.0,,,0,1,1,0,0,1,31.0,729.75
flat,bestech park view grand spa,2.35,sector 81,8834.0,2660.0,Super Built up area 2660(247.12 sq.m.)Carpet area: 2356 sq.ft. (218.88 sq.m.),3,4,3+,6.0,North-East,Relatively New,2660.0,,2356.0,0,1,0,0,0,2,101.0,886.6666666666666
flat,sare green parc phase 3,1.1,sector 92,6875.0,1600.0,Carpet area: 1600 (148.64 sq.m.),4,3,2,12.0,North,New Property,,,1600.0,0,0,0,0,0,1,15.0,400.0
flat,trisara our homes 3,0.36,sohna,5980.0,602.0,Super Built up area 602(55.93 sq.m.)Carpet area: 450 sq.ft. (41.81 sq.m.),2,2,1,1.0,,New Property,602.0,,450.0,0,0,0,0,0,1,45.0,301.0
flat,experion windchants,3.29,sector 112,11741.0,2802.0,Super Built up area 2802(260.31 sq.m.)Built Up area: 2225.56 sq.ft. (206.76 sq.m.),3,3,3+,2.0,South,Relatively New,2802.0,2225.56,,0,1,0,0,0,2,152.0,934.0
house,international city by sobha phase 1,5.5,sector 109,21605.0,2546.0,Plot area 270(225.75 sq.m.),4,4,3+,2.0,North-East,New Property,,2430.0,,0,1,0,0,0,1,61.0,636.5
flat,m3m woodshire,0.8,sector 107,5856.0,1366.0,Super Built up area 1366(126.91 sq.m.),2,2,3+,7.0,North-East,Relatively New,1366.0,,,0,0,0,0,0,2,165.0,683.0
house,,2.0,manesar,14954.0,1337.0,Plot area 1337.4(124.25 sq.m.),3,1,No,3.0,North,Moderately Old,,1337.4,,0,0,0,0,0,1,16.0,445.6666666666667
flat,professors enclave cghs,1.54,sector 56,8324.0,1850.0,Super Built up area 2000(185.81 sq.m.)Built Up area: 1920 sq.ft. (178.37 sq.m.)Carpet area: 1850 sq.ft. (171.87 sq.m.),3,3,2,6.0,South,Old Property,2000.0,1920.0,1850.0,0,1,0,1,0,2,104.0,616.6666666666666
flat,hero homes,1.35,sector 104,9565.0,1411.0,Super Built up area 1359(126.26 sq.m.)Carpet area: 861.97 sq.ft. (80.08 sq.m.),3,2,2,18.0,East,New Property,1359.0,,861.97,0,0,0,0,0,1,49.0,470.3333333333333
flat,ansals highland park,1.2,dwarka expressway,6185.0,1940.0,Built Up area: 1940 (180.23 sq.m.),3,3,3+,4.0,,Under Construction,,1940.0,,0,1,0,0,0,1,0.0,646.6666666666666
flat,m3m skywalk,1.55,sector 74,13790.0,1124.0,Super Built up area 1406(130.62 sq.m.)Built Up area: 1300 sq.ft. (120.77 sq.m.)Carpet area: 1124 sq.ft. (104.42 sq.m.),2,2,3+,18.0,South,Relatively New,1406.0,1300.0,1124.0,0,0,0,0,1,1,137.0,562.0
flat,tulip violet,1.3,sector 69,8445.0,1539.0,Super Built up area 1538(142.88 sq.m.),3,3,1,12.0,West,Relatively New,1538.0,,,0,0,0,1,0,2,94.0,513.0
flat,smart world orchard,1.5,sector 61,12500.0,1200.0,Carpet area: 1200 (111.48 sq.m.),2,2,2,2.0,North,Under Construction,,,1200.0,1,0,0,0,0,1,49.0,600.0
flat,shree vardhman flora,0.65,sector 90,6789.0,957.0,Super Built up area 1350(125.42 sq.m.)Built Up area: 1050 sq.ft. (97.55 sq.m.)Carpet area: 950 sq.ft. (88.26 sq.m.),2,2,3,9.0,South-East,Relatively New,1350.0,1050.0,950.0,1,0,0,0,0,1,67.0,478.5
flat,tulip orange,1.0,sector 70,10309.0,970.0,Carpet area: 970 (90.12 sq.m.),3,2,2,3.0,,Moderately Old,,,970.0,0,0,0,0,0,1,58.0,323.3333333333333
flat,indiabulls centrum park,2.45,sector 103,8521.0,2875.0,Super Built up area 2875(267.1 sq.m.),4,6,3,5.0,,Relatively New,2875.0,,,0,1,0,0,0,1,38.0,718.75
flat,ambience creacions,1.99,sector 22,14420.0,1380.0,Super Built up area 1380(128.21 sq.m.)Built Up area: 1285 sq.ft. (119.38 sq.m.)Carpet area: 1280 sq.ft. (118.92 sq.m.),2,2,2,9.0,North-East,New Property,1380.0,1285.0,1280.0,1,1,0,1,0,1,20.0,690.0
flat,shri ram apartments,0.46,sector 3a,5111.0,900.0,Carpet area: 900 (83.61 sq.m.),2,2,1,1.0,East,Relatively New,,,900.0,0,0,0,0,0,2,69.0,450.0
house,,8.5,sector 43,31481.0,2700.0,Plot area 300(250.84 sq.m.),5,5,3,3.0,West,Moderately Old,,2700.0,,0,1,0,0,0,2,113.0,540.0
flat,unitech greenwood city,2.4,sector 45,12346.0,1944.0,Super Built up area 216(180.6 sq.m.),3,3,2,1.0,North-West,New Property,216.0,,,0,1,0,0,0,2,19.0,648.0
flat,orris carnation residency,0.9,sector 85,6428.0,1400.0,Super Built up area 1485(137.96 sq.m.)Built Up area: 1402 sq.ft. (130.25 sq.m.)Carpet area: 1400 sq.ft. (130.06 sq.m.),3,3,2,12.0,,Relatively New,1485.0,1402.0,1400.0,0,0,0,0,0,1,120.0,466.6666666666667
flat,emaar gurgaon greens,1.45,sector 102,8787.0,1650.0,Super Built up area 1650(153.29 sq.m.)Built Up area: 1300 sq.ft. (120.77 sq.m.)Carpet area: 1100 sq.ft. (102.19 sq.m.),3,3,3,8.0,North-East,Relatively New,1650.0,1300.0,1100.0,0,1,0,0,0,1,49.0,550.0
flat,signature global grand iva,0.5,sector 103,6667.0,750.0,Built Up area: 750 (69.68 sq.m.)Carpet area: 605 sq.ft. (56.21 sq.m.),2,2,0,10.0,North,Undefined,,750.0,605.0,0,0,0,0,0,1,0.0,375.0
flat,bhagwati sadan,1.15,sector 12,5500.0,2091.0,Built Up area: 2000 (185.81 sq.m.),3,4,2,2.0,,Old Property,,2000.0,,0,1,0,0,1,1,0.0,697.0
house,,7.5,sector 82,23148.0,3240.0,Plot area 360(301.01 sq.m.),5,5,3+,2.0,East,Relatively New,,3240.0,,0,1,0,1,0,2,135.0,648.0
flat,signature global city,1.25,sector 37d,6082.0,2055.0,Carpet area: 2055 (190.92 sq.m.),3,3,3,4.0,,Under Construction,,,2055.0,0,0,0,0,0,1,16.0,685.0
house,shivaji nagar residential,3.08,sector 11,11407.0,2700.0,Built Up area: 2700 (250.84 sq.m.),6,4,2,1.0,,Undefined,,2700.0,,0,0,0,0,0,1,0.0,450.0
flat,emaar mgf emerald floors premier,3.5,sector 65,17721.0,1975.0,Super Built up area 1975(183.48 sq.m.),4,4,3,4.0,East,Relatively New,1975.0,,,0,1,0,0,0,2,114.0,493.75
flat,signature global solera,0.28,sector 107,5725.0,489.0,Carpet area: 489 (45.43 sq.m.),2,2,2,10.0,South,Relatively New,,,489.0,0,0,0,0,0,1,38.0,244.5
flat,maxworth city residences,0.9,sector 10a,7083.0,1271.0,Super Built up area 1200(111.48 sq.m.),2,2,3,9.0,East,New Property,1200.0,,,0,0,0,0,1,1,52.0,635.5
flat,m3m woodshire,0.8,sector 107,5856.0,1366.0,Super Built up area 1366(126.91 sq.m.),2,2,3+,14.0,,New Property,1366.0,,,0,0,0,0,0,1,67.0,683.0
flat,surbhi apartment,3.2,sector 3,12264.0,2609.0,Built Up area: 2650 (246.19 sq.m.)Carpet area: 2000 sq.ft. (185.81 sq.m.),4,3,3,6.0,East,Old Property,,2650.0,2000.0,0,0,0,0,0,1,44.0,652.25
house,,3.6,sector 91,14815.0,2430.0,Plot area 270(225.75 sq.m.),4,4,3,2.0,North-East,New Property,,2430.0,,0,0,0,0,0,2,49.0,607.5
house,,10.0,sector 25,37037.0,2700.0,Plot area 2700(250.84 sq.m.)Built Up area: 9500 sq.ft. (882.58 sq.m.)Carpet area: 9000 sq.ft. (836.13 sq.m.),5,5,3+,3.0,East,Moderately Old,,9500.0,9000.0,0,1,0,1,0,0,29.0,540.0
flat,dlf trinity towers,3.8,sector 43,15510.0,2450.0,Built Up area: 2450 (227.61 sq.m.),3,3,3+,1.0,South-East,Moderately Old,,2450.0,,0,1,0,1,0,2,68.0,816.6666666666666
house,sobha city,10.5,sector 108,14323.0,7331.0,Built Up area: 7331 (681.07 sq.m.),5,4,3+,1.0,East,Undefined,,7331.0,,0,0,0,0,0,1,59.0,1466.2
house,,0.95,sector 104,7280.0,1305.0,Plot area 145(121.24 sq.m.),2,6,3+,3.0,,Old Property,,1305.0,,0,0,0,0,0,1,0.0,652.5
flat,apna enclave,0.5,sector 5,7692.0,650.0,Carpet area: 650 (60.39 sq.m.),2,2,1,1.0,West,Old Property,,,650.0,0,0,0,0,0,2,37.0,325.0
flat,the crew bos chs manesar,0.85,manesar,3695.0,2300.0,Carpet area: 2300 (213.68 sq.m.),3,3,2,2.0,East,Moderately Old,,,2300.0,0,0,0,0,0,1,44.0,766.6666666666666
flat,signature the roselia,0.41,sector 95a,7293.0,562.0,Built Up area: 670 (62.25 sq.m.)Carpet area: 569 sq.ft. (52.86 sq.m.),2,2,2,12.0,South,New Property,,670.0,569.0,0,0,0,0,0,2,93.0,281.0
flat,m3m heights,2.44,sector 65,13300.0,1835.0,Super Built up area 1828(169.83 sq.m.),3,3,2,7.0,,Under Construction,1828.0,,,0,0,0,0,0,1,31.0,611.6666666666666
flat,ild grand,1.2,sector 37c,6593.0,1820.0,Super Built up area 1820(169.08 sq.m.),3,3,3,7.0,,Under Construction,1820.0,,,0,0,0,0,0,1,24.0,606.6666666666666
flat,pivotal devaan,0.27,sector 84,7964.0,339.0,Super Built up area 439(40.78 sq.m.)Carpet area: 339 sq.ft. (31.49 sq.m.),1,1,1,13.0,North-East,Relatively New,439.0,,339.0,0,0,0,0,0,0,45.0,339.0
flat,bestech park view residency,0.95,sector 23,6709.0,1416.0,Carpet area: 1416 (131.55 sq.m.),2,2,3,10.0,North-East,Old Property,,,1416.0,0,0,0,0,0,2,88.0,708.0
flat,ireo victory valley,4.55,sector 67,14536.0,3130.0,Super Built up area 3130(290.79 sq.m.),4,4,3+,19.0,South,Relatively New,3130.0,,,0,1,0,0,0,2,156.0,782.5
house,,1.1,sector 61,8148.0,1350.0,Plot area 150(13.94 sq.m.),2,2,1,,,Old Property,,150.0,,0,0,0,0,1,1,0.0,675.0
flat,bestech park view residency,0.98,sector 23,6261.0,1565.0,Super Built up area 1565(145.39 sq.m.),2,2,3,14.0,South-West,Moderately Old,1565.0,,,1,0,0,0,0,1,92.0,782.5
flat,tata primanti,4.1,sector 72,14100.0,2908.0,Super Built up area 2905(269.88 sq.m.),4,5,3+,39.0,,New Property,2905.0,,,0,1,0,0,1,1,103.0,727.0
flat,shapoorji pallonji joyville gurugram,1.8,sector 102,10638.0,1692.0,Super Built up area 1692(157.19 sq.m.),3,3,3,5.0,North,Relatively New,1692.0,,,0,0,0,0,0,1,49.0,564.0
flat,hsiidc sidco aravali,0.81,sector 1 imt manesar,3129.0,2589.0,Super Built up area 2588(240.43 sq.m.)Built Up area: 1900 sq.ft. (176.52 sq.m.)Carpet area: 1877 sq.ft. (174.38 sq.m.),3,3,3+,2.0,South-West,Moderately Old,2588.0,1900.0,1877.0,0,1,0,0,0,1,74.0,863.0
flat,antriksh green,2.25,sector 45,7826.0,2875.0,Carpet area: 2875 (267.1 sq.m.),4,4,2,9.0,North,Old Property,,,2875.0,0,1,0,0,0,0,23.0,718.75
flat,puri emerald bay,1.58,sector 104,9117.0,1733.0,Super Built up area 1700(157.94 sq.m.),2,3,3,11.0,North-East,Relatively New,1700.0,,,0,1,0,0,0,1,101.0,866.5
flat,hsiidc sidco shivalik apartments,0.6,sector 1 imt manesar,4000.0,1500.0,Super Built up area 1500(139.35 sq.m.)Carpet area: 1077 sq.ft. (100.06 sq.m.),3,2,2,5.0,South-East,Moderately Old,1500.0,,1077.0,0,0,0,0,0,1,80.0,500.0
flat,m3m golfestate,7.0,sector 65,18181.0,3850.0,Carpet area: 3850 (357.68 sq.m.),3,3,2,12.0,North,Moderately Old,,,3850.0,0,0,1,0,0,1,60.0,1283.3333333333333
flat,m3m golfestate,6.1,sector 65,18138.0,3363.0,Super Built up area 3363(312.43 sq.m.)Carpet area: 2710 sq.ft. (251.77 sq.m.),3,3,3,19.0,North-East,Moderately Old,3363.0,,2710.0,1,1,0,0,0,2,174.0,1121.0
flat,eden landmark,0.5,manesar,3847.0,1300.0,Built Up area: 1300 (120.77 sq.m.),2,2,0,7.0,,Under Construction,,1300.0,,0,0,0,0,0,1,0.0,650.0
flat,mvn athens,0.24,sohna,7056.0,340.0,Carpet area: 340.09 (31.6 sq.m.),1,1,1,12.0,West,Relatively New,,,340.13924000000003,0,0,0,0,0,1,66.0,340.0
flat,m3m merlin,3.4,sector 67,14418.0,2358.0,Super Built up area 2358(219.07 sq.m.),3,4,3+,16.0,West,Relatively New,2358.0,,,0,1,0,0,0,2,158.0,786.0
flat,emaar gurgaon greens,1.4,sector 102,8484.0,1650.0,Super Built up area 1650(153.29 sq.m.),3,3,3,4.0,North,Relatively New,1650.0,,,0,1,0,0,0,2,83.0,550.0
flat,lotus homz,0.7,sector 111,10057.0,696.0,Carpet area: 696 (64.66 sq.m.),2,2,2,8.0,East,Relatively New,,,696.0,0,0,0,0,0,1,68.0,348.0
house,ashok vihar phase 3 gurgaon,0.95,sector 3,8878.0,1070.0,Plot area 1070(99.41 sq.m.),4,3,2,1.0,East,Old Property,,1070.0,,0,0,0,0,0,1,8.0,267.5
house,,5.25,c block sector 43,27132.0,1935.0,Plot area 215(179.77 sq.m.),4,4,2,2.0,,Old Property,,1935.0,,1,1,0,0,0,2,80.0,483.75
flat,breez global heights,0.24,sector 36,5825.0,412.0,Carpet area: 412 (38.28 sq.m.),1,1,1,8.0,,New Property,,,412.0,0,0,0,0,0,1,57.0,412.0
flat,shree vardhman victoria,1.65,sector 70,8461.0,1950.0,Carpet area: 1950 (181.16 sq.m.),3,3,2,6.0,North-West,Relatively New,,,1950.0,1,0,0,0,0,1,72.0,650.0
flat,aqua front towers,2.5,sector 32,11715.0,2134.0,Built Up area: 2134 (198.26 sq.m.),3,4,3,1.0,,Undefined,,2134.0,,0,0,0,0,0,1,0.0,711.3333333333334
flat,experion windchants,5.2,sector 112,10726.0,4848.0,Super Built up area 4848(450.39 sq.m.)Built Up area: 3655.35 sq.ft. (339.59 sq.m.)Carpet area: 3500 sq.ft. (325.16 sq.m.),4,6,3+,15.0,East,Relatively New,4848.0,3655.35,3500.0,0,1,0,1,0,2,174.0,1212.0
flat,ardee city,1.55,sector 52,7381.0,2100.0,Built Up area: 2100 (195.1 sq.m.)Carpet area: 1600 sq.ft. (148.64 sq.m.),4,4,3,1.0,,Moderately Old,,2100.0,1600.0,0,0,0,0,0,1,0.0,525.0
flat,corona gracieux,1.08,sector 76,5510.0,1960.0,Super Built up area 1960(182.09 sq.m.),3,3,3,1.0,,New Property,1960.0,,,0,1,0,0,0,1,58.0,653.3333333333334
flat,bestech park view sanskruti,2.0,sector 92,8333.0,2400.0,Super Built up area 2475(229.94 sq.m.)Carpet area: 2400 sq.ft. (222.97 sq.m.),4,5,3+,12.0,North,Relatively New,2475.0,,2400.0,0,1,0,0,0,2,60.0,600.0
flat,tulip monsella,6.02,sector 53,20816.0,2892.0,Built Up area: 2892 (268.68 sq.m.),3,3,3,29.0,,Under Construction,,2892.0,,0,0,0,0,0,1,68.0,964.0
house,,2.55,sector 23,16378.0,1557.0,Plot area 173(144.65 sq.m.),3,3,2,2.0,South,Old Property,,1557.0,,0,0,0,0,0,1,8.0,519.0
house,,7.85,a block sector 43,29074.0,2700.0,Plot area 300(250.84 sq.m.),9,9,3+,3.0,West,Relatively New,,2700.0,,1,1,0,1,1,0,49.0,300.0
flat,imperia the esfera,0.99,sector 37c,5500.0,1800.0,Super Built up area 1815(168.62 sq.m.),3,3,1,10.0,North-East,New Property,1815.0,,,0,1,0,0,0,1,49.0,600.0
flat,aipl zen residences,1.82,sector 70a,10996.0,1655.0,Super Built up area 1655(153.75 sq.m.)Built Up area: 1600 sq.ft. (148.64 sq.m.)Carpet area: 1550 sq.ft. (144 sq.m.),3,3,3,12.0,South,Relatively New,1655.0,1600.0,1550.0,0,0,0,0,0,1,108.0,551.6666666666666
flat,mvn athens,0.25,sohna,5189.0,482.0,Carpet area: 481.73 (44.75 sq.m.),2,2,1,3.0,East,Relatively New,,,481.684525,0,0,0,0,0,1,51.0,241.0
flat,wings apartment,1.2,sector 9,6666.0,1800.0,Carpet area: 1800 (167.23 sq.m.),4,3,2,4.0,South-East,Moderately Old,,,1800.0,0,0,0,0,0,2,23.0,450.0
house,dlf city plots,13.5,sector 26,29880.0,4518.0,Plot area 502(419.74 sq.m.),5,5,2,2.0,East,Moderately Old,,4518.0,,1,1,0,0,1,2,104.0,903.6
flat,shyam apartment,0.26,sector 5,3714.0,700.0,Super Built up area 700(65.03 sq.m.)Carpet area: 530 sq.ft. (49.24 sq.m.),2,1,2,2.0,,Relatively New,700.0,,530.0,0,0,0,0,0,1,0.0,350.0
flat,whiteland  the aspen,3.5,sector 76,11917.0,2937.0,Built Up area: 2937 (272.86 sq.m.)Carpet area: 1762 sq.ft. (163.7 sq.m.),3,4,3,8.0,,Undefined,,2937.0,1762.0,0,0,0,0,0,1,0.0,979.0
flat,pareena coban residences,1.13,sector 99a,5658.0,1997.0,Super Built up area 1997(185.53 sq.m.)Built Up area: 1790 sq.ft. (166.3 sq.m.)Carpet area: 1500 sq.ft. (139.35 sq.m.),3,5,3,5.0,East,Relatively New,1997.0,1790.0,1500.0,0,1,0,0,1,1,49.0,665.6666666666666
flat,antriksh heights,0.9,sector 84,4931.0,1825.0,Super Built up area 1825(169.55 sq.m.),3,3,3,11.0,South,Relatively New,1825.0,,,0,0,0,0,0,1,87.0,608.3333333333334
flat,tulip violet,1.28,sector 69,8111.0,1578.0,Super Built up area 1578(146.6 sq.m.),3,3,2,12.0,South-West,Relatively New,1578.0,,,0,0,0,1,0,2,49.0,526.0
flat,ss,2.1,sector 85,7467.0,2812.0,Super Built up area 2812(261.24 sq.m.)Built Up area: 2600 sq.ft. (241.55 sq.m.)Carpet area: 2400 sq.ft. (222.97 sq.m.),4,4,3,2.0,North-West,Relatively New,2812.0,2600.0,2400.0,0,0,0,0,0,1,49.0,703.0
house,ansal florence super,3.75,sector 57,23148.0,1620.0,Plot area 180(150.5 sq.m.)Carpet area: 300 sq.yards (250.84 sq.m.),3,4,3,2.0,,Moderately Old,,,300.0,1,1,1,0,0,2,38.0,540.0
flat,eldeco accolade,0.95,sohna,6554.0,1449.0,Super Built up area 1457(135.36 sq.m.)Carpet area: 849 sq.ft. (78.87 sq.m.),2,2,3,8.0,North-East,Under Construction,1457.0,,849.0,1,0,0,0,0,1,42.0,724.5
house,,19.5,sector 23,27083.0,7200.0,Plot area 800(668.9 sq.m.),8,9,3+,2.0,North,New Property,,7200.0,,1,1,0,1,0,1,122.0,900.0
house,,2.15,sector 43,13030.0,1650.0,Built Up area: 1650 (153.29 sq.m.),1,1,No,1.0,,Undefined,,1650.0,,0,0,0,0,0,1,0.0,1650.0
flat,pareena mi casa,0.92,sector 68,7389.0,1245.0,Super Built up area 1245(115.66 sq.m.),2,2,3,5.0,West,Under Construction,1245.0,,,0,0,0,0,1,1,50.0,622.5
flat,eldeco accolade,1.35,sohna,6136.0,2200.0,Carpet area: 2200 (204.39 sq.m.),3,3,3,2.0,,New Property,,,2200.0,0,1,0,0,0,1,72.0,733.3333333333334
flat,bestech park view grand spa,2.25,sector 81,8458.0,2660.0,Super Built up area 2660(247.12 sq.m.)Built Up area: 2300 sq.ft. (213.68 sq.m.)Carpet area: 2100 sq.ft. (195.1 sq.m.),3,4,3+,8.0,West,Relatively New,2660.0,2300.0,2100.0,1,1,1,0,0,2,122.0,886.6666666666666
flat,ss the leaf,1.25,sector 85,7179.0,1741.0,Super Built up area 1741(161.74 sq.m.)Built Up area: 1730 sq.ft. (160.72 sq.m.)Carpet area: 1720 sq.ft. (159.79 sq.m.),2,2,3,10.0,South-East,Relatively New,1741.0,1730.0,1720.0,0,0,0,0,0,1,49.0,870.5
flat,gls arawali homes,0.35,sohna,6076.0,576.0,Super Built up area 576(53.51 sq.m.)Carpet area: 480.53 sq.ft. (44.64 sq.m.),2,2,2,11.0,,Relatively New,576.0,,480.53,0,0,0,0,0,1,64.0,288.0
flat,conscient heritage max,1.82,sector 102,9011.0,2020.0,Super Built up area 1942(180.42 sq.m.),3,4,3+,12.0,North-East,Relatively New,1942.0,,,0,1,0,0,0,1,101.0,673.3333333333334
house,dlf city plots,18.0,sector 26,39841.0,4518.0,Plot area 502(419.74 sq.m.),6,6,2,3.0,North,Old Property,,4518.0,,0,1,0,1,1,2,49.0,753.0
house,,4.6,sector 56,21296.0,2160.0,Plot area 240(200.67 sq.m.),3,3,3+,2.0,North,Old Property,,2160.0,,0,1,1,1,0,2,37.0,720.0
flat,bestech park view residency,1.02,sector 23,7208.0,1415.0,Super Built up area 1415(131.46 sq.m.),2,2,3,11.0,South-West,Moderately Old,1415.0,,,0,0,0,0,0,1,92.0,707.5
flat,chd avenue,1.16,sector 71,6655.0,1743.0,Super Built up area 1743(161.93 sq.m.),3,3,3,5.0,South-West,Moderately Old,1743.0,,,0,1,0,0,0,2,73.0,581.0
flat,smart world orchard,2.6,sector 61,14723.0,1766.0,Super Built up area 1630(151.43 sq.m.),3,3,2,2.0,,New Property,1630.0,,,0,0,0,0,0,1,47.0,588.6666666666666
flat,umang monsoon breeze,1.15,sector 78,5284.0,2176.0,Super Built up area 2176(202.16 sq.m.),3,3,3,9.0,,Moderately Old,2176.0,,,0,1,0,0,1,1,22.0,725.3333333333334
house,,1.55,sector 7,13889.0,1116.0,Plot area 120(100.34 sq.m.),2,2,2,1.0,East,Moderately Old,,1080.0,,0,0,0,0,0,2,52.0,558.0
flat,essel towers,2.2,mehrauli  road,12500.0,1760.0,Carpet area: 1760 (163.51 sq.m.),3,4,3+,3.0,,Undefined,,,1760.0,0,0,0,0,0,1,0.0,586.6666666666666
house,,3.5,sector 17,24306.0,1440.0,Built Up area: 160 (14.86 sq.m.),2,6,3+,3.0,North-West,Undefined,,160.0,,0,0,0,0,0,1,0.0,720.0
house,international city by sobha phase 2,10.0,sector 109,27778.0,3600.0,Plot area 400(334.45 sq.m.),4,5,3+,2.0,East,New Property,,3600.0,,1,1,0,1,1,2,49.0,900.0
flat,rof ananda,0.32,sector 95,5736.0,558.0,Carpet area: 549.16 (51.02 sq.m.),2,2,1,10.0,North,Relatively New,,,549.174178,0,0,0,1,0,2,50.0,279.0
flat,parsvnath exotica,5.0,sector 53,17271.0,2895.0,Super Built up area 2895(268.95 sq.m.)Built Up area: 2500 sq.ft. (232.26 sq.m.)Carpet area: 2200 sq.ft. (204.39 sq.m.),3,4,3+,8.0,North-East,Relatively New,2895.0,2500.0,2200.0,0,1,0,1,1,2,49.0,965.0
flat,mahindra aura,2.25,sector 110 a,9266.0,2428.0,Super Built up area 2428(225.57 sq.m.)Built Up area: 2350 sq.ft. (218.32 sq.m.)Carpet area: 2050 sq.ft. (190.45 sq.m.),4,4,3+,2.0,South-West,Relatively New,2428.0,2350.0,2050.0,0,1,0,0,0,1,152.0,607.0
flat,puri diplomatic greens,3.9,sector 111,13000.0,3000.0,Super Built up area 3000(278.71 sq.m.)Carpet area: 2950 sq.ft. (274.06 sq.m.),4,5,3+,6.0,North-East,Relatively New,3000.0,,2950.0,0,1,0,0,0,0,160.0,750.0
flat,central park resorts,11.25,sector 48,28266.0,3980.0,Carpet area: 3980 (369.75 sq.m.),4,5,3+,2.0,North-West,Relatively New,,,3980.0,0,1,0,1,0,1,45.0,995.0
house,,1.8,sector 39,21875.0,823.0,Plot area 900(83.61 sq.m.)Built Up area: 800 sq.ft. (74.32 sq.m.)Carpet area: 720 sq.ft. (66.89 sq.m.),1,1,2,3.0,North-East,Relatively New,,800.0,720.0,0,0,0,0,0,1,0.0,823.0
flat,dlf carlton estate,2.0,sector 43,14214.0,1407.0,Super Built up area 1407(130.71 sq.m.),3,3,2,5.0,South-West,Moderately Old,1407.0,,,0,0,0,0,0,1,65.0,469.0
house,,2.5,sector 23,16056.0,1557.0,Plot area 173(144.65 sq.m.),4,4,2,4.0,West,Old Property,,1557.0,,0,0,0,0,0,1,17.0,389.25
flat,sobha city,2.6,sector 108,15195.0,1711.0,Super Built up area 1711(158.96 sq.m.),3,3,2,11.0,South,New Property,1711.0,,,0,0,0,0,0,1,49.0,570.3333333333334
flat,emaar palm gardens,3.15,sector 83,8400.0,3750.0,Super Built up area 3750(348.39 sq.m.)Built Up area: 3200 sq.ft. (297.29 sq.m.)Carpet area: 2444.94 sq.ft. (227.14 sq.m.),5,7,3+,15.0,West,Relatively New,3750.0,3200.0,2444.94,0,1,0,0,0,2,165.0,750.0
flat,sare crescent parc,0.82,sector 92,5384.0,1523.0,Built Up area: 1523 (141.49 sq.m.),3,3,3+,12.0,West,Undefined,,1523.0,,0,0,0,0,0,1,0.0,507.6666666666667
house,,5.15,sector 39,14072.0,3660.0,Built Up area: 340,5,5,No,1.0,,Relatively New,,340.0,,0,0,0,0,0,1,0.0,732.0
flat,vipul lavanya,1.0,sector 81,8000.0,1250.0,Super Built up area 1250(116.13 sq.m.),2,2,2,7.0,,Relatively New,1250.0,,,0,0,0,0,0,1,31.0,625.0
house,,1.35,sector 105,3857.0,3500.0,Built Up area: 3500 (325.16 sq.m.)Carpet area: 2500 sq.ft. (232.26 sq.m.),5,3,3,3.0,East,Undefined,,3500.0,2500.0,0,0,0,0,0,1,0.0,700.0
house,,0.82,sector 8,10224.0,802.0,Carpet area: 802 (74.51 sq.m.),2,4,No,2.0,,Undefined,,,802.0,0,0,0,0,0,1,0.0,401.0
flat,signature global city,0.8,sector 37d,8421.0,950.0,Super Built up area 950(88.26 sq.m.),2,2,2,2.0,,Under Construction,950.0,,,0,0,0,0,0,1,42.0,475.0
house,,3.2,sector 4,14222.0,2250.0,Plot area 250(209.03 sq.m.),3,3,2,2.0,,Old Property,,2250.0,,0,0,0,0,0,1,13.0,750.0
flat,raheja vedaanta,1.0,sector 108,4854.0,2060.0,Built Up area: 2060 (191.38 sq.m.)Carpet area: 1890 sq.ft. (175.59 sq.m.),2,2,2,0.0,North,Undefined,,2060.0,1890.0,0,0,0,0,0,1,0.0,1030.0
flat,m3m skycity,3.5,sector 65,17039.0,2054.0,Carpet area: 2054 (190.82 sq.m.),3,3,3,15.0,East,New Property,,,2054.0,1,1,0,1,0,2,166.0,684.6666666666666
flat,godrej oasis,1.15,sector 88a,7116.0,1616.0,Super Built up area 1616(150.13 sq.m.)Carpet area: 1168 sq.ft. (108.51 sq.m.),2,2,3,14.0,South-East,Relatively New,1616.0,,1168.0,1,0,0,1,0,1,174.0,808.0
flat,smart world gems,1.0,sector 89,9007.0,1110.0,Carpet area: 1110 (103.12 sq.m.),2,2,3,3.0,,New Property,,,1110.0,1,0,0,0,1,1,99.0,555.0
flat,chd avenue,0.95,sector 71,7929.0,1198.0,Super Built up area 1198(111.3 sq.m.),2,2,2,5.0,South,Moderately Old,1198.0,,,0,0,0,0,0,2,142.0,599.0
flat,godrej summit,1.3,sector 104,9027.0,1440.0,Super Built up area 1440(133.78 sq.m.),3,2,3+,16.0,,Relatively New,1440.0,,,1,0,1,1,0,2,0.0,480.0
house,dlf new town heights,2.5,sector 91,7058.0,3542.0,Plot area 3400(315.87 sq.m.),4,4,3+,3.0,East,Moderately Old,,3400.0,,1,1,1,1,0,2,80.0,885.5
flat,m3m golf hills phase 1,1.7,sector 79,10828.0,1570.0,Built Up area: 1570 (145.86 sq.m.)Carpet area: 1099 sq.ft. (102.1 sq.m.),3,2,3,10.0,,Undefined,,1570.0,1099.0,0,0,0,0,0,1,0.0,523.3333333333334
flat,capital residences 360,1.66,sector 70a,8400.0,1976.0,Super Built up area 1976(183.58 sq.m.)Built Up area: 1900 sq.ft. (176.52 sq.m.)Carpet area: 1500 sq.ft. (139.35 sq.m.),3,3,3+,8.0,East,New Property,1976.0,1900.0,1500.0,0,1,0,0,0,1,132.0,658.6666666666666
flat,gls arawali homes,0.26,sohna,4513.0,576.0,Carpet area: 576 (53.51 sq.m.),2,2,2,4.0,,Relatively New,,,576.0,0,0,0,0,0,1,42.0,288.0
flat,m3m skywalk,2.25,sector 74,13636.0,1650.0,Super Built up area 2038(189.34 sq.m.)Built Up area: 1938 sq.ft. (180.05 sq.m.)Carpet area: 1650 sq.ft. (153.29 sq.m.),3,3,2,9.0,South,Relatively New,2038.0,1938.0,1650.0,0,1,0,0,0,2,174.0,550.0
flat,signature global city 37d ph 2,1.36,sector 37d,8846.0,1537.0,Built Up area: 1535 (142.61 sq.m.),3,3,3,1.0,North-East,Under Construction,,1535.0,,0,0,0,1,1,1,37.0,512.3333333333334
flat,eldeco accolade,1.2,sector-33 sohna,8043.0,1492.0,Built Up area: 1492 (138.61 sq.m.)Carpet area: 849 sq.ft. (78.87 sq.m.),2,2,2,0.0,,Undefined,,1492.0,849.0,0,0,0,0,0,1,56.0,746.0
flat,smart world gems,0.88,sector 89,7963.0,1105.0,Carpet area: 1105 (102.66 sq.m.),2,2,3,2.0,,New Property,,,1105.0,1,0,0,0,0,1,44.0,552.5
flat,mvn athens,0.26,sohna,5397.0,482.0,Carpet area: 481.73 (44.75 sq.m.),2,2,1,5.0,,Relatively New,,,481.684525,0,0,0,0,0,1,95.0,241.0
flat,hcbs sports ville,0.3,sohna,4011.0,748.0,Built Up area: 743 (69.03 sq.m.)Carpet area: 621 sq.ft. (57.69 sq.m.),2,2,2,3.0,,Undefined,,743.0,621.0,0,0,0,0,0,1,0.0,374.0
flat,sare crescent parc,0.71,sector 92,4933.0,1439.0,Carpet area: 1436 (133.41 sq.m.),3,3,2,6.0,,Relatively New,,,1436.0,0,0,0,0,0,1,37.0,479.6666666666667
house,,0.85,sector 3,8500.0,1000.0,Built Up area: 1000 (92.9 sq.m.),1,1,No,1.0,,Undefined,,1000.0,,0,0,0,0,0,1,0.0,1000.0
house,emaar mgf marbella,18.0,sector 66,40000.0,4500.0,Plot area 500(418.06 sq.m.),5,6,3+,3.0,North-East,Relatively New,,4500.0,,1,1,1,1,0,0,153.0,900.0
flat,raheja teachers apartments,1.2,sector 31,7272.0,1650.0,Super Built up area 1650(153.29 sq.m.)Built Up area: 1450 sq.ft. (134.71 sq.m.)Carpet area: 1150 sq.ft. (106.84 sq.m.),3,2,2,1.0,East,Moderately Old,1650.0,1450.0,1150.0,0,0,0,0,1,0,105.0,550.0
house,,0.52,farukhnagar,5778.0,900.0,Plot area 100(83.61 sq.m.),3,2,2,2.0,,New Property,,900.0,,0,0,0,0,0,1,0.0,300.0
house,,4.35,sector 25,32222.0,1350.0,Plot area 150(125.42 sq.m.),5,4,3,3.0,North,Old Property,,1350.0,,0,1,0,0,0,1,49.0,270.0
flat,bsf chs,0.95,sector 2,5937.0,1600.0,Carpet area: 1600 (148.64 sq.m.),3,3,3,13.0,,Old Property,,,1600.0,0,0,0,0,0,1,37.0,533.3333333333334
flat,zara aavaas,0.65,sector 104,8519.0,763.0,Carpet area: 763 (70.89 sq.m.),3,2,2,7.0,,New Property,,,763.0,0,0,0,0,0,1,65.0,254.33333333333334
flat,central park resort belgravia residences,6.25,sector 48,24300.0,2572.0,Carpet area: 2880 (267.56 sq.m.),3,5,3+,5.0,South-East,Moderately Old,,,2880.0,0,1,0,0,0,2,49.0,857.3333333333334
flat,tata gurgaon gateway,1.75,sector 113,10443.0,1676.0,Super Built up area 1580(146.79 sq.m.),2,2,2,10.0,North,Relatively New,1580.0,,,1,0,0,0,0,1,104.0,838.0
flat,sobha city,3.95,sector 108,16858.0,2343.0,Super Built up area 2343(217.67 sq.m.)Carpet area: 1512 sq.ft. (140.47 sq.m.),3,4,2,15.0,West,Relatively New,2343.0,,1512.0,0,1,0,0,0,1,49.0,781.0
flat,bestech park view grand spa,3.0,sector 81,9419.0,3185.0,Super Built up area 3185(295.9 sq.m.),4,5,2,6.0,South,Relatively New,3185.0,,,0,1,0,0,0,2,110.0,796.25
house,,3.4,sector 9,12938.0,2628.0,Plot area 292(244.15 sq.m.),9,9,3,3.0,West,Moderately Old,,2628.0,,0,0,0,0,0,2,61.0,292.0
flat,samaspurkunj,0.55,sector 51,5238.0,1050.0,Carpet area: 1050 (97.55 sq.m.),2,2,0,5.0,,Relatively New,,,1050.0,0,0,0,0,0,1,36.0,525.0
flat,spectrum centre,0.62,sector 82a,9538.0,650.0,Built Up area: 650 (60.39 sq.m.),1,1,0,6.0,,Undefined,,650.0,,0,0,0,0,0,1,0.0,650.0
house,,0.8,sector 69,10484.0,763.0,Built Up area: 763 (70.89 sq.m.),1,1,No,1.0,,Undefined,,763.0,,0,0,0,0,0,1,0.0,763.0
flat,signature global park,0.67,sohna,5537.0,1210.0,Super Built up area 1210(112.41 sq.m.),2,2,3,4.0,North-East,Relatively New,1210.0,,,0,0,0,1,0,1,127.0,605.0
flat,smart world gems,1.16,sector 89,8151.0,1423.0,Carpet area: 1423 (132.2 sq.m.),3,3,2,3.0,South-East,Under Construction,,,1423.0,1,0,0,0,0,1,68.0,474.3333333333333
flat,the close north,2.35,sector 50,11358.0,2069.0,Super Built up area 2069(192.22 sq.m.)Built Up area: 1900 sq.ft. (176.52 sq.m.)Carpet area: 1800 sq.ft. (167.23 sq.m.),3,3,3,8.0,North-West,Moderately Old,2069.0,1900.0,1800.0,0,0,0,0,0,2,49.0,689.6666666666666
flat,signature global solera 2,0.5,sector 107,8928.0,560.0,Carpet area: 560 (52.03 sq.m.),2,2,2,13.0,,New Property,,,560.0,0,0,0,0,0,1,8.0,280.0
house,,1.45,sector 15 part 2,12393.0,1170.0,Plot area 130(108.7 sq.m.)Built Up area: 130 sq.yards (108.7 sq.m.)Carpet area: 100 sq.yards (83.61 sq.m.),4,4,2,2.0,North,Old Property,,130.0,100.0,0,0,0,0,1,1,13.0,292.5
flat,emaar mgf the palm drive,3.5,sector 66,15909.0,2200.0,Super Built up area 2200(204.39 sq.m.)Built Up area: 2125 sq.ft. (197.42 sq.m.)Carpet area: 2000 sq.ft. (185.81 sq.m.),3,3,3,7.0,North-East,Moderately Old,2200.0,2125.0,2000.0,0,1,1,0,0,2,149.0,733.3333333333334
house,eldeco mansionz,5.15,sector 48,18885.0,2727.0,Plot area 303(253.35 sq.m.)Built Up area: 302 sq.yards (252.51 sq.m.)Carpet area: 300 sq.yards (250.84 sq.m.),5,7,3,2.0,East,Moderately Old,,302.0,300.0,0,1,0,1,0,2,145.0,545.4
flat,valley view estate,1.5,sector 2,8278.0,1812.0,Carpet area: 1812 (168.34 sq.m.),4,4,3+,9.0,North,Old Property,,,1812.0,1,1,0,0,1,1,135.0,453.0
house,vipul tatvam villa,8.5,sector 48,21250.0,4000.0,Plot area 4000(371.61 sq.m.),4,5,3+,2.0,North,Moderately Old,,4000.0,,1,1,0,1,1,2,49.0,1000.0
flat,puri diplomatic greens,3.45,sector 111,11694.0,2950.0,Super Built up area 2950(274.06 sq.m.),4,5,3+,10.0,North,Relatively New,2950.0,,,0,1,0,0,0,1,101.0,737.5
flat,vatika emilia floors,0.6,sector 83,5714.0,1050.0,Super Built up area 1050(97.55 sq.m.)Built Up area: 990 sq.ft. (91.97 sq.m.)Carpet area: 950 sq.ft. (88.26 sq.m.),2,2,2,1.0,South,Relatively New,1050.0,990.0,950.0,0,0,0,0,0,2,167.0,525.0
flat,alpha corp gurgaonone,0.85,sector 84,6692.0,1270.0,Super Built up area 1270(117.99 sq.m.)Carpet area: 1050 sq.ft. (97.55 sq.m.),2,2,3,6.0,West,Relatively New,1270.0,,1050.0,0,0,0,0,0,2,28.0,635.0
flat,vipul lavanya,1.28,sector 81,7174.0,1784.0,Carpet area: 1784 (165.74 sq.m.),3,3,3,1.0,North-East,Moderately Old,,,1784.0,0,1,0,1,0,2,49.0,594.6666666666666
flat,signature global solera,0.28,sector 107,5828.0,480.0,Carpet area: 489 (45.43 sq.m.),2,2,2,0.0,North-East,Relatively New,,,489.0,0,0,0,0,0,1,45.0,240.0
flat,the lions cghs,1.99,sector 56,11055.0,1800.0,Super Built up area 2400(222.97 sq.m.)Built Up area: 2000 sq.ft. (185.81 sq.m.)Carpet area: 1800 sq.ft. (167.23 sq.m.),4,4,3+,4.0,East,Old Property,2400.0,2000.0,1800.0,0,0,0,1,1,2,105.0,450.0
flat,ramprastha the edge towers,1.1,sector 37d,5528.0,1990.0,Built Up area: 1990 (184.88 sq.m.),3,3,3,9.0,,Undefined,,1990.0,,0,0,0,0,0,1,63.0,663.3333333333334
flat,ats kocoon,2.2,sector 109,10023.0,2195.0,Super Built up area 2095(194.63 sq.m.)Built Up area: 1860 sq.ft. (172.8 sq.m.),3,4,3,8.0,North-East,Relatively New,2095.0,1860.0,,0,1,0,0,0,1,156.0,731.6666666666666
flat,essel tower,1.85,sector 29,11859.0,1560.0,Super Built up area 1560(144.93 sq.m.)Built Up area: 1510 sq.ft. (140.28 sq.m.),3,2,3,1.0,,Moderately Old,1560.0,1510.0,,1,1,0,0,0,1,102.0,520.0
house,,7.2,sector 15 part 2,22222.0,3240.0,Plot area 359(300.17 sq.m.),3,3,2,1.0,North,Old Property,,3231.0,,0,0,1,0,0,1,67.0,1080.0
flat,the close north,2.5,sector 50,11944.0,2093.0,Super Built up area 2093(194.45 sq.m.),3,3,3,11.0,North-East,Relatively New,2093.0,,,0,0,0,1,0,2,127.0,697.6666666666666
flat,dlf regal gardens,1.75,sector 90,7900.0,2215.0,Super Built up area 2215(205.78 sq.m.),4,4,3+,3.0,East,Relatively New,2215.0,,,0,0,0,0,1,1,6.0,553.75
flat,sare homes,0.56,sector 92,4729.0,1184.0,Carpet area: 1184 (110 sq.m.),3,1,3,1.0,East,Moderately Old,,,1184.0,0,0,0,0,0,2,75.0,394.6666666666667
flat,dlf regency park,2.26,sector 28,13696.0,1650.0,Super Built up area 1777(165.09 sq.m.)Built Up area: 1700 sq.ft. (157.94 sq.m.)Carpet area: 1650 sq.ft. (153.29 sq.m.),3,3,2,19.0,East,Old Property,1777.0,1700.0,1650.0,0,1,0,0,0,1,158.0,550.0
flat,experion the heartsong,0.9,sector 108,7014.0,1283.0,Super Built up area 1283(119.19 sq.m.)Built Up area: 978.23 sq.ft. (90.88 sq.m.)Carpet area: 734.43 sq.ft. (68.23 sq.m.),2,3,3,2.0,South,Relatively New,1283.0,978.23,734.43,0,1,0,0,0,1,94.0,641.5
flat,vatika lifestyle homes,1.15,sector 83,6552.0,1755.0,Super Built up area 1755(163.04 sq.m.),3,2,3,15.0,,Relatively New,1755.0,,,0,0,0,0,0,1,37.0,585.0
flat,bestech spa signature,4.45,sector 81,10595.0,4200.0,Super Built up area 4200(390.19 sq.m.)Built Up area: 3850 sq.ft. (357.68 sq.m.)Carpet area: 3600 sq.ft. (334.45 sq.m.),4,4,3+,8.0,South-West,Relatively New,4200.0,3850.0,3600.0,1,1,0,1,1,2,49.0,1050.0
flat,pyramid urban homes 2,0.42,sector 86,8483.0,495.0,Carpet area: 501 (46.54 sq.m.),2,2,1,2.0,North-East,New Property,,,501.0,1,1,0,1,1,1,84.0,247.5
flat,rof ananda,0.46,sector 95,6318.0,728.0,Carpet area: 728 (67.63 sq.m.),2,2,2,11.0,North-West,New Property,,,728.0,1,0,0,0,0,1,82.0,364.0
flat,the lions cghs,2.0,sector 56,8333.0,2400.0,Super Built up area 2400(222.97 sq.m.)Carpet area: 2100 sq.ft. (195.1 sq.m.),4,4,3,8.0,West,Relatively New,2400.0,,2100.0,0,0,0,0,1,2,49.0,600.0
flat,smart world orchard,1.9,sector 61,22700.0,837.0,Super Built up area 1398(129.88 sq.m.)Built Up area: 1137 sq.ft. (105.63 sq.m.)Carpet area: 837 sq.ft. (77.76 sq.m.),3,3,3,1.0,,New Property,1398.0,1137.0,837.0,0,0,0,0,0,1,30.0,279.0
flat,signature global park,0.65,sohna,7907.0,822.0,Carpet area: 822 (76.37 sq.m.),2,1,2,3.0,,New Property,,,822.0,0,0,0,0,0,1,87.0,411.0
flat,emaar mgf emerald floors premier,2.29,sector 65,13878.0,1650.0,Carpet area: 1650 (153.29 sq.m.),3,4,3+,2.0,West,Relatively New,,,1650.0,1,1,0,0,0,0,174.0,550.0
house,,2.4,sector 8,11019.0,2178.0,Plot area 242(22.48 sq.m.),8,4,2,2.0,,Old Property,,242.0,,0,0,0,0,0,1,21.0,272.25
flat,ireo victory valley,4.5,sector 67,14097.0,3192.0,Super Built up area 3192(296.55 sq.m.)Built Up area: 3160 sq.ft. (293.57 sq.m.)Carpet area: 3000 sq.ft. (278.71 sq.m.),4,4,3+,0.0,North,Relatively New,3192.0,3160.0,3000.0,0,1,0,1,0,2,42.0,798.0
flat,ashiana mulberry,0.74,sohna,6016.0,1230.0,Carpet area: 1230 (114.27 sq.m.),2,2,3+,12.0,,Relatively New,,,1230.0,0,0,0,0,0,1,71.0,615.0
flat,paras dews,1.05,sector 106,8536.0,1230.0,Super Built up area 1760(163.51 sq.m.)Built Up area: 1345 sq.ft. (124.95 sq.m.)Carpet area: 1230 sq.ft. (114.27 sq.m.),3,4,3+,10.0,North-East,Relatively New,1760.0,1345.0,1230.0,0,1,0,0,0,1,174.0,410.0
house,nirvana cedar crest,7.1,sector 50,32870.0,2160.0,Plot area 240(200.67 sq.m.)Built Up area: 239 sq.yards (199.83 sq.m.)Carpet area: 238 sq.yards (199 sq.m.),5,4,3,2.0,East,Moderately Old,,239.0,238.0,1,0,1,1,0,2,110.0,432.0
flat,laxmi apartment sector 99a gurgaon,0.3,sector 99a,4615.0,650.0,Super Built up area 650(60.39 sq.m.)Carpet area: 550 sq.ft. (51.1 sq.m.),2,2,1,4.0,,New Property,650.0,,550.0,0,0,0,0,0,1,44.0,325.0
house,,1.0,new sector 23,8796.0,1137.0,Plot area 120(100.34 sq.m.)Built Up area: 120 sq.yards (100.34 sq.m.)Carpet area: 100 sq.yards (83.61 sq.m.),3,2,2,1.0,North,Old Property,,120.0,100.0,0,0,0,1,0,1,0.0,379.0
flat,m3m heights,1.9,sector 65,13991.0,1358.0,Built Up area: 1358 (126.16 sq.m.),2,2,2,40.0,,Undefined,,1358.0,,0,0,0,0,0,1,48.0,679.0
flat,ss the leaf,1.18,sector 85,10094.0,1169.0,Super Built up area 1671(155.24 sq.m.)Built Up area: 1420 sq.ft. (131.92 sq.m.)Carpet area: 1169 sq.ft. (108.6 sq.m.),2,3,3,12.0,North,Relatively New,1671.0,1420.0,1169.0,0,0,0,1,0,2,150.0,584.5
house,bptp visionnaire,4.0,sector 70a,6666.0,6001.0,Plot area 6000(557.42 sq.m.),4,4,3+,2.0,North-East,Relatively New,,6000.0,,0,1,0,0,0,1,154.0,1500.25
flat,dlf exclusive floors,2.35,sector 43,14242.0,1650.0,Super Built up area 1650(153.29 sq.m.)Carpet area: 1405 sq.ft. (130.53 sq.m.),3,3,2,1.0,North-East,Old Property,1650.0,,1405.0,0,0,1,0,0,2,102.0,550.0
flat,housing board colony,0.3,sector 51,7317.0,410.0,Super Built up area 510(47.38 sq.m.)Carpet area: 410 sq.ft. (38.09 sq.m.),1,1,2,0.0,South,Old Property,510.0,,410.0,0,0,0,0,0,1,0.0,410.0
flat,prasha apartments,0.75,sector 1 imt manesar,3309.0,2267.0,Super Built up area 2115(196.49 sq.m.),3,3,3+,3.0,West,Moderately Old,2115.0,,,0,1,0,0,0,1,31.0,755.6666666666666
house,,6.5,c block sector 43,35403.0,1836.0,Plot area 215(179.77 sq.m.)Built Up area: 215 sq.yards (179.77 sq.m.),5,4,3+,3.0,South-East,Moderately Old,,215.0,,0,1,0,1,0,2,54.0,367.2
flat,professional society,0.75,imt manesar,3067.0,2445.0,Carpet area: 2445 (227.15 sq.m.),3,4,3,3.0,East,Relatively New,,,2445.0,0,1,0,0,0,1,21.0,815.0
flat,signature global park,0.7,sohna,6071.0,1153.0,Carpet area: 1153 (107.12 sq.m.),3,3,3,2.0,North,Relatively New,,,1153.0,0,0,0,1,0,1,152.0,384.3333333333333
flat,ss the coralwood,1.1,sector 84,5820.0,1890.0,Super Built up area 1890(175.59 sq.m.),3,3,3+,12.0,East,Moderately Old,1890.0,,,0,0,0,0,0,2,104.0,630.0
flat,shapoorji pallonji joyville gurugram,1.35,sector 102,9933.0,1359.0,Super Built up area 1359(126.26 sq.m.),2,2,2,9.0,North-East,Relatively New,1359.0,,,0,0,0,0,0,1,100.0,679.5
flat,antriksh heights,1.05,sector 84,5011.0,2095.0,Super Built up area 2095(194.63 sq.m.),4,4,3+,3.0,North,New Property,2095.0,,,1,0,0,0,0,1,66.0,523.75
house,rattan garden,1.3,sector 7,13499.0,963.0,Built Up area: 963 (89.47 sq.m.),2,3,2,3.0,,Old Property,,963.0,,0,0,0,0,0,1,0.0,481.5
flat,tulip violet,1.37,sector 69,8907.0,1538.0,Super Built up area 1538(142.88 sq.m.),3,3,1,12.0,North-East,Relatively New,1538.0,,,0,0,0,0,0,1,116.0,512.6666666666666
flat,shapoorji pallonji joyville gurugram,1.95,sector 102,13928.0,1400.0,Super Built up area 1852(172.06 sq.m.)Carpet area: 1400 sq.ft. (130.06 sq.m.),3,3,3,6.0,North-East,New Property,1852.0,,1400.0,0,0,0,1,0,2,174.0,466.6666666666667
flat,not applicable,0.42,sector 3a,5600.0,750.0,Carpet area: 750 (69.68 sq.m.),2,2,1,3.0,,Relatively New,,,750.0,0,0,0,0,0,2,26.0,375.0
flat,m3m merlin,3.5,sector 67,14583.0,2400.0,Super Built up area 2400(222.97 sq.m.)Carpet area: 2050 sq.ft. (190.45 sq.m.),3,4,3,17.0,South-East,Relatively New,2400.0,,2050.0,0,1,1,0,0,2,167.0,800.0
house,,2.1,sector 40,23333.0,900.0,Plot area 900(83.61 sq.m.),3,3,2,3.0,North,Moderately Old,,900.0,,0,0,0,0,1,2,35.0,300.0
flat,tulip violet,1.4,sector 69,8920.0,1570.0,Super Built up area 1568(145.67 sq.m.),3,3,1,12.0,East,Relatively New,1568.0,,,0,0,0,1,0,1,86.0,523.3333333333334
flat,ss the leaf,1.31,sector 85,7987.0,1640.0,Carpet area: 1640 (152.36 sq.m.),2,2,2,5.0,West,Relatively New,,,1640.0,0,1,0,0,0,1,89.0,820.0
flat,smart world gems,1.0,sector 89,9007.0,1110.0,Carpet area: 1110 (103.12 sq.m.),2,2,3,3.0,,New Property,,,1110.0,1,0,0,0,1,1,99.0,555.0
house,vipul tatvam villa,5.5,sector 48,21219.0,2592.0,Plot area 288(240.8 sq.m.),3,6,2,2.0,North,Moderately Old,,2592.0,,0,1,0,0,1,2,106.0,864.0
flat,m3m heights,2.0,sector 65,13957.0,1433.0,Built Up area: 1433 (133.13 sq.m.)Carpet area: 1000 sq.ft. (92.9 sq.m.),2,2,2,32.0,,Undefined,,1433.0,1000.0,0,0,0,0,0,1,48.0,716.5
flat,pareena coban residences,1.23,sector 99a,6159.0,1997.0,Super Built up area 1997(185.53 sq.m.),3,5,3,5.0,North-East,Relatively New,1997.0,,,0,1,0,0,0,1,99.0,665.6666666666666
flat,paras quartier,7.5,sector 2,14018.0,5350.0,Super Built up area 5350(497.03 sq.m.),4,4,3+,20.0,North-East,New Property,5350.0,,,0,1,0,1,1,2,49.0,1337.5
flat,ats triumph,1.75,sector 104,7641.0,2290.0,Super Built up area 2290(212.75 sq.m.),3,4,3+,11.0,South-East,Relatively New,2290.0,,,0,1,0,0,0,1,110.0,763.3333333333334
house,,3.4,sector 14,15111.0,2250.0,Plot area 250(209.03 sq.m.),3,3,3,1.0,North-West,Old Property,,2250.0,,0,0,0,0,0,1,32.0,750.0
house,,7.0,sector 82,21605.0,3240.0,Plot area 360(301.01 sq.m.),4,4,3+,1.0,North-East,Relatively New,,3240.0,,1,1,0,1,0,2,49.0,810.0
flat,tulip violet,1.29,sector 69,8227.0,1568.0,Super Built up area 1568(145.67 sq.m.),3,3,1,12.0,North-East,Relatively New,1568.0,,,0,0,0,1,0,2,86.0,522.6666666666666
house,international city by sobha phase 2,9.5,sector 109,26389.0,3600.0,Plot area 400(334.45 sq.m.),5,5,3+,2.0,South,Relatively New,,3600.0,,1,1,1,1,0,1,133.0,720.0
flat,shree vardhman victoria,1.78,sector 70,9128.0,1950.0,Super Built up area 1950(181.16 sq.m.),3,3,3+,7.0,North-East,Relatively New,1950.0,,,0,1,0,0,1,1,49.0,650.0
flat,bestech park view ananda,1.45,sector 81,8011.0,1810.0,Super Built up area 1810(168.15 sq.m.)Built Up area: 1650 sq.ft. (153.29 sq.m.)Carpet area: 1500 sq.ft. (139.35 sq.m.),3,3,3,8.0,North,Relatively New,1810.0,1650.0,1500.0,0,0,0,0,1,2,128.0,603.3333333333334
flat,ats tourmaline,2.1,sector 109,8123.0,2585.0,Super Built up area 2585(240.15 sq.m.)Built Up area: 2100 sq.ft. (195.1 sq.m.),3,4,3+,11.0,South-East,Relatively New,2585.0,2100.0,,0,1,0,0,0,2,165.0,861.6666666666666
flat,vatika the seven lamps,0.85,sector 82,5979.0,1422.0,Super Built up area 1430(132.85 sq.m.),2,2,2,9.0,North-East,Relatively New,1430.0,,,1,0,0,0,0,1,117.0,711.0
house,dlf city plots phase 3,1.44,sector 25,2963.0,4860.0,Plot area 60(50.17 sq.m.),4,2,2,1.0,,Old Property,,540.0,,0,0,0,0,0,1,8.0,1215.0
flat,zara aavaas,0.49,sector 104,6577.0,745.0,Super Built up area 745(69.21 sq.m.)Carpet area: 645 sq.ft. (59.92 sq.m.),3,2,2,7.0,,Under Construction,745.0,,645.0,0,0,0,0,0,1,74.0,248.33333333333334
house,,5.0,sector 23,15384.0,3250.0,Carpet area: 3250 (301.93 sq.m.),6,6,2,1.0,South,Undefined,,,3250.0,0,0,0,0,0,1,0.0,541.6666666666666
flat,viridian the plaza 106,0.46,sector 106,6571.0,700.0,Carpet area: 700 (65.03 sq.m.),1,1,1,18.0,,New Property,,,700.0,0,0,0,0,0,1,104.0,700.0
flat,raheja sampada,0.9,sector 92,6569.0,1370.0,Super Built up area 1370(127.28 sq.m.),3,2,3,11.0,East,Relatively New,1370.0,,,0,0,0,0,0,1,88.0,456.6666666666667
flat,adani m2k oyster grande,1.8,sector 102,9528.0,1889.0,Super Built up area 1889(175.49 sq.m.),3,4,3,17.0,South-East,Relatively New,1889.0,,,0,1,0,0,0,1,49.0,629.6666666666666
flat,m3m woodshire,1.2,sector 107,6176.0,1943.0,Super Built up area 1943(180.51 sq.m.)Built Up area: 1750 sq.ft. (162.58 sq.m.)Carpet area: 1550 sq.ft. (144 sq.m.),3,3,3,7.0,South,Relatively New,1943.0,1750.0,1550.0,0,0,0,0,0,2,49.0,647.6666666666666
flat,dlf the ultima,3.46,sector 81,12047.0,2872.0,Super Built up area 2872(266.82 sq.m.),4,4,3+,10.0,East,New Property,2872.0,,,0,1,0,0,0,0,161.0,718.0
flat,supertech hilltown,0.8,sector 2,5556.0,1440.0,Built Up area: 1440 (133.78 sq.m.)Carpet area: 1080 sq.ft. (100.34 sq.m.),3,2,3,8.0,,Undefined,,1440.0,1080.0,0,0,0,0,0,1,0.0,480.0
flat,dlf the primus,2.55,sector 82a,11218.0,2273.0,Super Built up area 2273(211.17 sq.m.)Carpet area: 1340 sq.ft. (124.49 sq.m.),4,4,3+,14.0,South-West,Relatively New,2273.0,,1340.0,0,0,0,0,0,0,44.0,568.25
house,,2.0,new sector 23 phase 1,14914.0,1341.0,Plot area 1341(124.58 sq.m.),2,4,3,3.0,East,Relatively New,,1341.0,,1,0,0,1,0,2,36.0,670.5
flat,dlf new town heights,1.3,sector 86,6735.0,1930.0,Super Built up area 1930(179.3 sq.m.)Built Up area: 1715 sq.ft. (159.33 sq.m.),3,3,3,15.0,South,Relatively New,1930.0,1715.0,,0,1,0,1,0,2,49.0,643.3333333333334
flat,tulip ivory,2.0,sector 70,8333.0,2400.0,Super Built up area 2400(222.97 sq.m.),4,5,3+,2.0,South-East,Relatively New,2400.0,,,0,1,0,0,0,2,49.0,600.0
flat,tulip violet,1.46,sector 69,9252.0,1578.0,Super Built up area 1578(146.6 sq.m.),3,3,2,0.0,North-East,Relatively New,1578.0,,,0,0,0,1,0,2,174.0,526.0
flat,experion windchants,6.5,sector 112,10416.0,6240.0,Built Up area: 4800 (445.93 sq.m.),4,5,3,11.0,South,Relatively New,,4800.0,,0,0,0,0,0,1,55.0,1560.0
flat,pioneer park,3.6,sector 61,12627.0,2851.0,Super Built up area 2851(264.87 sq.m.),4,4,3,3.0,North,Moderately Old,2851.0,,,0,1,0,0,0,2,121.0,712.75
house,international city by sobha phase 2,11.3,sector 109,25111.0,4500.0,Plot area 500(418.06 sq.m.)Built Up area: 480 sq.yards (401.34 sq.m.)Carpet area: 460 sq.yards (384.62 sq.m.),7,5,3+,4.0,East,Relatively New,,480.0,460.0,1,1,0,1,1,1,49.0,642.8571428571429
flat,ambience creacions,2.55,sector 22,13709.0,1860.0,Super Built up area 1860(172.8 sq.m.)Built Up area: 1600 sq.ft. (148.64 sq.m.)Carpet area: 1400 sq.ft. (130.06 sq.m.),3,3,3,8.0,North-East,Relatively New,1860.0,1600.0,1400.0,0,0,0,0,1,2,125.0,620.0
flat,mapsko royale ville,1.15,sector 82,6424.0,1790.0,Super Built up area 1790(166.3 sq.m.),3,4,2,15.0,North-East,Relatively New,1790.0,,,0,1,0,1,0,2,104.0,596.6666666666666
flat,m3m merlin,2.9,sector 67,14167.0,2047.0,Super Built up area 2047(190.17 sq.m.),3,3,3,0.0,West,Relatively New,2047.0,,,0,0,0,0,1,2,49.0,682.3333333333334
flat,capital residences 360,1.15,sector 70a,11500.0,1000.0,Super Built up area 1450(134.71 sq.m.)Built Up area: 1400 sq.ft. (130.06 sq.m.)Carpet area: 1000 sq.ft. (92.9 sq.m.),2,2,3,4.0,East,New Property,1450.0,1400.0,1000.0,0,0,0,1,0,1,132.0,500.0
flat,tulip violet,1.37,sector 69,8675.0,1579.0,Super Built up area 1578(146.6 sq.m.)Carpet area: 1538 sq.ft. (142.88 sq.m.),3,3,1,12.0,East,Relatively New,1578.0,,1538.0,0,0,0,1,0,1,95.0,526.3333333333334
flat,ramsons kshitij,0.22,sector 95,6470.0,340.0,Super Built up area 340(31.59 sq.m.),1,1,1,2.0,,New Property,340.0,,,0,0,0,0,0,1,0.0,340.0
flat,puri emerald bay,2.49,sector 104,10163.0,2450.0,Super Built up area 2450(227.61 sq.m.),3,3,3+,14.0,South,Relatively New,2450.0,,,0,1,0,0,0,2,129.0,816.6666666666666
flat,ss the leaf,2.15,sector 85,7645.0,2812.0,Super Built up area 2812(261.24 sq.m.),4,5,3+,1.0,South,Relatively New,2812.0,,,0,1,0,0,0,1,165.0,703.0
flat,experion windchants,2.6,sector 112,10651.0,2441.0,Super Built up area 2441(226.78 sq.m.)Built Up area: 1939.03 sq.ft. (180.14 sq.m.),2,2,3,8.0,North-East,Relatively New,2441.0,1939.03,,0,0,0,0,0,1,168.0,1220.5
flat,godrej meridien,3.2,sector 106,16000.0,2000.0,Carpet area: 2002 (185.99 sq.m.),3,3,3+,6.0,,Under Construction,,,2002.0,0,1,0,0,0,1,49.0,666.6666666666666
flat,pareena laxmi apartments,0.32,sector 99a,5521.0,580.0,Super Built up area 575(53.42 sq.m.)Carpet area: 570.17 sq.ft. (52.97 sq.m.),2,2,1,2.0,,New Property,575.0,,570.17,0,0,0,0,0,1,174.0,290.0
flat,emaar gurgaon greens,1.5,sector 102,9090.0,1650.0,Super Built up area 1650(153.29 sq.m.)Carpet area: 1022.58 sq.ft. (95 sq.m.),3,3,3,7.0,West,Relatively New,1650.0,,1022.58,0,0,0,1,0,2,49.0,550.0
flat,shapoorji pallonji joyville gurugram,1.05,sector 102,11475.0,915.0,Carpet area: 915 (85.01 sq.m.),2,2,2,0.0,,Under Construction,,,915.0,0,0,0,0,0,1,174.0,457.5
flat,aipl the peaceful homes,2.5,sector 70a,10638.0,2350.0,Super Built up area 2350(218.32 sq.m.),3,4,3,8.0,South,Relatively New,2350.0,,,0,1,1,0,0,2,8.0,783.3333333333334
house,,2.25,sector 12,9615.0,2340.0,Plot area 260(217.39 sq.m.)Built Up area: 250 sq.yards (209.03 sq.m.)Carpet area: 245 sq.yards (204.85 sq.m.),3,2,1,1.0,North-East,Old Property,,250.0,245.0,0,1,0,1,0,1,5.0,780.0
flat,sbr minda sec 1 imt manesar,0.65,sector 1a imt manesar,4259.0,1526.0,Carpet area: 1526 (141.77 sq.m.),3,2,3+,6.0,South,Moderately Old,,,1526.0,0,0,0,0,0,1,165.0,508.6666666666667
flat,conscient heritage max,1.9,sector 102,9783.0,1942.0,Super Built up area 1942(180.42 sq.m.),3,4,3+,20.0,North-East,Relatively New,1942.0,,,0,1,0,0,0,1,66.0,647.3333333333334
flat,elan the presidential,3.9,sector 106,15918.0,2450.0,Built Up area: 2450 (227.61 sq.m.),3,3,0,20.0,,Undefined,,2450.0,,0,0,0,0,0,1,42.0,816.6666666666666
flat,vatika the seven lamps,1.0,sector 82,5923.0,1688.0,Super Built up area 1435(133.32 sq.m.),2,2,2,11.0,South,Relatively New,1435.0,,,1,0,0,0,0,2,111.0,844.0
flat,ambience creacions,4.78,sector 22,15469.0,3090.0,Super Built up area 3090(287.07 sq.m.)Built Up area: 2500 sq.ft. (232.26 sq.m.)Carpet area: 2250 sq.ft. (209.03 sq.m.),3,4,3,7.0,West,Relatively New,3090.0,2500.0,2250.0,0,1,0,0,1,0,174.0,1030.0
flat,ramprastha the edge towers,0.98,sector 37d,5536.0,1770.0,Super Built up area 1770(164.44 sq.m.)Built Up area: 1675 sq.ft. (155.61 sq.m.)Carpet area: 1400 sq.ft. (130.06 sq.m.),3,3,3+,5.0,North-East,Relatively New,1770.0,1675.0,1400.0,0,0,0,1,0,1,0.0,590.0
house,,0.6,sector 9,10753.0,558.0,Plot area 62(51.84 sq.m.),3,3,1,2.0,,Relatively New,,558.0,,0,0,0,0,0,1,86.0,186.0
flat,hcbs sports ville,0.22,sohna,3142.0,700.0,Carpet area: 700 (65.03 sq.m.),1,1,1,1.0,,New Property,,,700.0,0,0,0,0,0,1,167.0,700.0
flat,shree vardhman victoria,1.65,sector 70,8461.0,1950.0,Super Built up area 1950(181.16 sq.m.)Carpet area: 1161 sq.ft. (107.86 sq.m.),3,5,3,6.0,North-East,Relatively New,1950.0,,1161.0,0,1,0,1,0,1,0.0,650.0
house,,2.75,sector 25,7666.0,3587.0,Built Up area: 3000 (278.71 sq.m.),7,7,3+,3.0,North-East,Moderately Old,,3000.0,,0,0,0,0,1,2,119.0,512.4285714285714
flat,parsvnath green ville,1.6,sector 48,8376.0,1910.0,Super Built up area 1910(177.44 sq.m.)Built Up area: 1700 sq.ft. (157.94 sq.m.)Carpet area: 1600 sq.ft. (148.64 sq.m.),3,3,3,13.0,North-West,Old Property,1910.0,1700.0,1600.0,0,0,0,0,1,2,153.0,636.6666666666666
house,unitech espace,10.45,sector 50,32253.0,3240.0,Plot area 360(301.01 sq.m.),5,7,3+,3.0,,Moderately Old,,3240.0,,1,1,0,1,1,2,67.0,648.0
flat,zara aavaas,0.2,sector 104 1,6644.0,301.0,Carpet area: 301 (27.96 sq.m.),1,2,2,3.0,,New Property,,,301.0,0,0,0,0,0,1,49.0,301.0
flat,shapoorji pallonji joyville gurugram,1.75,sector 102,15514.0,1128.0,Super Built up area 1852(172.06 sq.m.)Carpet area: 1128 sq.ft. (104.79 sq.m.),3,3,3+,1.0,East,Relatively New,1852.0,,1128.0,0,0,0,0,0,1,157.0,376.0
flat,tulip violet,1.68,sector 69,10071.0,1668.0,Super Built up area 1668(154.96 sq.m.),3,3,2,0.0,West,Relatively New,1668.0,,,0,0,0,0,0,1,75.0,556.0
flat,pivotal devaan,0.34,sector 84,5831.0,583.0,Super Built up area 583(54.16 sq.m.)Carpet area: 484 sq.ft. (44.97 sq.m.),2,2,1,3.0,East,Relatively New,583.0,,484.0,0,0,1,0,0,1,104.0,291.5
flat,emaar mgf palm hills,1.25,sector 77,8620.0,1450.0,Carpet area: 1450 (134.71 sq.m.),3,4,3,1.0,West,Relatively New,,,1450.0,0,1,0,0,0,2,22.0,483.3333333333333
flat,vatika city homes,0.8,sector 83,6060.0,1320.0,Super Built up area 1320(122.63 sq.m.),2,2,2,8.0,East,Moderately Old,1320.0,,,0,0,1,0,0,1,0.0,660.0
house,,1.25,sector 9,8735.0,1431.0,Plot area 159(132.94 sq.m.),3,6,3+,3.0,,Old Property,,1431.0,,0,0,0,0,0,1,37.0,477.0
house,suncity township,25.0,sector 54,31110.0,8036.0,Plot area 1000(836.13 sq.m.),4,4,3+,2.0,North,Moderately Old,,1000.0,,1,1,1,1,0,1,99.0,2009.0
flat,antriksh heights,0.89,sector 84,4370.0,2037.0,Super Built up area 2025(188.13 sq.m.),3,3,3,8.0,North,Relatively New,2025.0,,,0,0,0,1,0,1,77.0,679.0
flat,experion the heartsong,1.36,sector 108,6542.0,2079.0,Super Built up area 1758(163.32 sq.m.)Carpet area: 986 sq.ft. (91.6 sq.m.),3,2,3+,2.0,,Relatively New,1758.0,,986.0,1,1,0,0,0,2,118.0,693.0
flat,sobha city,3.95,sector 108,16858.0,2343.0,Super Built up area 2343(217.67 sq.m.)Carpet area: 1512.05 sq.ft. (140.47 sq.m.),3,5,2,15.0,North,New Property,2343.0,,1512.05,0,1,0,0,0,1,111.0,781.0
flat,godrej frontier,1.4,sector 80,6189.0,2262.0,Super Built up area 2262(210.15 sq.m.)Built Up area: 1854 sq.ft. (172.24 sq.m.)Carpet area: 1576 sq.ft. (146.42 sq.m.),3,4,2,10.0,North-West,Moderately Old,2262.0,1854.0,1576.0,0,0,1,1,0,1,158.0,754.0
flat,dlf park place,4.85,sector 54,30180.0,1607.0,Super Built up area 1983(184.23 sq.m.)Built Up area: 1785 sq.ft. (165.83 sq.m.)Carpet area: 1607 sq.ft. (149.3 sq.m.),3,4,3+,6.0,North,Moderately Old,1983.0,1785.0,1607.0,0,1,0,0,0,0,117.0,535.6666666666666
flat,suncity vatsal valley,1.53,sector 2,10699.0,1430.0,Carpet area: 1430 (132.85 sq.m.),3,3,3,2.0,North-East,New Property,,,1430.0,0,0,0,0,0,2,60.0,476.6666666666667
flat,zara aavaas,0.22,sector 104,7302.0,301.0,Carpet area: 301.28 (27.99 sq.m.),1,2,2,2.0,,New Property,,,301.28156099999995,0,0,0,0,0,1,49.0,301.0
flat,madhur jeevan apartments,1.59,sector 56,8594.0,1850.0,Super Built up area 2000(185.81 sq.m.)Built Up area: 1900 sq.ft. (176.52 sq.m.)Carpet area: 1850 sq.ft. (171.87 sq.m.),4,3,3+,3.0,North,Old Property,2000.0,1900.0,1850.0,0,0,0,0,1,2,59.0,462.5
house,eros rosewood villas,2.5,sector 49,13513.0,1850.0,Plot area 1530(142.14 sq.m.)Built Up area: 1900 sq.ft. (176.52 sq.m.)Carpet area: 1850 sq.ft. (171.87 sq.m.),3,3,2,2.0,East,Moderately Old,,1900.0,1850.0,0,0,1,1,0,1,0.0,616.6666666666666
house,,0.8,sector 3,8155.0,981.0,Plot area 109(91.14 sq.m.),2,4,1,2.0,,Moderately Old,,981.0,,0,0,0,0,0,1,174.0,490.5
flat,emaar palm gardens,1.8,sector 83,9473.0,1900.0,Super Built up area 1900(176.52 sq.m.)Carpet area: 1244.33 sq.ft. (115.6 sq.m.),3,4,3,4.0,West,Relatively New,1900.0,,1244.33,1,1,1,1,0,2,72.0,633.3333333333334
flat,bestech park view ananda,1.35,sector 81,7541.0,1790.0,Super Built up area 1790(166.3 sq.m.)Carpet area: 1130 sq.ft. (104.98 sq.m.),3,3,3+,10.0,North-East,Moderately Old,1790.0,,1130.0,0,0,1,0,0,2,119.0,596.6666666666666
flat,vatika gurgaon,0.85,sector 83,8947.0,950.0,Super Built up area 1245(115.66 sq.m.)Built Up area: 1100 sq.ft. (102.19 sq.m.)Carpet area: 950 sq.ft. (88.26 sq.m.),2,2,2,18.0,West,Moderately Old,1245.0,1100.0,950.0,0,0,0,1,0,2,117.0,475.0
flat,tata gurgaon gateway,6.0,sector 113,9139.0,6565.0,Carpet area: 6565 (609.91 sq.m.),5,6,3+,24.0,North,Moderately Old,,,6565.0,0,0,0,0,0,1,149.0,1313.0
flat,bptp terra,1.4,sector 37d,7730.0,1811.0,Super Built up area 1811(168.25 sq.m.)Built Up area: 1711 sq.ft. (158.96 sq.m.)Carpet area: 1611 sq.ft. (149.67 sq.m.),3,3,3,5.0,South-East,Relatively New,1811.0,1711.0,1611.0,0,0,0,0,0,2,141.0,603.6666666666666
flat,shapoorji pallonji joyville gurugram,1.8,sector 102,10638.0,1692.0,Super Built up area 1692(157.19 sq.m.),3,3,3,1.0,East,Relatively New,1692.0,,,0,0,0,0,0,1,157.0,564.0
flat,eldeco accolade,1.14,sohna,6530.0,1746.0,Super Built up area 1751(162.67 sq.m.)Carpet area: 1062 sq.ft. (98.66 sq.m.),3,3,3+,4.0,East,Relatively New,1751.0,,1062.0,0,0,0,0,0,1,36.0,582.0
flat,vidya apartment,0.22,sector 3,4210.0,523.0,Built Up area: 570 (52.95 sq.m.)Carpet area: 550 sq.ft. (51.1 sq.m.),2,2,1,1.0,North-West,Relatively New,,570.0,550.0,0,0,0,0,1,0,49.0,261.5
flat,ireo the grand arch,2.2,sector 58,16000.0,1375.0,Carpet area: 1375 (127.74 sq.m.),2,2,1,5.0,East,Relatively New,,,1375.0,0,0,0,1,0,2,156.0,687.5
flat,ats triumph,2.52,sector 104,8000.0,3150.0,Super Built up area 3150(292.64 sq.m.)Built Up area: 2800 sq.ft. (260.13 sq.m.)Carpet area: 2400 sq.ft. (222.97 sq.m.),4,4,3+,19.0,North-East,Relatively New,3150.0,2800.0,2400.0,0,1,1,0,0,2,134.0,787.5
house,dlf city plots phase 2,6.5,sector 25,36111.0,1800.0,Plot area 200(167.23 sq.m.),5,5,3+,3.0,East,Old Property,,1800.0,,1,1,1,1,0,2,156.0,360.0
flat,godrej,2.0,sector 79,8453.0,2366.0,Carpet area: 2366 (219.81 sq.m.),3,4,3+,2.0,North-East,Relatively New,,,2366.0,0,1,0,0,0,2,31.0,788.6666666666666
flat,dlf new town heights,1.25,sector 90,8638.0,1447.0,Carpet area: 1447 (134.43 sq.m.),3,4,3+,0.0,North-West,Old Property,,,1447.0,0,1,0,0,0,0,153.0,482.3333333333333
house,emaar mgf marbella,12.0,sector 66,38095.0,3150.0,Plot area 350(292.64 sq.m.),5,6,3+,3.0,North-East,Relatively New,,3150.0,,0,1,1,0,0,2,77.0,630.0
flat,m3m sky lofts,1.0,sector 71,11500.0,870.0,Built Up area: 869 (80.73 sq.m.)Carpet area: 435 sq.ft. (40.41 sq.m.),1,1,1,9.0,,Undefined,,869.0,435.0,0,0,0,0,0,1,14.0,870.0
flat,signature global synera,0.48,sector 81,8026.0,598.0,Super Built up area 598(55.56 sq.m.)Carpet area: 498 sq.ft. (46.27 sq.m.),2,2,1,14.0,,Relatively New,598.0,,498.0,0,0,0,0,0,2,74.0,299.0
flat,adani aangan galleria,0.25,sector 89 a,5000.0,500.0,Super Built up area 500(46.45 sq.m.)Built Up area: 430 sq.ft. (39.95 sq.m.)Carpet area: 410 sq.ft. (38.09 sq.m.),1,1,1,6.0,,New Property,500.0,430.0,410.0,0,0,0,0,0,1,0.0,500.0
flat,bajrang apartments,0.38,sector 6,4470.0,850.0,Carpet area: 850 (78.97 sq.m.),2,2,2,1.0,,Moderately Old,,,850.0,0,0,0,0,0,1,22.0,425.0
house,,0.66,sector 7,12000.0,550.0,Plot area 550(51.1 sq.m.),3,1,1,3.0,East,Relatively New,,550.0,,0,0,0,0,1,1,144.0,183.33333333333334
flat,mapsko mount ville,1.5,sector 79,8264.0,1815.0,Super Built up area 1815(168.62 sq.m.)Carpet area: 1071.33 sq.ft. (99.53 sq.m.),3,4,3+,11.0,South,Relatively New,1815.0,,1071.33,0,1,0,0,0,2,38.0,605.0
flat,tata primanti,4.1,sector 72,13725.0,2987.0,Super Built up area 2550(236.9 sq.m.),3,3,3,8.0,,Moderately Old,2550.0,,,0,1,0,0,0,1,0.0,995.6666666666666
house,,10.0,sector 25,25543.0,3915.0,Carpet area: 435 (40.41 sq.m.),8,10,3+,1.0,West,Undefined,,,435.0,0,0,0,0,0,1,145.0,489.375
flat,vatika the seven lamps,1.37,sector 82,8753.0,1565.0,Super Built up area 2160(200.67 sq.m.)Built Up area: 2000 sq.ft. (185.81 sq.m.)Carpet area: 1565 sq.ft. (145.39 sq.m.),3,3,3,11.0,South,Relatively New,2160.0,2000.0,1565.0,1,1,0,1,0,2,73.0,521.6666666666666
flat,pyramid urban,0.55,sector 67a,10516.0,523.0,Carpet area: 523 (48.59 sq.m.),2,2,2,3.0,South-West,Relatively New,,,523.0,0,0,0,0,0,1,127.0,261.5
flat,m3m sierra 68,1.05,sector 68,8536.0,1230.0,Super Built up area 1230(114.27 sq.m.)Built Up area: 1200 sq.ft. (111.48 sq.m.)Carpet area: 1000 sq.ft. (92.9 sq.m.),2,2,2,11.0,North-East,New Property,1230.0,1200.0,1000.0,0,0,0,0,0,2,45.0,615.0
flat,godrej air,1.05,sector 85,10603.0,990.0,Built Up area: 97 Carpet area: 92 sq.m.,2,2,1,15.0,East,Under Construction,,97.0,92.0,0,0,0,0,0,1,165.0,495.0
flat,tata primanti,3.3,sector 72,15384.0,2145.0,Super Built up area 2145(199.28 sq.m.)Built Up area: 2000 sq.ft. (185.81 sq.m.)Carpet area: 1800 sq.ft. (167.23 sq.m.),3,3,3+,10.0,North-East,Relatively New,2145.0,2000.0,1800.0,0,1,0,0,0,2,152.0,715.0
flat,smart world orchard,2.2,sector 61,14202.0,1549.0,Carpet area: 1549 (143.91 sq.m.),3,3,2,4.0,North,New Property,,,1549.0,0,0,0,0,0,1,15.0,516.3333333333334
flat,pyramid urban,0.6,sector 67a,8571.0,700.0,Super Built up area 700(65.03 sq.m.),2,2,2,14.0,,New Property,700.0,,,0,0,0,0,0,1,78.0,350.0
flat,ramprastha the edge towers,0.8,sector 37d,5797.0,1380.0,Super Built up area 1380(128.21 sq.m.)Built Up area: 1300 sq.ft. (120.77 sq.m.)Carpet area: 1200 sq.ft. (111.48 sq.m.),2,2,3,2.0,North-East,Relatively New,1380.0,1300.0,1200.0,0,0,0,0,0,1,165.0,690.0
flat,vatika gurgaon,1.15,sector 83,5808.0,1980.0,Super Built up area 1980(183.95 sq.m.)Built Up area: 1350 sq.ft. (125.42 sq.m.)Carpet area: 1308 sq.ft. (121.52 sq.m.),3,3,2,3.0,South,Relatively New,1980.0,1350.0,1308.0,1,1,1,1,0,2,0.0,660.0
flat,my home,0.22,new sector 23,4400.0,500.0,Carpet area: 500 (46.45 sq.m.),2,2,1,1.0,,New Property,,,500.0,0,0,0,0,0,2,45.0,250.0
flat,smart world gems,0.85,sector 89,7706.0,1103.0,Carpet area: 1103 (102.47 sq.m.),2,2,2,2.0,North-East,Under Construction,,,1103.0,1,0,0,0,0,1,49.0,551.5
flat,indiabulls centrum park,1.9,sector 103,5681.0,3344.0,Carpet area: 3344 (310.67 sq.m.),3,4,3+,10.0,North-East,Relatively New,,,3344.0,1,1,0,1,1,2,72.0,1114.6666666666667
flat,shree vardhman victoria,1.8,sector 70,9230.0,1950.0,Carpet area: 1950 (181.16 sq.m.),3,5,3,0.0,,New Property,,,1950.0,0,0,0,0,0,1,39.0,650.0
flat,signature global synera,0.45,sector 81,7525.0,598.0,Carpet area: 598 (55.56 sq.m.),2,2,2,6.0,North-East,Relatively New,,,598.0,0,0,1,0,0,2,174.0,299.0
flat,ansal maple heights,1.5,sector 43,12658.0,1185.0,Super Built up area 1400(130.06 sq.m.)Built Up area: 1385 sq.ft. (128.67 sq.m.)Carpet area: 1185 sq.ft. (110.09 sq.m.),3,3,3+,7.0,North-East,Old Property,1400.0,1385.0,1185.0,0,0,1,0,0,2,0.0,395.0
house,,3.5,sector 38,24306.0,1440.0,Carpet area: 160 (133.78 sq.m.),3,3,2,1.0,East,Relatively New,,,160.0,0,0,0,0,0,1,174.0,480.0
flat,tulip violet,1.44,sector 69,9125.0,1578.0,Super Built up area 1578(146.6 sq.m.)Carpet area: 1200 sq.ft. (111.48 sq.m.),3,3,2,1.0,South,Relatively New,1578.0,,1200.0,0,0,0,1,0,1,153.0,526.0
house,emaar mgf marbella,11.0,sector 66,33951.0,3240.0,Plot area 360(301.01 sq.m.),5,6,3+,2.0,North-East,New Property,,3240.0,,1,1,1,1,0,2,49.0,648.0
flat,ss,1.2,sector 85,7151.0,1678.0,Super Built up area 1671(155.24 sq.m.)Built Up area: 1660 sq.ft. (154.22 sq.m.)Carpet area: 1650 sq.ft. (153.29 sq.m.),2,2,3,15.0,North-East,Relatively New,1671.0,1660.0,1650.0,0,0,0,0,0,1,44.0,839.0
flat,birla navya,3.15,sector 63a,14632.0,2153.0,Carpet area: 200,3,3,3,4.0,East,Under Construction,,,200.0,0,0,0,0,1,1,146.0,717.6666666666666
house,adani brahma samsara,18.02,sector 60,28200.0,6390.0,Built Up area: 6390 (593.65 sq.m.),9,12,3+,3.0,North-East,Relatively New,,6390.0,,0,1,0,0,0,2,20.0,710.0
flat,green court,0.4,sector 90,6389.0,626.0,Super Built up area 626(58.16 sq.m.)Carpet area: 526 sq.ft. (48.87 sq.m.),2,2,1,8.0,South,New Property,626.0,,526.0,0,0,0,0,0,1,22.0,313.0
house,dlf south city 1,2.65,sector 41,18928.0,1400.0,Plot area 2160(200.67 sq.m.)Built Up area: 1800 sq.ft. (167.23 sq.m.)Carpet area: 1400 sq.ft. (130.06 sq.m.),3,3,3,4.0,North-East,New Property,,1800.0,1400.0,0,1,0,0,0,2,97.0,466.6666666666667
flat,alpha corp gurgaonone,2.2,sector 84,6406.0,3434.0,Super Built up area 3434(319.03 sq.m.),4,4,3+,15.0,South-West,Relatively New,3434.0,,,0,1,0,0,0,1,8.0,858.5
house,,15.0,sector 39,33333.0,4500.0,Plot area 500(418.06 sq.m.),5,5,3+,4.0,,Moderately Old,,4500.0,,0,1,0,0,0,2,96.0,900.0
flat,spaze privvy the address,1.45,sector 93,8033.0,1805.0,Super Built up area 1805(167.69 sq.m.)Built Up area: 1350 sq.ft. (125.42 sq.m.)Carpet area: 1100 sq.ft. (102.19 sq.m.),3,4,2,12.0,North-East,Relatively New,1805.0,1350.0,1100.0,0,0,0,0,0,2,174.0,601.6666666666666
flat,experion the heartsong,1.2,sector 108,6825.0,1758.0,Super Built up area 1758(163.32 sq.m.)Built Up area: 1550 sq.ft. (144 sq.m.)Carpet area: 1400 sq.ft. (130.06 sq.m.),3,2,3+,11.0,North-East,Relatively New,1758.0,1550.0,1400.0,0,1,0,1,0,2,174.0,586.0
flat,tata primanti,3.85,sector 72,13253.0,2905.0,Super Built up area 2905(269.88 sq.m.),4,5,3+,13.0,North,Relatively New,2905.0,,,0,1,0,0,0,2,42.0,726.25
flat,ss,1.98,sector 85,8222.0,2408.0,Super Built up area 2408(223.71 sq.m.)Built Up area: 2300 sq.ft. (213.68 sq.m.)Carpet area: 2200 sq.ft. (204.39 sq.m.),3,4,3,6.0,West,Relatively New,2408.0,2300.0,2200.0,0,0,0,0,0,1,160.0,802.6666666666666
house,international city by sobha phase 2,6.5,sector 109,12037.0,5400.0,Plot area 5400(501.68 sq.m.),4,4,3+,1.0,North-East,New Property,,5400.0,,0,1,0,0,0,2,52.0,1350.0
flat,zara aavaas,0.4,sector 104,7036.0,569.0,Super Built up area 568.46(52.81 sq.m.),2,2,1,4.0,North,Relatively New,568.46,,,0,0,0,0,0,1,107.0,284.5
flat,sare green parc phase 3,1.08,sector 92,5150.0,2097.0,Super Built up area 2090(194.17 sq.m.),4,4,2,16.0,,New Property,2090.0,,,0,1,0,0,0,1,157.0,524.25
flat,dlf regency park,1.24,sector 28,12400.0,1000.0,Super Built up area 1150(106.84 sq.m.)Built Up area: 1050 sq.ft. (97.55 sq.m.)Carpet area: 1000 sq.ft. (92.9 sq.m.),2,2,3+,19.0,South,Moderately Old,1150.0,1050.0,1000.0,0,0,0,1,0,2,122.0,500.0
house,emaar mgf marbella,9.01,sector 66,16066.0,5608.0,Plot area 521,4,4,3+,3.0,North-East,Relatively New,,5574.7,,0,1,1,0,0,1,0.0,1402.0
house,,2.5,sector 37d,13157.0,1900.0,Plot area 1900(176.52 sq.m.),5,5,3+,2.0,,Relatively New,,1900.0,,0,0,0,0,0,1,166.0,380.0
flat,mapsko mount ville,1.25,sector 79,7716.0,1620.0,Super Built up area 1620(150.5 sq.m.)Carpet area: 862.18 sq.ft. (80.1 sq.m.),3,3,2,1.0,South-West,Relatively New,1620.0,,862.18,1,0,0,1,0,2,0.0,540.0
house,,0.95,sector 11,7308.0,1300.0,Built Up area: 1300 (120.77 sq.m.),5,3,No,1.0,,Undefined,,1300.0,,0,0,0,0,0,1,73.0,260.0
flat,pivotal devaan,0.37,sector 84,6346.0,583.0,Super Built up area 583(54.16 sq.m.)Carpet area: 483 sq.ft. (44.87 sq.m.),2,2,1,5.0,North-West,Relatively New,583.0,,483.0,0,0,0,0,0,1,46.0,291.5
flat,emaar mgf emerald floors premier,2.24,sector 65,13575.0,1650.0,Carpet area: 1650 (153.29 sq.m.),3,3,3,2.0,North-West,Relatively New,,,1650.0,1,1,0,0,0,1,158.0,550.0
flat,ss the leaf,1.84,sector 85,7641.0,2408.0,Super Built up area 2408(223.71 sq.m.)Carpet area: 1685 sq.ft. (156.54 sq.m.),3,4,3,8.0,South-East,Relatively New,2408.0,,1685.0,0,0,0,1,0,1,174.0,802.6666666666666
flat,tata primanti,3.3,sector 72,15102.0,2185.0,Super Built up area 2185(202.99 sq.m.)Built Up area: 1800 sq.ft. (167.23 sq.m.)Carpet area: 1600 sq.ft. (148.64 sq.m.),3,4,3+,15.0,North,New Property,2185.0,1800.0,1600.0,0,1,0,0,0,0,72.0,728.3333333333334
flat,silverglades the melia,0.78,sohna,5777.0,1350.0,Super Built up area 1350(125.42 sq.m.),2,2,3,9.0,,Under Construction,1350.0,,,1,0,0,0,0,1,79.0,675.0
house,,13.5,sector 25,37313.0,3618.0,Plot area 402(336.12 sq.m.),5,6,3+,4.0,North-East,Old Property,,3618.0,,0,0,0,0,1,2,7.0,723.6
house,,1.0,sector 7,8818.0,1134.0,Plot area 126(11.71 sq.m.),2,2,No,0.0,,Old Property,,126.0,,1,0,0,0,0,1,0.0,567.0
flat,hsiidc sidco aravali,0.9,sector 1 imt manesar,3648.0,2467.0,Super Built up area 2467(229.19 sq.m.),4,4,3,7.0,,Moderately Old,2467.0,,,0,0,0,0,0,1,93.0,616.75
flat,ansal maple crescent,1.35,sector 43,10037.0,1345.0,Super Built up area 1345(124.95 sq.m.)Built Up area: 1320 sq.ft. (122.63 sq.m.)Carpet area: 1300 sq.ft. (120.77 sq.m.),3,3,3,2.0,South,Old Property,1345.0,1320.0,1300.0,0,0,0,0,1,2,0.0,448.3333333333333
house,rattan vihar rajendra park,0.85,dwarka expressway,14166.0,600.0,Plot area 600(55.74 sq.m.),1,5,3+,4.0,,New Property,,600.0,,0,0,0,0,0,1,174.0,600.0
flat,vatika lifestyle homes,1.1,sector 83,6267.0,1755.0,Super Built up area 1755(163.04 sq.m.),3,3,2,8.0,South,Relatively New,1755.0,,,1,0,1,1,0,2,0.0,585.0
flat,senate court,0.9,sector 62,14084.0,639.0,Built Up area: 639 (59.37 sq.m.),1,1,0,0.0,,Undefined,,639.0,,0,0,0,0,0,1,152.0,639.0
flat,emaar mgf emerald floors premier,2.9,sector 65,14683.0,1975.0,Super Built up area 1975(183.48 sq.m.),4,4,3+,4.0,North-East,Relatively New,1975.0,,,1,1,0,0,0,2,174.0,493.75
flat,unitech fresco,1.82,sector 50,9912.0,1836.0,Super Built up area 1836(170.57 sq.m.)Built Up area: 1830 sq.ft. (170.01 sq.m.)Carpet area: 1500 sq.ft. (139.35 sq.m.),3,3,3+,14.0,East,Moderately Old,1836.0,1830.0,1500.0,0,0,0,0,1,2,49.0,612.0
flat,sukhshanti apartment,1.7,sector 56,7727.0,2200.0,Built Up area: 2200 (204.39 sq.m.)Carpet area: 1610 sq.ft. (149.57 sq.m.),3,3,3,4.0,South,Moderately Old,,2200.0,1610.0,1,0,0,0,0,1,165.0,733.3333333333334
flat,adani m2k oyster grande,2.35,sector 102,8468.0,2775.0,Super Built up area 2598(241.36 sq.m.),3,3,3,14.0,East,Relatively New,2598.0,,,1,1,0,0,0,2,28.0,925.0
flat,alpha corp gurgaonone,1.15,sector 84,7496.0,1534.0,Super Built up area 1534(142.51 sq.m.)Carpet area: 1260 sq.ft. (117.06 sq.m.),2,2,3,14.0,South-East,Relatively New,1534.0,,1260.0,1,0,0,0,0,1,0.0,767.0
flat,supertech araville,0.71,sector 79,5522.0,1286.0,Built Up area: 1295 (120.31 sq.m.),2,2,0,9.0,,Under Construction,,1295.0,,0,0,0,0,0,1,38.0,643.0
flat,bptp terra,1.71,sector 37d,7804.0,2191.0,Built Up area: 2191 (203.55 sq.m.),3,3,3+,7.0,South-West,Relatively New,,2191.0,,1,0,0,0,0,1,159.0,730.3333333333334
flat,signature global park,0.54,sohna,6331.0,853.0,Carpet area: 845 (78.5 sq.m.),2,2,2,4.0,West,Relatively New,,,845.0,0,0,0,1,0,1,0.0,426.5
flat,godrej,1.41,sector 79,9000.0,1567.0,Carpet area: 1572 (146.04 sq.m.),2,2,3,3.0,,New Property,,,1572.0,1,0,0,0,0,1,0.0,783.5
house,,1.72,sector 12,11111.0,1548.0,Built Up area: 172 (143.81 sq.m.)Carpet area: 171 sq.yards (142.98 sq.m.),6,3,1,2.0,,Old Property,,172.0,171.0,0,0,0,0,1,1,23.0,258.0
flat,signature the serenas,0.45,sohna,8474.0,531.0,Carpet area: 531 (49.33 sq.m.),2,2,1,10.0,,New Property,,,531.0,0,0,0,0,0,1,174.0,265.5
flat,orris aster court,0.67,sector 85,5825.0,1150.0,Super Built up area 1375(127.74 sq.m.)Built Up area: 1250 sq.ft. (116.13 sq.m.)Carpet area: 1150 sq.ft. (106.84 sq.m.),2,2,2,5.0,North-West,Relatively New,1375.0,1250.0,1150.0,0,0,0,0,1,2,130.0,575.0
house,international city by sobha phase 1,6.15,sector 109,27333.0,2250.0,Plot area 270(225.75 sq.m.)Built Up area: 270 sq.yards (225.75 sq.m.)Carpet area: 250 sq.yards (209.03 sq.m.),5,5,3+,3.0,West,Relatively New,,270.0,250.0,0,1,1,1,0,2,28.0,450.0
flat,ace palm floors,0.97,sector 89,7863.0,1234.0,Carpet area: 1234 (114.64 sq.m.),2,2,2,1.0,,New Property,,,1234.0,1,0,0,0,0,1,99.0,617.0
flat,emaar mgf palm studios,1.7,sector 66,13502.0,1259.0,Super Built up area 1185(110.09 sq.m.),2,2,2,7.0,,Relatively New,1185.0,,,0,0,0,0,1,1,91.0,629.5
flat,zara aavaas,0.26,sector 104,7807.0,333.0,Built Up area: 301 (27.96 sq.m.),1,1,2,0.0,North-East,Relatively New,,301.0,,0,0,0,0,0,1,77.0,333.0
flat,m3m sky lofts,0.9,sector 71,13177.0,683.0,Built Up area: 683 (63.45 sq.m.),1,1,0,6.0,,New Property,,683.0,,0,0,0,0,0,1,142.0,683.0
flat,ats kocoon,1.68,sector 109,9627.0,1745.0,Super Built up area 1745(162.12 sq.m.),3,3,3,8.0,North-East,Relatively New,1745.0,,,0,0,0,0,0,1,153.0,581.6666666666666
house,bptp astaire gardens,1.18,sector 70a,8137.0,1450.0,Carpet area: 1450 (134.71 sq.m.),3,3,3+,2.0,North-East,Relatively New,,,1450.0,0,0,0,0,1,2,100.0,483.3333333333333
flat,raheja revanta,4.75,sector 78,16885.0,2813.0,Built Up area: 2813 (261.34 sq.m.),3,3,2,31.0,,Under Construction,,2813.0,,0,1,0,0,0,1,133.0,937.6666666666666
flat,suncity vatsal valley,1.38,sector 2,12212.0,1130.0,Built Up area: 1130 (104.98 sq.m.),2,2,2,4.0,East,Under Construction,,1130.0,,0,0,0,0,0,1,21.0,565.0
flat,siddhartha apartment,0.72,sector 95,3664.0,1965.0,Super Built up area 1965(182.55 sq.m.)Built Up area: 1800 sq.ft. (167.23 sq.m.)Carpet area: 1600 sq.ft. (148.64 sq.m.),3,3,2,4.0,East,Relatively New,1965.0,1800.0,1600.0,0,0,0,0,1,1,45.0,655.0
flat,microtek greenburg,1.3,sector 86,15294.0,850.0,Carpet area: 850 (78.97 sq.m.),2,3,3,5.0,North-East,Relatively New,,,850.0,1,0,0,0,0,2,151.0,425.0
house,ansals florence villa,3.3,sector 57,19820.0,1665.0,Plot area 185(154.68 sq.m.),4,3,3+,2.0,East,Moderately Old,,1665.0,,1,1,1,1,0,1,82.0,416.25
flat,dlf the ultima,2.5,sector 81,11726.0,2132.0,Super Built up area 2132(198.07 sq.m.)Built Up area: 2130 sq.ft. (197.88 sq.m.)Carpet area: 2129 sq.ft. (197.79 sq.m.),3,3,2,4.0,South-East,Relatively New,2132.0,2130.0,2129.0,0,1,0,0,0,0,0.0,710.6666666666666
flat,signature global city 63a,1.55,sector 63a,14783.0,1049.0,Carpet area: 1050 (97.55 sq.m.),2,2,2,2.0,,Under Construction,,,1050.0,0,0,0,0,0,1,105.0,524.5
flat,emaar palm gardens,1.75,sector 83,9210.0,1900.0,Super Built up area 1900(176.52 sq.m.)Carpet area: 1240.04 sq.ft. (115.2 sq.m.),3,3,3,6.0,North-West,Relatively New,1900.0,,1240.04,0,1,0,0,0,2,157.0,633.3333333333334
flat,experion windchants,5.6,sector 112,11529.0,4857.0,Super Built up area 4857(451.23 sq.m.)Built Up area: 3662.34 sq.ft. (340.24 sq.m.),4,6,3+,15.0,North-East,Moderately Old,4857.0,3662.34,,0,1,0,0,0,2,7.0,1214.25
flat,denso haryana housing society,0.9,manesar,4308.0,2089.0,Carpet area: 2089 (194.07 sq.m.),3,3,3+,5.0,East,Moderately Old,,,2089.0,0,1,0,0,0,1,145.0,696.3333333333334
house,vipul tatvam villa,7.8,sector 48,23148.0,3370.0,Plot area 360(301.01 sq.m.),4,4,3+,2.0,North-East,Relatively New,,3240.0,,1,1,1,1,0,2,59.0,842.5
house,ansal sushant lok,10.5,sector 43,27911.0,3762.0,Plot area 418(349.5 sq.m.),4,4,2,,North-East,Old Property,,3762.0,,0,1,0,0,0,1,174.0,940.5
flat,emaar palm gardens,1.3,sector 83,11868.0,1095.0,Super Built up area 1720(159.79 sq.m.)Carpet area: 1095.3 sq.ft. (101.76 sq.m.),3,3,3,16.0,North,Relatively New,1720.0,,1095.3,0,1,0,0,0,2,110.0,365.0
house,,8.0,sector 27,26298.0,3042.0,Plot area 338(282.61 sq.m.),9,9,3,4.0,North-East,Relatively New,,3042.0,,1,1,1,1,0,0,0.0,338.0
flat,jmd empire,1.5,golf course road,12500.0,1200.0,Built Up area: 1200 (111.48 sq.m.)Carpet area: 1100 sq.ft. (102.19 sq.m.),2,2,3,7.0,East,Undefined,,1200.0,1100.0,0,0,0,0,0,1,49.0,600.0
flat,ashiana mulberry,1.05,sohna,5412.0,1940.0,Super Built up area 1940(180.23 sq.m.)Built Up area: 1175.97 sq.ft. (109.25 sq.m.)Carpet area: 834.96 sq.ft. (77.57 sq.m.),2,2,3,1.0,North,New Property,1940.0,1175.97,834.96,1,0,0,0,0,1,7.0,970.0
house,mian wali,1.7,mianwali colony,9444.0,1800.0,Plot area 1800(167.23 sq.m.),1,1,1,1.0,,Old Property,,1800.0,,0,1,0,0,0,1,81.0,1800.0
flat,signature global park,0.56,sohna,6812.0,822.0,Carpet area: 822 (76.37 sq.m.),2,2,3,3.0,South,New Property,,,822.0,0,0,0,0,0,1,0.0,411.0
flat,sare green parc 2,0.61,sector 92,4837.0,1261.0,Super Built up area 1261(117.15 sq.m.),3,2,2,6.0,,Under Construction,1261.0,,,0,0,0,0,1,1,87.0,420.3333333333333
flat,central park flower valley,1.35,sector-33 sohna,10384.0,1300.0,Carpet area: 1300 (120.77 sq.m.),3,2,2,3.0,West,New Property,,,1300.0,0,0,0,0,0,1,44.0,433.3333333333333
flat,sare petioles,1.25,sector 92,6097.0,2050.0,Carpet area: 2050 (190.45 sq.m.),3,3,3,18.0,,Under Construction,,,2050.0,0,1,0,0,0,1,103.0,683.3333333333334
flat,vatika the seven lamps,0.78,sector 82,5932.0,1315.0,Super Built up area 1298(120.59 sq.m.),2,2,2,0.0,North-West,Relatively New,1298.0,,,0,0,0,0,0,2,0.0,657.5
flat,adani oyster greens,1.9,sector 102,10058.0,1889.0,Carpet area: 1889 (175.49 sq.m.),3,3,3+,9.0,North-East,Relatively New,,,1889.0,1,0,1,1,0,1,0.0,629.6666666666666
flat,"godrej 101, sector 79",1.25,sector 79,9038.0,1383.0,Built Up area: 1383 (128.48 sq.m.),2,2,3,1.0,East,Undefined,,1383.0,,0,0,0,0,0,1,174.0,691.5
flat,raheja vedaanta,0.65,sector 108,4761.0,1365.0,Super Built up area 1365(126.81 sq.m.),2,2,2,5.0,East,Relatively New,1365.0,,,0,0,0,1,0,2,174.0,682.5
flat,la vida by tata housing,2.78,sector 113,10334.0,2690.0,Super Built up area 2690(249.91 sq.m.)Built Up area: 2350 sq.ft. (218.32 sq.m.)Carpet area: 2170 sq.ft. (201.6 sq.m.),3,4,3+,5.0,North-East,Relatively New,2690.0,2350.0,2170.0,0,1,0,0,0,1,125.0,896.6666666666666
flat,shree arihant apartment,1.55,sector 54,7380.0,2100.0,Super Built up area 2100(195.1 sq.m.)Built Up area: 2000 sq.ft. (185.81 sq.m.)Carpet area: 1900 sq.ft. (176.52 sq.m.),3,3,3+,3.0,North-East,Moderately Old,2100.0,2000.0,1900.0,0,0,0,1,1,2,59.0,700.0
flat,antriksh heights,0.9,sector 84,4444.0,2025.0,Super Built up area 2025(188.13 sq.m.),3,3,3,18.0,,Relatively New,2025.0,,,0,1,0,1,0,1,0.0,675.0
house,,4.6,sector 31,32258.0,1426.0,Built Up area: 1426 (132.48 sq.m.)Carpet area: 1069 sq.ft. (99.31 sq.m.),2,2,2,2.0,East,Undefined,,1426.0,1069.0,0,0,0,0,0,1,56.0,713.0
flat,eldeco accolade,1.1,sohna,7549.0,1457.0,Super Built up area 1457(135.36 sq.m.),3,2,3,13.0,,Relatively New,1457.0,,,0,0,0,0,0,1,105.0,485.6666666666667
house,vatika india next,7.0,sector 82,21605.0,3240.0,Plot area 360(33.45 sq.m.)Built Up area: 3900 sq.ft. (362.32 sq.m.)Carpet area: 3743 sq.ft. (347.74 sq.m.),4,4,3+,3.0,North-East,Relatively New,,3900.0,3743.0,0,1,0,0,0,0,106.0,810.0
flat,shree vardhman flora,0.96,sector 90,5120.0,1875.0,Super Built up area 1875(174.19 sq.m.),3,4,3,3.0,North,New Property,1875.0,,,0,1,0,0,0,1,49.0,625.0
flat,mapsko royale ville,1.12,sector 82,6256.0,1790.0,Super Built up area 1790(166.3 sq.m.)Carpet area: 1400 sq.ft. (130.06 sq.m.),3,3,2,12.0,North-East,Relatively New,1790.0,,1400.0,0,0,0,1,0,1,153.0,596.6666666666666
flat,pioneer araya,8.35,sector 62,19513.0,4279.0,Super Built up area 4279(397.53 sq.m.),4,6,3,16.0,East,Relatively New,4279.0,,,0,1,0,1,0,1,0.0,1069.75
flat,global hill view,0.33,sector 11,4271.0,773.0,Built Up area: 761 (70.7 sq.m.),2,2,0,11.0,,Undefined,,761.0,,0,0,0,0,0,1,160.0,386.5
house,unitech espace,10.3,sector 50,31790.0,3240.0,Plot area 360(301.01 sq.m.),5,6,3+,3.0,East,Moderately Old,,3240.0,,1,1,1,1,0,2,81.0,648.0
flat,piedmont taksila heights,1.05,sector 37c,4792.0,2191.0,Super Built up area 1920(178.37 sq.m.),3,3,3,7.0,,Relatively New,1920.0,,,0,0,0,0,0,2,67.0,730.3333333333334
flat,dlf new town heights,1.8,sector 90,6600.0,2727.0,Super Built up area 2727(253.35 sq.m.),4,4,3+,23.0,,Moderately Old,2727.0,,,0,0,0,0,0,1,174.0,681.75
flat,paras dews,1.2,sector 106,6818.0,1760.0,Super Built up area 1760(163.51 sq.m.)Built Up area: 1186 sq.ft. (110.18 sq.m.)Carpet area: 1130 sq.ft. (104.98 sq.m.),3,4,3+,9.0,North-East,Relatively New,1760.0,1186.0,1130.0,0,1,0,0,0,1,0.0,586.6666666666666
flat,signature global city 63a,1.4,sector 63a,11336.0,1235.0,Carpet area: 1235 (114.74 sq.m.),2,2,2,3.0,East,Under Construction,,,1235.0,0,0,0,0,1,1,66.0,617.5
house,,5.0,sector 40,21124.0,2367.0,Plot area 263(219.9 sq.m.),9,9,3+,3.0,South-East,Relatively New,,2367.0,,0,0,0,1,0,2,81.0,263.0
flat,rof ananda,0.55,sector 95,8527.0,645.0,Super Built up area 1000(92.9 sq.m.)Carpet area: 645 sq.ft. (59.92 sq.m.),3,2,2,14.0,East,New Property,1000.0,,645.0,1,0,0,0,0,2,0.0,215.0
house,,2.6,sector 25,24074.0,1080.0,Plot area 120(100.34 sq.m.),4,4,3+,4.0,,Relatively New,,1080.0,,1,0,1,1,0,0,83.0,270.0
flat,shree vardhman flora,1.27,sector 90,4951.0,2565.0,Super Built up area 2575(239.23 sq.m.)Carpet area: 1950 sq.ft. (181.16 sq.m.),4,5,2,9.0,North-East,New Property,2575.0,,1950.0,1,1,0,0,0,1,100.0,641.25
flat,emaar gurgaon greens,1.35,sector 102,8181.0,1650.0,Super Built up area 1650(153.29 sq.m.)Carpet area: 1022.58 sq.ft. (95 sq.m.),3,3,3,9.0,North-East,Relatively New,1650.0,,1022.58,0,1,0,0,0,1,35.0,550.0
flat,signature global solera,0.5,sector 107,4761.0,1050.0,Super Built up area 1050(97.55 sq.m.)Built Up area: 850 sq.ft. (78.97 sq.m.)Carpet area: 645 sq.ft. (59.92 sq.m.),3,2,2,5.0,South,Relatively New,1050.0,850.0,645.0,0,0,0,0,1,1,128.0,350.0
flat,tarc maceo,1.75,sector 91,11121.0,1574.0,Super Built up area 2724(253.07 sq.m.)Carpet area: 1573.59 sq.ft. (146.19 sq.m.),4,3,3+,8.0,South,Relatively New,2724.0,,1573.59,1,1,1,1,0,1,97.0,393.5
flat,sobha city,4.1,sector 108,23401.0,1752.0,Super Built up area 2344(217.76 sq.m.)Built Up area: 2343 sq.ft. (217.67 sq.m.)Carpet area: 1752 sq.ft. (162.77 sq.m.),4,5,3,25.0,North-East,New Property,2344.0,2343.0,1752.0,1,1,0,0,0,0,165.0,438.0
flat,ats triumph,1.83,sector 104,7991.0,2290.0,Super Built up area 2290(212.75 sq.m.)Built Up area: 2000 sq.ft. (185.81 sq.m.)Carpet area: 1750 sq.ft. (162.58 sq.m.),3,4,3+,10.0,North,Relatively New,2290.0,2000.0,1750.0,0,1,0,0,0,1,58.0,763.3333333333334
flat,valley view estate,1.5,sector 2,7489.0,2003.0,Super Built up area 2000(185.81 sq.m.)Built Up area: 1850 sq.ft. (171.87 sq.m.)Carpet area: 1650 sq.ft. (153.29 sq.m.),4,4,3+,10.0,North-East,Moderately Old,2000.0,1850.0,1650.0,0,0,0,0,0,1,130.0,500.75
house,dlf new town heights,2.47,sector 86,7718.0,3200.0,Plot area 3200(297.29 sq.m.)Built Up area: 2800 sq.ft. (260.13 sq.m.)Carpet area: 2200 sq.ft. (204.39 sq.m.),4,4,3+,,West,Moderately Old,,2800.0,2200.0,0,1,0,1,0,2,45.0,800.0
flat,signature global solera,0.28,sector 107,5828.0,480.0,Carpet area: 489 (45.43 sq.m.),2,2,2,11.0,South,Relatively New,,,489.0,0,0,0,0,0,1,119.0,240.0
flat,emaar gurgaon greens,1.35,sector 102,8181.0,1650.0,Super Built up area 1650(153.29 sq.m.)Carpet area: 1022.58 sq.ft. (95 sq.m.),3,3,3,5.0,North-West,Relatively New,1650.0,,1022.58,0,1,0,0,0,1,114.0,550.0
flat,awho shanti vihar,0.82,sector 95,9879.0,830.0,Super Built up area 1400(130.06 sq.m.)Carpet area: 830 sq.ft. (77.11 sq.m.),2,2,3+,13.0,East,New Property,1400.0,,830.0,1,0,0,0,0,1,83.0,415.0
flat,corona optus,1.5,sector 37c,6361.0,2358.0,Super Built up area 2358(219.07 sq.m.),3,4,3+,14.0,North-East,New Property,2358.0,,,0,1,0,0,1,1,135.0,786.0
flat,the close south,3.25,sector 50,12810.0,2537.0,Carpet area: 2537 (235.7 sq.m.),3,4,3+,4.0,South-East,Old Property,,,2537.0,0,1,0,0,0,2,0.0,845.6666666666666
house,,0.5,sector 37,5555.0,900.0,Plot area 900(83.61 sq.m.),2,1,2,1.0,,Moderately Old,,900.0,,0,0,0,0,0,1,96.0,450.0
house,bptp visionnaire,4.6,sector 70a,17624.0,2610.0,Plot area 290(242.48 sq.m.),4,4,3+,3.0,North,Moderately Old,,2610.0,,1,1,1,1,0,1,60.0,652.5
flat,birla navya,2.2,sector 63a,17488.0,1258.0,Super Built up area 1258(116.87 sq.m.)Carpet area: 770 sq.ft. (71.54 sq.m.),2,3,3+,4.0,,Under Construction,1258.0,,770.0,0,0,0,0,0,1,49.0,629.0
flat,tulip violet,1.6,sector 69,10139.0,1578.0,Super Built up area 1578(146.6 sq.m.),3,3,2,0.0,South-West,Relatively New,1578.0,,,0,0,0,1,0,1,67.0,526.0
flat,emaar mgf the palm drive,2.85,sector 66,14615.0,1950.0,Super Built up area 1950(181.16 sq.m.)Built Up area: 1920 sq.ft. (178.37 sq.m.)Carpet area: 1550 sq.ft. (144 sq.m.),3,3,3,11.0,North-East,Relatively New,1950.0,1920.0,1550.0,1,0,0,0,0,2,0.0,650.0
house,,1.5,sector 13,11538.0,1300.0,Plot area 1300(120.77 sq.m.),2,7,3,4.0,East,Moderately Old,,1300.0,,0,0,0,0,0,1,110.0,650.0
house,,3.6,sector 57,20833.0,1728.0,Plot area 192(160.54 sq.m.),4,4,2,2.0,South,Old Property,,1728.0,,1,1,1,1,0,1,142.0,432.0
flat,the center court,2.1,sector 88a,12173.0,1725.0,Super Built up area 2175(202.06 sq.m.)Built Up area: 1745 sq.ft. (162.12 sq.m.)Carpet area: 1725 sq.ft. (160.26 sq.m.),4,4,3,0.0,East,New Property,2175.0,1745.0,1725.0,1,1,0,0,0,1,151.0,431.25
house,godrej meridien,5.6,sector 106,14000.0,4000.0,Plot area 4000(371.61 sq.m.),5,4,3+,33.0,North-East,New Property,,4000.0,,1,1,1,1,0,1,104.0,800.0
flat,dlf the ultima,2.2,sector 81,11190.0,1966.0,Super Built up area 2100(195.1 sq.m.),3,4,3+,7.0,North-East,Relatively New,2100.0,,,0,1,0,0,0,0,0.0,655.3333333333334
house,surendra homes dayanand colony,0.75,sector 6,15625.0,480.0,Built Up area: 480 (44.59 sq.m.),4,4,2,1.0,,Undefined,,480.0,,0,0,0,0,0,1,15.0,120.0
flat,pareena coban residences,1.4,sector 99a,7010.0,1997.0,Super Built up area 1997(185.53 sq.m.),3,5,3+,6.0,,New Property,1997.0,,,0,0,0,0,0,1,0.0,665.6666666666666
flat,sare crescent parc,0.9,sector 92,4260.0,2113.0,Super Built up area 1995(185.34 sq.m.),4,5,3+,3.0,,Relatively New,1995.0,,,0,1,0,0,0,1,117.0,528.25
flat,dlf new town heights,1.65,sector 90,5683.0,2903.0,Super Built up area 2727(253.35 sq.m.),4,4,3+,7.0,South,Moderately Old,2727.0,,,0,0,0,0,0,1,30.0,725.75
flat,hero homes,1.2,sector 104,17548.0,684.0,Super Built up area 1099(102.1 sq.m.)Carpet area: 683.83 sq.ft. (63.53 sq.m.),2,2,2,22.0,,Under Construction,1099.0,,683.83,0,0,0,0,0,1,111.0,342.0
house,tulip yellow,2.95,sector 69,16389.0,1800.0,Plot area 200(167.23 sq.m.),4,3,2,3.0,North,New Property,,1800.0,,0,0,0,1,1,0,129.0,450.0
flat,ss the coralwood,1.05,sector 84,6774.0,1550.0,Super Built up area 1750(162.58 sq.m.)Built Up area: 1610 sq.ft. (149.57 sq.m.)Carpet area: 1550 sq.ft. (144 sq.m.),3,3,3,6.0,North-East,Relatively New,1750.0,1610.0,1550.0,0,0,0,0,1,1,174.0,516.6666666666666
flat,shri banke bihari society,1.37,sector 56,9133.0,1500.0,Super Built up area 1500(139.35 sq.m.)Built Up area: 1450 sq.ft. (134.71 sq.m.)Carpet area: 1400 sq.ft. (130.06 sq.m.),3,3,3+,2.0,North-East,Old Property,1500.0,1450.0,1400.0,0,0,0,0,1,1,47.0,500.0
flat,godrej oasis,1.5,sector 88a,8108.0,1850.0,Carpet area: 1850 (171.87 sq.m.),3,3,2,3.0,,Relatively New,,,1850.0,0,0,0,0,0,1,100.0,616.6666666666666
flat,emaar mgf palm hills,1.65,sector 77,8461.0,1950.0,Super Built up area 1950(181.16 sq.m.),4,3,3,9.0,South,Relatively New,1950.0,,,0,1,0,0,0,1,174.0,487.5
flat,conscient heritage max,1.7,sector 102,11333.0,1500.0,Super Built up area 1942(180.42 sq.m.)Built Up area: 1700 sq.ft. (157.94 sq.m.)Carpet area: 1500 sq.ft. (139.35 sq.m.),3,4,3+,8.0,North-East,Relatively New,1942.0,1700.0,1500.0,0,1,0,1,0,2,90.0,500.0
flat,ireo the corridors,1.4,sector 67a,9433.0,1484.0,Super Built up area 1484(137.87 sq.m.)Carpet area: 860 sq.ft. (79.9 sq.m.),2,2,2,8.0,North,Relatively New,1484.0,,860.0,1,0,0,0,1,1,19.0,742.0
flat,vatika gurgaon,1.08,sector 83,6224.0,1735.0,Super Built up area 1735(161.19 sq.m.),3,3,2,11.0,North-East,Relatively New,1735.0,,,0,0,0,0,1,1,140.0,578.3333333333334
flat,capital residences 360,1.18,sector 70a,8137.0,1450.0,Super Built up area 1450(134.71 sq.m.)Built Up area: 1400 sq.ft. (130.06 sq.m.)Carpet area: 1000 sq.ft. (92.9 sq.m.),2,2,3,7.0,East,New Property,1450.0,1400.0,1000.0,0,0,0,1,0,1,82.0,725.0
flat,conscient heritage max,2.22,sector 102,13875.0,1600.0,Super Built up area 2149(199.65 sq.m.)Built Up area: 2000 sq.ft. (185.81 sq.m.)Carpet area: 1600 sq.ft. (148.64 sq.m.),3,4,3+,15.0,East,Relatively New,2149.0,2000.0,1600.0,1,1,0,0,0,1,38.0,533.3333333333334
house,,7.0,sector 39,10000.0,7000.0,Plot area 350(32.52 sq.m.)Built Up area: 7000 sq.ft. (650.32 sq.m.),10,11,3+,4.0,South-East,Relatively New,,7000.0,,0,0,0,1,0,2,49.0,700.0
flat,bptp terra,1.98,sector 37d,9036.0,2191.0,Super Built up area 2191(203.55 sq.m.),3,3,3+,12.0,North-East,New Property,2191.0,,,1,0,0,0,0,2,52.0,730.3333333333334
flat,kiran residency,1.55,sector 56,7750.0,2000.0,Super Built up area 2000(185.81 sq.m.),3,3,3,5.0,North,Old Property,2000.0,,,0,1,0,0,0,2,105.0,666.6666666666666
flat,godrej nature plus serenity,1.39,sector-33 sohna,11583.0,1200.0,Carpet area: 1200 (111.48 sq.m.),3,2,3+,23.0,East,Under Construction,,,1200.0,0,0,0,0,0,1,0.0,400.0
flat,rof ananda,0.25,sector 95,6578.0,380.0,Super Built up area 380(35.3 sq.m.),1,1,1,4.0,,New Property,380.0,,,0,0,0,0,0,1,122.0,380.0
flat,ats kocoon,2.15,sector 109,10262.0,2095.0,Super Built up area 2095(194.63 sq.m.),3,4,3,9.0,North,Relatively New,2095.0,,,0,1,0,0,0,1,108.0,698.3333333333334
flat,shree vardhman victoria,1.6,sector 70,8205.0,1950.0,Super Built up area 1950(181.16 sq.m.)Carpet area: 1161 sq.ft. (107.86 sq.m.),3,5,3,6.0,North,Relatively New,1950.0,,1161.0,0,1,0,0,0,1,174.0,650.0
flat,tata primanti,3.21,sector 72,16050.0,2000.0,Super Built up area 2185(202.99 sq.m.)Built Up area: 2140 sq.ft. (198.81 sq.m.)Carpet area: 2000 sq.ft. (185.81 sq.m.),3,4,3+,15.0,North-East,Relatively New,2185.0,2140.0,2000.0,0,1,0,0,0,2,65.0,666.6666666666666
flat,godrej nature plus,1.2,sector-33 sohna,14379.0,835.0,Carpet area: 77.53,2,2,3,1.0,,New Property,,,77.53,0,0,0,0,0,1,31.0,417.5
flat,conscient elevate,6.75,sector 59,19882.0,3395.0,Super Built up area 3395(315.41 sq.m.)Carpet area: 1855 sq.ft. (172.34 sq.m.),4,4,2,10.0,,New Property,3395.0,,1855.0,0,1,0,0,0,1,79.0,848.75
flat,vatika gurgaon,1.05,sector 83,7000.0,1500.0,Super Built up area 1735(161.19 sq.m.)Carpet area: 1500 sq.ft. (139.35 sq.m.),3,3,3,3.0,South-West,Relatively New,1735.0,,1500.0,0,0,1,0,0,1,49.0,500.0
flat,supertech hues,1.0,sector 68,8474.0,1180.0,Carpet area: 1180 (109.63 sq.m.),2,2,3,23.0,,New Property,,,1180.0,0,0,0,0,0,1,22.0,590.0
flat,kendriya vihar,0.47,sector 56,7768.0,605.0,Carpet area: 605 (56.21 sq.m.),1,1,1,3.0,,Old Property,,,605.0,0,0,0,0,0,2,114.0,605.0
flat,bestech park view ananda,1.35,sector 81,7541.0,1790.0,Carpet area: 1790 (166.3 sq.m.),3,3,3+,8.0,North,Old Property,,,1790.0,0,0,0,0,0,1,65.0,596.6666666666666
flat,conscient heritage max,3.0,sector 102,10489.0,2860.0,Carpet area: 2860 (265.7 sq.m.),4,4,3+,7.0,East,Relatively New,,,2860.0,0,0,0,0,1,2,96.0,715.0
house,international city by sobha phase 1,6.0,sector 109,24691.0,2430.0,Plot area 270(225.75 sq.m.),4,5,3+,2.0,North,Relatively New,,2430.0,,0,1,0,0,0,2,113.0,607.5
flat,godrej aria,1.45,sector 79,9062.0,1600.0,Super Built up area 1495(138.89 sq.m.)Built Up area: 1494 sq.ft. (138.8 sq.m.),2,2,3+,9.0,East,Relatively New,1495.0,1494.0,,1,0,0,0,0,1,35.0,800.0
flat,signature global the millennia,0.6,sector 37d,9230.0,650.0,Super Built up area 650(60.39 sq.m.)Carpet area: 596.12 sq.ft. (55.38 sq.m.),2,2,3,7.0,,New Property,650.0,,596.12,0,0,0,0,0,1,49.0,325.0
flat,dlf the ultima,2.12,sector 81,10080.0,2103.0,Super Built up area 2103(195.38 sq.m.)Built Up area: 1650 sq.ft. (153.29 sq.m.)Carpet area: 1257 sq.ft. (116.78 sq.m.),3,3,3+,9.0,South,Relatively New,2103.0,1650.0,1257.0,1,1,0,1,1,0,38.0,701.0
flat,sare crescent parc,0.7,sector 92,5556.0,1260.0,Built Up area: 140 (117.06 sq.m.),3,3,2,14.0,,Under Construction,,140.0,,0,0,0,0,0,1,60.0,420.0
flat,bestech park view ananda,0.9,sector 81,6618.0,1360.0,Super Built up area 1360(126.35 sq.m.),2,2,3,8.0,,New Property,1360.0,,,0,0,0,0,1,1,51.0,680.0
flat,indiabulls centrum park,1.05,sector 103,5861.0,1792.0,Built Up area: 1365 (126.81 sq.m.)Carpet area: 900 sq.ft. (83.61 sq.m.),2,2,3,1.0,West,Relatively New,,1365.0,900.0,0,0,0,0,0,2,72.0,896.0
flat,dlf regal gardens,1.25,sector 90,5931.0,2108.0,Super Built up area 1720(159.79 sq.m.),3,3,3,18.0,North-East,Relatively New,1720.0,,,0,0,0,0,1,1,157.0,702.6666666666666
flat,tulip violet,1.66,sector 69,10134.0,1638.0,Super Built up area 1638(152.18 sq.m.),3,3,2,0.0,South-West,Relatively New,1638.0,,,0,0,0,0,0,1,0.0,546.0
house,,1.35,sector 7,4545.0,2970.0,Built Up area: 330 (30.66 sq.m.),4,5,No,3.0,,Undefined,,330.0,,0,0,0,0,0,1,90.0,742.5
flat,shree vardhman flora,0.95,sector 90,6333.0,1500.0,Carpet area: 1500 (139.35 sq.m.),3,3,3,9.0,South-East,Relatively New,,,1500.0,0,1,0,0,0,1,26.0,500.0
flat,vatika gurgaon,1.33,sector 83,5564.0,2390.0,Super Built up area 2390(222.04 sq.m.)Carpet area: 2000 sq.ft. (185.81 sq.m.),4,4,3,3.0,East,Relatively New,2390.0,,2000.0,0,1,0,0,0,1,86.0,597.5
flat,experion the heartsong,1.68,sector 108,8387.0,2003.0,Super Built up area 2003(186.08 sq.m.)Built Up area: 1338.29 sq.ft. (124.33 sq.m.)Carpet area: 986.41 sq.ft. (91.64 sq.m.),3,3,3+,4.0,East,Relatively New,2003.0,1338.29,986.41,1,1,0,0,0,2,57.0,667.6666666666666
flat,ambience creacions,1.75,sector 22,12700.0,1378.0,Super Built up area 1380(128.21 sq.m.),2,2,2,11.0,,Under Construction,1380.0,,,0,0,0,0,0,1,31.0,689.0
flat,signature the roselia,0.45,sector 95a,7908.0,569.0,Carpet area: 569 (52.86 sq.m.),2,2,2,2.0,East,New Property,,,569.0,0,0,0,0,0,2,44.0,284.5
flat,m3m heights,1.95,sector 65,16000.0,1219.0,Super Built up area 1261(117.15 sq.m.),2,2,3,16.0,,Under Construction,1261.0,,,0,0,0,0,0,1,21.0,609.5
flat,ss the leaf,2.7,sector 85,7754.0,3482.0,Super Built up area 3482(323.49 sq.m.),4,4,3+,23.0,,New Property,3482.0,,,0,0,0,0,0,1,110.0,870.5
flat,shree vardhman flora,0.85,sector 90,4404.0,1930.0,Super Built up area 1930(179.3 sq.m.)Carpet area: 1450 sq.ft. (134.71 sq.m.),3,4,3,3.0,South-East,Relatively New,1930.0,,1450.0,0,1,1,0,0,1,112.0,643.3333333333334
flat,m3m woodshire,1.02,sector 107,6649.0,1534.0,Super Built up area 1534(142.51 sq.m.),2,2,3,6.0,North-East,Relatively New,1534.0,,,1,0,0,0,0,1,108.0,767.0
flat,shree vardhman victoria,1.66,sector 70,14254.0,1165.0,Super Built up area 1950(181.16 sq.m.)Carpet area: 1161 sq.ft. (107.86 sq.m.),3,5,3,8.0,North,Relatively New,1950.0,,1161.0,0,1,0,0,0,1,36.0,388.3333333333333
house,,3.2,sector 9,13519.0,2367.0,Plot area 263(219.9 sq.m.),3,3,2,1.0,East,Old Property,,2367.0,,0,0,0,0,0,2,15.0,789.0
house,,0.95,sector 7,21111.0,450.0,Plot area 450(41.81 sq.m.),2,1,1,3.0,,New Property,,450.0,,0,0,0,0,0,1,50.0,225.0
flat,vatika independent floors,1.45,sector 82,8056.0,1800.0,Built Up area: 1800 (167.23 sq.m.),4,3,0,1.0,,Undefined,,1800.0,,0,0,0,0,0,1,46.0,450.0
flat,"ganpati apartment  2, laxman vihar phase 1",0.45,sector 3a,4705.0,956.0,Carpet area: 850 (78.97 sq.m.),2,2,1,0.0,East,Relatively New,,,850.0,0,0,0,0,0,1,49.0,478.0
flat,ss the leaf,2.1,sector 85,7467.0,2812.0,Super Built up area 2812(261.24 sq.m.)Built Up area: 2600 sq.ft. (241.55 sq.m.)Carpet area: 2400 sq.ft. (222.97 sq.m.),4,4,3,7.0,North,Relatively New,2812.0,2600.0,2400.0,1,1,0,1,0,1,103.0,703.0
flat,vatika gurgaon,1.42,sector 83,8875.0,1600.0,Super Built up area 2390(222.04 sq.m.)Built Up area: 2000 sq.ft. (185.81 sq.m.)Carpet area: 1600 sq.ft. (148.64 sq.m.),4,4,3,7.0,South-West,Relatively New,2390.0,2000.0,1600.0,1,1,0,0,0,1,53.0,400.0
house,vatika sovereign next,3.85,sector 82a,7500.0,5133.0,Built Up area: 5140 (477.52 sq.m.),5,6,3+,6.0,,Undefined,,5140.0,,0,0,0,0,0,1,72.0,1026.6
flat,birla navya,3.7,sector 63a,15416.0,2400.0,Carpet area: 2400 (222.97 sq.m.),3,3,3+,1.0,North,Under Construction,,,2400.0,0,0,0,0,0,1,49.0,800.0
flat,orchid petals,1.9,sector 49,10526.0,1805.0,Super Built up area 1805(167.69 sq.m.)Built Up area: 1600 sq.ft. (148.64 sq.m.)Carpet area: 1400 sq.ft. (130.06 sq.m.),3,3,3,2.0,South,Old Property,1805.0,1600.0,1400.0,0,0,0,0,1,2,133.0,601.6666666666666
flat,spaze privy at,1.2,sector 84,7453.0,1610.0,Super Built up area 1610(149.57 sq.m.),2,2,3,3.0,,Relatively New,1610.0,,,1,0,0,0,0,2,45.0,805.0
flat,signature global solera,0.35,sector 107,6398.0,547.0,Carpet area: 547 (50.82 sq.m.),2,2,2,8.0,South,Relatively New,,,547.0,0,0,0,0,0,1,0.0,273.5
house,,1.3,mohan nagar,8701.0,1494.0,Plot area 166(138.8 sq.m.),4,4,2,1.0,East,Old Property,,1494.0,,0,0,0,0,0,1,27.0,373.5
house,,3.25,sector 56,21495.0,1512.0,Plot area 168(140.47 sq.m.),5,6,3+,4.0,East,Relatively New,,1512.0,,0,0,0,1,1,2,115.0,302.4
flat,ansal heights 86,0.67,sector 86,5100.0,1314.0,Super Built up area 1360(126.35 sq.m.),2,2,1,10.0,,Relatively New,1360.0,,,0,0,0,0,0,1,49.0,657.0
flat,rof ananda,0.26,sector 95,6032.0,431.0,Super Built up area 431(40.04 sq.m.)Carpet area: 380.44 sq.ft. (35.34 sq.m.),1,1,1,8.0,North,New Property,431.0,,380.44,0,0,0,0,0,1,7.0,431.0
house,,1.0,sector 12,8230.0,1215.0,Plot area 135(12.54 sq.m.)Built Up area: 3750 sq.ft. (348.39 sq.m.),3,7,3+,3.0,North,Moderately Old,,3750.0,,0,0,1,1,0,1,126.0,405.0
flat,shree vardhman victoria,1.64,sector 70,8410.0,1950.0,Super Built up area 1950(181.16 sq.m.)Carpet area: 1161 sq.ft. (107.86 sq.m.),3,5,3,8.0,North-East,Relatively New,1950.0,,1161.0,0,1,0,0,0,1,0.0,650.0
house,,0.65,sector 3a,11111.0,585.0,Plot area 65(54.35 sq.m.),4,2,2,,,Moderately Old,,585.0,,0,0,0,0,0,1,0.0,146.25
flat,signature global city 63a,1.65,sector 63a,15263.0,1081.0,Super Built up area 1081(100.43 sq.m.),2,2,2,1.0,,Under Construction,1081.0,,,0,0,0,0,0,1,70.0,540.5
flat,"m m residency, krishna colony, gurgaon",0.54,sector 7,5888.0,917.0,Carpet area: 900 (83.61 sq.m.),2,2,1,3.0,East,Relatively New,,,900.0,0,0,0,0,0,1,167.0,458.5
flat,bestech park view grand spa,2.4,sector 81,9022.0,2660.0,Super Built up area 2660(247.12 sq.m.),3,4,3+,8.0,North,New Property,2660.0,,,1,1,0,0,0,2,174.0,886.6666666666666
flat,the close north,2.97,sector 50,11401.0,2605.0,Super Built up area 2605(242.01 sq.m.)Built Up area: 2600 sq.ft. (241.55 sq.m.)Carpet area: 2100 sq.ft. (195.1 sq.m.),3,3,3+,8.0,North,Moderately Old,2605.0,2600.0,2100.0,0,1,0,0,0,2,174.0,868.3333333333334
flat,emaar mgf emerald floors premier,2.3,sector 65,13939.0,1650.0,Carpet area: 1650 (153.29 sq.m.),3,4,3,3.0,South-West,Relatively New,,,1650.0,1,1,1,1,0,0,49.0,550.0
house,sector 15 part 2 rwa,10.0,sector 15,22222.0,4500.0,Plot area 502(419.74 sq.m.),5,5,2,2.0,East,Old Property,,4518.0,,0,0,0,0,0,1,95.0,900.0
flat,smart world gems,0.9,sector 89,8159.0,1103.0,Super Built up area 1103(102.47 sq.m.),2,2,2,3.0,,New Property,1103.0,,,1,0,0,0,1,1,48.0,551.5
flat,m3m heights,2.25,sector 65,13608.0,1653.0,Carpet area: 1433 (133.13 sq.m.),2,2,3,5.0,,Under Construction,,,1433.0,0,0,0,0,0,1,0.0,826.5
flat,aardhya homesh,1.85,sector 67a,8043.0,2300.0,Carpet area: 2300 (213.68 sq.m.),4,4,0,4.0,East,Undefined,,,2300.0,0,0,0,0,0,1,57.0,575.0
flat,shapoorji pallonji joyville gurugram,0.97,sector 102,10601.0,915.0,Super Built up area 915(85.01 sq.m.)Carpet area: 600 sq.ft. (55.74 sq.m.),2,2,2,12.0,,New Property,915.0,,600.0,0,0,0,0,0,1,13.0,457.5
flat,pyramid urban homes 2,0.6,sector 86,8000.0,750.0,Carpet area: 750 (69.68 sq.m.),3,2,2,2.0,East,New Property,,,750.0,0,0,0,0,0,1,0.0,250.0
house,,1.16,sector 37d,7539.0,1539.0,Built Up area: 1535 (142.61 sq.m.),1,1,No,1.0,,Undefined,,1535.0,,0,0,0,0,0,1,53.0,1539.0
flat,ss the leaf,2.15,sector 85,8928.0,2408.0,Super Built up area 2408(223.71 sq.m.),3,5,3,2.0,,New Property,2408.0,,,0,0,0,0,0,1,76.0,802.6666666666666
flat,m3m sierra 68,1.2,sector 68,9000.0,1333.0,Super Built up area 1250(116.13 sq.m.)Carpet area: 750 sq.ft. (69.68 sq.m.),2,2,3,1.0,North,Relatively New,1250.0,,750.0,0,0,0,0,0,0,142.0,666.5
house,,5.25,sector 47,11666.0,4500.0,Plot area 1944(180.6 sq.m.)Built Up area: 4650 sq.ft. (432 sq.m.)Carpet area: 4500 sq.ft. (418.06 sq.m.),9,9,3+,4.0,East,Relatively New,,4650.0,4500.0,0,1,0,0,0,2,0.0,500.0
flat,pooja apartment,0.25,sector 3,3571.0,700.0,Carpet area: 700 (65.03 sq.m.),2,2,2,2.0,East,Relatively New,,,700.0,0,0,0,0,0,1,158.0,350.0
flat,paras dews,1.2,sector 106,11605.0,1034.0,Super Built up area 1665(154.68 sq.m.)Built Up area: 1145 sq.ft. (106.37 sq.m.)Carpet area: 1034 sq.ft. (96.06 sq.m.),3,3,3,12.0,North-West,Relatively New,1665.0,1145.0,1034.0,1,0,0,0,0,1,102.0,344.6666666666667
flat,tulip violet,1.68,sector 69,8348.0,2012.0,Super Built up area 2010(186.74 sq.m.),4,4,2,1.0,South-West,Relatively New,2010.0,,,0,0,0,1,0,1,0.0,503.0
flat,shapoorji pallonji joyville gurugram,0.95,sector 102,10383.0,915.0,Built Up area: 915 (85.01 sq.m.)Carpet area: 858 sq.ft. (79.71 sq.m.),2,2,2,14.0,North-West,Undefined,,915.0,858.0,0,0,0,0,0,1,44.0,457.5
flat,umang monsoon breeze,0.95,sector 78,5491.0,1730.0,Built Up area: 1730 (160.72 sq.m.),3,3,2,9.0,East,Relatively New,,1730.0,,0,0,0,0,0,2,165.0,576.6666666666666
flat,ireo victory valley,4.75,sector 67,13929.0,3410.0,Super Built up area 3410(316.8 sq.m.)Built Up area: 3200 sq.ft. (297.29 sq.m.)Carpet area: 3100 sq.ft. (288 sq.m.),4,4,3+,0.0,West,Relatively New,3410.0,3200.0,3100.0,1,1,1,1,0,2,129.0,852.5
flat,tulip violet,1.55,sector 69,9822.0,1578.0,Super Built up area 1578(146.6 sq.m.),3,3,2,0.0,West,Relatively New,1578.0,,,0,0,0,1,0,2,24.0,526.0
flat,central park flower valley aqua front towers,2.1,sector-33 sohna,11738.0,1789.0,Super Built up area 1789(166.2 sq.m.),3,3,2,6.0,,Under Construction,1789.0,,,0,0,0,0,0,1,79.0,596.3333333333334
flat,mapsko casa bella,1.38,sector 82,5443.0,2535.0,Super Built up area 2535(235.51 sq.m.),4,5,3+,20.0,South-West,Relatively New,2535.0,,,0,1,0,0,0,1,58.0,633.75
flat,vatika seven elements,1.6,sector 89 a,8163.0,1960.0,Super Built up area 1960(182.09 sq.m.),3,3,3,5.0,,New Property,1960.0,,,0,0,0,0,0,1,0.0,653.3333333333334
house,,5.6,sector 23,17284.0,3240.0,Plot area 360(301.01 sq.m.),8,6,3+,,South-West,Moderately Old,,3240.0,,1,1,1,1,0,1,119.0,405.0
flat,vatika gurgaon,1.25,sector 83,6313.0,1980.0,Super Built up area 1980(183.95 sq.m.),3,3,2,2.0,West,Relatively New,1980.0,,,0,1,0,0,0,1,90.0,660.0
flat,spaze privy at,1.35,sector 84,9642.0,1400.0,Super Built up area 1918(178.19 sq.m.)Built Up area: 1750 sq.ft. (162.58 sq.m.)Carpet area: 1400 sq.ft. (130.06 sq.m.),3,3,3,7.0,South-East,Relatively New,1918.0,1750.0,1400.0,0,0,0,1,0,1,0.0,466.6666666666667
house,,0.9,sector 8,13333.0,675.0,Built Up area: 675 (62.71 sq.m.),2,4,No,2.0,,Undefined,,675.0,,0,0,0,0,0,1,150.0,337.5
flat,ss the leaf,1.18,sector 85,10727.0,1100.0,Super Built up area 1741(161.74 sq.m.)Built Up area: 1700 sq.ft. (157.94 sq.m.)Carpet area: 1100 sq.ft. (102.19 sq.m.),2,2,3,9.0,North-East,Relatively New,1741.0,1700.0,1100.0,1,0,0,0,0,2,49.0,550.0
flat,godrej oasis,1.45,sector 88a,8082.0,1794.0,Carpet area: 1794 (166.67 sq.m.),3,3,3,12.0,,Relatively New,,,1794.0,0,0,0,0,0,1,72.0,598.0
flat,experion windchants,4.25,sector 112,11294.0,3763.0,Super Built up area 3763(349.59 sq.m.)Built Up area: 3000 sq.ft. (278.71 sq.m.)Carpet area: 2800 sq.ft. (260.13 sq.m.),3,5,2,15.0,South,Relatively New,3763.0,3000.0,2800.0,0,1,0,1,0,1,44.0,1254.3333333333333
house,shree krishna homes,0.48,sector 104 1,5556.0,864.0,Plot area 80(7.43 sq.m.)Built Up area: 795 sq.ft. (73.86 sq.m.)Carpet area: 720 sq.ft. (66.89 sq.m.),2,2,1,1.0,North-East,New Property,,795.0,720.0,1,0,0,1,1,1,101.0,432.0
flat,indiabulls enigma,3.3,sector 110,9850.0,3350.0,Super Built up area 3350(311.23 sq.m.),4,5,3,7.0,East,Relatively New,3350.0,,,0,1,0,0,0,1,120.0,837.5
house,,18.9,sector 26,41833.0,4518.0,Plot area 502(419.74 sq.m.),6,8,2,3.0,North-East,Relatively New,,4518.0,,1,1,1,1,0,2,0.0,753.0
flat,kibithu villas,3.45,sector 48,12777.0,2700.0,Carpet area: 2700 (250.84 sq.m.),4,4,3+,2.0,,Undefined,,,2700.0,0,0,0,0,0,1,153.0,675.0
flat,pioneer araya,10.75,sector 62,19500.0,5513.0,Super Built up area 5514(512.27 sq.m.),5,7,3,10.0,North-East,Relatively New,5514.0,,,0,1,0,0,0,2,95.0,1102.6
flat,orchid petals,1.9,sector 49,10526.0,1805.0,Carpet area: 1805 (167.69 sq.m.),3,3,3,9.0,North-West,Moderately Old,,,1805.0,0,1,0,0,0,1,7.0,601.6666666666666
house,dlf city plots,16.0,sector 26,37780.0,4235.0,Plot area 500(418.06 sq.m.),4,4,3,1.0,,Relatively New,,500.0,,1,0,1,1,0,1,120.0,1058.75
flat,ambience creacions,4.3,sector 22,13915.0,3090.0,Super Built up area 3090(287.07 sq.m.)Built Up area: 2600 sq.ft. (241.55 sq.m.)Carpet area: 2100 sq.ft. (195.1 sq.m.),3,4,3+,6.0,South-West,Relatively New,3090.0,2600.0,2100.0,0,1,0,0,1,0,46.0,1030.0
house,signature global city 92,0.75,sector 92,7820.0,959.0,Built Up area: 959 (89.09 sq.m.),2,2,3,1.0,,Undefined,,959.0,,0,0,0,0,0,1,0.0,479.5
flat,today callidora,1.0,sector 73,7692.0,1300.0,Carpet area: 1300 (120.77 sq.m.),2,2,2,13.0,,New Property,,,1300.0,0,0,0,0,0,1,49.0,650.0
flat,unitech the residences,1.35,sector 33,8737.0,1545.0,Super Built up area 1545(143.54 sq.m.),3,4,2,8.0,North-East,Moderately Old,1545.0,,,0,1,0,0,0,1,141.0,515.0
flat,bestech park view city,3.0,sector 49,12589.0,2383.0,Super Built up area 2383(221.39 sq.m.)Built Up area: 2200 sq.ft. (204.39 sq.m.)Carpet area: 2000 sq.ft. (185.81 sq.m.),4,4,3,5.0,North-East,Moderately Old,2383.0,2200.0,2000.0,0,1,0,1,0,2,96.0,595.75
flat,vatika gurgaon,0.95,sector 83,6574.0,1445.0,Super Built up area 1445(134.24 sq.m.)Built Up area: 1300 sq.ft. (120.77 sq.m.)Carpet area: 1200 sq.ft. (111.48 sq.m.),2,2,3,5.0,South,Relatively New,1445.0,1300.0,1200.0,0,0,0,0,0,2,152.0,722.5
house,ansals florence villa,3.65,sector 57,10579.0,3450.0,Plot area 3450(320.52 sq.m.),6,6,2,3.0,North-West,Moderately Old,,3450.0,,1,1,1,1,0,0,24.0,575.0
flat,signature andour heights,0.55,sector 71,8607.0,639.0,Super Built up area 639(59.37 sq.m.)Built Up area: 600 sq.ft. (55.74 sq.m.)Carpet area: 541 sq.ft. (50.26 sq.m.),2,2,1,7.0,South-East,Relatively New,639.0,600.0,541.0,0,0,0,0,0,2,111.0,319.5
flat,m3m woodshire,0.82,sector 107,6002.0,1366.0,Super Built up area 1366(126.91 sq.m.),2,2,3+,7.0,North-East,Relatively New,1366.0,,,0,0,0,0,0,1,93.0,683.0
flat,vipul lavanya,0.64,sector 81,5261.0,1216.0,Carpet area: 1225 (113.81 sq.m.),2,2,3,12.0,East,Relatively New,,,1225.0,0,0,0,0,0,2,49.0,608.0
flat,suncity vatsal valley,1.45,sector 2,10139.0,1430.0,Built Up area: 1430 (132.85 sq.m.)Carpet area: 760 sq.ft. (70.61 sq.m.),3,3,3,4.0,,Under Construction,,1430.0,760.0,0,0,0,0,0,1,96.0,476.6666666666667
flat,raheja vanya,0.59,sector 99a,3975.0,1484.0,Super Built up area 1252.13(116.33 sq.m.),2,2,3,1.0,East,Under Construction,1252.13,,,0,0,0,0,1,1,115.0,742.0
house,vipul tatvam villa,7.25,sector 48,27971.0,2592.0,Plot area 288(240.8 sq.m.),3,4,2,2.0,South,Moderately Old,,2592.0,,1,1,1,1,0,2,174.0,864.0
flat,the close north,2.65,sector 50,10685.0,2480.0,Super Built up area 2480(230.4 sq.m.)Built Up area: 2470 sq.ft. (229.47 sq.m.)Carpet area: 2000 sq.ft. (185.81 sq.m.),3,4,3+,6.0,North,Moderately Old,2480.0,2470.0,2000.0,0,1,0,0,0,2,26.0,826.6666666666666
house,unitech uniworld resorts,10.0,sector 33,20202.0,4950.0,Plot area 550(51.1 sq.m.),5,6,3,4.0,North-East,New Property,,550.0,,1,1,0,0,0,1,0.0,990.0
house,,1.9,sector 43,3909.0,4860.0,Plot area 60(50.17 sq.m.)Built Up area: 60 sq.yards (50.17 sq.m.),3,3,3+,3.0,,Old Property,,60.0,,0,0,0,0,0,0,0.0,1620.0
house,,0.71,sector 104,10142.0,700.0,Plot area 700(65.03 sq.m.),2,2,1,2.0,,New Property,,700.0,,0,0,0,0,0,1,118.0,350.0
flat,adani m2k oyster grande,2.6,sector 102,10007.0,2598.0,Super Built up area 2598(241.36 sq.m.),3,3,3,2.0,North-East,Relatively New,2598.0,,,1,1,1,0,0,1,24.0,866.0
flat,antriksh heights,0.85,sector 84,5556.0,1530.0,Super Built up area 1350(125.42 sq.m.),2,2,3,10.0,North-West,New Property,1350.0,,,1,0,0,0,1,1,0.0,765.0
flat,the roselia 2,0.45,sector 95a,6475.0,695.0,Built Up area: 695 (64.57 sq.m.)Carpet area: 595 sq.ft. (55.28 sq.m.),2,2,2,19.0,North,Undefined,,695.0,595.0,0,0,0,0,0,1,22.0,347.5
flat,siddhartha apartment,1.1,sector 95,4327.0,2542.0,Carpet area: 2542 (236.16 sq.m.),4,3,3,9.0,North,Relatively New,,,2542.0,0,1,0,0,1,1,149.0,635.5
flat,corona optus,1.4,sector 37c,7035.0,1990.0,Super Built up area 1990(184.88 sq.m.)Built Up area: 1890 sq.ft. (175.59 sq.m.)Carpet area: 1790 sq.ft. (166.3 sq.m.),3,3,3+,4.0,South,Relatively New,1990.0,1890.0,1790.0,0,1,0,0,0,1,31.0,663.3333333333334
flat,suncity platinum towers,6.0,sector 25,22346.0,2685.0,Carpet area: 2685 (249.44 sq.m.),3,3,2,8.0,South-East,Moderately Old,,,2685.0,0,1,0,0,0,1,174.0,895.0
flat,m3m skywalk,1.52,sector 74,13342.0,1139.0,Super Built up area 1400(130.06 sq.m.)Built Up area: 1250 sq.ft. (116.13 sq.m.)Carpet area: 1139.2 sq.ft. (105.84 sq.m.),2,2,3,6.0,South-East,Relatively New,1400.0,1250.0,1139.2,0,0,1,0,0,1,49.0,569.5
flat,hero homes,1.6,dwarka expressway,7825.0,2045.0,Super Built up area 1689(156.91 sq.m.),3,3,3,1.0,,New Property,1689.0,,,0,0,0,0,0,1,165.0,681.6666666666666
flat,indiabulls enigma,4.49,sector 110,11572.0,3880.0,Super Built up area 3880(360.46 sq.m.),5,5,3+,4.0,North-East,Relatively New,3880.0,,,0,1,0,0,0,1,134.0,776.0
flat,guru gram haryana cghs,1.38,sector 56,7225.0,1910.0,Built Up area: 1910 (177.44 sq.m.),3,3,3,5.0,North,Moderately Old,,1910.0,,1,0,0,0,0,2,151.0,636.6666666666666
flat,suncity vatsal valley,1.38,sector 2,9650.0,1430.0,Super Built up area 1430(132.85 sq.m.),3,3,2,1.0,East,Relatively New,1430.0,,,0,0,0,0,0,2,80.0,476.6666666666667
flat,hsiidc sidco shivalik apartments,0.73,sector 1 imt manesar,3560.0,2051.0,Super Built up area 2050(190.45 sq.m.)Carpet area: 1400 sq.ft. (130.06 sq.m.),3,3,3+,2.0,South,Moderately Old,2050.0,,1400.0,0,1,0,0,0,1,126.0,683.6666666666666
flat,kiran residency,1.5,sector 56,7500.0,2000.0,Super Built up area 2000(185.81 sq.m.)Built Up area: 1900 sq.ft. (176.52 sq.m.)Carpet area: 1800 sq.ft. (167.23 sq.m.),3,3,3+,4.0,North,Relatively New,2000.0,1900.0,1800.0,0,1,0,0,0,2,142.0,666.6666666666666
house,dlf new town heights,2.5,sector 86,7058.0,3542.0,Plot area 3400(315.87 sq.m.),4,4,3+,3.0,East,Moderately Old,,3400.0,,1,1,1,1,0,2,61.0,885.5
flat,m3m soulitude,1.25,sector 89,8784.0,1423.0,Built Up area: 1423 (132.2 sq.m.)Carpet area: 1190 sq.ft. (110.55 sq.m.),3,3,0,4.0,,Undefined,,1423.0,1190.0,0,0,0,0,0,1,49.0,474.3333333333333
flat,supertech araville,0.95,sector 79,6209.0,1530.0,Super Built up area 1530(142.14 sq.m.),2,2,3,7.0,North-East,New Property,1530.0,,,1,0,0,0,0,1,0.0,765.0
flat,shree shyam residency,0.22,block a sector 4,4731.0,465.0,Super Built up area 585(54.35 sq.m.)Carpet area: 465 sq.ft. (43.2 sq.m.),1,1,1,2.0,East,Relatively New,585.0,,465.0,0,0,0,0,0,1,168.0,465.0
flat,indiabulls centrum park,1.35,sector 103,7541.0,1790.0,Super Built up area 1790(166.3 sq.m.),3,3,3+,3.0,North-East,Relatively New,1790.0,,,1,0,0,0,0,2,122.0,596.6666666666666
house,international city by sobha phase 1,6.3,sector 109,9000.0,7000.0,Built Up area: 7000 (650.32 sq.m.)Carpet area: 4500 sq.ft. (418.06 sq.m.),4,5,3+,2.0,West,Relatively New,,7000.0,4500.0,0,0,0,0,0,2,157.0,1750.0
flat,ireo victory valley,3.05,sector 67,12650.0,2411.0,Super Built up area 2411(223.99 sq.m.)Carpet area: 1688 sq.ft. (156.82 sq.m.),3,3,3+,21.0,South-West,Relatively New,2411.0,,1688.0,0,1,0,0,0,2,127.0,803.6666666666666
flat,tulip violet,1.68,sector 69,8358.0,2010.0,Super Built up area 2010(186.74 sq.m.),4,4,2,7.0,North,Relatively New,2010.0,,,0,0,0,0,0,1,73.0,502.5
flat,breez global heights,0.42,sohna,6420.0,654.0,Super Built up area 623(57.88 sq.m.),2,2,2,2.0,,New Property,623.0,,,0,0,0,0,0,1,0.0,327.0
flat,umang monsoon breeze,0.7,sector 78,5719.0,1224.0,Built Up area: 1224 (113.71 sq.m.),2,2,2,5.0,,Undefined,,1224.0,,0,0,0,0,0,1,5.0,612.0
flat,green campus chs,0.92,sector 1a imt manesar,4022.0,2287.0,Super Built up area 2287(212.47 sq.m.)Carpet area: 1600 sq.ft. (148.64 sq.m.),3,3,3+,8.0,East,Moderately Old,2287.0,,1600.0,0,1,0,0,0,1,102.0,762.3333333333334
flat,tulip violet,1.66,sector 69,8408.0,1974.0,Super Built up area 1970(183.02 sq.m.),4,4,1,12.0,South-East,Relatively New,1970.0,,,0,0,0,1,0,1,125.0,493.5
flat,m3m soulitude,1.33,sector 89,16985.0,783.0,Built Up area: 1423 (132.2 sq.m.)Carpet area: 783 sq.ft. (72.74 sq.m.),3,3,3,4.0,North-West,Under Construction,,1423.0,783.0,1,0,0,0,0,1,93.0,261.0
flat,la vida by tata housing,1.75,sector 113,10489.0,1668.0,Super Built up area 1573(146.14 sq.m.),2,2,3,10.0,East,Relatively New,1573.0,,,1,0,0,0,0,1,15.0,834.0
flat,hcbs sports ville,0.2,sohna,2666.0,750.0,Super Built up area 750(69.68 sq.m.)Built Up area: 743 sq.ft. (69.03 sq.m.)Carpet area: 600 sq.ft. (55.74 sq.m.),2,2,1,4.0,,New Property,750.0,743.0,600.0,0,0,0,0,0,1,49.0,375.0
flat,ss the leaf,2.03,sector 85,7230.0,2808.0,Super Built up area 2812(261.24 sq.m.)Built Up area: 2225 sq.ft. (206.71 sq.m.)Carpet area: 2175 sq.ft. (202.06 sq.m.),4,4,3+,3.0,North-East,Relatively New,2812.0,2225.0,2175.0,0,0,0,0,1,1,0.0,702.0
house,,0.22,sector 9,7407.0,297.0,Carpet area: 33 (27.59 sq.m.),2,2,2,1.0,,Undefined,,,33.0,0,0,0,0,0,1,49.0,148.5
flat,paras dews,0.88,sector 106,6353.0,1385.0,Super Built up area 1385(128.67 sq.m.)Built Up area: 940 sq.ft. (87.33 sq.m.)Carpet area: 845 sq.ft. (78.5 sq.m.),2,2,3+,1.0,South,Relatively New,1385.0,940.0,845.0,0,0,0,0,0,1,76.0,692.5
flat,adani m2k oyster grande,2.5,sector 102,7817.0,3198.0,Super Built up area 3198(297.1 sq.m.),4,5,3+,5.0,South,Relatively New,3198.0,,,0,1,0,0,0,1,16.0,799.5
flat,signature global orchard avenue,0.38,sector 93,6387.0,595.0,Carpet area: 594.91 (55.27 sq.m.),2,2,2,7.0,North,Relatively New,,,594.920753,0,0,0,0,0,1,21.0,297.5
flat,m3m woodshire,1.65,sector 107,5960.0,2768.0,Super Built up area 2768(257.16 sq.m.),4,5,3+,12.0,North-West,Relatively New,2768.0,,,0,1,0,0,0,1,111.0,692.0
flat,godrej frontier,1.4,sector 80,6189.0,2262.0,Super Built up area 2262(210.15 sq.m.)Built Up area: 1922 sq.ft. (178.56 sq.m.)Carpet area: 1634 sq.ft. (151.8 sq.m.),3,4,2,6.0,South,Moderately Old,2262.0,1922.0,1634.0,0,1,0,1,0,1,23.0,754.0
flat,signature global grand iva,0.23,sector 103,6527.0,352.0,Carpet area: 360 (33.45 sq.m.),1,1,1,4.0,North-East,Relatively New,,,360.0,0,0,0,0,0,1,117.0,352.0
flat,m3m woodshire,1.4,sector 107,5929.0,2361.0,Super Built up area 2361(219.34 sq.m.),3,4,3+,6.0,North-East,Relatively New,2361.0,,,0,1,0,0,0,1,42.0,787.0
flat,gls avenue 51,0.42,sector 92,7106.0,591.0,Carpet area: 591 (54.91 sq.m.),2,2,1,4.0,East,Relatively New,,,591.0,1,0,0,1,0,2,15.0,295.5
flat,signature global solera,0.51,sector 107,7906.0,645.0,Carpet area: 645 (59.92 sq.m.),3,2,2,9.0,South,Relatively New,,,645.0,0,0,0,0,1,1,32.0,215.0
flat,dlf express greens,1.5,sector 1a imt manesar,6358.0,2359.0,Super Built up area 2359(219.16 sq.m.),4,5,3+,10.0,East,New Property,2359.0,,,0,1,0,0,0,1,102.0,589.75
flat,dlf new town heights,1.99,sector 90,7297.0,2727.0,Carpet area: 2727 (253.35 sq.m.),4,4,3+,9.0,East,Relatively New,,,2727.0,0,1,0,1,0,2,81.0,681.75
flat,bestech park view city,4.25,sector 48,9334.0,4553.0,Super Built up area 4553(422.99 sq.m.),4,5,3+,14.0,,Moderately Old,4553.0,,,1,0,0,0,0,2,174.0,1138.25
flat,la vida by tata housing,1.35,sector 113,13989.0,965.0,Super Built up area 1276(118.54 sq.m.)Built Up area: 1090 sq.ft. (101.26 sq.m.)Carpet area: 965 sq.ft. (89.65 sq.m.),2,2,3,10.0,North-East,New Property,1276.0,1090.0,965.0,0,0,0,0,0,1,109.0,482.5
flat,shapoorji pallonji joyville gurugram,2.12,sector 102,11447.0,1852.0,Super Built up area 1852(172.06 sq.m.)Carpet area: 1320 sq.ft. (122.63 sq.m.),3,3,3,9.0,South-East,New Property,1852.0,,1320.0,0,0,0,0,0,1,156.0,617.3333333333334
flat,ireo uptown,2.4,sector 66,13064.0,1837.0,Super Built up area 1837(170.66 sq.m.)Built Up area: 1700 sq.ft. (157.94 sq.m.)Carpet area: 1600 sq.ft. (148.64 sq.m.),3,2,3,5.0,North-East,Relatively New,1837.0,1700.0,1600.0,0,1,0,0,0,2,128.0,612.3333333333334
flat,emaar gurgaon greens,1.42,sector 102,8606.0,1650.0,Super Built up area 1650(153.29 sq.m.)Carpet area: 1022.58 sq.ft. (95 sq.m.),3,3,3,7.0,East,Relatively New,1650.0,,1022.58,0,1,0,0,0,1,30.0,550.0
house,international city by sobha phase 1,6.1,sector 109,25103.0,2430.0,Plot area 270(225.75 sq.m.),5,6,3+,2.0,,Moderately Old,,2430.0,,0,1,0,0,0,1,0.0,486.0
flat,tulip petals,1.1,sector 89,7097.0,1550.0,Built Up area: 1550 (144 sq.m.)Carpet area: 1320 sq.ft. (122.63 sq.m.),3,2,3,4.0,,Undefined,,1550.0,1320.0,0,0,0,0,0,1,40.0,516.6666666666666
flat,signature global the millennia,0.65,sector 37d,10906.0,596.0,Super Built up area 650(60.39 sq.m.)Carpet area: 596 sq.ft. (55.37 sq.m.),2,2,3,0.0,,New Property,650.0,,596.0,0,0,0,0,0,1,49.0,298.0
flat,umang winter hills,0.8,sector 77,5961.0,1342.0,Super Built up area 1342(124.68 sq.m.)Carpet area: 1000 sq.ft. (92.9 sq.m.),2,2,2,10.0,North,Relatively New,1342.0,,1000.0,0,0,0,0,0,2,156.0,671.0
flat,tulip violet,1.52,sector 69,9632.0,1578.0,Super Built up area 1578(146.6 sq.m.),3,3,2,4.0,South-West,Relatively New,1578.0,,,0,0,0,1,0,2,86.0,526.0
flat,sare green parc 2,1.07,sector 92,5246.0,2040.0,Built Up area: 2040 (189.52 sq.m.),4,3,3,10.0,,Under Construction,,2040.0,,1,1,0,0,0,1,54.0,510.0
flat,central park flower valley,1.4,sector-33 sohna,21538.0,650.0,Super Built up area 650(60.39 sq.m.),3,3,3,2.0,,Under Construction,650.0,,,0,0,0,0,0,1,58.0,216.66666666666666
house,unitech uniworld resorts,11.0,sector 33,26667.0,4125.0,Plot area 500(418.06 sq.m.),5,6,3,3.0,,New Property,,500.0,,1,1,0,0,0,1,168.0,825.0
flat,experion windchants,5.6,sector 112,11551.0,4848.0,Super Built up area 4848(450.39 sq.m.)Built Up area: 3655.35 sq.ft. (339.59 sq.m.),4,6,3+,8.0,North-East,Relatively New,4848.0,3655.35,,0,1,0,0,0,2,0.0,1212.0
house,,3.0,sector 7,11494.0,2610.0,Built Up area: 2610 (242.48 sq.m.),7,7,No,3.0,,Undefined,,2610.0,,0,0,0,0,0,1,7.0,372.85714285714283
house,,2.9,mianwali colony,10740.0,2700.0,Plot area 2700(250.84 sq.m.),7,7,3,2.0,South-West,Old Property,,2700.0,,0,0,0,0,0,1,158.0,385.7142857142857
flat,bestech park view city,1.76,sector 48,9909.0,1776.0,Super Built up area 1776(165 sq.m.)Built Up area: 1576 sq.ft. (146.42 sq.m.)Carpet area: 1476 sq.ft. (137.12 sq.m.),3,3,3+,9.0,South,Moderately Old,1776.0,1576.0,1476.0,0,1,0,1,0,2,105.0,592.0
flat,godrej nature plus,1.2,sector-33 sohna,12000.0,1000.0,Carpet area: 1000 (92.9 sq.m.),2,2,3+,3.0,North-East,Under Construction,,,1000.0,0,0,0,0,0,1,100.0,500.0
flat,bestech park view residency,1.59,sector 23,8281.0,1920.0,Super Built up area 1920(178.37 sq.m.),3,4,3+,11.0,North-West,Moderately Old,1920.0,,,0,1,0,0,0,1,15.0,640.0
house,,2.3,sector 4,17014.0,1352.0,Plot area 160(133.78 sq.m.),4,4,3,2.0,East,Old Property,,160.0,,0,0,0,0,0,2,60.0,338.0
house,,3.3,sector 57,19097.0,1728.0,Plot area 192(160.54 sq.m.),4,4,2,3.0,South-East,Moderately Old,,1728.0,,0,0,1,0,0,2,79.0,432.0
house,,4.45,sector 25,32963.0,1350.0,Plot area 150(125.42 sq.m.),4,3,3+,2.0,West,Moderately Old,,1350.0,,0,0,1,0,0,1,134.0,337.5
flat,sbtl caladium,1.3,sector 109,6914.0,1880.0,Super Built up area 1880(174.66 sq.m.),3,2,3,16.0,East,Moderately Old,1880.0,,,0,0,0,0,0,1,49.0,626.6666666666666
flat,shree vardhman victoria,1.75,sector 70,8974.0,1950.0,Built Up area: 1950 (181.16 sq.m.),3,4,2,16.0,,Relatively New,,1950.0,,0,1,0,1,0,1,8.0,650.0
flat,oriental valley chs,1.5,sector 9a,9090.0,1650.0,Carpet area: 1650 (153.29 sq.m.),4,3,3+,8.0,,Relatively New,,,1650.0,0,0,0,0,0,2,38.0,412.5
flat,emaar mgf emerald floors premier,2.8,sector 65,16969.0,1650.0,Carpet area: 1650 (153.29 sq.m.),3,3,3+,3.0,,Relatively New,,,1650.0,1,1,0,0,0,2,86.0,550.0
flat,signature global city 37d ph 2,1.07,sector 37d,8237.0,1299.0,Carpet area: 1305 (121.24 sq.m.),3,3,2,2.0,North-East,Under Construction,,,1305.0,0,0,0,0,0,1,105.0,433.0
flat,ireo the corridors,1.3,sector 67a,10031.0,1296.0,Built Up area: 1296 (120.4 sq.m.),2,2,2,1.0,,Undefined,,1296.0,,0,0,0,0,0,1,116.0,648.0
flat,shree vardhman flora,0.92,sector 90,4906.0,1875.0,Super Built up area 1875(174.19 sq.m.)Carpet area: 1161 sq.ft. (107.86 sq.m.),3,4,3,4.0,North-East,Relatively New,1875.0,,1161.0,0,1,0,0,0,1,30.0,625.0
flat,rof ananda,0.55,sector 95,5500.0,1000.0,Super Built up area 1000(92.9 sq.m.)Carpet area: 745 sq.ft. (69.21 sq.m.),3,2,2,14.0,East,New Property,1000.0,,745.0,1,0,0,0,0,0,38.0,333.3333333333333
flat,smart world gems,0.95,sector 89,8600.0,1105.0,Carpet area: 1103 (102.47 sq.m.),2,2,2,4.0,,New Property,,,1103.0,1,1,0,0,0,1,7.0,552.5
house,,0.67,sector 3a phase 2,8557.0,783.0,Plot area 87(72.74 sq.m.),3,2,1,1.0,South,Moderately Old,,783.0,,0,0,0,1,1,1,44.0,261.0
flat,ss the leaf,1.14,sector 85,6433.0,1772.0,Super Built up area 1772(164.62 sq.m.),2,2,3,16.0,South,Relatively New,1772.0,,,0,0,0,0,0,1,130.0,886.0
flat,dlf regal gardens,1.15,sector 90,6325.0,1818.0,Super Built up area 1818(168.9 sq.m.),3,3,3+,18.0,North-West,Relatively New,1818.0,,,0,0,0,1,0,2,104.0,606.0
flat,bestech park view ananda,1.15,sector 81,6927.0,1660.0,Super Built up area 1660(154.22 sq.m.)Carpet area: 1282 sq.ft. (119.1 sq.m.),3,2,3+,6.0,South,Relatively New,1660.0,,1282.0,1,0,0,0,0,2,39.0,553.3333333333334
house,,1.16,sector 7,11693.0,992.0,Plot area 992(92.16 sq.m.)Carpet area: 992 sq.ft. (92.16 sq.m.),2,4,2,3.0,North-East,Moderately Old,,,992.0,0,0,0,0,1,1,49.0,496.0
house,bptp visionnaire,5.25,sector 70a,20115.0,2610.0,Plot area 290(242.48 sq.m.),5,4,3+,3.0,North-East,New Property,,2610.0,,0,1,0,0,0,2,147.0,522.0
house,international city by sobha phase 2,6.25,sector 109,10035.0,6228.0,Plot area 692(578.6 sq.m.),5,7,3+,3.0,North-East,Relatively New,,6228.0,,1,1,1,1,0,1,153.0,1245.6
house,bptp pedestal,0.92,sector 70a,7750.0,1187.0,Carpet area: 1187 (110.28 sq.m.),2,3,3+,3.0,North-East,New Property,,,1187.0,0,0,0,0,1,1,0.0,593.5
flat,ashiana anmol,0.9,sohna,7059.0,1275.0,Built Up area: 1275 (118.45 sq.m.)Carpet area: 1039 sq.ft. (96.53 sq.m.),2,2,2,8.0,,Undefined,,1275.0,1039.0,0,0,0,0,0,1,174.0,637.5
flat,dlf the ultima,2.4,sector 81,11412.0,2103.0,Super Built up area 2103(195.38 sq.m.),3,4,3+,19.0,North-West,Relatively New,2103.0,,,0,1,0,0,0,0,165.0,701.0
flat,tulip violet,1.51,sector 69,9569.0,1578.0,Super Built up area 1578(146.6 sq.m.)Carpet area: 1100 sq.ft. (102.19 sq.m.),3,3,2,0.0,West,Relatively New,1578.0,,1100.0,0,0,0,1,0,0,49.0,526.0
flat,m3m capital,2.9,sector 113,12619.0,2298.0,Carpet area: 2298 (213.49 sq.m.),4,4,3+,11.0,North,Under Construction,,,2298.0,1,1,0,0,0,1,42.0,574.5
flat,capital residences 360,1.55,sector 70a,7844.0,1976.0,Super Built up area 1976(183.58 sq.m.)Built Up area: 1600 sq.ft. (148.64 sq.m.)Carpet area: 1400 sq.ft. (130.06 sq.m.),3,3,3,8.0,South,Relatively New,1976.0,1600.0,1400.0,1,1,0,1,1,1,76.0,658.6666666666666
flat,tarc maceo,1.4,sector 91,7407.0,1890.0,Super Built up area 1890(175.59 sq.m.)Built Up area: 1700 sq.ft. (157.94 sq.m.)Carpet area: 1600 sq.ft. (148.64 sq.m.),3,3,3+,7.0,North,Relatively New,1890.0,1700.0,1600.0,0,0,0,0,0,1,16.0,630.0
flat,signature global orchard avenue,0.36,sector 93,6715.0,536.0,Carpet area: 543.53 (50.5 sq.m.),2,2,2,6.0,North,Relatively New,,,543.57695,0,0,0,0,0,1,0.0,268.0
flat,signature global solera,0.28,sector 107,5623.0,498.0,Carpet area: 489 (45.43 sq.m.),2,2,2,14.0,North-West,Relatively New,,,489.0,0,0,0,0,0,1,174.0,249.0
flat,orris aster court premier,1.25,sector 85,5896.0,2120.0,Super Built up area 2120(196.95 sq.m.)Built Up area: 1900 sq.ft. (176.52 sq.m.)Carpet area: 1800 sq.ft. (167.23 sq.m.),3,4,2,5.0,North,Relatively New,2120.0,1900.0,1800.0,0,1,0,0,0,2,45.0,706.6666666666666
flat,ansal heights 86,0.87,sector 86,5367.0,1621.0,Super Built up area 1360(126.35 sq.m.),2,2,1,12.0,North-East,New Property,1360.0,,,0,0,0,0,1,2,7.0,810.5
flat,deepak minda,1.2,sector 1a imt manesar,4528.0,2650.0,Carpet area: 2650 (246.19 sq.m.),3,3,3+,6.0,North-West,Moderately Old,,,2650.0,0,1,0,0,0,1,0.0,883.3333333333334
house,spaze privy,3.1,sector 72,8486.0,3653.0,Plot area 3653(339.37 sq.m.),5,5,3+,21.0,,Relatively New,,3653.0,,0,0,0,0,0,1,53.0,730.6
house,,5.8,sector 26,32222.0,1800.0,Plot area 200(167.23 sq.m.),5,5,3+,2.0,North,Old Property,,1800.0,,1,1,1,1,0,1,66.0,360.0
flat,imperia the esfera,0.95,sector 37c,5703.0,1666.0,Built Up area: 1578 (146.6 sq.m.),2,2,0,17.0,,Under Construction,,1578.0,,0,1,0,0,0,1,30.0,833.0
flat,hero homes,1.75,sector 104,10361.0,1689.0,Super Built up area 1689(156.91 sq.m.),3,3,3,2.0,,Under Construction,1689.0,,,0,0,0,0,0,1,152.0,563.0
house,,4.45,sector 49,15451.0,2880.0,Plot area 320(267.56 sq.m.),6,6,3,3.0,North,Moderately Old,,2880.0,,1,1,1,1,0,0,132.0,480.0
flat,vatika city,2.1,sector 49,10418.0,2016.0,Super Built up area 2015.58(187.25 sq.m.)Built Up area: 1604.25 sq.ft. (149.04 sq.m.),3,3,3,9.0,South,Moderately Old,2015.58,1604.25,,0,0,0,1,0,2,68.0,672.0
flat,ambience lagoon,5.8,sector 25,12500.0,4640.0,Built Up area: 3700 (343.74 sq.m.),3,4,3+,9.0,North-East,Old Property,,3700.0,,1,1,0,1,1,0,153.0,1546.6666666666667
house,bptp pedestal,0.9,sector 70a,7582.0,1187.0,Carpet area: 1187 (110.28 sq.m.),2,2,3+,3.0,North-East,New Property,,,1187.0,0,1,0,0,1,1,109.0,593.5
flat,breez global hill view,0.3,sohna,5403.0,555.0,Super Built up area 655(60.85 sq.m.)Carpet area: 555 sq.ft. (51.56 sq.m.),2,2,2,6.0,North-East,New Property,655.0,,555.0,0,0,0,0,0,1,112.0,277.5
flat,paras dews,1.35,sector 106,8940.0,1510.0,Carpet area: 1510 (140.28 sq.m.),4,3,3,19.0,,Old Property,,,1510.0,0,1,0,0,0,1,167.0,377.5
flat,m3m skywalk,1.4,sector 74,9831.0,1424.0,Super Built up area 1424(132.29 sq.m.),2,2,2,17.0,North-East,New Property,1424.0,,,0,0,0,0,0,2,145.0,712.0
flat,dlf new town heights,1.88,sector 90,6894.0,2727.0,Super Built up area 2727(253.35 sq.m.)Built Up area: 2726 sq.ft. (253.25 sq.m.)Carpet area: 2725 sq.ft. (253.16 sq.m.),4,4,3+,20.0,South,Relatively New,2727.0,2726.0,2725.0,0,1,0,1,0,1,42.0,681.75
flat,ireo the grand arch,2.2,sector 58,16000.0,1375.0,Super Built up area 1375(127.74 sq.m.),2,2,2,6.0,North-East,Relatively New,1375.0,,,0,0,0,0,0,1,89.0,687.5
house,dlf city plots phase 2,6.3,sector 25,35000.0,1800.0,Plot area 200(167.23 sq.m.),4,4,3+,2.0,East,Old Property,,1800.0,,0,1,1,0,0,1,85.0,450.0
flat,sobha city,1.9,sector 108,13758.0,1381.0,Super Built up area 1381(128.3 sq.m.),2,2,2,8.0,East,Relatively New,1381.0,,,0,0,0,0,0,1,49.0,690.5
flat,dlf the ultima,2.25,sector 81,10699.0,2103.0,Super Built up area 2103(195.38 sq.m.)Built Up area: 1600 sq.ft. (148.64 sq.m.)Carpet area: 1257 sq.ft. (116.78 sq.m.),3,3,3+,11.0,North-East,Relatively New,2103.0,1600.0,1257.0,1,1,0,1,1,0,37.0,701.0
flat,ats marigold,1.85,sector 89 a,8604.0,2150.0,Super Built up area 2150(199.74 sq.m.),3,3,3+,12.0,South-West,New Property,2150.0,,,0,1,0,0,0,1,96.0,716.6666666666666
flat,sare crescent parc,0.49,sector 92,4909.0,998.0,Carpet area: 998 (92.72 sq.m.),2,2,2,2.0,,Relatively New,,,998.0,0,0,0,0,0,1,71.0,499.0
flat,la vida by tata housing,1.5,sector 113,11755.0,1276.0,Carpet area: 1276 (118.54 sq.m.),2,2,2,13.0,,New Property,,,1276.0,0,0,0,0,0,1,49.0,638.0
flat,experion windchants,3.0,sector 112,11538.0,2600.0,Super Built up area 2802(260.31 sq.m.)Built Up area: 2600 sq.ft. (241.55 sq.m.)Carpet area: 2200 sq.ft. (204.39 sq.m.),3,3,2,2.0,North,Relatively New,2802.0,2600.0,2200.0,0,0,0,0,1,2,44.0,866.6666666666666
flat,m3m sierra 68,1.25,sector 68,10245.0,1220.0,Super Built up area 1220(113.34 sq.m.)Carpet area: 694 sq.ft. (64.47 sq.m.),2,2,3,4.0,,New Property,1220.0,,694.0,0,0,0,0,0,1,120.0,610.0
flat,ambience creacions,4.63,sector 22,14983.0,3090.0,Super Built up area 3090(287.07 sq.m.),3,5,3+,5.0,North-East,New Property,3090.0,,,0,1,0,0,1,1,88.0,1030.0
flat,vipul world floors,4.3,sector 48,13870.0,3100.0,Carpet area: 3100 (288 sq.m.),4,5,3+,4.0,East,New Property,,,3100.0,1,1,0,1,0,1,142.0,775.0
flat,suncity avenue,0.47,sector 102,8928.0,526.0,Super Built up area 632(58.71 sq.m.)Carpet area: 532 sq.ft. (49.42 sq.m.),2,2,1,5.0,South-East,Relatively New,632.0,,532.0,0,0,1,0,0,1,0.0,263.0
flat,supertech araville,1.45,sector 79,7455.0,1945.0,Carpet area: 1945 (180.7 sq.m.),3,3,3,3.0,North,Relatively New,,,1945.0,0,0,0,0,0,1,31.0,648.3333333333334
flat,ss hibiscus,6.0,sector 50,12272.0,4889.0,Super Built up area 4400(408.77 sq.m.),4,3,3,5.0,South-East,Moderately Old,4400.0,,,0,1,0,0,0,1,29.0,1222.25
flat,m3m woodshire,1.15,sector 107,7496.0,1534.0,Super Built up area 1534(142.51 sq.m.)Carpet area: 1056 sq.ft. (98.11 sq.m.),2,2,3,0.0,North-East,Relatively New,1534.0,,1056.0,1,0,0,0,0,1,65.0,767.0
flat,ats tourmaline,1.75,sector 109,8139.0,2150.0,Super Built up area 2150(199.74 sq.m.),3,4,3+,2.0,North,Relatively New,2150.0,,,0,1,0,0,1,1,0.0,716.6666666666666
flat,dlf the skycourt,1.5,sector 86,9740.0,1540.0,Super Built up area 1929(179.21 sq.m.)Built Up area: 1780 sq.ft. (165.37 sq.m.)Carpet area: 1540 sq.ft. (143.07 sq.m.),3,3,3+,18.0,West,Relatively New,1929.0,1780.0,1540.0,1,0,0,0,0,1,78.0,513.3333333333334
flat,tarc maceo,0.87,sector 91,6641.0,1310.0,Super Built up area 1310(121.7 sq.m.)Carpet area: 1000 sq.ft. (92.9 sq.m.),2,2,2,9.0,North-West,Relatively New,1310.0,,1000.0,0,0,1,0,0,1,38.0,655.0
flat,indiabulls centrum park,1.34,sector 103,7882.0,1700.0,Super Built up area 1725(160.26 sq.m.)Carpet area: 1700 sq.ft. (157.94 sq.m.),3,3,3+,12.0,East,Relatively New,1725.0,,1700.0,1,1,1,1,0,2,0.0,566.6666666666666
flat,mapsko mount ville,1.65,sector 79,9091.0,1815.0,Built Up area: 1815 (168.62 sq.m.),3,3,0,12.0,,Undefined,,1815.0,,0,0,0,0,0,1,0.0,605.0
house,,0.82,sector 49,3904.0,2100.0,Carpet area: 2100 (195.1 sq.m.),3,2,1,1.0,North,Undefined,,,2100.0,0,0,0,0,0,1,0.0,700.0
flat,the castle society,2.0,sector 56,8695.0,2300.0,Super Built up area 2300(213.68 sq.m.),4,4,2,4.0,,Under Construction,2300.0,,,0,0,0,0,0,1,65.0,575.0
flat,puri diplomatic greens,2.65,sector 111,11963.0,2215.0,Super Built up area 2215(205.78 sq.m.),3,4,3+,19.0,South-East,Relatively New,2215.0,,,1,1,1,1,0,1,62.0,738.3333333333334
flat,conscient habitat,0.35,sector 99a,6422.0,545.0,Carpet area: 545 (50.63 sq.m.),2,2,1,3.0,North-East,Relatively New,,,545.0,0,0,0,0,0,1,14.0,272.5
flat,adani aangan arcade,0.45,sector 88a,7200.0,625.0,Carpet area: 625 (58.06 sq.m.),2,2,1,3.0,,New Property,,,625.0,0,0,0,0,0,1,0.0,312.5
flat,gls avenue 51,0.45,sector 92,6000.0,750.0,Carpet area: 750 (69.68 sq.m.),3,3,1,10.0,North-East,Relatively New,,,750.0,0,0,0,0,0,1,0.0,250.0
flat,element one service,1.0,sector 49,11765.0,850.0,Built Up area: 850 (78.97 sq.m.)Carpet area: 689 sq.ft. (64.01 sq.m.),1,1,1,8.0,North-East,Undefined,,850.0,689.0,0,0,0,0,0,1,75.0,850.0
house,,3.69,sector 31,23699.0,1557.0,Plot area 173(144.65 sq.m.),4,4,2,2.0,East,Moderately Old,,1557.0,,1,1,0,1,0,2,60.0,389.25
flat,ats tourmaline,1.75,sector 109,8139.0,2150.0,Super Built up area 2150(199.74 sq.m.),3,4,3+,9.0,North-East,Relatively New,2150.0,,,0,1,0,0,0,1,72.0,716.6666666666666
flat,microtek greenburg,1.45,sector 86,9797.0,1480.0,Built Up area: 1480 (137.5 sq.m.)Carpet area: 1050 sq.ft. (97.55 sq.m.),3,2,3,8.0,North-East,Relatively New,,1480.0,1050.0,0,0,0,0,0,0,88.0,493.3333333333333
house,unitech espace,7.42,sector 50,34352.0,2160.0,Plot area 2160(200.67 sq.m.)Built Up area: 3200 sq.ft. (297.29 sq.m.),4,4,3,2.0,West,Old Property,,3200.0,,0,0,0,0,0,2,0.0,540.0
house,,0.62,sector 8,11273.0,550.0,Built Up area: 550 (51.1 sq.m.),3,1,No,2.0,,Undefined,,550.0,,0,0,0,0,0,1,49.0,183.33333333333334
flat,supertech araville,0.83,sector 79,5424.0,1530.0,Carpet area: 1530 (142.14 sq.m.),2,2,3,5.0,North-East,New Property,,,1530.0,1,0,0,0,0,0,151.0,765.0
flat,sbtl caladium,1.9,sector 109,6219.0,3055.0,Super Built up area 3055(283.82 sq.m.),4,4,3,8.0,North-East,Relatively New,3055.0,,,0,1,0,0,0,1,31.0,763.75
flat,experion the heartsong,0.98,sector 108,13343.0,734.0,Built Up area: 978.23 (90.88 sq.m.)Carpet area: 734.43 sq.ft. (68.23 sq.m.),2,3,3,12.0,South-East,Relatively New,,978.223232,734.43,1,1,1,1,0,1,45.0,367.0
flat,signature global solera,0.28,sector 107,5725.0,489.0,Carpet area: 489 (45.43 sq.m.),2,2,2,6.0,West,Relatively New,,,489.0,0,0,0,0,0,1,49.0,244.5
house,,2.99,sector 56,20635.0,1449.0,Plot area 161(134.62 sq.m.),4,4,2,2.0,South,Moderately Old,,1449.0,,1,1,0,1,0,2,165.0,362.25
flat,adani m2k oyster grande,1.9,sector 102,9105.0,2087.0,Super Built up area 1889(175.49 sq.m.),3,4,3,8.0,North-East,Relatively New,1889.0,,,0,1,0,0,0,1,60.0,695.6666666666666
flat,godrej habitat,1.35,sector 3,12784.0,1056.0,Built Up area: 1056 (98.11 sq.m.)Carpet area: 912 sq.ft. (84.73 sq.m.),2,2,0,4.0,North-East,Undefined,,1056.0,912.0,0,0,0,0,0,1,49.0,528.0
flat,imperia the esfera,0.85,sector 37c,5386.0,1578.0,Super Built up area 1578(146.6 sq.m.)Carpet area: 1310 sq.ft. (121.7 sq.m.),2,3,3,9.0,South-East,Relatively New,1578.0,,1310.0,1,0,0,0,0,1,7.0,789.0
house,,0.7,sector 11,8101.0,864.0,Plot area 864(80.27 sq.m.),2,2,No,2.0,North,Old Property,,864.0,,0,0,0,0,0,1,16.0,432.0
house,secter 16a daultabad faridabad house no 313,0.48,sector 103,6667.0,720.0,Plot area 80(7.43 sq.m.),2,2,No,2.0,South-East,Relatively New,,80.0,,0,0,0,0,0,1,42.0,360.0
house,,10.5,sector 25,29022.0,3618.0,Plot area 402(336.12 sq.m.),5,5,3,3.0,East,Moderately Old,,3618.0,,1,1,0,1,0,1,0.0,723.6
flat,raheja vedaanta,0.7,sector 108,4522.0,1548.0,Built Up area: 1548 (143.81 sq.m.)Carpet area: 1200 sq.ft. (111.48 sq.m.),2,2,3,1.0,West,Undefined,,1548.0,1200.0,0,0,0,0,0,1,65.0,774.0
flat,orris carnation residency,0.88,sector 85,5952.0,2660.0,Super Built up area 1485(137.96 sq.m.),3,3,1,1.0,South,Relatively New,1485.0,,,0,0,0,0,0,1,82.0,886.6666666666666
flat,m3m golfestate,4.95,sector 65,15906.0,3112.0,Super Built up area 3112(289.11 sq.m.),3,3,3,10.0,North,Relatively New,3112.0,,,0,1,0,0,0,2,0.0,1037.3333333333333
flat,ramsons kshitij,0.4,sector 95,5839.0,685.0,Carpet area: 685 (63.64 sq.m.),3,2,2,6.0,,Undefined,,,685.0,0,0,0,0,0,1,44.0,228.33333333333334
flat,breez global hill view,0.42,sohna,7174.0,585.0,Carpet area: 585.41 (54.39 sq.m.),2,2,1,18.0,,Relatively New,,,585.448521,0,0,0,0,0,1,49.0,292.5
flat,ireo skyon,3.6,sector 60,12815.0,2809.0,Super Built up area 2809(260.96 sq.m.)Carpet area: 2400 sq.ft. (222.97 sq.m.),4,5,3,24.0,North-East,Relatively New,2809.0,,2400.0,0,1,0,0,0,2,60.0,702.25
flat,sidhartha ncr one phase,0.9,sector 95,4500.0,2000.0,Built Up area: 2000 (185.81 sq.m.),3,3,1,15.0,,Relatively New,,2000.0,,0,0,0,0,0,1,0.0,666.6666666666666
house,signature global city 63a,1.5,sector 63,6289.0,2385.0,Built Up area: 2385 (221.57 sq.m.),3,3,2,1.0,,New Property,,2385.0,,0,0,0,0,0,1,42.0,795.0
flat,ambience creacions,3.2,sector 22,11500.0,2783.0,Super Built up area 2781(258.36 sq.m.),3,4,3+,2.0,North-East,New Property,2781.0,,,0,0,0,0,0,1,33.0,927.6666666666666
house,malibu towne,1.15,sector 47,4646.0,2475.0,Plot area 275(25.55 sq.m.),3,3,3,2.0,North-East,Old Property,,275.0,,0,0,0,0,0,2,49.0,825.0
flat,on request,1.69,sector 103,9146.0,1848.0,Super Built up area 1845(171.41 sq.m.),3,3,3+,8.0,,Relatively New,1845.0,,,0,0,0,0,0,1,27.0,616.0
house,,4.1,sector 15 part 1,22331.0,1836.0,Plot area 204(170.57 sq.m.)Built Up area: 200 sq.yards (167.23 sq.m.)Carpet area: 150 sq.yards (125.42 sq.m.),3,3,2,1.0,North-East,Old Property,,200.0,150.0,1,0,0,1,1,2,43.0,612.0
flat,eldeco accolade,0.95,sohna,6542.0,1452.0,Super Built up area 1452(134.9 sq.m.)Carpet area: 849 sq.ft. (78.87 sq.m.),2,2,3+,6.0,East,New Property,1452.0,,849.0,1,0,0,0,0,2,49.0,726.0
flat,imperia the esfera,1.4,sector 37c,5384.0,2600.0,Super Built up area 2600(241.55 sq.m.)Carpet area: 2100 sq.ft. (195.1 sq.m.),4,5,3,9.0,North,Relatively New,2600.0,,2100.0,1,1,0,1,1,1,34.0,650.0
flat,m3m golfestate,6.15,sector 65,18331.0,3355.0,Built Up area: 3355 (311.69 sq.m.)Carpet area: 2200 sq.ft. (204.39 sq.m.),3,4,2,20.0,North-East,Undefined,,3355.0,2200.0,0,0,0,0,0,1,79.0,1118.3333333333333
flat,godrej summit,0.75,sector 104,5910.0,1269.0,Super Built up area 1269(117.89 sq.m.),2,2,3,6.0,East,Relatively New,1269.0,,,0,0,0,0,1,1,168.0,634.5
flat,signature global park,0.53,sohna,6295.0,842.0,Carpet area: 845 (78.5 sq.m.),2,2,2,1.0,East,Relatively New,,,845.0,0,0,0,1,0,1,0.0,421.0
house,,2.25,sector 103,6367.0,3534.0,Built Up area: 3534 (328.32 sq.m.)Carpet area: 2000 sq.ft. (185.81 sq.m.),3,5,3+,10.0,South,Undefined,,3534.0,2000.0,0,0,0,0,0,1,69.0,1178.0
house,,1.5,sohna,14245.0,1053.0,Plot area 117(97.83 sq.m.),2,3,2,1.0,North,New Property,,1053.0,,1,0,0,1,0,2,126.0,526.5
flat,tulip violet,1.7,sector 69,8457.0,2010.0,Super Built up area 2010(186.74 sq.m.),4,4,2,1.0,South,Relatively New,2010.0,,,0,0,0,0,0,1,7.0,502.5
flat,aipl zen residences,1.25,sector 70a,9904.0,1262.0,Carpet area: 1262 (117.24 sq.m.),2,2,3,19.0,,Undefined,,,1262.0,0,0,0,0,0,1,157.0,631.0
flat,tulip violet,1.4,sector 69,8928.0,1568.0,Super Built up area 1568(145.67 sq.m.),3,3,1,12.0,North,Relatively New,1568.0,,,0,0,0,0,0,1,38.0,522.6666666666666
flat,godrej oasis,1.4,sector 88a,7567.0,1850.0,Super Built up area 1850(171.87 sq.m.),3,3,3+,4.0,East,Relatively New,1850.0,,,0,0,0,0,0,2,74.0,616.6666666666666
flat,supertech araville,0.78,sector 79,6024.0,1295.0,Super Built up area 1295(120.31 sq.m.),2,2,3+,0.0,,New Property,1295.0,,,0,0,0,0,1,1,52.0,647.5
house,,6.21,sector 57,23000.0,2700.0,Plot area 300(250.84 sq.m.),6,6,3+,4.0,North-East,Old Property,,2700.0,,1,1,1,1,0,1,159.0,450.0
flat,suncity avenue,0.48,sector 102,9022.0,532.0,Super Built up area 632(58.71 sq.m.)Carpet area: 532 sq.ft. (49.42 sq.m.),2,2,1,5.0,North-East,Relatively New,632.0,,532.0,0,0,1,0,0,1,23.0,266.0
flat,signature global solera,0.38,sector 107,6333.0,600.0,Super Built up area 650(60.39 sq.m.)Carpet area: 600 sq.ft. (55.74 sq.m.),2,2,2,3.0,East,Relatively New,650.0,,600.0,0,0,0,0,0,0,174.0,300.0
flat,emaar mgf the enclave,1.9,sector 66,10555.0,1800.0,Super Built up area 1920(178.37 sq.m.)Built Up area: 1850 sq.ft. (171.87 sq.m.)Carpet area: 1800 sq.ft. (167.23 sq.m.),3,4,2,8.0,North-East,Relatively New,1920.0,1850.0,1800.0,0,1,0,0,0,2,174.0,600.0
flat,emaar palm gardens,1.76,sector 83,9263.0,1900.0,Super Built up area 1900(176.52 sq.m.)Built Up area: 1600 sq.ft. (148.64 sq.m.)Carpet area: 1240.04 sq.ft. (115.2 sq.m.),3,3,3,5.0,South-East,Relatively New,1900.0,1600.0,1240.04,0,1,0,0,0,2,0.0,633.3333333333334
house,,1.15,sector 105,3285.0,3501.0,Carpet area: 3500 (325.16 sq.m.),3,2,1,1.0,,Undefined,,,3500.0,0,0,0,0,0,1,86.0,1167.0
flat,tulip violet,1.75,sector 69,8882.0,1970.0,Super Built up area 1970(183.02 sq.m.),4,4,1,12.0,North-West,Relatively New,1970.0,,,0,0,0,0,0,1,42.0,492.5
flat,paras irene,1.2,sector 70a,8450.0,1420.0,Super Built up area 1420(131.92 sq.m.),2,2,3,6.0,North-East,Moderately Old,1420.0,,,0,0,0,0,0,1,0.0,710.0
house,,0.35,sector 105,7778.0,450.0,Carpet area: 500 (46.45 sq.m.),2,2,1,2.0,East,Undefined,,,500.0,0,0,0,0,0,1,28.0,225.0
flat,alpha corp gurgaonone,1.49,sector 84,7590.0,1963.0,Super Built up area 1963(182.37 sq.m.)Carpet area: 1700 sq.ft. (157.94 sq.m.),3,3,3,6.0,South-East,Relatively New,1963.0,,1700.0,0,1,0,0,0,1,47.0,654.3333333333334
house,huda sector-56 gurgaon,3.6,sector 56,24845.0,1449.0,Plot area 161(134.62 sq.m.),5,5,3+,3.0,North-East,Moderately Old,,1449.0,,0,0,0,0,1,1,167.0,289.8
flat,ashiana mulberry,1.07,sohna,6184.0,1730.0,Super Built up area 1730(160.72 sq.m.)Built Up area: 1600 sq.ft. (148.64 sq.m.)Carpet area: 1300 sq.ft. (120.77 sq.m.),3,3,3+,7.0,North-East,Relatively New,1730.0,1600.0,1300.0,0,0,0,0,0,1,36.0,576.6666666666666
flat,shree vardhman victoria,1.9,sector 70,9743.0,1950.0,Super Built up area 1950(181.16 sq.m.),3,3,3,10.0,North-East,New Property,1950.0,,,0,1,1,1,1,1,80.0,650.0
flat,maruti vihar,1.0,sector 28,9090.0,1100.0,Super Built up area 1100(102.19 sq.m.),1,1,1,1.0,North,Old Property,1100.0,,,1,0,0,1,0,2,0.0,1100.0
flat,belgravia resort residences,3.45,sector 48,18459.0,1869.0,Built Up area: 1869 (173.64 sq.m.),3,3,3,14.0,West,Undefined,,1869.0,,0,0,0,0,0,1,70.0,623.0
house,unitech palms south city 1,9.35,sector 41,28858.0,3240.0,Plot area 3240(301.01 sq.m.)Built Up area: 7500 sq.ft. (696.77 sq.m.)Carpet area: 6000 sq.ft. (557.42 sq.m.),10,10,3+,4.0,North-East,Moderately Old,,7500.0,6000.0,1,1,0,0,0,2,49.0,324.0
flat,signature global solera,0.49,sector 107,8222.0,596.0,Super Built up area 602(55.93 sq.m.)Built Up area: 598 sq.ft. (55.56 sq.m.),2,2,1,8.0,South-West,Relatively New,602.0,598.0,,0,0,0,0,1,0,43.0,298.0
flat,m3m heights,3.67,sector 65,17990.0,2040.0,Super Built up area 2040(189.52 sq.m.),3,3,2,27.0,,Under Construction,2040.0,,,0,1,0,0,0,1,24.0,680.0
flat,antriksh heights,0.85,sector 84,5556.0,1530.0,Super Built up area 1350(125.42 sq.m.),2,2,3,10.0,North-West,New Property,1350.0,,,1,0,0,0,1,1,33.0,765.0
flat,signature global park 4,0.85,sector 36 sohna,11333.0,750.0,Carpet area: 750 (69.68 sq.m.),3,2,3,1.0,,New Property,,,750.0,0,0,0,0,0,1,31.0,250.0
house,not applicable,2.2,sector 11,12222.0,1800.0,Plot area 1800(167.23 sq.m.),4,3,2,1.0,South,Old Property,,1800.0,,1,0,0,1,0,1,60.0,450.0
flat,ats triumph,2.0,sector 104,8733.0,2290.0,Super Built up area 2290(212.75 sq.m.),3,4,3+,4.0,,Relatively New,2290.0,,,0,1,0,0,0,1,0.0,763.3333333333334
flat,chanderlok society,0.9,sector 28,7234.0,1244.0,Carpet area: 1244 (115.57 sq.m.),4,2,3+,1.0,,Old Property,,,1244.0,0,0,0,0,0,1,0.0,311.0
house,,3.75,sector 54,26042.0,1440.0,Plot area 160(14.86 sq.m.),4,4,3,3.0,East,Moderately Old,,160.0,,0,1,0,0,0,2,53.0,360.0
flat,smart world orchard,1.47,sector 61,12782.0,1150.0,Carpet area: 1150 (106.84 sq.m.),2,2,2,4.0,North-East,New Property,,,1150.0,1,0,0,1,0,1,67.0,575.0
flat,ansal api celebrity suites,0.6,sector 2,8163.0,735.0,Super Built up area 735(68.28 sq.m.),1,1,1,5.0,North-East,Moderately Old,735.0,,,0,0,0,0,0,2,49.0,735.0
flat,tata gurgaon gateway,3.21,sector 113,11825.0,2715.0,Super Built up area 2520(234.12 sq.m.),3,3,3,9.0,,New Property,2520.0,,,0,0,0,0,0,1,46.0,905.0
flat,emaar gurgaon greens,1.4,sector 102,8484.0,1650.0,Super Built up area 1650(153.29 sq.m.)Built Up area: 1300 sq.ft. (120.77 sq.m.)Carpet area: 1022.58 sq.ft. (95 sq.m.),3,3,3,10.0,East,Relatively New,1650.0,1300.0,1022.58,0,1,0,0,0,1,174.0,550.0
flat,vatika lifestyle homes,1.25,sector 83,6839.0,1828.0,Super Built up area 1827.5(169.78 sq.m.),3,2,1,6.0,South-West,Relatively New,1827.5,,,1,1,1,1,0,0,0.0,609.3333333333334
house,,3.5,sector 12,17500.0,2000.0,Plot area 2200(204.39 sq.m.)Built Up area: 2000 sq.ft. (185.81 sq.m.),3,3,1,2.0,North-East,Undefined,,2000.0,,0,0,0,0,0,1,151.0,666.6666666666666
house,,7.0,sector 41,28283.0,2475.0,Plot area 275(229.94 sq.m.),7,7,3+,3.0,South-West,Moderately Old,,2475.0,,1,1,1,1,0,0,100.0,353.57142857142856
flat,raheja navodaya,0.85,sector 92,4271.0,1990.0,Super Built up area 1990(184.88 sq.m.),3,3,3,2.0,North-West,Relatively New,1990.0,,,0,0,0,0,0,1,149.0,663.3333333333334
flat,ramprastha primera,1.1,sector 37d,6111.0,1800.0,Super Built up area 1800(167.23 sq.m.)Built Up area: 1700 sq.ft. (157.94 sq.m.)Carpet area: 1600 sq.ft. (148.64 sq.m.),3,3,3,6.0,North-West,Relatively New,1800.0,1700.0,1600.0,0,0,0,0,0,1,24.0,600.0
flat,signature global park 4,0.82,sector 36 sohna,7585.0,1081.0,Carpet area: 1081 (100.43 sq.m.),3,2,3,2.0,,New Property,,,1081.0,0,0,0,0,0,1,49.0,360.3333333333333
flat,paras dews,1.14,sector 106,6000.0,1900.0,Super Built up area 1900(176.52 sq.m.)Built Up area: 1305 sq.ft. (121.24 sq.m.)Carpet area: 1173 sq.ft. (108.98 sq.m.),3,4,3,8.0,South,Relatively New,1900.0,1305.0,1173.0,1,1,0,0,0,1,44.0,633.3333333333334
flat,lotus homz,0.36,sector 111,8888.0,405.0,Carpet area: 405 (37.63 sq.m.),1,1,1,10.0,,Relatively New,,,405.0,0,0,0,0,0,1,0.0,405.0
house,vatika india next,1.7,sector 83,7870.0,2160.0,Plot area 240(200.67 sq.m.),3,3,3+,4.0,North-West,New Property,,2160.0,,0,1,0,1,0,1,51.0,720.0
flat,ild greens,1.0,sector 37c,4723.0,2117.0,Super Built up area 1800(167.23 sq.m.),3,3,3,3.0,,Under Construction,1800.0,,,0,0,0,0,0,1,31.0,705.6666666666666
flat,the khushboo cooperative housing society ltd,0.88,sector 9a,4888.0,1800.0,Super Built up area 1800(167.23 sq.m.)Carpet area: 1123 sq.ft. (104.33 sq.m.),3,3,2,2.0,North-West,Old Property,1800.0,,1123.0,0,0,0,0,0,2,95.0,600.0
flat,dlf regal gardens,1.21,sector 90,6926.0,1747.0,Super Built up area 1747(162.3 sq.m.),3,3,3+,29.0,West,Relatively New,1747.0,,,0,0,0,0,1,1,22.0,582.3333333333334
house,housing board colony,5.5,saraswati vihar,30556.0,1800.0,Plot area 200(167.23 sq.m.),4,3,3,2.0,North,Old Property,,1800.0,,0,0,0,1,1,2,15.0,450.0
flat,shree vardhman flora,0.7,sector 90,5384.0,1300.0,Super Built up area 1300(120.77 sq.m.),2,2,3,13.0,,New Property,1300.0,,,1,0,0,0,0,1,66.0,650.0
flat,apna enclave,0.58,sector 3,6105.0,950.0,Super Built up area 950(88.26 sq.m.)Built Up area: 900 sq.ft. (83.61 sq.m.)Carpet area: 744 sq.ft. (69.12 sq.m.),2,2,2,2.0,North-East,Old Property,950.0,900.0,744.0,0,0,0,0,0,1,0.0,475.0
flat,element one service,1.0,sector 49,11765.0,850.0,Built Up area: 850 (78.97 sq.m.)Carpet area: 689 sq.ft. (64.01 sq.m.),1,1,1,8.0,North-East,Undefined,,850.0,689.0,0,0,0,0,0,1,96.0,850.0
flat,ats marigold,1.5,sector 89 a,8500.0,1765.0,Super Built up area 1750(162.58 sq.m.)Built Up area: 1480 sq.ft. (137.5 sq.m.)Carpet area: 1450 sq.ft. (134.71 sq.m.),3,3,3,5.0,North,Under Construction,1750.0,1480.0,1450.0,0,0,0,0,0,1,100.0,588.3333333333334
flat,bestech park view residency,1.55,sector 23,8072.0,1920.0,Super Built up area 1920(178.37 sq.m.),3,4,3+,10.0,East,Moderately Old,1920.0,,,0,1,0,0,0,1,149.0,640.0
flat,bestech park view spa next,2.85,sector 67,12127.0,2350.0,Super Built up area 2350(218.32 sq.m.),4,4,3+,5.0,South,Moderately Old,2350.0,,,0,1,0,1,0,2,49.0,587.5
flat,ss the leaf,2.05,sector 85,7290.0,2812.0,Super Built up area 2812(261.24 sq.m.)Built Up area: 2500 sq.ft. (232.26 sq.m.)Carpet area: 2250 sq.ft. (209.03 sq.m.),4,4,3+,4.0,North-East,Relatively New,2812.0,2500.0,2250.0,0,1,0,0,0,2,49.0,703.0
flat,signature global solera,0.36,sector 107,5980.0,602.0,Super Built up area 602(55.93 sq.m.)Built Up area: 598 sq.ft. (55.56 sq.m.)Carpet area: 546 sq.ft. (50.73 sq.m.),2,2,1,7.0,North-West,Relatively New,602.0,598.0,546.0,0,0,0,0,1,1,76.0,301.0
flat,m3m golfestate,5.2,sector 65,17455.0,2979.0,Super Built up area 2979(276.76 sq.m.),3,3,3,18.0,North,Relatively New,2979.0,,,1,1,0,0,0,2,137.0,993.0
flat,m3m skywalk,2.45,sector 74,12140.0,2018.0,Super Built up area 2018(187.48 sq.m.)Built Up area: 1800 sq.ft. (167.23 sq.m.)Carpet area: 1614 sq.ft. (149.95 sq.m.),3,3,3+,25.0,South-West,Relatively New,2018.0,1800.0,1614.0,1,0,0,0,0,1,67.0,672.6666666666666
flat,godrej nature plus,1.4,sector-33 sohna,9333.0,1500.0,Super Built up area 1500(139.35 sq.m.)Carpet area: 1385 sq.ft. (128.67 sq.m.),2,2,3,14.0,,Under Construction,1500.0,,1385.0,0,0,0,0,0,1,113.0,750.0
flat,signature global park,0.68,sohna,8252.0,824.0,Carpet area: 824 (76.55 sq.m.),2,2,2,3.0,,New Property,,,824.0,0,0,0,0,0,1,28.0,412.0
house,,2.4,sector 23,12000.0,2000.0,Plot area 2000(185.81 sq.m.),3,3,2,2.0,North-East,Moderately Old,,2000.0,,0,0,1,1,0,1,95.0,666.6666666666666
flat,tulip ivory,2.0,sector 70,8333.0,2400.0,Super Built up area 2400(222.97 sq.m.)Carpet area: 1850 sq.ft. (171.87 sq.m.),4,5,3+,6.0,East,Moderately Old,2400.0,,1850.0,0,1,0,0,0,2,117.0,600.0
flat,ats triumph,2.3,sector 104,10000.0,2300.0,Carpet area: 2290 (212.75 sq.m.),3,4,3+,15.0,North-East,New Property,,,2290.0,0,1,0,0,0,1,7.0,766.6666666666666
house,,0.63,sector 8,7875.0,800.0,Built Up area: 800 (74.32 sq.m.),2,2,1,2.0,South-East,Old Property,,800.0,,0,0,0,0,1,1,60.0,400.0
flat,pareena coban residences,1.35,sector 99a,6761.0,1997.0,Super Built up area 1997(185.53 sq.m.),3,5,3,6.0,,New Property,1997.0,,,0,1,0,0,1,1,66.0,665.6666666666666
flat,chd avenue,1.15,sector 71,6526.0,1762.0,Super Built up area 1762(163.7 sq.m.)Carpet area: 1339 sq.ft. (124.4 sq.m.),3,3,2,15.0,East,Moderately Old,1762.0,,1339.0,0,1,0,0,0,2,37.0,587.3333333333334
flat,dlf new town heights,1.2,sector 90,6217.0,1930.0,Super Built up area 1930(179.3 sq.m.),3,3,3+,15.0,North,Relatively New,1930.0,,,0,0,0,0,0,1,113.0,643.3333333333334
flat,sobha city,2.4,sector 108,17378.0,1381.0,Super Built up area 1381(128.3 sq.m.),2,2,2,14.0,,New Property,1381.0,,,0,0,0,0,0,2,174.0,690.5
flat,dlf the ultima,2.26,sector 81,10761.0,2100.0,Super Built up area 2100(195.1 sq.m.),3,4,3+,17.0,West,New Property,2100.0,,,0,1,0,0,0,0,34.0,700.0
flat,smriti apartment,0.52,sector 56,10666.0,488.0,Super Built up area 525(48.77 sq.m.),1,1,1,1.0,,Old Property,525.0,,,0,0,0,0,0,1,38.0,488.0
flat,indiabulls centrum park,1.65,sector 103,8250.0,2000.0,Super Built up area 2000(185.81 sq.m.)Carpet area: 1400 sq.ft. (130.06 sq.m.),3,3,3+,15.0,,Relatively New,2000.0,,1400.0,1,0,0,0,0,1,49.0,666.6666666666666
flat,pareena coban residences,1.38,sector 99a,7150.0,1930.0,Super Built up area 2352(218.51 sq.m.)Built Up area: 2150 sq.ft. (199.74 sq.m.)Carpet area: 1930 sq.ft. (179.3 sq.m.),4,5,3+,1.0,South-East,Relatively New,2352.0,2150.0,1930.0,0,1,0,0,1,1,71.0,482.5
house,,5.3,c block sector 43,27390.0,1935.0,Plot area 215(179.77 sq.m.),3,9,3+,3.0,East,Moderately Old,,1935.0,,0,1,0,0,0,2,153.0,645.0
flat,bptp freedom park life,5.5,sector 57,8982.0,6123.0,Built Up area: 5010 (465.44 sq.m.),5,6,3+,19.0,East,Moderately Old,,5010.0,,0,1,0,1,0,2,0.0,1224.6
flat,shree balaji appartment,0.4,sector 33,5000.0,800.0,Super Built up area 800(74.32 sq.m.),2,2,2,1.0,,Relatively New,800.0,,,0,0,0,0,0,0,139.0,400.0
flat,ss almeria,1.48,sector 84,7400.0,2000.0,Super Built up area 2000(185.81 sq.m.)Carpet area: 1294 sq.ft. (120.22 sq.m.),3,3,2,1.0,South-West,New Property,2000.0,,1294.0,0,1,1,0,0,2,149.0,666.6666666666666
flat,bptp terra,1.67,sector 37d,7622.0,2191.0,Super Built up area 2191(203.55 sq.m.)Built Up area: 2091 sq.ft. (194.26 sq.m.)Carpet area: 1991 sq.ft. (184.97 sq.m.),4,4,3,11.0,West,Relatively New,2191.0,2091.0,1991.0,0,0,0,0,0,2,60.0,547.75
flat,la vida by tata housing,1.5,sector 113,11755.0,1276.0,Super Built up area 1276(118.54 sq.m.),2,2,2,13.0,,New Property,1276.0,,,0,0,0,0,0,1,0.0,638.0
flat,godrej,1.29,sector 79,8206.0,1572.0,Super Built up area 1572(146.04 sq.m.),2,2,3,4.0,,New Property,1572.0,,,0,0,0,0,0,1,160.0,786.0
house,vipul tatvam villa,8.2,sector 48,25309.0,3240.0,Plot area 360(301.01 sq.m.),3,3,2,2.0,North,Moderately Old,,3240.0,,1,1,0,1,0,0,21.0,1080.0
flat,hsiidc sidco aravali,0.9,sector 1 imt manesar,3477.0,2588.0,Super Built up area 2588(240.43 sq.m.)Built Up area: 1900 sq.ft. (176.52 sq.m.),3,3,3,2.0,,Old Property,2588.0,1900.0,,0,1,0,0,0,0,0.0,862.6666666666666
house,project mianwali colony,2.0,mianwali colony,14815.0,1350.0,Built Up area: 1350 (125.42 sq.m.),5,5,2,3.0,East,Undefined,,1350.0,,0,0,0,0,0,1,60.0,270.0
flat,zara aavaas,0.22,sector 104,7302.0,301.0,Carpet area: 301.28 (27.99 sq.m.),1,2,2,2.0,,New Property,,,301.28156099999995,0,0,0,0,0,1,78.0,301.0
house,ss aaron ville,6.75,sector 49,19737.0,3420.0,Plot area 380(317.73 sq.m.),5,4,2,2.0,North,Old Property,,3420.0,,1,1,1,0,0,1,67.0,684.0
flat,m3m woodshire,0.9,sector 107,6588.0,1366.0,Super Built up area 1366(126.91 sq.m.),2,2,3+,14.0,,New Property,1366.0,,,0,0,0,0,0,1,29.0,683.0
house,ansal sushant lok 2,3.4,sector 56,22222.0,1530.0,Plot area 170(142.14 sq.m.),6,6,3+,2.0,West,Moderately Old,,1530.0,,0,0,0,0,0,2,86.0,255.0
flat,ansal heights 86,1.3,sector 86,4666.0,2786.0,Super Built up area 2786(258.83 sq.m.),4,6,2,11.0,East,New Property,2786.0,,,0,1,0,0,1,1,51.0,696.5
flat,krrish florence estate,1.25,sector 70,6703.0,1865.0,Super Built up area 1865(173.26 sq.m.),3,3,3,18.0,North-East,Under Construction,1865.0,,,0,0,0,0,0,1,48.0,621.6666666666666
flat,m3m heights,1.9,sector 65,13991.0,1358.0,Built Up area: 1358 (126.16 sq.m.),2,2,2,40.0,,Undefined,,1358.0,,0,0,0,0,0,1,71.0,679.0
flat,hcbs sports ville,0.2,sohna,4219.0,474.0,Built Up area: 473.99 (44.04 sq.m.),1,1,1,3.0,East,New Property,,474.042156,,0,0,0,0,0,1,143.0,474.0
flat,paras dews,1.42,sector 106,6029.0,2355.0,Super Built up area 2355(218.79 sq.m.),4,6,3+,11.0,North-East,Relatively New,2355.0,,,0,1,0,0,0,1,0.0,588.75
house,,1.35,bhondsi,3857.0,3500.0,Plot area 3500(325.16 sq.m.),10,6,3+,3.0,,Old Property,,3500.0,,0,0,0,0,0,1,151.0,350.0
house,eldeco mansionz,6.4,sector 48,23704.0,2700.0,Plot area 365(305.19 sq.m.)Built Up area: 366 sq.yards (306.02 sq.m.),4,4,3,3.0,West,Moderately Old,,366.0,,0,1,1,0,0,2,0.0,675.0
house,,2.0,sector 7,11111.0,1800.0,Plot area 200(167.23 sq.m.),2,2,1,2.0,,Relatively New,,1800.0,,0,0,0,0,0,1,56.0,900.0
flat,sare green parc phase 3,0.7,sector 92,5279.0,1326.0,Super Built up area 1326(123.19 sq.m.)Built Up area: 1325 sq.ft. (123.1 sq.m.)Carpet area: 1320 sq.ft. (122.63 sq.m.),3,2,2,4.0,,Relatively New,1326.0,1325.0,1320.0,0,0,0,0,0,1,0.0,442.0
house,,0.34,sector 39,7555.0,450.0,Built Up area: 450 (41.81 sq.m.),1,1,1,1.0,,Undefined,,450.0,,0,0,0,0,0,1,71.0,450.0
house,central park flower valley,1.15,sector-33 sohna,9349.0,1230.0,Plot area 1737(161.37 sq.m.)Built Up area: 1400 sq.ft. (130.06 sq.m.)Carpet area: 1230 sq.ft. (114.27 sq.m.),2,2,3,2.0,North,Relatively New,,1400.0,1230.0,1,0,0,0,0,2,19.0,615.0
flat,afnhb jalvayu vihar,1.3,sector 30,10000.0,1300.0,Super Built up area 1500(139.35 sq.m.)Carpet area: 1300 sq.ft. (120.77 sq.m.),3,3,2,2.0,North-East,Old Property,1500.0,,1300.0,0,0,0,0,0,1,108.0,433.3333333333333
flat,emaar mgf emerald floors premier,2.7,sector 65,16363.0,1650.0,Carpet area: 1650 (153.29 sq.m.),3,3,3,5.0,North-West,Relatively New,,,1650.0,0,1,1,0,0,2,105.0,550.0
flat,nbcc heights,1.5,sector 89,7058.0,2125.0,Super Built up area 2125(197.42 sq.m.),3,3,3,8.0,,Relatively New,2125.0,,,1,1,0,0,0,1,94.0,708.3333333333334
flat,conscient heritage max,1.75,sector 102,9011.0,1942.0,Super Built up area 1942(180.42 sq.m.),3,4,3+,13.0,North,Relatively New,1942.0,,,0,1,0,0,0,2,160.0,647.3333333333334
house,silverglades tarudhan valley golf resort,3.6,bissar,14815.0,2430.0,Plot area 270(225.75 sq.m.),3,3,2,2.0,,Moderately Old,,2430.0,,1,1,0,1,1,0,37.0,810.0
flat,greenopolis,0.65,sector 89,5195.0,1251.0,Carpet area: 1251 (116.22 sq.m.),2,2,2,15.0,,Under Construction,,,1251.0,0,0,0,0,0,1,0.0,625.5
house,not applicable,0.8,sector 3a,6088.0,1314.0,Plot area 146(13.56 sq.m.),5,4,3,3.0,,Under Construction,,146.0,,0,0,0,0,0,1,54.0,262.8
flat,tulip violet,1.2,sector 69,10909.0,1100.0,Built Up area: 1100 (102.19 sq.m.),2,3,0,0.0,,Undefined,,1100.0,,0,0,0,0,0,1,21.0,550.0
house,unitech espace,11.29,sector 50,34846.0,3240.0,Plot area 360(301.01 sq.m.),5,5,3+,2.0,,Moderately Old,,3240.0,,1,0,0,1,0,1,158.0,648.0
flat,godrej,1.18,sector 79,8532.0,1383.0,Super Built up area 1383(128.48 sq.m.),2,2,3,7.0,North-West,Relatively New,1383.0,,,0,0,0,0,0,1,26.0,691.5
flat,dlf belvedere towers,3.7,sector 25,17619.0,2100.0,Carpet area: 2100 (195.1 sq.m.),4,4,3,18.0,North-West,Old Property,,,2100.0,0,1,0,0,0,2,49.0,525.0
house,,4.25,sector 27,31481.0,1350.0,Plot area 163(136.29 sq.m.)Built Up area: 161 sq.yards (134.62 sq.m.)Carpet area: 150 sq.yards (125.42 sq.m.),5,5,3+,3.0,East,Relatively New,,161.0,150.0,0,1,0,1,0,2,56.0,270.0
flat,godrej nature plus,1.08,sector-33 sohna,13126.0,823.0,Carpet area: 76.44,2,2,3,8.0,,Under Construction,,,76.44,0,0,0,0,0,1,174.0,411.5
flat,unitech fresco,1.14,sector 50,8532.0,1336.0,Super Built up area 1336(124.12 sq.m.)Built Up area: 1330 sq.ft. (123.56 sq.m.)Carpet area: 1100 sq.ft. (102.19 sq.m.),2,2,2,19.0,East,Moderately Old,1336.0,1330.0,1100.0,0,0,0,0,1,2,49.0,668.0
flat,shree vardhman victoria,1.8,sector 70,9230.0,1950.0,Super Built up area 1950(181.16 sq.m.),3,3,3+,10.0,North-East,New Property,1950.0,,,0,0,0,0,1,2,137.0,650.0
flat,dlf new town heights,1.65,sector 90,6979.0,2364.0,Super Built up area 2364(219.62 sq.m.),4,4,3+,15.0,South-East,Moderately Old,2364.0,,,0,1,0,0,0,2,174.0,591.0
flat,tulip violet,1.92,sector 69,15360.0,1250.0,Carpet area: 1250 (116.13 sq.m.),4,4,2,0.0,South,Relatively New,,,1250.0,0,0,0,0,0,1,56.0,312.5
flat,assotech blith,0.92,sector 99,6739.0,1365.0,Super Built up area 1365(126.81 sq.m.),2,2,3+,22.0,,Under Construction,1365.0,,,0,0,0,0,0,1,49.0,682.5
flat,smriti apartment,0.6,sector 56,10000.0,600.0,Super Built up area 600(55.74 sq.m.),1,1,1,2.0,,Moderately Old,600.0,,,0,0,0,0,0,1,41.0,600.0
house,ansal sushant lok plots,7.0,sector 43,25926.0,2700.0,Plot area 300(250.84 sq.m.),5,5,3+,3.0,North-East,Relatively New,,2700.0,,1,1,0,1,0,2,69.0,540.0
house,eldeco mansionz,6.0,sector 48,22222.0,2700.0,Plot area 300(250.84 sq.m.),4,4,3+,2.0,East,Moderately Old,,2700.0,,0,1,0,0,0,1,80.0,675.0
house,rwa sector 46,4.5,sector 46,24390.0,1845.0,Plot area 204(170.57 sq.m.)Built Up area: 206 sq.yards (172.24 sq.m.)Carpet area: 205 sq.yards (171.41 sq.m.),6,6,3+,3.0,North-East,Moderately Old,,206.0,205.0,0,0,1,0,0,2,126.0,307.5
flat,m3m ikonic,1.78,sector 68,9128.0,1950.0,Super Built up area 1950(181.16 sq.m.)Built Up area: 1845 sq.ft. (171.41 sq.m.)Carpet area: 1530 sq.ft. (142.14 sq.m.),3,3,3+,27.0,South,Relatively New,1950.0,1845.0,1530.0,0,0,0,0,0,2,9.0,650.0
house,,3.35,c block sector 43,26973.0,1242.0,Plot area 138(115.39 sq.m.),1,1,No,1.0,East,Old Property,,1242.0,,0,0,0,0,0,1,60.0,1242.0
flat,umang monsoon breeze,0.69,sector 78,5390.0,1280.0,Carpet area: 1280 (118.92 sq.m.),2,2,2,11.0,,Moderately Old,,,1280.0,0,0,0,0,0,1,52.0,640.0
flat,sapphire eighty three,0.4,sector 83,8547.0,468.0,Carpet area: 468 (43.48 sq.m.),1,1,1,6.0,North-East,Relatively New,,,468.0,0,0,0,0,0,0,174.0,468.0
flat,m3m skycity,2.0,sector 65,15267.0,1310.0,Super Built up area 1310(121.7 sq.m.),2,2,2,16.0,East,New Property,1310.0,,,0,0,0,0,0,2,49.0,655.0
flat,ss the leaf,1.75,sector 85,7267.0,2408.0,Super Built up area 2408(223.71 sq.m.),3,4,3,8.0,North,Relatively New,2408.0,,,0,1,0,0,0,1,0.0,802.6666666666666
house,rwa sector 46,3.5,sector 46,21605.0,1620.0,Plot area 180(150.5 sq.m.),4,4,2,2.0,South-East,Relatively New,,1620.0,,0,0,0,1,0,2,44.0,405.0
flat,godrej air,2.6,sector 85,12212.0,2129.0,Built Up area: 2129 (197.79 sq.m.),3,3,3,17.0,,Under Construction,,2129.0,,0,1,0,0,0,1,134.0,709.6666666666666
flat,kiran residency,1.5,sector 56,6648.0,2256.0,Built Up area: 2250 (209.03 sq.m.),3,5,3+,4.0,South-East,Moderately Old,,2250.0,,1,0,0,1,0,2,49.0,752.0
flat,the lions cghs,2.05,sector 56,9534.0,2150.0,Super Built up area 2150(199.74 sq.m.)Built Up area: 2000 sq.ft. (185.81 sq.m.)Carpet area: 1950 sq.ft. (181.16 sq.m.),4,4,3,7.0,West,Relatively New,2150.0,2000.0,1950.0,0,1,0,0,1,2,60.0,537.5
flat,capital residences 360,1.1,sector 70a,7586.0,1450.0,Super Built up area 1450(134.71 sq.m.),2,2,3+,8.0,,New Property,1450.0,,,0,0,0,0,0,1,81.0,725.0
flat,puri emerald bay,2.6,sector 104,15160.0,1715.0,Super Built up area 2450(227.61 sq.m.)Carpet area: 1715 sq.ft. (159.33 sq.m.),3,4,3+,5.0,,Relatively New,2450.0,,1715.0,1,1,0,0,0,1,72.0,571.6666666666666
flat,dlf the skycourt,1.6,sector 86,8294.0,1929.0,Super Built up area 1929(179.21 sq.m.),3,3,1,14.0,North-East,Relatively New,1929.0,,,0,0,0,1,0,1,0.0,643.0
house,,2.95,sector 56,20233.0,1458.0,Built Up area: 162 (135.45 sq.m.),2,2,No,1.0,North,Undefined,,162.0,,0,0,0,0,0,1,0.0,729.0
house,,1.0,sector 23 extension,8230.0,1215.0,Plot area 135(112.88 sq.m.),3,7,3+,3.0,North,Moderately Old,,1215.0,,0,0,0,1,0,1,108.0,405.0
flat,shree vardhman victoria,1.67,sector 70,14384.0,1161.0,Super Built up area 1950(181.16 sq.m.)Carpet area: 1161 sq.ft. (107.86 sq.m.),3,5,3,5.0,North-East,Moderately Old,1950.0,,1161.0,0,1,0,0,0,1,141.0,387.0
flat,dlf regal gardens,1.3,sector 90,7150.0,1818.0,Super Built up area 1818(168.9 sq.m.)Built Up area: 1700 sq.ft. (157.94 sq.m.)Carpet area: 1400 sq.ft. (130.06 sq.m.),3,3,3+,7.0,South,Relatively New,1818.0,1700.0,1400.0,0,0,0,0,0,1,49.0,606.0
house,vipul tatvam villa,8.5,sector 48,26235.0,3240.0,Plot area 360(301.01 sq.m.),4,6,3,3.0,North,Old Property,,3240.0,,0,1,0,1,1,1,0.0,810.0
house,ansal sushant lok plots,3.3,sector 43,26570.0,1242.0,Plot area 138(115.39 sq.m.),1,1,No,,,Under Construction,,1242.0,,0,0,0,0,0,1,120.0,1242.0
flat,tarc maceo,1.9,sector 91,6975.0,2724.0,Super Built up area 2724(253.07 sq.m.),4,4,3,9.0,North,Relatively New,2724.0,,,0,1,0,0,0,1,135.0,681.0
flat,ss the leaf,1.77,sector 85,7350.0,2408.0,Super Built up area 2408(223.71 sq.m.)Built Up area: 1450 sq.ft. (134.71 sq.m.)Carpet area: 1300 sq.ft. (120.77 sq.m.),3,4,3,6.0,South-East,Moderately Old,2408.0,1450.0,1300.0,0,1,0,0,0,2,49.0,802.6666666666666
house,vipul tatvam villa,8.4,sector 48,21000.0,4000.0,Plot area 4000(371.61 sq.m.),4,5,3+,2.0,North,Moderately Old,,4000.0,,1,1,0,1,0,2,151.0,1000.0
flat,shapoorji pallonji joyville gurugram,0.97,sector 102,16454.0,590.0,Super Built up area 915(85.01 sq.m.)Carpet area: 589.49 sq.ft. (54.77 sq.m.),2,2,2,10.0,North-East,Relatively New,915.0,,589.49,0,0,0,0,0,1,29.0,295.0
flat,ansal heights 86,0.9,sector 86,5325.0,1690.0,Built Up area: 1690 (157.01 sq.m.),3,3,2,10.0,,New Property,,1690.0,,0,0,0,0,0,1,0.0,563.3333333333334
flat,shapoorji pallonji joyville,1.1,sector 102,12022.0,915.0,Built Up area: 915 (85.01 sq.m.)Carpet area: 700 sq.ft. (65.03 sq.m.),2,2,1,7.0,,Undefined,,915.0,700.0,0,0,0,0,0,1,139.0,457.5
house,,8.4,sector 28,34568.0,2430.0,Plot area 270(225.75 sq.m.),4,4,3+,2.0,North-East,Relatively New,,2430.0,,0,1,1,1,0,2,90.0,607.5
flat,trisara our homes 3,0.4,sohna,6561.0,610.0,Carpet area: 602 (55.93 sq.m.),2,2,1,0.0,South,New Property,,,602.0,0,0,0,0,0,2,13.0,305.0
flat,bptp mansions park prime,2.7,sector 66,9768.0,2764.0,Super Built up area 2764(256.78 sq.m.),4,4,3,6.0,,Relatively New,2764.0,,,0,1,0,0,1,1,46.0,691.0
house,,0.44,bhondsi,4251.0,1035.0,Carpet area: 115 (96.15 sq.m.),3,2,1,1.0,,Relatively New,,,115.0,0,0,0,1,1,1,23.0,345.0
flat,signature global synera,0.4,sector 81,6319.0,633.0,Super Built up area 633(58.81 sq.m.)Carpet area: 539 sq.ft. (50.07 sq.m.),2,2,1,12.0,South,Relatively New,633.0,,539.0,0,0,0,0,0,1,0.0,316.5
house,,0.66,sector 36 sohna,7168.0,921.0,Built Up area: 823 (76.46 sq.m.),2,2,3,4.0,,New Property,,823.0,,0,0,0,0,0,1,102.0,460.5
flat,ambience creacions,3.99,sector 22,12912.0,3090.0,Super Built up area 3090(287.07 sq.m.),3,5,3+,3.0,,New Property,3090.0,,,0,1,0,0,0,0,154.0,1030.0
house,international city by sobha phase 2,7.0,sector 109,12963.0,5400.0,Plot area 600(501.68 sq.m.),5,6,2,2.0,West,Relatively New,,5400.0,,0,1,0,0,0,1,0.0,1080.0
house,,0.47,sector 3a,3519.0,1336.0,Built Up area: 1350 (125.42 sq.m.),3,4,No,3.0,,Undefined,,1350.0,,0,0,0,0,0,1,52.0,445.3333333333333
house,unitech espace,7.35,sector 50,41761.0,1760.0,Plot area 240(200.67 sq.m.),4,4,3+,3.0,South,Moderately Old,,240.0,,0,1,0,1,0,2,136.0,440.0
flat,emaar mgf emerald floors premier,2.36,sector 65,14303.0,1650.0,Super Built up area 1650(153.29 sq.m.)Carpet area: 1400 sq.ft. (130.06 sq.m.),3,3,3,2.0,North-East,Relatively New,1650.0,,1400.0,1,1,0,0,0,2,81.0,550.0
flat,cghs rail vihar,1.4,sector 15,10769.0,1300.0,Carpet area: 1300 (120.77 sq.m.),4,3,3,3.0,East,Old Property,,,1300.0,0,0,0,0,0,2,114.0,325.0
house,emaar mgf marbella,9.0,sector 66,21251.0,4235.0,Plot area 5605(520.72 sq.m.)Built Up area: 5200 sq.ft. (483.1 sq.m.)Carpet area: 4235 sq.ft. (393.44 sq.m.),4,4,3+,,South-West,Relatively New,,5200.0,4235.0,0,1,1,1,0,2,38.0,1058.75
house,housing board colony,2.1,saraswati vihar,23333.0,900.0,Plot area 100(83.61 sq.m.),2,8,3+,4.0,South-East,Moderately Old,,900.0,,0,0,0,0,1,2,121.0,450.0
flat,bptp terra,2.08,sector 37d,10000.0,2080.0,Super Built up area 2443(226.96 sq.m.),4,4,3,0.0,North-East,New Property,2443.0,,,1,1,0,1,0,1,120.0,520.0
flat,cghs airport apartment,1.8,sector 47,6000.0,3000.0,Super Built up area 3000(278.71 sq.m.)Carpet area: 2700 sq.ft. (250.84 sq.m.),4,4,3+,4.0,North-West,Moderately Old,3000.0,,2700.0,0,0,1,0,0,2,174.0,750.0
flat,bestech park view city,2.7,sector 48,11713.0,2305.0,Super Built up area 2305(214.14 sq.m.)Built Up area: 2000 sq.ft. (185.81 sq.m.)Carpet area: 1700 sq.ft. (157.94 sq.m.),3,3,3+,7.0,North-East,Relatively New,2305.0,2000.0,1700.0,1,1,0,0,0,2,45.0,768.3333333333334
house,,1.7,sector 39,17980.0,945.0,Plot area 900(83.61 sq.m.),2,2,3+,3.0,,Moderately Old,,900.0,,0,1,1,0,0,1,110.0,472.5
flat,godrej air,1.83,sector 85,10005.0,1829.0,Carpet area: 1829 (169.92 sq.m.),3,3,3+,18.0,,Under Construction,,,1829.0,0,0,0,0,0,1,174.0,609.6666666666666
flat,umang winter hills,0.75,sector 77,5588.0,1342.0,Super Built up area 1342(124.68 sq.m.)Built Up area: 1180 sq.ft. (109.63 sq.m.)Carpet area: 1050 sq.ft. (97.55 sq.m.),2,2,2,7.0,North-East,Relatively New,1342.0,1180.0,1050.0,0,0,0,0,0,2,14.0,671.0
house,,1.2,sector 105,13333.0,900.0,Plot area 900(83.61 sq.m.),4,4,1,2.0,South-West,Moderately Old,,900.0,,0,0,0,0,1,1,157.0,225.0
flat,m3m merlin,2.78,sector 67,13580.0,2047.0,Super Built up area 2047(190.17 sq.m.),3,3,3+,4.0,South-West,Relatively New,2047.0,,,0,0,0,1,0,2,22.0,682.3333333333334
house,unitech espace,9.8,sector 50,30247.0,3240.0,Plot area 360(301.01 sq.m.)Built Up area: 300 sq.yards (250.84 sq.m.)Carpet area: 280 sq.yards (234.12 sq.m.),4,4,3,2.0,North-West,Moderately Old,,300.0,280.0,0,1,0,0,0,1,28.0,810.0
house,ss aaron ville,6.5,sector 49,18808.0,3456.0,Plot area 384(321.07 sq.m.),5,5,2,2.0,North-East,Relatively New,,3456.0,,1,1,0,1,0,2,52.0,691.2
flat,rof ananda,0.2,sector 95,5463.0,366.0,Carpet area: 366.08 (34.01 sq.m.),1,1,1,9.0,South-West,Relatively New,,,366.080239,0,0,0,1,0,1,49.0,366.0
flat,emaar mgf emerald floors premier,2.25,sector 65,13636.0,1650.0,Super Built up area 1650(153.29 sq.m.)Built Up area: 1600 sq.ft. (148.64 sq.m.)Carpet area: 1350 sq.ft. (125.42 sq.m.),3,3,3,3.0,South-West,Relatively New,1650.0,1600.0,1350.0,1,1,0,0,0,2,22.0,550.0
house,my home,0.34,new sector 23,12592.0,270.0,Plot area 270(25.08 sq.m.),2,2,2,3.0,West,Moderately Old,,270.0,,0,0,0,0,0,1,81.0,135.0
flat,godrej aria,1.7,sector 79,7426.0,2289.0,Super Built up area 2289(212.66 sq.m.)Carpet area: 1121 sq.ft. (104.14 sq.m.),3,4,3+,6.0,East,New Property,2289.0,,1121.0,0,1,0,0,0,1,60.0,763.0
flat,godrej habitat,1.2,sector 3,8310.0,1444.0,Super Built up area 1444(134.15 sq.m.),2,2,3,0.0,,Under Construction,1444.0,,,0,0,0,0,0,1,28.0,722.0
flat,emaar mgf emerald floors premier,2.85,sector 65,14430.0,1975.0,Carpet area: 1975 (183.48 sq.m.),4,4,3,3.0,North,Relatively New,,,1975.0,1,1,0,0,0,1,76.0,493.75
flat,pyramid pride,0.5,sector 76,6578.0,760.0,Carpet area: 760 (70.61 sq.m.),2,2,1,8.0,North,Under Construction,,,760.0,0,0,0,0,0,1,160.0,380.0
flat,paras dews,1.34,sector 106,9550.0,1403.0,Super Built up area 2355(218.79 sq.m.)Built Up area: 1535 sq.ft. (142.61 sq.m.)Carpet area: 1403 sq.ft. (130.34 sq.m.),4,5,3+,7.0,South-East,Relatively New,2355.0,1535.0,1403.0,0,1,0,0,0,1,174.0,350.75
flat,paras dews,0.87,sector 106,9255.0,940.0,Super Built up area 1385(128.67 sq.m.)Built Up area: 1120 sq.ft. (104.05 sq.m.)Carpet area: 940 sq.ft. (87.33 sq.m.),2,2,3+,1.0,North-East,New Property,1385.0,1120.0,940.0,0,0,0,0,0,1,174.0,470.0
flat,la vida by tata housing,3.35,sector 113,12444.0,2692.0,Carpet area: 2692 (250.09 sq.m.),4,4,3+,11.0,North-East,Relatively New,,,2692.0,1,1,0,0,0,1,60.0,673.0
flat,m3m soulitude,1.14,sector 89,8000.0,1425.0,Carpet area: 1423 (132.2 sq.m.),3,3,2,2.0,East,Under Construction,,,1423.0,1,0,0,0,0,1,0.0,475.0
house,,0.4,sector 3a,8889.0,450.0,Plot area 50(41.81 sq.m.),1,1,No,1.0,,Moderately Old,,450.0,,0,0,0,0,0,1,84.0,450.0
flat,shree vardhman flora,0.86,sector 90,6254.0,1375.0,Super Built up area 1950(181.16 sq.m.)Built Up area: 1525 sq.ft. (141.68 sq.m.)Carpet area: 1375 sq.ft. (127.74 sq.m.),3,4,3,0.0,North,Relatively New,1950.0,1525.0,1375.0,0,1,0,0,0,2,136.0,458.3333333333333
house,bptp visionnaire,5.4,sector 70a,20690.0,2610.0,Plot area 290(242.48 sq.m.),4,5,3+,3.0,North,Relatively New,,2610.0,,1,1,1,1,0,2,61.0,652.5
flat,smart world orchard,2.24,sector 61,14460.0,1549.0,Super Built up area 1549(143.91 sq.m.),3,3,2,3.0,,New Property,1549.0,,,0,0,0,0,1,1,19.0,516.3333333333334
house,,6.5,sector 25,36111.0,1800.0,Plot area 200(167.23 sq.m.),4,3,3,3.0,,Moderately Old,,1800.0,,1,0,0,1,0,1,28.0,450.0
house,,3.6,sector 10a,19608.0,1836.0,Plot area 204(170.57 sq.m.),3,4,3,3.0,North,Moderately Old,,1836.0,,0,0,0,1,0,2,86.0,612.0
flat,ansal heights 86,1.3,sector 86,4666.0,2786.0,Super Built up area 2786(258.83 sq.m.),4,6,2,11.0,East,New Property,2786.0,,,0,1,0,0,1,1,15.0,696.5
flat,divya apartments,0.6,sector 6,7594.0,790.0,Built Up area: 790 (73.39 sq.m.)Carpet area: 750 sq.ft. (69.68 sq.m.),2,2,0,2.0,South-West,Relatively New,,790.0,750.0,0,0,0,0,0,2,49.0,395.0
flat,ats marigold,1.5,sector 89 a,8571.0,1750.0,Carpet area: 1750 (162.58 sq.m.),3,3,3,2.0,,New Property,,,1750.0,0,0,0,0,1,1,0.0,583.3333333333334
house,,0.4,sector 5,8000.0,500.0,Built Up area: 500 (46.45 sq.m.)Carpet area: 300 sq.ft. (27.87 sq.m.),2,1,No,1.0,South,Undefined,,500.0,300.0,0,0,0,0,0,1,122.0,250.0
flat,chintels paradiso,1.8,sector 109,8866.0,2030.0,Super Built up area 2030(188.59 sq.m.)Carpet area: 1785 sq.ft. (165.83 sq.m.),3,3,2,0.0,East,Moderately Old,2030.0,,1785.0,0,1,0,0,0,1,45.0,676.6666666666666
flat,ansal heights 86,0.74,sector 86,5441.0,1360.0,Super Built up area 1360(126.35 sq.m.),2,2,1,11.0,,Under Construction,1360.0,,,0,0,0,0,1,1,0.0,680.0
house,suncity essel towers,8.95,sector 28,17900.0,5000.0,Plot area 5000(464.52 sq.m.),5,6,3+,4.0,,Moderately Old,,5000.0,,0,0,0,0,0,1,59.0,1000.0
flat,dlf new town heights,1.2,sector 90,6217.0,1930.0,Carpet area: 1930 (179.3 sq.m.),3,3,3+,8.0,North-West,Moderately Old,,,1930.0,0,1,0,1,0,1,21.0,643.3333333333334
flat,breez global hill view,0.32,sohna,5776.0,554.0,Carpet area: 554 (51.47 sq.m.),2,2,2,19.0,North,Relatively New,,,554.0,0,0,0,0,0,2,156.0,277.0
flat,tulip violet,1.78,sector 69,8855.0,2010.0,Super Built up area 2010(186.74 sq.m.),4,4,2,10.0,North-East,Relatively New,2010.0,,,0,0,0,1,0,2,8.0,502.5
flat,dlf regal gardens,1.26,sector 90,7636.0,1650.0,Super Built up area 1744(162.02 sq.m.)Built Up area: 1650 sq.ft. (153.29 sq.m.),3,3,2,12.0,North,Relatively New,1744.0,1650.0,,0,0,0,0,1,1,0.0,550.0
house,,0.5,sector 63,3704.0,1350.0,Built Up area: 1350 (125.42 sq.m.),5,2,No,2.0,,Undefined,,1350.0,,0,0,0,0,0,1,43.0,270.0
flat,tulip white,0.91,sector 69,6862.0,1326.0,Carpet area: 1326 (123.19 sq.m.),3,2,2,12.0,,Moderately Old,,,1326.0,0,0,0,0,0,1,0.0,442.0
house,,0.45,sector 8,9000.0,500.0,Carpet area: 500 (46.45 sq.m.),1,1,1,3.0,East,Undefined,,,500.0,0,0,0,0,0,1,85.0,500.0
flat,signature global park,0.95,sohna,7850.0,1210.0,Built Up area: 1210 (112.41 sq.m.),3,2,3+,3.0,East,New Property,,1210.0,,0,0,0,0,0,1,28.0,403.3333333333333
flat,signature global solera,0.36,sector 107,6569.0,548.0,Super Built up area 548(50.91 sq.m.),2,2,1,9.0,South,Relatively New,548.0,,,0,0,0,0,0,1,95.0,274.0
flat,bestech park view ananda,0.87,sector 81,7951.0,1094.0,Super Built up area 1360(126.35 sq.m.)Built Up area: 1300 sq.ft. (120.77 sq.m.)Carpet area: 1094 sq.ft. (101.64 sq.m.),2,2,3,8.0,West,Relatively New,1360.0,1300.0,1094.0,0,0,0,0,0,1,67.0,547.0
flat,prime habitat,0.27,sector 99a,6049.0,446.0,Carpet area: 448 (41.62 sq.m.),2,2,1,10.0,South,Relatively New,,,448.0,0,0,0,0,0,1,43.0,223.0
flat,raheja vanya,0.85,sector 99a,6789.0,1252.0,Super Built up area 1252(116.31 sq.m.),2,2,2,3.0,West,New Property,1252.0,,,0,0,0,0,0,1,144.0,626.0
house,dlf city plots phase 2,15.5,sector 25,34307.0,4518.0,Plot area 502(419.74 sq.m.),5,6,3+,3.0,East,Moderately Old,,4518.0,,1,1,1,1,0,1,79.0,903.6
house,dlf city phase 1,3.25,sector 26,3681.0,8829.0,Plot area 109(91.14 sq.m.),3,3,3,2.0,West,Old Property,,981.0,,1,0,0,0,0,1,31.0,2943.0
flat,spaze privy,1.9,sector 72,9620.0,1975.0,Super Built up area 1975(183.48 sq.m.),3,3,3,10.0,,Moderately Old,1975.0,,,0,1,0,0,0,2,49.0,658.3333333333334
flat,m3m capital,2.51,sector 113,14800.0,1696.0,Super Built up area 1695(157.47 sq.m.),3,3,3+,2.0,North-West,Under Construction,1695.0,,,1,0,0,0,0,1,80.0,565.3333333333334
flat,experion windchants,3.1,sector 112,20666.0,1500.0,Carpet area: 1500 (139.35 sq.m.),2,2,3,9.0,,Relatively New,,,1500.0,1,1,1,0,0,2,0.0,750.0
flat,bestech park view sanskruti,1.42,sector 92,7760.0,1830.0,Super Built up area 1920(178.37 sq.m.),3,3,2,10.0,East,Relatively New,1920.0,,,0,0,0,0,0,1,53.0,610.0
flat,tashee capital gateway,0.96,sector 111,6500.0,1477.0,Super Built up area 1478(137.31 sq.m.),2,2,1,4.0,North,Under Construction,1478.0,,,1,0,0,0,0,1,121.0,738.5
flat,puri emerald bay,1.59,sector 104,10903.0,1458.0,Super Built up area 1550(144 sq.m.),2,2,2,12.0,South,Relatively New,1550.0,,,0,0,0,0,0,1,36.0,729.0
flat,puri emerald bay,1.8,sector 104,8823.0,2040.0,Super Built up area 1700(157.94 sq.m.),2,3,3,23.0,,New Property,1700.0,,,0,1,0,0,0,1,60.0,1020.0
flat,sidhartha ncr one phase,0.56,sector 95,4105.0,1364.0,Super Built up area 1364(126.72 sq.m.),2,2,2,10.0,,Relatively New,1364.0,,,0,0,0,0,0,2,64.0,682.0
house,,8.25,b block sector 43,30556.0,2700.0,Plot area 300(250.84 sq.m.),5,6,3+,3.0,West,Moderately Old,,2700.0,,1,1,1,1,0,2,158.0,540.0
flat,godrej,2.01,sector 79,8495.0,2366.0,Super Built up area 2366(219.81 sq.m.),3,4,3+,6.0,East,Relatively New,2366.0,,,0,1,0,0,0,1,0.0,788.6666666666666
house,nirvana country,10.0,sector 50,14285.0,7000.0,Built Up area: 7000 (650.32 sq.m.),5,7,2,4.0,East,Moderately Old,,7000.0,,0,1,0,0,0,0,38.0,1400.0
flat,birla navya,3.5,sector 63a,25926.0,1350.0,Carpet area: 1350 (125.42 sq.m.),3,3,3,1.0,,Under Construction,,,1350.0,0,0,0,0,0,1,49.0,450.0
flat,ss,2.09,sector 85,7432.0,2812.0,Super Built up area 2812(261.24 sq.m.)Built Up area: 2600 sq.ft. (241.55 sq.m.)Carpet area: 2400 sq.ft. (222.97 sq.m.),4,4,3,8.0,South-East,Relatively New,2812.0,2600.0,2400.0,1,1,0,1,0,1,174.0,703.0
flat,m3m merlin,3.32,sector 67,14079.0,2358.0,Super Built up area 2358(219.07 sq.m.)Carpet area: 1709 sq.ft. (158.77 sq.m.),3,4,3,8.0,North-West,New Property,2358.0,,1709.0,0,1,0,0,0,2,53.0,786.0
flat,pivotal devaan,0.3,sector 84,6666.0,450.0,Carpet area: 450 (41.81 sq.m.),1,1,1,14.0,,New Property,,,450.0,0,0,0,0,0,2,8.0,450.0
flat,ramprastha skyz,1.25,sector 37d,7250.0,1724.0,Built Up area: 1725 (160.26 sq.m.),3,3,3+,2.0,North-East,Under Construction,,1725.0,,0,0,0,0,0,1,55.0,574.6666666666666
flat,bptp freedom park life,2.5,sector 57,11111.0,2250.0,Super Built up area 2250(209.03 sq.m.),3,3,3,9.0,,Moderately Old,2250.0,,,0,0,0,0,0,1,49.0,750.0
flat,godrej,1.12,sector 79,7146.0,1567.0,Super Built up area 1572(146.04 sq.m.)Built Up area: 1325 sq.ft. (123.1 sq.m.)Carpet area: 1200 sq.ft. (111.48 sq.m.),2,2,3,6.0,North-East,Relatively New,1572.0,1325.0,1200.0,1,0,0,0,0,1,93.0,783.5
flat,breez global heights,0.46,sohna,4842.0,950.0,Super Built up area 950(88.26 sq.m.)Built Up area: 800 sq.ft. (74.32 sq.m.)Carpet area: 700 sq.ft. (65.03 sq.m.),2,2,2,4.0,North-East,Relatively New,950.0,800.0,700.0,0,0,0,0,0,0,147.0,475.0
house,international city by sobha phase 2,9.4,sector 109,26111.0,3600.0,Plot area 400(334.45 sq.m.),5,6,3+,2.0,North-East,Relatively New,,3600.0,,1,1,1,1,0,2,126.0,720.0
flat,tulip violet,1.4,sector 69,8871.0,1578.0,Super Built up area 1578(146.6 sq.m.),3,3,2,11.0,North,Relatively New,1578.0,,,0,0,0,1,0,1,142.0,526.0
flat,ireo the corridors,1.62,sector 67a,9380.0,1727.0,Super Built up area 1727(160.44 sq.m.)Carpet area: 1017 sq.ft. (94.48 sq.m.),3,3,2,4.0,North,New Property,1727.0,,1017.0,0,0,1,0,0,2,38.0,575.6666666666666
house,emaar mgf marbella,12.0,sector 66,38095.0,3150.0,Plot area 350(292.64 sq.m.),5,6,3+,4.0,North-East,New Property,,3150.0,,0,1,0,1,0,1,51.0,630.0
house,bestech park view ananda,4.35,sector 81,7937.0,5481.0,Plot area 5480(509.11 sq.m.),4,4,3,2.0,North,Relatively New,,5480.0,,0,1,1,0,0,1,80.0,1370.25
flat,dlf new town heights,1.54,sector 86,5786.0,2662.0,Super Built up area 2364(219.62 sq.m.),4,4,3+,21.0,North-West,Moderately Old,2364.0,,,1,1,0,1,0,1,49.0,665.5
flat,kamroon court,2.75,sector 43,13750.0,2000.0,Carpet area: 2000 (185.81 sq.m.),3,4,3+,5.0,North-East,Moderately Old,,,2000.0,0,1,0,0,1,2,47.0,666.6666666666666
flat,pareena mi casa,1.7,sector 68,8504.0,1999.0,Super Built up area 1999(185.71 sq.m.),4,4,3,2.0,,New Property,1999.0,,,0,0,0,0,0,1,106.0,499.75
flat,pareena mi casa,1.1,sector 68,9020.0,1220.0,Super Built up area 1245(115.66 sq.m.)Carpet area: 1225 sq.ft. (113.81 sq.m.),2,2,3,13.0,East,New Property,1245.0,,1225.0,0,0,0,0,0,1,49.0,610.0
flat,unitech uniworld gardens,2.15,sector 47,10306.0,2086.0,Super Built up area 2086(193.8 sq.m.)Built Up area: 1950 sq.ft. (181.16 sq.m.)Carpet area: 1750 sq.ft. (162.58 sq.m.),3,4,3+,10.0,East,Moderately Old,2086.0,1950.0,1750.0,0,1,0,0,0,1,76.0,695.3333333333334
house,,5.5,sector 23,21825.0,2520.0,Plot area 280(234.12 sq.m.),8,8,2,3.0,East,Moderately Old,,2520.0,,1,1,0,1,0,2,59.0,315.0
flat,shapoorji pallonji joyville gurugram,1.95,sector 102,10529.0,1852.0,Super Built up area 1852(172.06 sq.m.),3,3,3,10.0,North-East,Relatively New,1852.0,,,0,0,0,0,0,1,174.0,617.3333333333334
flat,ss the leaf,2.2,sector 85,5641.0,3900.0,Super Built up area 3950(366.97 sq.m.)Built Up area: 3920 sq.ft. (364.18 sq.m.)Carpet area: 3900 sq.ft. (362.32 sq.m.),4,6,3,10.0,North-West,Relatively New,3950.0,3920.0,3900.0,0,1,0,0,0,1,20.0,975.0
house,,2.5,sector 43,2885.0,8667.0,Plot area 107(89.47 sq.m.),7,7,3,4.0,West,Relatively New,,963.0,,0,0,0,0,1,2,72.0,1238.142857142857
flat,microtek greenburg,1.45,sector 86,9797.0,1480.0,Built Up area: 1480 (137.5 sq.m.)Carpet area: 1050 sq.ft. (97.55 sq.m.),3,2,3,8.0,North-East,Relatively New,,1480.0,1050.0,0,0,0,0,0,0,168.0,493.3333333333333
flat,emaar mgf emerald floors premier,2.35,sector 65,14242.0,1650.0,Super Built up area 1650(153.29 sq.m.),3,3,3,2.0,West,Relatively New,1650.0,,,1,1,0,0,0,2,60.0,550.0
flat,bestech park view sanskruti,1.55,sector 92,9687.0,1600.0,Super Built up area 1995(185.34 sq.m.)Carpet area: 1600 sq.ft. (148.64 sq.m.),3,3,3,17.0,,Relatively New,1995.0,,1600.0,0,1,0,0,0,2,0.0,533.3333333333334
house,madan puri,0.75,sector 7,12500.0,600.0,Plot area 600(55.74 sq.m.),3,5,3,3.0,South-East,Moderately Old,,600.0,,0,0,0,0,0,1,153.0,200.0
flat,dlf the skycourt,1.55,sector 86,8031.0,1930.0,Super Built up area 1930(179.3 sq.m.)Built Up area: 1900 sq.ft. (176.52 sq.m.)Carpet area: 1350 sq.ft. (125.42 sq.m.),3,3,1,12.0,North-East,Relatively New,1930.0,1900.0,1350.0,0,0,0,1,0,2,56.0,643.3333333333334
flat,eldeco accolade,1.2,sector-33 sohna,8043.0,1492.0,Built Up area: 1492 (138.61 sq.m.)Carpet area: 849 sq.ft. (78.87 sq.m.),2,2,2,0.0,,Undefined,,1492.0,849.0,0,0,0,0,0,1,0.0,746.0
flat,krishna appartment,0.35,sector 12,3500.0,1000.0,Super Built up area 1000(92.9 sq.m.),3,3,1,2.0,,Old Property,1000.0,,,0,0,0,0,0,1,42.0,333.3333333333333
flat,gls arawali homes,0.3,sohna,4687.0,640.0,Carpet area: 640 (59.46 sq.m.),2,2,2,4.0,,Relatively New,,,640.0,0,0,0,0,0,1,49.0,320.0
flat,bestech spa signature,4.4,sector 81,12571.0,3500.0,Super Built up area 4200(390.19 sq.m.)Built Up area: 3700 sq.ft. (343.74 sq.m.)Carpet area: 3500 sq.ft. (325.16 sq.m.),4,4,3+,6.0,South-West,New Property,4200.0,3700.0,3500.0,1,1,0,1,1,0,94.0,875.0
house,vatika the seven lamps,1.6,sector 82,6597.0,2425.0,Plot area 2425(225.29 sq.m.),4,4,3+,16.0,North,Moderately Old,,2425.0,,0,1,0,0,0,1,0.0,606.25
flat,apna enclave,0.8,sector 5,6153.0,1300.0,Super Built up area 1300(120.77 sq.m.)Built Up area: 1000 sq.ft. (92.9 sq.m.),3,3,1,0.0,,Old Property,1300.0,1000.0,,0,0,0,0,0,1,0.0,433.3333333333333
flat,raheja navodaya,0.62,sector 92,4807.0,1290.0,Built Up area: 1498 (139.17 sq.m.)Carpet area: 1064 sq.ft. (98.85 sq.m.),2,2,2,5.0,,New Property,,1498.0,1064.0,0,0,0,0,0,1,31.0,645.0
flat,m3m the marina,1.0,sector 68,12500.0,800.0,Carpet area: 800 (74.32 sq.m.),2,2,3,21.0,,Relatively New,,,800.0,0,0,0,0,0,1,49.0,400.0
flat,shapoorji pallonji joyville gurugram,2.15,sector 102,12706.0,1692.0,Super Built up area 1692(157.19 sq.m.)Built Up area: 1690 sq.ft. (157.01 sq.m.)Carpet area: 1592 sq.ft. (147.9 sq.m.),3,3,3,10.0,South-West,Relatively New,1692.0,1690.0,1592.0,0,0,0,0,0,2,0.0,564.0
flat,bhagwati sadan,1.15,sector 12,5500.0,2091.0,Built Up area: 2000 (185.81 sq.m.),3,4,2,2.0,,Old Property,,2000.0,,0,1,0,0,1,1,44.0,697.0
flat,bestech park view grand spa,4.5,sector 81,10714.0,4200.0,Super Built up area 4200(390.19 sq.m.),4,6,3+,17.0,,Relatively New,4200.0,,,0,1,0,0,0,2,102.0,1050.0
flat,mapsko mount ville,1.25,sector 79,8389.0,1490.0,Super Built up area 1490(138.43 sq.m.)Built Up area: 1058 sq.ft. (98.29 sq.m.)Carpet area: 863.91 sq.ft. (80.26 sq.m.),3,3,3,18.0,South,Relatively New,1490.0,1058.0,863.91,1,0,0,0,0,2,49.0,496.6666666666667
flat,aipl zen residences,1.75,sector 70a,10257.0,1706.0,Built Up area: 1706 (158.49 sq.m.)Carpet area: 1050 sq.ft. (97.55 sq.m.),3,4,3+,20.0,North-East,Relatively New,,1706.0,1050.0,0,0,0,0,1,0,7.0,568.6666666666666
house,,1.07,sector 15,11888.0,900.0,Plot area 900(83.61 sq.m.),2,2,1,1.0,,Old Property,,900.0,,0,1,0,0,0,1,0.0,450.0
flat,shapoorji pallonji joyville gurugram,1.6,sector 102,11700.0,1368.0,Built Up area: 1368 (127.09 sq.m.),2,2,3,14.0,,Moderately Old,,1368.0,,0,0,0,0,0,1,121.0,684.0
flat,tulip white,0.9,sector 69,6787.0,1326.0,Carpet area: 1326 (123.19 sq.m.),3,2,3,6.0,North-East,Relatively New,,,1326.0,0,0,0,1,0,1,86.0,442.0
flat,tulip violet,1.72,sector 69,8730.0,1970.0,Super Built up area 1970(183.02 sq.m.),4,4,1,12.0,North-East,Relatively New,1970.0,,,0,0,0,0,0,1,49.0,492.5
flat,ireo the grand arch,4.0,sector 58,18484.0,2164.0,Super Built up area 2164(201.04 sq.m.),3,4,3,5.0,North-West,Old Property,2164.0,,,0,1,0,0,0,2,6.0,721.3333333333334
flat,microtek greenburg,1.23,sector 86,8310.0,1480.0,Super Built up area 1480(137.5 sq.m.),2,2,3,13.0,South,Relatively New,1480.0,,,1,0,0,0,0,1,40.0,740.0
flat,orchid petals,4.16,sector 49,11700.0,3556.0,Super Built up area 3557(330.46 sq.m.),5,4,3+,14.0,East,Relatively New,3557.0,,,1,1,0,0,0,1,156.0,711.2
flat,smart world one dxp,3.45,sector 113,13269.0,2600.0,Super Built up area 2600(241.55 sq.m.),4,4,3,11.0,South-East,Under Construction,2600.0,,,1,1,0,0,0,2,75.0,650.0
flat,experion the heartsong,1.65,sector 108,8237.0,2003.0,Super Built up area 2003(186.08 sq.m.)Built Up area: 1771.32 sq.ft. (164.56 sq.m.)Carpet area: 1302.01 sq.ft. (120.96 sq.m.),3,4,3,3.0,North-West,Moderately Old,2003.0,1771.32,1302.01,1,0,0,0,0,2,37.0,667.6666666666666
flat,emaar mgf emerald floors premier,2.65,sector 65,16060.0,1650.0,Carpet area: 1650 (153.29 sq.m.),3,3,3,5.0,North,Relatively New,,,1650.0,1,1,0,0,0,1,15.0,550.0
flat,emaar mgf emerald floors premier,2.5,sector 65,15151.0,1650.0,Super Built up area 1650(153.29 sq.m.),3,3,3,3.0,South-West,Relatively New,1650.0,,,1,1,0,0,0,1,23.0,550.0
flat,pivotal devaan,0.41,sector 84,7032.0,583.0,Super Built up area 583(54.16 sq.m.)Built Up area: 565 sq.ft. (52.49 sq.m.)Carpet area: 483 sq.ft. (44.87 sq.m.),2,2,2,10.0,East,New Property,583.0,565.0,483.0,0,0,0,0,0,2,64.0,291.5
flat,ashok vihar phase 2,0.28,sector 5,4307.0,650.0,Super Built up area 650(60.39 sq.m.)Carpet area: 550 sq.ft. (51.1 sq.m.),2,2,1,3.0,North,Relatively New,650.0,,550.0,0,0,0,0,0,1,65.0,325.0
flat,raheja vedaanta,0.85,sector 108,4637.0,1833.0,Super Built up area 1833(170.29 sq.m.)Built Up area: 1500 sq.ft. (139.35 sq.m.)Carpet area: 1350 sq.ft. (125.42 sq.m.),3,3,2,2.0,North-East,Relatively New,1833.0,1500.0,1350.0,0,1,0,0,0,1,174.0,611.0
flat,tata primanti,4.0,sector 72,16032.0,2495.0,Super Built up area 2905(269.88 sq.m.)Carpet area: 2495 sq.ft. (231.79 sq.m.),4,5,3+,22.0,West,Relatively New,2905.0,,2495.0,0,1,0,0,0,2,22.0,623.75
house,,2.0,sector 7,13889.0,1440.0,Plot area 160(133.78 sq.m.),2,2,2,2.0,North-West,Old Property,,1440.0,,0,0,0,0,0,1,65.0,720.0
flat,dlf new town heights,1.25,sector 90,6476.0,1930.0,Super Built up area 1930(179.3 sq.m.)Built Up area: 1700 sq.ft. (157.94 sq.m.)Carpet area: 1500 sq.ft. (139.35 sq.m.),3,3,3+,17.0,South-East,Relatively New,1930.0,1700.0,1500.0,0,1,0,1,0,1,27.0,643.3333333333334
house,,2.25,sector 7,15625.0,1440.0,Plot area 160(133.78 sq.m.),3,3,2,2.0,North-West,Old Property,,1440.0,,0,0,0,0,0,2,49.0,480.0
flat,ss the leaf,1.17,sector 85,6720.0,1741.0,Super Built up area 1741(161.74 sq.m.)Built Up area: 1550 sq.ft. (144 sq.m.)Carpet area: 1350 sq.ft. (125.42 sq.m.),2,3,3,10.0,South-East,Relatively New,1741.0,1550.0,1350.0,0,0,0,0,1,1,174.0,870.5
flat,paras dews,1.5,sector 106,6369.0,2355.0,Super Built up area 2355(218.79 sq.m.)Built Up area: 1535 sq.ft. (142.61 sq.m.)Carpet area: 1403 sq.ft. (130.34 sq.m.),4,6,3+,11.0,North-West,Relatively New,2355.0,1535.0,1403.0,0,1,0,0,0,1,56.0,588.75
flat,shree vardhman victoria,1.65,sector 70,8461.0,1950.0,Super Built up area 1950(181.16 sq.m.),3,4,3,12.0,North,Relatively New,1950.0,,,0,1,1,0,0,1,58.0,650.0
flat,signature global city,0.68,sector 37d,11724.0,580.0,Carpet area: 580 (53.88 sq.m.),2,2,3,9.0,,New Property,,,580.0,0,0,0,0,1,1,32.0,290.0
house,,5.5,sector 46,23061.0,2385.0,Plot area 265(221.57 sq.m.),8,8,3+,3.0,,Moderately Old,,2385.0,,1,0,0,0,1,2,38.0,298.125
flat,ramprastha the edge towers,1.0,sector 37d,5649.0,1770.0,Super Built up area 1770(164.44 sq.m.),3,3,3+,13.0,,Moderately Old,1770.0,,,0,0,0,0,0,1,117.0,590.0
flat,the close north,2.7,sector 50,9980.0,2705.0,Super Built up area 2605(242.01 sq.m.),3,3,3+,3.0,South,Moderately Old,2605.0,,,0,1,0,0,0,1,14.0,901.6666666666666
flat,ss residency,0.53,sector 12,4818.0,1100.0,Super Built up area 1100(102.19 sq.m.),3,3,2,2.0,,Relatively New,1100.0,,,0,0,0,0,0,2,29.0,366.6666666666667
flat,sare green parc phase 3,0.79,sector 92,6086.0,1298.0,Super Built up area 1298(120.59 sq.m.),3,2,2,15.0,North,New Property,1298.0,,,0,0,0,0,0,1,79.0,432.6666666666667
flat,ats kocoon,2.22,sector 109,10596.0,2095.0,Super Built up area 2095(194.63 sq.m.),3,3,3,20.0,East,Relatively New,2095.0,,,0,1,0,0,1,1,156.0,698.3333333333334
flat,ireo uptown,4.85,sector 66,12999.0,3731.0,Super Built up area 3731(346.62 sq.m.)Built Up area: 3500 sq.ft. (325.16 sq.m.)Carpet area: 3300 sq.ft. (306.58 sq.m.),4,4,3+,15.0,North,Relatively New,3731.0,3500.0,3300.0,1,1,1,1,0,2,96.0,932.75
flat,shree vardhman victoria,1.62,sector 70,13953.0,1161.0,Super Built up area 1950(181.16 sq.m.)Carpet area: 1161 sq.ft. (107.86 sq.m.),3,3,3,9.0,North,Relatively New,1950.0,,1161.0,0,1,0,0,0,1,96.0,387.0
flat,vatika gurgaon,1.1,sector 83,6162.0,1785.0,Super Built up area 1785(165.83 sq.m.)Built Up area: 1600 sq.ft. (148.64 sq.m.)Carpet area: 1500 sq.ft. (139.35 sq.m.),3,3,3+,5.0,North-West,Relatively New,1785.0,1600.0,1500.0,0,0,0,0,0,2,38.0,595.0
flat,dlf regal gardens,1.25,sector 90,6459.0,1935.0,Super Built up area 1703(158.21 sq.m.)Built Up area: 1650 sq.ft. (153.29 sq.m.)Carpet area: 1600 sq.ft. (148.64 sq.m.),3,3,3,10.0,South,Relatively New,1703.0,1650.0,1600.0,0,0,0,0,1,2,174.0,645.0
flat,bestech park view sanskruti,1.6,sector 92,8020.0,1995.0,Super Built up area 1995(185.34 sq.m.)Built Up area: 1615 sq.ft. (150.04 sq.m.)Carpet area: 1476 sq.ft. (137.12 sq.m.),3,4,3+,10.0,North-West,Relatively New,1995.0,1615.0,1476.0,0,1,0,0,1,2,42.0,665.0
flat,gls arawali homes,0.28,sohna,5982.0,468.0,Carpet area: 468 (43.48 sq.m.),2,2,2,3.0,,Relatively New,,,468.0,0,0,0,0,0,1,68.0,234.0
flat,kendriya vihar,0.55,sector 56,9016.0,610.0,Carpet area: 610 (56.67 sq.m.),1,2,1,0.0,,Old Property,,,610.0,0,0,0,0,0,1,67.0,610.0
flat,m3m golf hills,1.45,sector 79,10211.0,1420.0,Carpet area: 1420 (131.92 sq.m.),2,2,3,15.0,,Under Construction,,,1420.0,0,0,0,0,0,1,0.0,710.0
flat,laxmi pareena,0.3,sector 99a,6666.0,450.0,Carpet area: 450 (41.81 sq.m.),2,1,0,12.0,North,Undefined,,,450.0,0,0,0,0,0,1,65.0,225.0
flat,awho sispal vihar,2.0,sector 49,7262.0,2754.0,Super Built up area 2754(255.85 sq.m.),4,3,3+,4.0,,Old Property,2754.0,,,0,0,0,0,0,1,50.0,688.5
house,raj villas,8.0,sector 52,25543.0,3132.0,Carpet area: 348 (290.97 sq.m.),6,5,3+,4.0,East,Undefined,,,348.0,0,0,0,0,0,1,158.0,522.0
flat,pioneer urban presidia,7.15,sector 62,16486.0,4337.0,Super Built up area 4337(402.92 sq.m.),4,5,3+,7.0,East,Relatively New,4337.0,,,1,1,1,0,0,2,37.0,1084.25
flat,unitech the residences,1.55,sector 33,9872.0,1570.0,Super Built up area 1570(145.86 sq.m.),3,4,1,1.0,South,Relatively New,1570.0,,,0,1,0,0,0,1,123.0,523.3333333333334
flat,vatika sovereign park,3.25,sector 99,9672.0,3360.0,Super Built up area 3360(312.15 sq.m.),4,4,3+,2.0,,New Property,3360.0,,,0,1,0,0,0,1,153.0,840.0
house,,10.5,sector 28,32407.0,3240.0,Plot area 360(301.01 sq.m.),5,6,3+,3.0,,New Property,,3240.0,,1,1,0,1,0,2,74.0,648.0
flat,rof ananda,0.31,sector 95,5644.0,549.0,Carpet area: 549.16 (51.02 sq.m.),2,2,1,5.0,North,Relatively New,,,549.174178,0,0,0,1,0,2,22.0,274.5
flat,central park flower valley cerise floors,1.3,sector-33 sohna,10743.0,1210.0,Super Built up area 1210(112.41 sq.m.),2,2,2,3.0,North,New Property,1210.0,,,1,0,0,0,0,1,42.0,605.0
flat,green court,0.45,sector 90,7188.0,626.0,Carpet area: 626 (58.16 sq.m.),2,2,1,2.0,,New Property,,,626.0,0,0,0,0,0,2,174.0,313.0
flat,ireo victory valley,2.95,sector 67,12235.0,2411.0,Super Built up area 2411(223.99 sq.m.)Carpet area: 1906 sq.ft. (177.07 sq.m.),3,3,3,10.0,North-West,Relatively New,2411.0,,1906.0,0,1,0,0,0,2,61.0,803.6666666666666
flat,godrej summit,0.85,sector 104,6896.0,1233.0,Carpet area: 1450 (134.71 sq.m.),2,2,3,12.0,,Relatively New,,,1450.0,1,0,0,0,1,1,97.0,616.5
flat,umang winter hills,0.99,sector 77,7857.0,1260.0,Super Built up area 1260(117.06 sq.m.)Carpet area: 1000 sq.ft. (92.9 sq.m.),2,2,2,1.0,North,Relatively New,1260.0,,1000.0,0,0,0,0,0,1,0.0,630.0
flat,trisara our homes 3,0.21,sohna,4339.0,484.0,Built Up area: 484 (44.97 sq.m.),1,1,0,2.0,,Undefined,,484.0,,0,0,0,0,0,1,27.0,484.0
house,,5.5,sector 14,16975.0,3240.0,Plot area 360(301.01 sq.m.)Built Up area: 355 sq.yards (296.83 sq.m.)Carpet area: 300 sq.yards (250.84 sq.m.),5,4,2,2.0,East,Old Property,,355.0,300.0,1,0,0,0,0,1,0.0,648.0
flat,milan cghs 9,2.0,sector 39,8333.0,2400.0,Built Up area: 2400 (222.97 sq.m.),3,3,3+,0.0,,Undefined,,2400.0,,0,0,0,0,0,1,174.0,800.0
flat,dlf the primus,2.2,sector 82a,10516.0,2092.0,Super Built up area 2092(194.35 sq.m.),3,3,3+,16.0,North-East,Relatively New,2092.0,,,0,1,0,0,0,0,95.0,697.3333333333334
flat,gls avenue 51,0.5,sector 92,7812.0,640.0,Carpet area: 640 (59.46 sq.m.),3,3,1,12.0,,New Property,,,640.0,0,0,0,0,0,0,34.0,213.33333333333334
house,,3.3,sector 4,14667.0,2250.0,Plot area 250(209.03 sq.m.),3,3,2,1.0,North-East,Old Property,,2250.0,,0,0,0,0,0,1,14.0,750.0
house,naman residency,0.5,sector 3a,11111.0,450.0,Plot area 450(41.81 sq.m.),2,2,2,2.0,West,New Property,,450.0,,1,1,0,1,1,1,0.0,225.0
house,,1.8,sector 54,8078.0,2228.0,Carpet area: 2228 (206.99 sq.m.),8,5,2,1.0,South,Undefined,,,2228.0,0,0,0,0,0,1,59.0,278.5
flat,bestech park view spa next,2.32,sector 67,11989.0,1935.0,Super Built up area 1935(179.77 sq.m.)Carpet area: 1600 sq.ft. (148.64 sq.m.),3,4,3+,14.0,North-East,Moderately Old,1935.0,,1600.0,0,1,0,0,0,2,20.0,645.0
house,ansals florence villa,6.0,sector 57,22222.0,2700.0,Plot area 300(250.84 sq.m.),4,5,2,2.0,,Old Property,,2700.0,,0,1,0,1,0,2,56.0,675.0
flat,godrej nature plus,1.1,sector-33 sohna,7971.0,1380.0,Carpet area: 1380 (128.21 sq.m.),2,2,2,14.0,North,Undefined,,,1380.0,0,0,0,0,0,1,159.0,690.0
flat,eldeco accolade,0.71,sohna,5607.0,1266.0,Super Built up area 1275(118.45 sq.m.),2,2,3,10.0,North-East,Relatively New,1275.0,,,0,0,0,0,0,1,149.0,633.0
flat,ireo victory valley,3.15,sector 67,12846.0,2452.0,Super Built up area 2452(227.8 sq.m.),3,4,3+,15.0,South,Relatively New,2452.0,,,0,1,0,1,0,2,65.0,817.3333333333334
flat,chd avenue,1.32,sector 71,6019.0,2193.0,Super Built up area 2193(203.74 sq.m.),4,4,3,14.0,South,Moderately Old,2193.0,,,0,1,0,0,0,1,115.0,548.25
flat,smart world gems,1.13,sector 89,8500.0,1329.0,Carpet area: 1326 (123.19 sq.m.),3,3,2,4.0,,Under Construction,,,1326.0,1,0,0,0,0,1,49.0,443.0
house,,4.75,sector 22,20068.0,2367.0,Plot area 263(219.9 sq.m.)Built Up area: 261 sq.yards (218.23 sq.m.)Carpet area: 259 sq.yards (216.56 sq.m.),7,5,3+,3.0,South-West,Old Property,,261.0,259.0,0,0,0,1,1,2,0.0,338.14285714285717
flat,raheja vedaanta,0.7,sector 108,4666.0,1500.0,Built Up area: 1468 (136.38 sq.m.)Carpet area: 1150 sq.ft. (106.84 sq.m.),2,2,1,10.0,West,Moderately Old,,1468.0,1150.0,0,0,0,0,0,1,157.0,750.0
flat,vatika gurgaon,0.84,sector 83,6746.0,1245.0,Super Built up area 1245(115.66 sq.m.),2,2,2,7.0,East,Moderately Old,1245.0,,,0,0,0,0,0,2,24.0,622.5
flat,mahindra luminare,5.5,sector 59,18181.0,3025.0,Super Built up area 3025(281.03 sq.m.),3,3,1,26.0,,Under Construction,3025.0,,,0,1,0,0,0,1,38.0,1008.3333333333334
flat,godrej nature plus,1.65,sector-33 sohna,14335.0,1151.0,Carpet area: 1151 (106.93 sq.m.),2,2,3,1.0,East,Under Construction,,,1151.0,0,0,0,0,0,1,53.0,575.5
flat,bestech altura,1.85,sector 79,8604.0,2150.0,Super Built up area 2150(199.74 sq.m.)Built Up area: 1650 sq.ft. (153.29 sq.m.)Carpet area: 1350 sq.ft. (125.42 sq.m.),3,3,3,7.0,,New Property,2150.0,1650.0,1350.0,0,1,0,0,0,1,35.0,716.6666666666666
flat,the penthouses at the hibiscus,8.5,sector 50,8500.0,10000.0,Carpet area: 10000 (929.03 sq.m.),4,4,3,9.0,South-East,Moderately Old,,,10000.0,0,1,0,0,0,1,38.0,2500.0
flat,dlf the primus,2.6,sector 82a,11438.0,2273.0,Super Built up area 2273(211.17 sq.m.)Carpet area: 1340 sq.ft. (124.49 sq.m.),4,4,3+,2.0,East,Relatively New,2273.0,,1340.0,0,0,0,0,1,1,174.0,568.25
flat,experion windchants,2.5,sector 112,13888.0,1800.0,Super Built up area 2441(226.78 sq.m.)Built Up area: 1939.03 sq.ft. (180.14 sq.m.)Carpet area: 1800 sq.ft. (167.23 sq.m.),2,2,3,10.0,East,Relatively New,2441.0,1939.03,1800.0,1,0,0,1,0,2,72.0,900.0
flat,dlf regal gardens,1.13,sector 90,6647.0,1700.0,Super Built up area 1730(160.72 sq.m.),3,3,3+,8.0,North,Relatively New,1730.0,,,0,0,0,0,1,1,109.0,566.6666666666666
flat,sobha city,2.9,sector 108,14478.0,2003.0,Super Built up area 2003(186.08 sq.m.),3,4,2,8.0,East,New Property,2003.0,,,0,0,0,0,0,1,174.0,667.6666666666666
flat,la vida by tata housing,2.45,sector 113,11050.0,2217.0,Super Built up area 2217(205.97 sq.m.)Built Up area: 1890 sq.ft. (175.59 sq.m.)Carpet area: 1680 sq.ft. (156.08 sq.m.),3,3,3+,3.0,North-East,Relatively New,2217.0,1890.0,1680.0,1,0,0,0,0,1,110.0,739.0
flat,sbtl caladium,1.88,sector 109,6153.0,3055.0,Super Built up area 3055(283.82 sq.m.),4,5,3,10.0,North-East,Relatively New,3055.0,,,0,0,0,0,0,1,49.0,763.75
flat,parsvnath green ville,1.6,sector 48,8376.0,1910.0,Super Built up area 1910(177.44 sq.m.)Built Up area: 1895 sq.ft. (176.05 sq.m.)Carpet area: 1800 sq.ft. (167.23 sq.m.),3,3,3+,8.0,North,Old Property,1910.0,1895.0,1800.0,0,0,0,0,1,2,101.0,636.6666666666666
flat,puri diplomatic greens,2.58,sector 111,11727.0,2200.0,Super Built up area 2200(204.39 sq.m.),3,4,2,9.0,East,Relatively New,2200.0,,,0,1,0,0,0,1,152.0,733.3333333333334
flat,emaar mgf emerald floors premier,2.25,sector 65,13636.0,1650.0,Super Built up area 1650(153.29 sq.m.),3,3,3+,3.0,South,Relatively New,1650.0,,,1,1,0,0,0,1,107.0,550.0
flat,ss the leaf,1.77,sector 85,7350.0,2408.0,Super Built up area 2408(223.71 sq.m.),3,4,3+,7.0,South-West,New Property,2408.0,,,0,0,1,0,0,1,63.0,802.6666666666666
flat,today callidora,0.9,sector 73,5548.0,1622.0,Built Up area: 1622 (150.69 sq.m.),3,3,3,3.0,East,Under Construction,,1622.0,,0,1,0,0,0,1,104.0,540.6666666666666
flat,mapsko mount ville,1.2,sector 79,8052.0,1490.0,Super Built up area 1490(138.43 sq.m.)Carpet area: 1163.91 sq.ft. (108.13 sq.m.),3,3,3,9.0,South,Relatively New,1490.0,,1163.91,1,0,0,0,0,2,110.0,496.6666666666667
flat,m3m merlin,3.4,sector 67,14418.0,2358.0,Super Built up area 2358(219.07 sq.m.)Carpet area: 1900 sq.ft. (176.52 sq.m.),3,4,3,15.0,South,Relatively New,2358.0,,1900.0,0,1,0,0,0,2,146.0,786.0
flat,smart world orchard,2.1,sector 61,13750.0,1527.0,Super Built up area 1549(143.91 sq.m.)Carpet area: 1500 sq.ft. (139.35 sq.m.),3,2,3,3.0,South,Under Construction,1549.0,,1500.0,0,0,0,0,0,1,0.0,509.0
house,row house,0.43,sector 105,9135.0,471.0,Plot area 52(43.48 sq.m.)Built Up area: 1050 sq.yards (877.93 sq.m.),3,3,3,2.0,,Relatively New,,1050.0,,0,0,0,0,0,1,150.0,157.0
flat,ats triumph,2.55,sector 104,13076.0,1950.0,Super Built up area 3150(292.64 sq.m.)Carpet area: 1950 sq.ft. (181.16 sq.m.),4,4,3+,21.0,East,Relatively New,3150.0,,1950.0,0,1,0,0,0,1,15.0,487.5
flat,unitech harmony,2.6,sector 50,9590.0,2711.0,Super Built up area 2711(251.86 sq.m.)Built Up area: 2700 sq.ft. (250.84 sq.m.)Carpet area: 2200 sq.ft. (204.39 sq.m.),3,4,2,15.0,North-East,Relatively New,2711.0,2700.0,2200.0,0,1,0,0,1,2,40.0,903.6666666666666
house,,4.31,sector 25,31926.0,1350.0,Plot area 150(125.42 sq.m.),5,4,3,3.0,North,Old Property,,1350.0,,0,0,0,0,0,1,26.0,270.0
flat,the rama apartment cghs,2.5,sector 43,10204.0,2450.0,Carpet area: 2450 (227.61 sq.m.),4,4,3+,4.0,East,Moderately Old,,,2450.0,0,1,0,0,0,1,0.0,612.5
flat,emaar mgf palm hills,1.09,sector 77,5382.0,2025.0,Super Built up area 2025(188.13 sq.m.),3,4,3+,5.0,South,Relatively New,2025.0,,,0,1,0,0,1,2,174.0,675.0
flat,la vida by tata housing,3.35,sector 113,16750.0,2000.0,Super Built up area 2691(250 sq.m.)Built Up area: 2200 sq.ft. (204.39 sq.m.)Carpet area: 2000 sq.ft. (185.81 sq.m.),3,4,3+,12.0,North-East,New Property,2691.0,2200.0,2000.0,1,1,0,0,0,1,118.0,666.6666666666666
flat,meditech apartment,2.45,sector 56,8166.0,3000.0,Super Built up area 3000(278.71 sq.m.)Built Up area: 2900 sq.ft. (269.42 sq.m.)Carpet area: 2800 sq.ft. (260.13 sq.m.),4,4,3+,1.0,West,Relatively New,3000.0,2900.0,2800.0,0,0,0,0,1,2,90.0,750.0
flat,indiabulls enigma,3.4,sector 110,10000.0,3400.0,Super Built up area 3400(315.87 sq.m.),4,5,3,3.0,East,Relatively New,3400.0,,,0,1,1,0,0,1,88.0,850.0
flat,pareena mi casa,1.7,sector 68,8500.0,2000.0,Super Built up area 1999(185.71 sq.m.),4,4,3+,23.0,,New Property,1999.0,,,0,0,0,0,0,1,174.0,500.0
flat,shree vardhman victoria,1.6,sector 70,8205.0,1950.0,Carpet area: 1950 (181.16 sq.m.),3,5,3,6.0,West,Relatively New,,,1950.0,0,1,0,0,0,1,125.0,650.0
flat,tulip violet,1.7,sector 69,8432.0,2016.0,Super Built up area 2010(186.74 sq.m.),4,4,2,10.0,South,New Property,2010.0,,,0,0,0,0,0,1,113.0,504.0
flat,aipl club residences,1.27,sector 70a,9777.0,1299.0,Carpet area: 1304 (121.15 sq.m.),2,2,3+,24.0,North-West,Relatively New,,,1304.0,0,0,0,0,1,2,74.0,649.5
flat,umang winter hills,1.0,sector 77,7500.0,1333.0,Carpet area: 1340 (124.49 sq.m.),2,2,2,3.0,,New Property,,,1340.0,0,0,0,0,0,1,165.0,666.5
flat,ireo victory valley,3.05,sector 67,16266.0,1875.0,Super Built up area 2385(221.57 sq.m.)Built Up area: 2200 sq.ft. (204.39 sq.m.)Carpet area: 1875 sq.ft. (174.19 sq.m.),3,4,2,35.0,South-West,Relatively New,2385.0,2200.0,1875.0,1,1,0,0,0,2,24.0,625.0
flat,antriksh heights,0.79,sector 84,4579.0,1725.0,Super Built up area 1725(160.26 sq.m.),3,3,3+,8.0,West,New Property,1725.0,,,0,0,0,0,0,1,16.0,575.0
flat,kamal residence,0.4,sohna,7633.0,524.0,Carpet area: 524 (48.68 sq.m.),2,2,1,0.0,North-East,New Property,,,524.0,0,0,0,0,1,2,53.0,262.0
flat,bptp terra,1.95,sector 37d,14444.0,1350.0,Super Built up area 2191(203.55 sq.m.)Built Up area: 1650 sq.ft. (153.29 sq.m.)Carpet area: 1350 sq.ft. (125.42 sq.m.),4,3,3,7.0,,Under Construction,2191.0,1650.0,1350.0,0,0,0,0,0,1,54.0,337.5
flat,mapsko casa bella,1.25,sector 82,6377.0,1960.0,Super Built up area 1960(182.09 sq.m.),3,4,3+,8.0,,Under Construction,1960.0,,,0,0,0,0,0,1,112.0,653.3333333333334
flat,tulip violet,1.68,sector 69,8358.0,2010.0,Super Built up area 2010(186.74 sq.m.),4,4,2,2.0,North-West,Relatively New,2010.0,,,0,0,0,1,0,1,49.0,502.5
flat,godrej nature plus serenity,1.45,sector-33 sohna,8677.0,1671.0,Super Built up area 1671(155.24 sq.m.),3,2,3,3.0,South,Under Construction,1671.0,,,0,0,0,0,0,1,76.0,557.0
house,,15.5,b block sector 43,28233.0,5490.0,Plot area 610(510.04 sq.m.),5,6,3,3.0,East,Moderately Old,,5490.0,,1,1,1,1,0,1,67.0,1098.0
flat,ansal heights 86,0.78,sector 86,5735.0,1360.0,Super Built up area 1360(126.35 sq.m.),2,2,1,8.0,East,New Property,1360.0,,,0,0,0,0,0,1,0.0,680.0
flat,pareena micasa,1.3,golf course ext road,8666.0,1500.0,Super Built up area 1500(139.35 sq.m.),3,3,3,12.0,,Under Construction,1500.0,,,0,0,0,0,0,1,0.0,500.0
flat,milan cghs 9,2.0,sector 39,8333.0,2400.0,Built Up area: 2400 (222.97 sq.m.),3,3,3+,0.0,,Undefined,,2400.0,,0,0,0,0,0,1,67.0,800.0
flat,zara aavaas,0.2,sector 104,6645.0,301.0,Built Up area: 301 (27.96 sq.m.),1,1,1,3.0,North-East,Undefined,,301.0,,0,0,0,0,0,1,60.0,301.0
flat,godrej habitat,1.1,sector 3,10410.0,1057.0,Super Built up area 1056.58(98.16 sq.m.),2,2,2,14.0,,Under Construction,1056.58,,,0,0,0,0,0,1,0.0,528.5
house,,0.6,sector 4,6173.0,972.0,Plot area 108(90.3 sq.m.),3,3,2,3.0,,Old Property,,972.0,,0,0,0,0,0,1,84.0,324.0
flat,orris aster court premier,1.49,sector 85,5820.0,2560.0,Super Built up area 2560(237.83 sq.m.)Built Up area: 2017 sq.ft. (187.39 sq.m.)Carpet area: 1890 sq.ft. (175.59 sq.m.),4,5,3+,10.0,East,Relatively New,2560.0,2017.0,1890.0,0,1,0,0,0,2,0.0,640.0
flat,signature global city 63a,1.4,sector 63a,11336.0,1235.0,Carpet area: 1235 (114.74 sq.m.),2,2,2,3.0,East,Under Construction,,,1235.0,0,0,0,0,1,1,88.0,617.5
flat,godrej summit,1.1,sector 104,8669.0,1269.0,Super Built up area 1269(117.89 sq.m.),2,2,3,16.0,East,Under Construction,1269.0,,,0,0,0,0,1,1,88.0,634.5
flat,vipul world floors,4.3,sector 48,13870.0,3100.0,Carpet area: 3100 (288 sq.m.),4,5,3+,4.0,East,New Property,,,3100.0,1,1,0,1,0,1,143.0,775.0
flat,kendriya vihar,0.65,sector 56,8609.0,755.0,Carpet area: 755 (70.14 sq.m.),1,1,1,0.0,,Moderately Old,,,755.0,0,0,0,0,0,1,174.0,755.0
flat,m3m woodshire,1.39,sector 107,5887.0,2361.0,Super Built up area 2361(219.34 sq.m.)Carpet area: 1780 sq.ft. (165.37 sq.m.),3,4,3+,6.0,East,Relatively New,2361.0,,1780.0,0,1,0,1,0,2,95.0,787.0
flat,emaar imperial gardens,1.92,sector 102,9600.0,2000.0,Carpet area: 2000 (185.81 sq.m.),3,3,3,12.0,North-East,Relatively New,,,2000.0,1,1,1,1,0,1,120.0,666.6666666666666
flat,the lions cghs,2.05,sector 56,7884.0,2600.0,Built Up area: 2600 (241.55 sq.m.)Carpet area: 2400 sq.ft. (222.97 sq.m.),4,4,3+,7.0,West,Old Property,,2600.0,2400.0,0,0,1,0,0,2,86.0,650.0
flat,tulip violet,1.38,sector 69,8966.0,1539.0,Super Built up area 1538(142.88 sq.m.),3,3,1,12.0,West,Relatively New,1538.0,,,0,0,0,1,0,1,165.0,513.0
flat,vatika gurgaon,0.83,sector 83,6666.0,1245.0,Super Built up area 1245(115.66 sq.m.)Built Up area: 1154 sq.ft. (107.21 sq.m.)Carpet area: 945 sq.ft. (87.79 sq.m.),2,2,2,12.0,North,Relatively New,1245.0,1154.0,945.0,0,0,0,1,0,1,94.0,622.5
house,,7.25,sector 41,29293.0,2475.0,Plot area 275(229.94 sq.m.),9,8,3,4.0,South-West,Old Property,,2475.0,,0,1,0,0,0,2,49.0,275.0
flat,saan verdante,2.0,sector 95,10178.0,1965.0,Super Built up area 1965(182.55 sq.m.)Carpet area: 1935 sq.ft. (179.77 sq.m.),3,4,3+,5.0,North,New Property,1965.0,,1935.0,0,1,0,0,0,1,49.0,655.0
flat,signature global solera,0.3,sector 107,6134.0,489.0,Super Built up area 602(55.93 sq.m.)Carpet area: 489 sq.ft. (45.43 sq.m.),2,2,1,5.0,East,Relatively New,602.0,,489.0,0,0,0,0,0,1,43.0,244.5
flat,godrej nature plus,1.55,sector-33 sohna,9955.0,1557.0,Carpet area: 1557 (144.65 sq.m.),3,2,3+,8.0,East,New Property,,,1557.0,0,0,0,0,0,1,107.0,519.0
flat,ss the leaf,1.15,sector 85,11966.0,961.0,Super Built up area 1741(161.74 sq.m.)Built Up area: 1263 sq.ft. (117.34 sq.m.)Carpet area: 961 sq.ft. (89.28 sq.m.),2,2,3,20.0,North-East,Relatively New,1741.0,1263.0,961.0,0,0,0,1,0,1,103.0,480.5
house,,19.0,sector 26,42222.0,4500.0,Plot area 500(418.06 sq.m.),6,8,3+,3.0,East,Moderately Old,,4500.0,,1,1,1,1,0,2,72.0,750.0
flat,supertech hues,0.82,sector 68,6950.0,1180.0,Super Built up area 1180(109.63 sq.m.),2,2,3+,21.0,,Under Construction,1180.0,,,0,0,0,0,1,1,158.0,590.0
flat,m3m skywalk,1.6,sector 74,9512.0,1682.0,Super Built up area 1682(156.26 sq.m.)Carpet area: 1345 sq.ft. (124.95 sq.m.),2,2,2,26.0,South,Relatively New,1682.0,,1345.0,0,0,0,0,0,2,0.0,841.0
house,,0.55,sector 105,10913.0,504.0,Built Up area: 56 (5.2 sq.m.),2,4,No,2.0,,Undefined,,56.0,,0,0,0,0,0,1,0.0,252.0
house,,1.45,sector 11,8000.0,1812.0,Built Up area: 1800 (167.23 sq.m.)Carpet area: 900 sq.ft. (83.61 sq.m.),3,2,1,1.0,North,Relatively New,,1800.0,900.0,0,0,0,0,0,1,76.0,604.0
flat,maxworth city residences,0.9,sector 10a,7083.0,1271.0,Super Built up area 1200(111.48 sq.m.),2,2,3,9.0,East,New Property,1200.0,,,0,0,0,0,1,1,38.0,635.5
flat,godrej nature plus,1.35,sector-33 sohna,8670.0,1557.0,Super Built up area 1557(144.65 sq.m.),3,2,3+,17.0,,New Property,1557.0,,,0,0,0,0,0,1,0.0,519.0
flat,essel towers,2.2,mehrauli  road,12500.0,1760.0,Carpet area: 1760 (163.51 sq.m.),3,4,3+,3.0,North-West,Undefined,,,1760.0,0,0,0,0,0,1,34.0,586.6666666666666
house,,8.31,sector 57,24171.0,3438.0,Plot area 382(319.4 sq.m.),5,6,3+,4.0,North-East,Old Property,,3438.0,,1,1,1,1,0,1,82.0,687.6
flat,rof ananda,0.2,sector 95,5463.0,366.0,Carpet area: 366.08 (34.01 sq.m.),1,1,1,10.0,West,Relatively New,,,366.080239,0,0,0,0,0,1,81.0,366.0
flat,antriksh heights,0.54,sector 84,4458.0,1211.0,Super Built up area 1200(111.48 sq.m.),2,2,3+,17.0,North-West,Relatively New,1200.0,,,0,0,0,0,0,1,49.0,605.5
flat,eldeco accolade,1.3,sohna,7424.0,1751.0,Super Built up area 1751(162.67 sq.m.)Carpet area: 1290 sq.ft. (119.84 sq.m.),3,3,3+,10.0,East,Relatively New,1751.0,,1290.0,0,0,0,0,0,1,160.0,583.6666666666666
house,vipul tatvam villa,8.25,sector 48,38194.0,2160.0,Plot area 350(292.64 sq.m.)Built Up area: 300 sq.yards (250.84 sq.m.)Carpet area: 240 sq.yards (200.67 sq.m.),4,4,3+,3.0,North-East,Relatively New,,300.0,240.0,0,1,1,0,0,2,157.0,540.0
flat,ss the leaf,1.08,sector 85,6585.0,1640.0,Super Built up area 1640(152.36 sq.m.)Built Up area: 1200 sq.ft. (111.48 sq.m.)Carpet area: 1125 sq.ft. (104.52 sq.m.),2,2,3,8.0,North-East,New Property,1640.0,1200.0,1125.0,1,1,1,1,0,2,49.0,820.0
flat,pyramid urban,0.56,sector 67a,7928.0,706.0,Carpet area: 700 (65.03 sq.m.),2,2,2,0.0,North-East,Relatively New,,,700.0,0,0,0,0,1,1,44.0,353.0
house,,2.4,sector 46,2963.0,8100.0,Plot area 100(83.61 sq.m.),4,4,3,3.0,East,Moderately Old,,900.0,,0,0,1,0,0,2,112.0,2025.0
flat,ambience creacions,2.4,sector 22,17391.0,1380.0,Super Built up area 1380(128.21 sq.m.)Built Up area: 1200 sq.ft. (111.48 sq.m.)Carpet area: 900 sq.ft. (83.61 sq.m.),2,2,2,8.0,South-East,Relatively New,1380.0,1200.0,900.0,0,0,0,0,1,0,99.0,690.0
flat,adani brahma samsara vilasa,3.4,sector 63,10000.0,3400.0,Super Built up area 3400(315.87 sq.m.),3,3,3+,1.0,West,New Property,3400.0,,,0,0,0,0,0,1,105.0,1133.3333333333333
house,unitech nirvana birch court,6.8,sector 50,31481.0,2160.0,Plot area 240(200.67 sq.m.),4,4,3+,2.0,South-East,Old Property,,2160.0,,1,1,0,1,0,1,37.0,540.0
flat,ramprastha the atrium,0.9,sector 37d,6225.0,1446.0,Super Built up area 1285(119.38 sq.m.)Built Up area: 1185 sq.ft. (110.09 sq.m.)Carpet area: 975 sq.ft. (90.58 sq.m.),3,3,2,13.0,South-East,Relatively New,1285.0,1185.0,975.0,0,0,0,0,0,0,15.0,482.0
flat,smart world gems,1.71,sector 89,12000.0,1425.0,Built Up area: 1423 (132.2 sq.m.),3,2,0,3.0,,Undefined,,1423.0,,0,0,0,0,0,1,135.0,475.0
flat,experion the heartsong,0.98,sector 108,13343.0,734.0,Super Built up area 1283(119.19 sq.m.)Built Up area: 978.23 sq.ft. (90.88 sq.m.)Carpet area: 734.43 sq.ft. (68.23 sq.m.),2,3,3,4.0,East,Relatively New,1283.0,978.23,734.43,1,0,0,0,0,1,24.0,367.0
house,,4.0,sector 56,26613.0,1503.0,Plot area 167(139.63 sq.m.),4,4,3+,2.0,,Relatively New,,1503.0,,0,0,0,0,0,2,38.0,375.75
flat,dlf regal gardens,1.8,sector 90,7223.0,2492.0,Super Built up area 2215(205.78 sq.m.),4,4,3+,7.0,South-West,Moderately Old,2215.0,,,0,0,0,0,0,1,60.0,623.0
flat,vipul world,1.38,sector 48,9482.0,1455.0,Carpet area: 1450 (134.71 sq.m.),3,3,1,2.0,,Relatively New,,,1450.0,0,0,0,0,0,1,90.0,485.0
house,sector 37,0.55,nars,7290.0,754.0,Plot area 84(70.23 sq.m.)Built Up area: 83 sq.yards (69.4 sq.m.)Carpet area: 82 sq.yards (68.56 sq.m.),2,1,1,1.0,East,New Property,,83.0,82.0,0,0,1,0,0,1,97.0,377.0
flat,signature global synera,0.5,sector 81,7886.0,634.0,Carpet area: 634 (58.9 sq.m.),2,2,1,11.0,East,New Property,,,634.0,0,0,0,0,0,0,0.0,317.0
flat,anamika enclave,0.64,sector 15 part 1,6500.0,985.0,Super Built up area 1000(92.9 sq.m.),2,2,1,1.0,,New Property,1000.0,,,0,0,0,0,0,1,49.0,492.5
flat,ambience creacions,4.8,sector 22,19200.0,2500.0,Carpet area: 2500 (232.26 sq.m.),4,6,3+,10.0,North-East,New Property,,,2500.0,0,1,0,1,0,0,0.0,625.0
flat,hcbs sports ville,0.38,sohna,5067.0,750.0,Built Up area: 750 (69.68 sq.m.)Carpet area: 650 sq.ft. (60.39 sq.m.),2,2,2,9.0,East,Undefined,,750.0,650.0,0,0,0,0,0,1,15.0,375.0
flat,sunischit apartments,1.75,sector 54,7954.0,2200.0,Super Built up area 2200(204.39 sq.m.)Built Up area: 2100 sq.ft. (195.1 sq.m.)Carpet area: 2000 sq.ft. (185.81 sq.m.),3,3,3+,6.0,North-East,Moderately Old,2200.0,2100.0,2000.0,0,1,0,0,0,2,86.0,733.3333333333334
flat,pioneer urban presidia,6.5,sector 62,14987.0,4337.0,Super Built up area 4337(402.92 sq.m.),4,4,3+,3.0,West,Moderately Old,4337.0,,,1,0,0,0,0,1,49.0,1084.25
flat,dlf the ultima,2.28,sector 81,10841.0,2103.0,Super Built up area 2103(195.38 sq.m.)Built Up area: 1750 sq.ft. (162.58 sq.m.)Carpet area: 1257 sq.ft. (116.78 sq.m.),3,3,3+,14.0,East,Relatively New,2103.0,1750.0,1257.0,0,1,0,0,0,0,49.0,701.0
flat,emaar gurgaon greens,1.4,sector 102,8484.0,1650.0,Super Built up area 1650(153.29 sq.m.)Carpet area: 1200 sq.ft. (111.48 sq.m.),3,3,3,9.0,South-West,Relatively New,1650.0,,1200.0,0,1,0,0,0,1,174.0,550.0
flat,dlf the ultima,2.25,sector 81,10755.0,2092.0,Super Built up area 2092(194.35 sq.m.)Built Up area: 2090 sq.ft. (194.17 sq.m.)Carpet area: 2087 sq.ft. (193.89 sq.m.),3,4,3+,11.0,West,Relatively New,2092.0,2090.0,2087.0,0,1,0,0,0,0,23.0,697.3333333333334
house,palam vihar extension west zone rwa,0.65,sector 23 extension,5777.0,1125.0,Plot area 1125(104.52 sq.m.),2,2,1,1.0,North,Moderately Old,,1125.0,,0,0,1,0,0,1,66.0,562.5
flat,palam vihar society,3.35,sector 23,7444.0,4500.0,Carpet area: 4500 (418.06 sq.m.),4,4,3+,2.0,,New Property,,,4500.0,1,0,0,0,0,1,117.0,1125.0
flat,m3m woodshire,1.32,sector 107,6330.0,2085.0,Super Built up area 1943(180.51 sq.m.),3,3,3,10.0,East,Relatively New,1943.0,,,0,0,0,0,0,1,124.0,695.0
house,dlf city plots,17.3,sector 26,38737.0,4466.0,Plot area 502(419.74 sq.m.),6,7,3+,3.0,North,New Property,,4518.0,,1,1,1,1,0,2,46.0,744.3333333333334
house,,1.9,sector 3a phase 2,8444.0,2250.0,Plot area 250(209.03 sq.m.)Carpet area: 190 sq.yards (158.86 sq.m.),4,3,2,2.0,North-East,Moderately Old,,,190.0,0,0,1,1,0,2,38.0,562.5
flat,m3m heights,2.65,sector 65,18492.0,1433.0,Super Built up area 1433(133.13 sq.m.),2,2,3,4.0,North-East,New Property,1433.0,,,1,0,0,0,0,1,136.0,716.5
flat,mahindra aura,1.8,sector 110 a,8814.0,2042.0,Super Built up area 2042(189.71 sq.m.)Built Up area: 1850 sq.ft. (171.87 sq.m.)Carpet area: 1650 sq.ft. (153.29 sq.m.),3,3,3+,7.0,South-East,Relatively New,2042.0,1850.0,1650.0,0,1,0,0,0,2,22.0,680.6666666666666
flat,satya element one,0.87,sector 49,19333.0,450.0,Carpet area: 450 (41.81 sq.m.),1,1,1,2.0,,Relatively New,,,450.0,0,0,0,0,0,1,116.0,450.0
flat,emaar mgf emerald estate,1.7,sector 65,21013.0,809.0,Super Built up area 1395(129.6 sq.m.)Carpet area: 809 sq.ft. (75.16 sq.m.),3,3,3,7.0,South-East,Relatively New,1395.0,,809.0,1,0,0,0,0,2,174.0,269.6666666666667
flat,tulip violet,3.1,sector 69,9822.0,3156.0,Super Built up area 3156(293.2 sq.m.)Carpet area: 2500 sq.ft. (232.26 sq.m.),4,6,3+,14.0,North,Relatively New,3156.0,,2500.0,0,1,0,1,0,1,49.0,789.0
house,,8.5,sector 40,26235.0,3240.0,Plot area 360(301.01 sq.m.),5,4,2,1.0,North-East,Moderately Old,,3240.0,,0,1,0,1,0,2,82.0,648.0
flat,central park 2 bellevue,5.0,sector 48,11627.0,4300.0,Carpet area: 4300 (399.48 sq.m.),3,4,3,14.0,North-East,Moderately Old,,,4300.0,0,0,0,0,0,1,49.0,1433.3333333333333
flat,corona optus,1.27,sector 37c,7203.0,1763.0,Super Built up area 1763(163.79 sq.m.)Carpet area: 1410 sq.ft. (130.99 sq.m.),3,3,3,2.0,South,Relatively New,1763.0,,1410.0,1,0,0,0,1,1,57.0,587.6666666666666
flat,tarc maceo,0.96,sector 91,5413.0,1774.0,Super Built up area 1404(130.44 sq.m.),2,2,3+,8.0,East,Moderately Old,1404.0,,,0,0,0,0,0,1,49.0,887.0
flat,mapsko mount ville,1.85,sector 79,9641.0,1919.0,Super Built up area 1815(168.62 sq.m.),3,4,3,21.0,,New Property,1815.0,,,0,1,0,1,0,1,44.0,639.6666666666666
house,,5.0,sector 55,44444.0,1125.0,Plot area 125(104.52 sq.m.)Built Up area: 115 sq.yards (96.15 sq.m.)Carpet area: 100 sq.yards (83.61 sq.m.),2,9,3+,5.0,East,New Property,,115.0,100.0,0,0,0,0,1,2,56.0,562.5
house,,4.5,sector 25,33333.0,1350.0,Plot area 163(136.29 sq.m.)Built Up area: 160 sq.yards (133.78 sq.m.)Carpet area: 150 sq.yards (125.42 sq.m.),2,8,3+,4.0,East,Relatively New,,160.0,150.0,0,1,1,0,0,2,28.0,675.0
house,,3.0,sector 23,19268.0,1557.0,Plot area 173(144.65 sq.m.),6,4,3+,3.0,South,Old Property,,1557.0,,0,0,0,0,0,2,66.0,259.5
flat,central park flower valley,1.65,sector 48,17441.0,946.0,Carpet area: 946 (87.89 sq.m.),3,3,0,1.0,,Undefined,,,946.0,0,0,0,0,0,1,49.0,315.3333333333333
flat,corona optus,1.43,sector 37c,7185.0,1990.0,Super Built up area 1990(184.88 sq.m.)Carpet area: 1700 sq.ft. (157.94 sq.m.),3,3,3+,2.0,North-West,Relatively New,1990.0,,1700.0,1,1,0,0,1,1,0.0,663.3333333333334
flat,mapsko casa bella,1.25,sector 82,6377.0,1960.0,Super Built up area 1960(182.09 sq.m.),3,4,3+,8.0,,Under Construction,1960.0,,,0,0,0,0,0,1,174.0,653.3333333333334
flat,tata primanti,5.25,sector 72,15648.0,3355.0,Super Built up area 3355(311.69 sq.m.)Built Up area: 3000 sq.ft. (278.71 sq.m.)Carpet area: 2800 sq.ft. (260.13 sq.m.),4,4,3+,30.0,North-East,New Property,3355.0,3000.0,2800.0,0,1,0,0,0,2,70.0,838.75
flat,silverglades the melia,0.75,sohna,5555.0,1350.0,Built Up area: 1350 (125.42 sq.m.),2,2,2,4.0,,Moderately Old,,1350.0,,0,0,0,0,0,1,65.0,675.0
house,unitech palms south city 1,9.25,sector 41,28549.0,3240.0,Plot area 3240(301.01 sq.m.)Built Up area: 5000 sq.ft. (464.52 sq.m.)Carpet area: 4500 sq.ft. (418.06 sq.m.),9,9,3+,4.0,North,Moderately Old,,5000.0,4500.0,1,1,1,1,0,2,71.0,360.0
flat,vasant appartments,1.7,sector 14,7391.0,2300.0,Carpet area: 2300 (213.68 sq.m.),5,5,2,2.0,North-West,Old Property,,,2300.0,1,0,1,1,0,0,0.0,460.0
flat,dnha group housing society,0.75,imt manesar,4518.0,1660.0,Super Built up area 1660(154.22 sq.m.),3,2,2,5.0,,Moderately Old,1660.0,,,0,0,0,0,0,1,24.0,553.3333333333334
flat,central park flower valley aqua front towers,2.96,sector-33 sohna,13870.0,2134.0,Carpet area: 2134 (198.26 sq.m.),4,4,3,1.0,,New Property,,,2134.0,0,1,0,0,0,2,85.0,533.5
flat,godrej oasis,1.45,sector 88a,8367.0,1733.0,Super Built up area 161Carpet area: 108.4 sq.m.,2,2,3+,9.0,,Relatively New,161.0,,108.4,1,0,0,0,0,0,144.0,866.5
flat,godrej nature plus,1.45,sector-33 sohna,15664.0,926.0,Built Up area: 118 Carpet area: 86 sq.m.,3,2,3+,20.0,,Under Construction,,118.0,86.0,1,0,0,0,0,1,67.0,308.6666666666667
flat,tata primanti,6.5,sector 72,15294.0,4250.0,Super Built up area 4250(394.84 sq.m.),4,4,3+,0.0,East,Relatively New,4250.0,,,1,1,0,1,0,1,49.0,1062.5
flat,smart world gems,1.16,sector 89,10500.0,1105.0,Super Built up area 1103(102.47 sq.m.),3,2,3,1.0,,New Property,1103.0,,,1,0,0,0,0,1,102.0,368.3333333333333
flat,tulip violet,1.4,sector 69,8861.0,1580.0,Super Built up area 1578(146.6 sq.m.),3,3,2,2.0,North-East,Relatively New,1578.0,,,0,0,0,1,0,1,26.0,526.6666666666666
flat,suncity avenue 76,0.55,sector 76,7422.0,741.0,Carpet area: 741 (68.84 sq.m.),2,2,2,9.0,North-East,Under Construction,,,741.0,0,0,0,0,0,1,46.0,370.5
flat,emaar gurgaon greens,1.6,sector 102,9696.0,1650.0,Super Built up area 1650(153.29 sq.m.)Carpet area: 1022.58 sq.ft. (95 sq.m.),3,3,3,8.0,,Relatively New,1650.0,,1022.58,0,0,0,0,0,1,49.0,550.0
flat,emaar mgf emerald floors premier,2.0,sector 65,12121.0,1650.0,Carpet area: 1650 (153.29 sq.m.),3,3,3,1.0,North-West,Relatively New,,,1650.0,0,1,0,0,0,2,98.0,550.0
flat,supertech araville,0.95,sector 79,6209.0,1530.0,Super Built up area 1530(142.14 sq.m.),2,2,3,7.0,North-East,New Property,1530.0,,,1,0,0,0,0,1,160.0,765.0
house,international city by sobha phase 1,5.7,sector 109,10556.0,5400.0,Plot area 600(501.68 sq.m.),4,4,3+,4.0,East,Relatively New,,5400.0,,1,1,0,0,0,1,35.0,1350.0
flat,mapsko mount ville,1.25,sector 79,8389.0,1490.0,Super Built up area 1490(138.43 sq.m.)Carpet area: 863.91 sq.ft. (80.26 sq.m.),3,3,3,22.0,South-West,Relatively New,1490.0,,863.91,1,0,0,1,0,1,111.0,496.6666666666667
flat,tulip monsella,8.25,sector 53,28004.0,2946.0,Super Built up area 2940(273.13 sq.m.),3,4,3,8.0,,Under Construction,2940.0,,,0,1,0,0,0,0,8.0,982.0
flat,tulip petals,1.55,sector 89,10000.0,1550.0,Super Built up area 1550(144 sq.m.),3,2,3,6.0,East,Moderately Old,1550.0,,,0,0,1,0,0,2,16.0,516.6666666666666
flat,sidhartha ncr greens,0.96,sector 95,6201.0,1548.0,Carpet area: 1548 (143.81 sq.m.),3,3,3,8.0,,New Property,,,1548.0,0,0,1,1,0,1,107.0,516.0
flat,smart world orchard,1.6,sector 61,13913.0,1150.0,Carpet area: 1150 (106.84 sq.m.),2,2,2,4.0,,Under Construction,,,1150.0,0,0,0,0,0,1,95.0,575.0
flat,bestech park view residency,1.4,sector 23,7865.0,1780.0,Super Built up area 1780(165.37 sq.m.),3,3,3+,6.0,North,Old Property,1780.0,,,0,0,0,0,0,0,45.0,593.3333333333334
flat,ats tourmaline,1.4,sector 109,8000.0,1750.0,Super Built up area 1750(162.58 sq.m.),3,3,3+,9.0,East,Relatively New,1750.0,,,0,0,0,0,0,1,159.0,583.3333333333334
house,,2.15,sector 40,23889.0,900.0,Plot area 100(83.61 sq.m.),3,3,3,3.0,,Moderately Old,,900.0,,1,0,1,1,0,1,152.0,300.0
flat,ss the leaf,1.58,sector 85,7714.0,2048.0,Super Built up area 2408(223.71 sq.m.)Carpet area: 2048 sq.ft. (190.27 sq.m.),3,4,3,8.0,East,Relatively New,2408.0,,2048.0,0,1,0,0,0,1,174.0,682.6666666666666
flat,shapoorji pallonji joyville gurugram,1.99,sector 102,20664.0,963.0,Super Built up area 1349(125.33 sq.m.)Carpet area: 963 sq.ft. (89.47 sq.m.),2,2,2,14.0,South,New Property,1349.0,,963.0,0,0,0,0,0,1,0.0,481.5
flat,paras dews,1.35,sector 106,7297.0,1850.0,Super Built up area 2355(218.79 sq.m.)Built Up area: 2100 sq.ft. (195.1 sq.m.)Carpet area: 1850 sq.ft. (171.87 sq.m.),4,4,3+,18.0,North-East,Relatively New,2355.0,2100.0,1850.0,0,1,0,1,0,2,152.0,462.5
flat,chd avenue,0.79,sector 71,6594.0,1198.0,Super Built up area 1198(111.3 sq.m.),2,2,2,8.0,South-East,Relatively New,1198.0,,,0,0,0,0,1,1,91.0,599.0
flat,dlf the skycourt,1.58,sector 86,8190.0,1929.0,Super Built up area 1929(179.21 sq.m.)Built Up area: 1750 sq.ft. (162.58 sq.m.)Carpet area: 1450 sq.ft. (134.71 sq.m.),3,3,1,16.0,North,Relatively New,1929.0,1750.0,1450.0,0,0,0,1,0,2,0.0,643.0
house,dlf city plots phase 2,10.5,sector 25,29022.0,3618.0,Plot area 402(37.35 sq.m.),4,4,2,2.0,East,Old Property,,402.0,,0,1,0,1,0,2,174.0,904.5
house,,1.8,sector 92,7627.0,2360.0,Built Up area: 2360 (219.25 sq.m.),4,5,No,13.0,,Undefined,,2360.0,,0,0,0,0,0,1,29.0,590.0
flat,ireo the grand arch,3.83,sector 58,21577.0,1775.0,Super Built up area 2164(201.04 sq.m.)Built Up area: 2000 sq.ft. (185.81 sq.m.)Carpet area: 1775 sq.ft. (164.9 sq.m.),3,4,2,10.0,North-East,Relatively New,2164.0,2000.0,1775.0,1,1,0,0,0,2,109.0,591.6666666666666
house,,0.7,sector 3,7007.0,999.0,Plot area 111(92.81 sq.m.),2,3,1,1.0,North,Relatively New,,999.0,,0,0,1,1,0,1,139.0,499.5
flat,parsvnath green ville,1.75,sector 48,7201.0,2430.0,Super Built up area 2430(225.75 sq.m.)Built Up area: 2200 sq.ft. (204.39 sq.m.)Carpet area: 1800 sq.ft. (167.23 sq.m.),3,3,3,7.0,South,Old Property,2430.0,2200.0,1800.0,0,1,0,0,0,2,49.0,810.0
flat,ss almeria,1.48,sector 84,7400.0,2000.0,Super Built up area 2000(185.81 sq.m.)Carpet area: 1294 sq.ft. (120.22 sq.m.),3,3,2,1.0,South-West,New Property,2000.0,,1294.0,0,1,1,0,0,2,35.0,666.6666666666666
flat,ats tourmaline,1.65,sector 109,7674.0,2150.0,Super Built up area 2150(199.74 sq.m.),3,3,3+,16.0,North-East,Relatively New,2150.0,,,0,1,0,0,0,2,65.0,716.6666666666666
flat,greenopolis,1.3,sector 89,6806.0,1910.0,Carpet area: 1910 (177.44 sq.m.),3,3,3+,1.0,South-West,New Property,,,1910.0,0,1,0,0,0,1,0.0,636.6666666666666
flat,ats tourmaline,1.4,sector 109,8000.0,1750.0,Super Built up area 1750(162.58 sq.m.),3,3,3+,12.0,North-West,Relatively New,1750.0,,,0,0,0,0,1,1,0.0,583.3333333333334
flat,adani aangan galleria,0.42,sector 89 a,4941.0,850.0,Super Built up area 850(78.97 sq.m.),2,2,2,3.0,,Relatively New,850.0,,,0,0,0,0,0,1,8.0,425.0
flat,aqua front towers,2.5,sector 32,11715.0,2134.0,Built Up area: 2134 (198.26 sq.m.)Carpet area: 1162 sq.ft. (107.95 sq.m.),3,4,3+,1.0,,Undefined,,2134.0,1162.0,0,0,0,0,0,1,117.0,711.3333333333334
flat,sidhartha ncr greens,0.56,sector 95,5656.0,990.0,Super Built up area 990(91.97 sq.m.),2,2,3,13.0,,New Property,990.0,,,0,0,0,0,0,1,67.0,495.0
flat,emaar mgf the palm drive,2.8,sector 66,16470.0,1700.0,Super Built up area 1950(181.16 sq.m.)Built Up area: 1920 sq.ft. (178.37 sq.m.)Carpet area: 1700 sq.ft. (157.94 sq.m.),3,4,3,8.0,North-East,Relatively New,1950.0,1920.0,1700.0,0,1,0,0,0,2,0.0,566.6666666666666
flat,m3m woodshire,1.4,sector 107,5929.0,2361.0,Super Built up area 2361(219.34 sq.m.),3,4,0,1.0,East,New Property,2361.0,,,0,0,0,0,0,1,49.0,787.0
flat,signature global infinity mall,0.41,sector 36,6269.0,654.0,Built Up area: 654 (60.76 sq.m.),2,2,3,3.0,,Undefined,,654.0,,0,0,0,0,0,1,174.0,327.0
flat,ireo skyon,2.15,sector 60,23344.0,921.0,Super Built up area 1524(141.58 sq.m.)Built Up area: 1250 sq.ft. (116.13 sq.m.)Carpet area: 921 sq.ft. (85.56 sq.m.),2,3,2,5.0,East,Relatively New,1524.0,1250.0,921.0,0,1,0,0,0,2,174.0,460.5
flat,puri emerald bay,2.65,sector 104,15007.0,1766.0,Super Built up area 2450(227.61 sq.m.)Carpet area: 1765.73 sq.ft. (164.04 sq.m.),3,4,3,15.0,North-East,Relatively New,2450.0,,1765.73,0,1,0,0,0,2,0.0,588.6666666666666
flat,dlf the ultima,2.34,sector 81,11185.0,2092.0,Super Built up area 2092(194.35 sq.m.)Built Up area: 1760 sq.ft. (163.51 sq.m.)Carpet area: 1670 sq.ft. (155.15 sq.m.),3,4,3+,14.0,South-East,Relatively New,2092.0,1760.0,1670.0,0,1,0,0,0,0,0.0,697.3333333333334
flat,ramprastha city,1.3,dwarka expressway,9027.0,1440.0,Super Built up area 1440(133.78 sq.m.),3,3,2,3.0,,Under Construction,1440.0,,,0,0,0,0,0,1,23.0,480.0
flat,chd avenue,0.82,sector 71,7083.0,1158.0,Super Built up area 1200(111.48 sq.m.),2,2,2,6.0,,Moderately Old,1200.0,,,0,0,0,0,0,1,25.0,579.0
flat,vatika sovereign park,3.2,sector 99,9922.0,3225.0,Built Up area: 3225 (299.61 sq.m.),4,4,0,5.0,North-East,Under Construction,,3225.0,,0,0,0,0,0,1,142.0,806.25
house,,4.45,sector 26,35178.0,1265.0,Plot area 150(125.42 sq.m.),4,4,3,3.0,West,Old Property,,150.0,,0,0,0,0,0,1,55.0,316.25
flat,godrej summit,1.2,sector 104,8298.0,1446.0,Carpet area: 1446 (134.34 sq.m.),3,2,3+,16.0,,Relatively New,,,1446.0,1,0,0,1,0,2,112.0,482.0
flat,gls arawali homes,0.29,sohna,6035.0,481.0,Carpet area: 480.53 (44.64 sq.m.),2,2,2,9.0,East,Relatively New,,,480.500496,0,0,0,0,0,1,127.0,240.5
flat,mapsko mount ville,1.4,sector 79,9395.0,1490.0,Carpet area: 1490 (138.43 sq.m.),3,3,3,2.0,North,New Property,,,1490.0,0,0,0,0,0,2,36.0,496.6666666666667
flat,bestech park view grand spa,4.0,sector 81,9523.0,4200.0,Super Built up area 4200(390.19 sq.m.),4,5,3+,15.0,West,Relatively New,4200.0,,,0,1,0,0,0,2,65.0,1050.0
flat,signature global city 63a,2.0,sector 63a,12800.0,1562.0,Built Up area: 1540 (143.07 sq.m.),3,3,2,1.0,North,Under Construction,,1540.0,,0,0,0,0,0,1,134.0,520.6666666666666
flat,dlf new town heights,1.25,sector 86,6476.0,1930.0,Super Built up area 1930(179.3 sq.m.),3,4,3+,2.0,South-West,Relatively New,1930.0,,,0,1,0,1,0,1,75.0,643.3333333333334
flat,sukhshanti apartment,1.65,sector 56,7006.0,2355.0,Super Built up area 2355(218.79 sq.m.),3,3,3+,5.0,North,Moderately Old,2355.0,,,1,0,0,0,0,2,16.0,785.0
house,,3.6,sector 46,24845.0,1449.0,Plot area 161(134.62 sq.m.),5,5,3+,3.0,South-East,Moderately Old,,1449.0,,0,1,0,0,0,2,151.0,289.8
flat,m3m skywalk,1.5,sector 74,10714.0,1400.0,Carpet area: 1400 (130.06 sq.m.),2,2,1,8.0,,New Property,,,1400.0,0,0,0,0,0,1,58.0,700.0
house,,4.5,sector 49,15625.0,2880.0,Plot area 320(267.56 sq.m.),8,8,3,3.0,North-East,Moderately Old,,2880.0,,1,1,1,1,0,0,84.0,360.0
flat,signature global park,0.75,sohna,6938.0,1081.0,Built Up area: 1081 (100.43 sq.m.),2,2,0,1.0,,Undefined,,1081.0,,0,0,0,0,0,1,49.0,540.5
house,unitech uniworld resorts,11.5,sector 33,24573.0,4680.0,Plot area 520(434.79 sq.m.),5,6,3+,4.0,East,Relatively New,,4680.0,,0,1,0,0,0,1,43.0,936.0
flat,bptp astaire gardens,1.25,sector 70a,8771.0,1425.0,Super Built up area 1425(132.39 sq.m.)Built Up area: 1300 sq.ft. (120.77 sq.m.)Carpet area: 1200 sq.ft. (111.48 sq.m.),3,3,2,1.0,South-East,Relatively New,1425.0,1300.0,1200.0,0,0,0,0,1,1,0.0,475.0
flat,hcbs sports ville,0.27,sohna,4345.0,621.0,Built Up area: 619 (57.51 sq.m.),2,2,2,10.0,,Relatively New,,619.0,,0,0,0,0,0,1,0.0,310.5
house,sai kripa floors 5,0.9,sector 11,11250.0,800.0,Plot area 800(74.32 sq.m.),2,5,3,3.0,,Relatively New,,800.0,,0,0,0,0,0,1,0.0,400.0
house,,2.5,sector 11,17857.0,1400.0,Plot area 1400(130.06 sq.m.)Built Up area: 1850 sq.ft. (171.87 sq.m.),5,4,3,1.0,East,Old Property,,1850.0,,0,0,1,0,0,1,94.0,280.0
house,,0.45,sector 7,5000.0,900.0,Carpet area: 900 (83.61 sq.m.),3,2,No,1.0,,Undefined,,,900.0,0,0,0,0,0,1,37.0,300.0
house,,0.8,sector 3a,11852.0,675.0,Plot area 75(62.71 sq.m.),2,3,1,2.0,,Moderately Old,,675.0,,0,0,0,0,0,1,37.0,337.5
house,sector 57 huda,3.8,sector 57,26063.0,1458.0,Plot area 162(135.45 sq.m.)Built Up area: 162 sq.yards (135.45 sq.m.)Carpet area: 160 sq.yards (133.78 sq.m.),2,8,3+,4.0,East,Relatively New,,162.0,160.0,0,0,1,1,0,2,51.0,729.0
flat,hcbs sports ville,0.32,sohna,5517.0,580.0,Carpet area: 580 (53.88 sq.m.),2,2,1,7.0,,New Property,,,580.0,0,0,0,0,0,1,165.0,290.0
flat,signature andour heights,0.37,sector 71,7400.0,500.0,Super Built up area 500(46.45 sq.m.)Built Up area: 425 sq.ft. (39.48 sq.m.)Carpet area: 366.48 sq.ft. (34.05 sq.m.),1,1,2,2.0,North-East,Relatively New,500.0,425.0,366.48,0,0,0,0,0,2,85.0,500.0
flat,ild greens,0.95,sector 37c,5066.0,1875.0,Super Built up area 1875(174.19 sq.m.),3,3,3+,0.0,,New Property,1875.0,,,0,0,0,0,0,1,165.0,625.0
flat,emaar mgf emerald floors premier,2.35,sector 65,14242.0,1650.0,Built Up area: 1650 (153.29 sq.m.),3,3,2,4.0,East,Relatively New,,1650.0,,1,1,0,0,0,1,109.0,550.0
flat,shree vardhman victoria,1.15,sector 70,8518.0,1350.0,Carpet area: 1350 (125.42 sq.m.),2,2,2,6.0,South-West,Relatively New,,,1350.0,1,0,0,0,0,1,157.0,675.0
flat,vatika gurgaon,0.78,sector 83,6265.0,1245.0,Super Built up area 1245(115.66 sq.m.)Built Up area: 850 sq.ft. (78.97 sq.m.)Carpet area: 790 sq.ft. (73.39 sq.m.),2,2,2,3.0,South-East,Relatively New,1245.0,850.0,790.0,1,0,0,1,0,2,49.0,622.5
flat,bestech park view grand spa,2.35,sector 81,8834.0,2660.0,Super Built up area 2660(247.12 sq.m.)Carpet area: 2354 sq.ft. (218.69 sq.m.),3,4,3+,10.0,North-West,Relatively New,2660.0,,2354.0,0,1,0,0,0,1,116.0,886.6666666666666
flat,tulip violet,1.4,sector 69,9102.0,1538.0,Super Built up area 1538(142.88 sq.m.),3,3,1,12.0,North-West,Relatively New,1538.0,,,0,0,0,0,0,2,54.0,512.6666666666666
flat,tulip violet,1.9,sector 69,9452.0,2010.0,Super Built up area 2010(186.74 sq.m.),4,4,2,0.0,South-West,Relatively New,2010.0,,,0,0,0,0,0,1,49.0,502.5
house,,3.65,sector 23,23442.0,1557.0,Plot area 173(144.65 sq.m.),3,9,3+,3.0,West,New Property,,1557.0,,0,1,0,1,0,2,0.0,519.0
flat,signature the serenas,0.42,sohna,7909.0,531.0,Carpet area: 531 (49.33 sq.m.),2,2,1,12.0,,New Property,,,531.0,0,0,0,0,0,1,37.0,265.5
flat,m3m golfestate,6.15,sector 65,15998.0,3844.0,Carpet area: 3844 (357.12 sq.m.),3,5,3+,1.0,West,Relatively New,,,3844.0,0,1,0,0,0,0,127.0,1281.3333333333333
house,,1.7,sector 108,5666.0,3000.0,Built Up area: 3000 (278.71 sq.m.)Carpet area: 2600 sq.ft. (241.55 sq.m.),4,4,3+,1.0,North-East,Undefined,,3000.0,2600.0,0,0,0,0,0,1,61.0,750.0
flat,sare crescent parc,0.8,sector 92,4210.0,1900.0,Super Built up area 1900(176.52 sq.m.),4,3,2,10.0,East,Relatively New,1900.0,,,0,0,0,0,1,1,95.0,475.0
flat,new sathi apartments,1.59,sector 76,7066.0,2250.0,Built Up area: 2250 (209.03 sq.m.),3,3,3+,3.0,North,Moderately Old,,2250.0,,1,0,0,0,0,2,20.0,750.0
flat,emaar gurgaon greens,1.54,sector 102,9333.0,1650.0,Super Built up area 1650(153.29 sq.m.)Carpet area: 1022.58 sq.ft. (95 sq.m.),3,3,3,12.0,North-East,Relatively New,1650.0,,1022.58,0,1,0,0,0,1,42.0,550.0
flat,mapsko royale ville,0.97,sector 82,5418.0,1790.0,Super Built up area 1790(166.3 sq.m.),3,4,2,16.0,North-West,Relatively New,1790.0,,,0,1,0,0,0,1,128.0,596.6666666666666
flat,valley view estate,0.38,sector 2,6089.0,624.0,Super Built up area 624(57.97 sq.m.),1,1,1,11.0,,Moderately Old,624.0,,,0,0,0,0,0,1,16.0,624.0
flat,tulip violet,1.7,sector 69,8445.0,2013.0,Super Built up area 2010(186.74 sq.m.),4,4,2,7.0,West,Relatively New,2010.0,,,0,0,0,0,0,1,117.0,503.25
flat,mittal surya vihar,0.8,sector 21,7079.0,1130.0,Carpet area: 1130 (104.98 sq.m.),2,2,2,6.0,,Old Property,,,1130.0,0,0,0,0,0,1,0.0,565.0
house,bhim garh kheri,0.75,sector 3,6410.0,1170.0,Plot area 130(108.7 sq.m.),4,2,2,2.0,West,Old Property,,1170.0,,0,0,0,0,0,1,49.0,292.5
flat,beverley park 1,8.44,sector 43,16230.0,5200.0,Super Built up area 5200(483.1 sq.m.)Built Up area: 5000 sq.ft. (464.52 sq.m.)Carpet area: 4900 sq.ft. (455.22 sq.m.),4,5,3,9.0,North-East,Moderately Old,5200.0,5000.0,4900.0,0,1,0,0,0,0,28.0,1300.0
flat,raheja vedas,2.15,sector 108,4134.0,5201.0,Super Built up area 5200(483.1 sq.m.)Built Up area: 4600 sq.ft. (427.35 sq.m.)Carpet area: 4000 sq.ft. (371.61 sq.m.),3,4,3+,12.0,East,Relatively New,5200.0,4600.0,4000.0,1,0,0,0,0,1,174.0,1733.6666666666667
flat,godrej aria,1.0,sector 79,6653.0,1503.0,Super Built up area 1503(139.63 sq.m.)Built Up area: 1300 sq.ft. (120.77 sq.m.)Carpet area: 1200 sq.ft. (111.48 sq.m.),2,2,2,4.0,North-West,Relatively New,1503.0,1300.0,1200.0,1,0,0,0,0,1,127.0,751.5
flat,green homes,1.85,sector 52,7872.0,2350.0,Super Built up area 2350(218.32 sq.m.),3,3,3,7.0,,Moderately Old,2350.0,,,0,1,0,0,0,1,38.0,783.3333333333334
flat,shri banke bihari society,1.35,sector 56,9642.0,1400.0,Super Built up area 1500(139.35 sq.m.)Built Up area: 1450 sq.ft. (134.71 sq.m.)Carpet area: 1400 sq.ft. (130.06 sq.m.),3,3,3+,4.0,,Old Property,1500.0,1450.0,1400.0,0,0,0,0,1,2,43.0,466.6666666666667
flat,dlf new town heights,1.21,sector 90,6243.0,1938.0,Super Built up area 1930(179.3 sq.m.)Built Up area: 1929 sq.ft. (179.21 sq.m.)Carpet area: 1928 sq.ft. (179.12 sq.m.),3,3,3+,7.0,West,Relatively New,1930.0,1929.0,1928.0,0,1,0,1,0,1,0.0,646.0
flat,godrej nature plus,1.15,sector-33 sohna,11558.0,995.0,Carpet area: 92.44,2,2,2,15.0,,Under Construction,,,92.44,0,0,0,0,0,1,149.0,497.5
flat,signature global synera,0.38,sector 81,9500.0,400.0,Carpet area: 400 (37.16 sq.m.),1,1,2,3.0,South-West,Relatively New,,,400.0,0,0,0,0,0,1,81.0,400.0
flat,avl 36 gurgaon,0.5,sector 36a,8333.0,600.0,Built Up area: 600 (55.74 sq.m.)Carpet area: 500 sq.ft. (46.45 sq.m.),1,1,1,5.0,,Undefined,,600.0,500.0,0,0,0,0,0,1,111.0,600.0
flat,tulip white,0.9,sector 69,6000.0,1500.0,Super Built up area 1500(139.35 sq.m.)Built Up area: 1326 sq.ft. (123.19 sq.m.)Carpet area: 1050 sq.ft. (97.55 sq.m.),3,2,3+,1.0,West,Relatively New,1500.0,1326.0,1050.0,0,0,0,0,0,2,75.0,500.0
flat,hsiidc sidco aravali,0.86,sector 1 imt manesar,3323.0,2588.0,Super Built up area 2588(240.43 sq.m.)Built Up area: 1900 sq.ft. (176.52 sq.m.)Carpet area: 1877 sq.ft. (174.38 sq.m.),3,3,3+,3.0,South,Moderately Old,2588.0,1900.0,1877.0,0,1,0,0,0,1,111.0,862.6666666666666
flat,godrej air,1.3,sector 85,14541.0,894.0,Super Built up area 1400(130.06 sq.m.)Carpet area: 894 sq.ft. (83.06 sq.m.),2,2,3,30.0,,Under Construction,1400.0,,894.0,0,0,0,0,0,1,0.0,447.0
flat,ss the coralwood,1.1,sector 84,4857.0,2265.0,Super Built up area 1750(162.58 sq.m.),3,3,2,9.0,North,Relatively New,1750.0,,,0,0,0,0,0,1,49.0,755.0
flat,umang monsoon breeze,0.88,sector 78,4746.0,1854.0,Super Built up area 1854(172.24 sq.m.)Built Up area: 1668 sq.ft. (154.96 sq.m.)Carpet area: 1501 sq.ft. (139.45 sq.m.),3,4,3,8.0,North-West,Moderately Old,1854.0,1668.0,1501.0,0,1,0,1,0,1,174.0,618.0
house,,2.25,sector 13,6944.0,3240.0,Carpet area: 360 (301.01 sq.m.),10,10,2,1.0,East,Undefined,,,360.0,0,0,0,0,0,1,0.0,324.0
flat,m3m golfestate,5.5,sector 65,16959.0,3243.0,Super Built up area 3243(301.28 sq.m.)Built Up area: 2803 sq.ft. (260.41 sq.m.)Carpet area: 2388 sq.ft. (221.85 sq.m.),3,4,3,3.0,North-East,Relatively New,3243.0,2803.0,2388.0,0,1,0,0,0,1,0.0,1081.0
flat,emaar digihomes,2.45,sector 62,16000.0,1531.0,Built Up area: 1200 (111.48 sq.m.)Carpet area: 1000 sq.ft. (92.9 sq.m.),2,2,2,7.0,North-East,New Property,,1200.0,1000.0,1,0,0,0,0,0,15.0,765.5
house,not applicable,0.4,sector 3a,9259.0,432.0,Plot area 432(40.13 sq.m.),1,1,1,1.0,,Moderately Old,,432.0,,0,0,0,0,0,1,74.0,432.0
house,,1.3,sector 105,11556.0,1125.0,Built Up area: 1125 (104.52 sq.m.),3,3,1,1.0,East,Undefined,,1125.0,,0,0,0,0,0,1,9.0,375.0
flat,ireo the corridors,2.0,sector 67a,11580.0,1727.0,Super Built up area 1727(160.44 sq.m.)Carpet area: 1017 sq.ft. (94.48 sq.m.),3,3,2,6.0,,Under Construction,1727.0,,1017.0,0,0,0,0,1,1,0.0,575.6666666666666
house,ansals palam vihar,2.68,sector 23,17213.0,1557.0,Plot area 173(144.65 sq.m.),4,3,2,3.0,,Moderately Old,,1557.0,,0,0,1,0,0,2,80.0,389.25
house,,7.0,sector 26,39260.0,1783.0,Plot area 1782.72(165.62 sq.m.),5,5,2,3.0,North-East,Relatively New,,1782.72,,0,1,0,0,0,1,102.0,356.6
flat,ramprasta awho,0.92,sector 95,5257.0,1750.0,Built Up area: 1750 (162.58 sq.m.)Carpet area: 1600 sq.ft. (148.64 sq.m.),3,3,3+,13.0,North-East,Undefined,,1750.0,1600.0,0,0,0,0,0,1,49.0,583.3333333333334
flat,parsvnath exotica,6.44,sector 53,19000.0,3389.0,Super Built up area 3390(314.94 sq.m.),4,4,3,7.0,West,Moderately Old,3390.0,,,0,1,0,0,0,2,96.0,847.25
flat,mapsko mount ville,1.3,sector 79,8724.0,1490.0,Super Built up area 1490(138.43 sq.m.)Built Up area: 1176 sq.ft. (109.25 sq.m.)Carpet area: 863.91 sq.ft. (80.26 sq.m.),3,3,3,19.0,East,Relatively New,1490.0,1176.0,863.91,0,0,1,0,0,2,92.0,496.6666666666667
flat,orris carnation residency,0.72,sector 85,4881.0,1475.0,Super Built up area 1475(137.03 sq.m.)Built Up area: 1350 sq.ft. (125.42 sq.m.)Carpet area: 1250 sq.ft. (116.13 sq.m.),3,3,2,9.0,West,Moderately Old,1475.0,1350.0,1250.0,0,0,0,0,1,1,87.0,491.6666666666667
flat,godrej summit,1.05,sector 104,5833.0,1800.0,Carpet area: 1800 (167.23 sq.m.),3,4,3+,7.0,East,Relatively New,,,1800.0,0,1,0,0,0,2,0.0,600.0
flat,bestech park view residency,1.51,sector 23,7890.0,1914.0,Super Built up area 1920(178.37 sq.m.),3,4,3+,8.0,West,Moderately Old,1920.0,,,0,1,0,0,0,1,101.0,638.0
flat,ansal housing highland park,1.1,sector 103,6242.0,1762.0,Super Built up area 1762(163.7 sq.m.)Built Up area: 1500 sq.ft. (139.35 sq.m.)Carpet area: 1300 sq.ft. (120.77 sq.m.),3,3,3+,7.0,North-East,New Property,1762.0,1500.0,1300.0,0,0,0,0,0,1,28.0,587.3333333333334
flat,signature global park 4,0.72,sector 36 sohna,6660.0,1081.0,Super Built up area 1081(100.43 sq.m.),3,2,3,3.0,,Under Construction,1081.0,,,0,0,0,0,0,1,88.0,360.3333333333333
house,unitech nirvana birch court,11.95,sector 50,36883.0,3240.0,Plot area 360(301.01 sq.m.),3,3,2,1.0,West,Moderately Old,,3240.0,,1,1,0,0,0,1,49.0,1080.0
flat,corona optus,1.26,sector 37c,7250.0,1738.0,Super Built up area 1735(161.19 sq.m.)Built Up area: 1400 sq.ft. (130.06 sq.m.)Carpet area: 965 sq.ft. (89.65 sq.m.),3,3,3,4.0,North-East,New Property,1735.0,1400.0,965.0,0,0,0,0,0,1,148.0,579.3333333333334
flat,pareena coban residences,1.32,sector 99a,6609.0,1997.0,Super Built up area 1997(185.53 sq.m.)Carpet area: 1500 sq.ft. (139.35 sq.m.),3,5,3,11.0,North-East,New Property,1997.0,,1500.0,0,1,0,0,0,1,39.0,665.6666666666666
flat,ss the leaf,1.3,sector 85,7779.0,1671.0,Super Built up area 1671(155.24 sq.m.)Carpet area: 1169 sq.ft. (108.6 sq.m.),2,2,3+,16.0,East,Relatively New,1671.0,,1169.0,0,0,1,0,0,1,88.0,835.5
house,,11.0,sector 25,28902.0,3806.0,Plot area 3806.45(353.63 sq.m.)Built Up area: 5000 sq.ft. (464.52 sq.m.),8,11,3+,3.0,East,Old Property,,5000.0,,1,1,0,1,1,2,90.0,475.75
flat,dlf new town heights,1.54,sector 90,6514.0,2364.0,Super Built up area 2364(219.62 sq.m.)Built Up area: 2200 sq.ft. (204.39 sq.m.)Carpet area: 1850 sq.ft. (171.87 sq.m.),4,4,3+,12.0,South-West,Moderately Old,2364.0,2200.0,1850.0,0,1,0,1,0,2,131.0,591.0
flat,dlf new town heights,1.75,sector 90,5720.0,3059.0,Super Built up area 2727(253.35 sq.m.),4,4,3+,17.0,South,Relatively New,2727.0,,,0,1,0,1,0,1,110.0,764.75
flat,mvn athens,0.25,sohna,5189.0,482.0,Carpet area: 481.73 (44.75 sq.m.),2,2,1,0.0,North,Relatively New,,,481.684525,0,0,0,1,0,1,49.0,241.0
flat,sare crescent parc,0.92,sector 92,4854.0,1895.0,Built Up area: 1895 (176.05 sq.m.)Carpet area: 1600 sq.ft. (148.64 sq.m.),4,5,3+,14.0,North-East,Moderately Old,,1895.0,1600.0,0,0,0,0,0,2,51.0,473.75
flat,ats triumph,2.78,sector 104,8825.0,3150.0,Super Built up area 3150(292.64 sq.m.),4,4,3+,11.0,South,Relatively New,3150.0,,,0,1,0,0,0,1,71.0,787.5
flat,m3m urbana,0.95,sector 67,10895.0,872.0,Built Up area: 826 (76.74 sq.m.),1,1,1,17.0,South-West,Relatively New,,826.0,,0,0,0,0,0,1,138.0,872.0
flat,ild greens,1.0,sector 37c,4320.0,2315.0,Super Built up area 1875(174.19 sq.m.),3,3,3+,5.0,North,Under Construction,1875.0,,,0,0,0,0,0,1,88.0,771.6666666666666
flat,ats tourmaline,1.45,sector 109,6744.0,2150.0,Super Built up area 2150(199.74 sq.m.)Built Up area: 1797 sq.ft. (166.95 sq.m.)Carpet area: 1660 sq.ft. (154.22 sq.m.),3,4,3+,4.0,North-West,Relatively New,2150.0,1797.0,1660.0,0,1,0,0,0,1,101.0,716.6666666666666
house,satya the hermitage,4.35,sector 103,13501.0,3222.0,Plot area 358(299.33 sq.m.),4,4,3+,2.0,North,Relatively New,,3222.0,,1,1,1,1,0,1,127.0,805.5
flat,supertech araville,1.35,sector 79,9000.0,1500.0,Super Built up area 1530(142.14 sq.m.)Built Up area: 1350 sq.ft. (125.42 sq.m.)Carpet area: 1200 sq.ft. (111.48 sq.m.),2,2,3,6.0,East,New Property,1530.0,1350.0,1200.0,1,0,0,0,1,2,75.0,750.0
flat,puri emerald bay,2.3,sector 104,9387.0,2450.0,Super Built up area 2450(227.61 sq.m.),3,4,3+,10.0,North-East,Moderately Old,2450.0,,,0,1,0,0,0,1,127.0,816.6666666666666
flat,smart world orchard,1.7,sector 61,15178.0,1120.0,Carpet area: 1120 (104.05 sq.m.),2,2,2,4.0,East,Under Construction,,,1120.0,1,0,0,0,0,1,89.0,560.0
flat,rof ananda,0.36,sector 95,5658.0,636.0,Carpet area: 645 (59.92 sq.m.),2,2,2,10.0,East,New Property,,,645.0,1,0,0,0,0,1,95.0,318.0
flat,dlf new town heights,1.25,sector 90,6502.0,1922.0,Super Built up area 1930(179.3 sq.m.)Built Up area: 1929 sq.ft. (179.21 sq.m.)Carpet area: 1928 sq.ft. (179.12 sq.m.),3,3,3+,5.0,North,Relatively New,1930.0,1929.0,1928.0,0,1,0,1,0,1,61.0,640.6666666666666
house,suncity essel towers,6.0,sector 28,22222.0,2700.0,Plot area 300(250.84 sq.m.),4,4,3+,3.0,East,Old Property,,2700.0,,1,0,0,0,0,2,105.0,675.0
flat,tulip violet,1.4,sector 69,8840.0,1584.0,Super Built up area 1578(146.6 sq.m.),3,3,2,1.0,North-East,Relatively New,1578.0,,,0,0,0,0,0,1,111.0,528.0
flat,whiteland blissville,1.92,sector 76,11500.0,1670.0,Built Up area: 1672 (155.33 sq.m.)Carpet area: 940 sq.ft. (87.33 sq.m.),3,3,2,2.0,,Undefined,,1672.0,940.0,0,0,0,0,0,1,26.0,556.6666666666666
flat,spire woods now ananda by alpha corp,1.25,sector 103,6902.0,1811.0,Carpet area: 1811 (168.25 sq.m.),3,4,3,11.0,,Under Construction,,,1811.0,1,1,0,0,0,1,20.0,603.6666666666666
flat,vatika gurgaon,1.12,sector 83,6455.0,1735.0,Super Built up area 1735(161.19 sq.m.)Built Up area: 1500 sq.ft. (139.35 sq.m.)Carpet area: 1400 sq.ft. (130.06 sq.m.),3,3,2,17.0,South,Moderately Old,1735.0,1500.0,1400.0,0,0,0,0,0,2,128.0,578.3333333333334
flat,m3m merlin,3.39,sector 67,14376.0,2358.0,Super Built up area 2358(219.07 sq.m.)Built Up area: 2100 sq.ft. (195.1 sq.m.)Carpet area: 2000 sq.ft. (185.81 sq.m.),3,4,3,14.0,East,Relatively New,2358.0,2100.0,2000.0,0,1,0,0,0,2,167.0,786.0
house,,2.1,sector 43,4250.0,4941.0,Plot area 61(51 sq.m.),10,10,3+,5.0,West,New Property,,549.0,,0,1,0,0,0,1,57.0,494.1
flat,puri emerald bay,1.32,sector 104,8516.0,1550.0,Super Built up area 1550(144 sq.m.),2,2,2,10.0,North-East,Relatively New,1550.0,,,0,0,0,0,0,1,16.0,775.0
flat,dlf the belaire,10.0,sector 54,24558.0,4072.0,Super Built up area 4072(378.3 sq.m.)Built Up area: 3000 sq.ft. (278.71 sq.m.)Carpet area: 2800 sq.ft. (260.13 sq.m.),4,5,3+,17.0,North,Moderately Old,4072.0,3000.0,2800.0,0,1,0,0,0,0,75.0,1018.0
house,,1.5,mianwali colony,11111.0,1350.0,Plot area 150(125.42 sq.m.),5,5,2,3.0,,Old Property,,1350.0,,0,0,0,0,0,1,72.0,270.0
flat,afnhb jalvayu vihar,1.45,sector 30,11153.0,1300.0,Built Up area: 1300 (120.77 sq.m.)Carpet area: 1090 sq.ft. (101.26 sq.m.),3,2,2,2.0,North,Old Property,,1300.0,1090.0,0,0,0,0,0,0,165.0,433.3333333333333
flat,vatika the seven lamps,1.39,sector 82,6412.0,2168.0,Super Built up area 2160(200.67 sq.m.),3,3,3+,11.0,East,Relatively New,2160.0,,,1,1,0,0,0,2,49.0,722.6666666666666
flat,experion windchants,3.65,sector 112,11428.0,3194.0,Built Up area: 2800 (260.13 sq.m.),3,5,2,3.0,South-West,Relatively New,,2800.0,,0,1,0,0,0,1,49.0,1064.6666666666667
flat,shree vardhman flora,0.65,sector 90,4814.0,1350.0,Super Built up area 1350(125.42 sq.m.),2,2,3,6.0,East,Relatively New,1350.0,,,1,0,0,0,0,1,174.0,675.0
flat,dlf the ultima,2.2,sector 81,10461.0,2103.0,Super Built up area 2103(195.38 sq.m.)Built Up area: 1570 sq.ft. (145.86 sq.m.)Carpet area: 1257 sq.ft. (116.78 sq.m.),3,3,3+,5.0,East,Relatively New,2103.0,1570.0,1257.0,1,1,0,1,1,0,110.0,701.0
flat,mapsko paradise,0.75,sector 83,5597.0,1340.0,Super Built up area 1340(124.49 sq.m.)Carpet area: 1000 sq.ft. (92.9 sq.m.),3,3,3,10.0,North,New Property,1340.0,,1000.0,0,0,0,0,1,2,160.0,446.6666666666667
flat,the close north,2.7,sector 50,10364.0,2605.0,Super Built up area 2605(242.01 sq.m.)Built Up area: 2400 sq.ft. (222.97 sq.m.)Carpet area: 2200 sq.ft. (204.39 sq.m.),3,3,3+,6.0,East,Moderately Old,2605.0,2400.0,2200.0,0,1,0,0,0,1,109.0,868.3333333333334
flat,godrej oasis,2.65,sector 88a,16747.0,1582.0,Carpet area: 124,3,3,3+,10.0,,New Property,,,124.0,0,0,0,0,0,1,33.0,527.3333333333334
house,the laburnum,11.0,sector 43,27160.0,4050.0,Plot area 450(376.26 sq.m.)Built Up area: 360 sq.yards (301.01 sq.m.)Carpet area: 350 sq.yards (292.64 sq.m.),5,6,3+,3.0,East,New Property,,360.0,350.0,0,1,0,1,0,2,49.0,810.0
flat,shree arihant apartment,1.55,sector 54,8611.0,1800.0,Super Built up area 2000(185.81 sq.m.)Built Up area: 1900 sq.ft. (176.52 sq.m.)Carpet area: 1800 sq.ft. (167.23 sq.m.),3,3,3,3.0,North-East,Moderately Old,2000.0,1900.0,1800.0,0,1,0,0,0,2,174.0,600.0
flat,eldeco accolade,0.73,sohna,5775.0,1264.0,Super Built up area 1264(117.43 sq.m.)Carpet area: 730 sq.ft. (67.82 sq.m.),2,2,3,5.0,West,Relatively New,1264.0,,730.0,0,0,0,1,0,1,16.0,632.0
flat,ambience creacions,2.0,sector 22,14492.0,1380.0,Carpet area: 1380 (128.21 sq.m.),2,2,2,9.0,East,Relatively New,,,1380.0,0,0,0,0,0,1,49.0,690.0
flat,unitech fresco,1.88,sector 50,10479.0,1794.0,Super Built up area 1794(166.67 sq.m.)Built Up area: 1790 sq.ft. (166.3 sq.m.)Carpet area: 1450 sq.ft. (134.71 sq.m.),3,3,3+,14.0,North,Moderately Old,1794.0,1790.0,1450.0,0,0,0,0,1,2,74.0,598.0
flat,mvn athens,0.21,sohna,4666.0,450.0,Carpet area: 450 (41.81 sq.m.),1,1,1,11.0,,New Property,,,450.0,0,0,0,0,0,1,174.0,450.0
house,ss aaron ville,6.75,sector 49,15000.0,4500.0,Built Up area: 4500 (418.06 sq.m.),5,4,2,2.0,North,New Property,,4500.0,,0,0,0,0,1,1,49.0,900.0
flat,umang winter hills,1.0,sector 77,7500.0,1333.0,Carpet area: 1340 (124.49 sq.m.),2,2,2,3.0,,New Property,,,1340.0,0,0,0,0,0,1,47.0,666.5
flat,bptp mansions park prime,3.0,sector 66,10853.0,2764.0,Super Built up area 2764(256.78 sq.m.)Built Up area: 2700 sq.ft. (250.84 sq.m.)Carpet area: 2500 sq.ft. (232.26 sq.m.),4,4,3,3.0,North,Relatively New,2764.0,2700.0,2500.0,1,1,0,1,1,2,49.0,691.0
flat,ambience creacions,1.65,sector 22,11956.0,1380.0,Super Built up area 1380(128.21 sq.m.)Built Up area: 1200 sq.ft. (111.48 sq.m.)Carpet area: 1000 sq.ft. (92.9 sq.m.),2,2,2,9.0,East,Relatively New,1380.0,1200.0,1000.0,0,0,0,1,1,0,0.0,690.0
flat,central park flower valley,2.2,sector-33 sohna,10476.0,2100.0,Super Built up area 2100(195.1 sq.m.),3,3,3,12.0,North-East,New Property,2100.0,,,0,1,0,0,0,2,152.0,700.0
flat,siddhi vinayak apartments,1.44,sector 55,9600.0,1500.0,Super Built up area 1850(171.87 sq.m.)Built Up area: 1700 sq.ft. (157.94 sq.m.)Carpet area: 1500 sq.ft. (139.35 sq.m.),3,3,2,6.0,South,Moderately Old,1850.0,1700.0,1500.0,0,0,0,0,1,2,24.0,500.0
flat,corona optus,1.25,sector 37c,8928.0,1400.0,Super Built up area 1735(161.19 sq.m.)Carpet area: 1400 sq.ft. (130.06 sq.m.),3,3,3,2.0,South-East,Relatively New,1735.0,,1400.0,1,0,0,0,0,1,159.0,466.6666666666667
house,,3.75,sector 5,11029.0,3400.0,Built Up area: 3400 (315.87 sq.m.)Carpet area: 1836 sq.ft. (170.57 sq.m.),5,5,3+,3.0,,Undefined,,3400.0,1836.0,0,0,0,0,0,1,15.0,680.0
flat,emaar gurgaon greens,1.55,sector 102,9393.0,1650.0,Super Built up area 1650(153.29 sq.m.)Carpet area: 1022.58 sq.ft. (95 sq.m.),3,4,3,7.0,North,Relatively New,1650.0,,1022.58,0,1,0,0,0,2,24.0,550.0
flat,pivotal riddhi siddhi,0.5,sector 99,8517.0,587.0,Carpet area: 587 (54.53 sq.m.),2,1,2,7.0,,New Property,,,587.0,0,0,0,0,0,1,143.0,293.5
flat,dlf the skycourt,1.5,sector 86,7776.0,1929.0,Super Built up area 1929(179.21 sq.m.)Built Up area: 1550 sq.ft. (144 sq.m.)Carpet area: 1330 sq.ft. (123.56 sq.m.),3,3,1,15.0,South-East,Relatively New,1929.0,1550.0,1330.0,0,0,0,0,0,1,103.0,643.0
flat,m3m heights,2.29,sector 65,15980.0,1433.0,Carpet area: 1433 (133.13 sq.m.),2,2,3,8.0,,Under Construction,,,1433.0,1,0,0,0,0,1,16.0,716.5
flat,parsvnath exotica,5.0,sector 53,17241.0,2900.0,Carpet area: 2900 (269.42 sq.m.),3,4,3,7.0,,Old Property,,,2900.0,0,1,0,0,0,2,124.0,966.6666666666666
flat,ambience lagoon,4.25,sector 25,13281.0,3200.0,Super Built up area 3200(297.29 sq.m.)Carpet area: 3156 sq.ft. (293.2 sq.m.),3,4,3+,3.0,North-East,Old Property,3200.0,,3156.0,0,1,0,1,0,2,174.0,1066.6666666666667
flat,shree vardhman flora,0.64,sector 90,4923.0,1300.0,Super Built up area 1300(120.77 sq.m.)Carpet area: 1100 sq.ft. (102.19 sq.m.),2,2,3,6.0,East,Old Property,1300.0,,1100.0,1,0,0,0,0,1,0.0,650.0
house,,1.3,sector 105,11555.0,1125.0,Plot area 1125(104.52 sq.m.),3,3,1,2.0,North,Moderately Old,,1125.0,,0,0,0,0,0,1,110.0,375.0
flat,microtek greenburg,1.65,sector 86,8707.0,1895.0,Super Built up area 1895(176.05 sq.m.),3,4,3,8.0,North-West,Relatively New,1895.0,,,0,1,0,0,0,1,114.0,631.6666666666666
flat,tata primanti,5.0,sector 72,11111.0,4500.0,Built Up area: 4500 (418.06 sq.m.)Carpet area: 3500 sq.ft. (325.16 sq.m.),4,4,3+,2.0,North-East,Moderately Old,,4500.0,3500.0,1,1,0,1,1,2,76.0,1125.0
flat,nbcc heights,0.75,sector 89,6578.0,1140.0,Super Built up area 1140(105.91 sq.m.),2,2,2,6.0,,Moderately Old,1140.0,,,0,0,0,0,0,1,15.0,570.0
flat,the close north,2.75,sector 50,12500.0,2200.0,Super Built up area 2605(242.01 sq.m.)Built Up area: 2400 sq.ft. (222.97 sq.m.)Carpet area: 2200 sq.ft. (204.39 sq.m.),3,3,3,3.0,South-East,Moderately Old,2605.0,2400.0,2200.0,0,1,0,0,0,1,0.0,733.3333333333334
flat,m3m soulitude,1.28,sector 89,8827.0,1450.0,Carpet area: 1450 (134.71 sq.m.),3,3,2,4.0,,Under Construction,,,1450.0,1,0,0,0,0,1,41.0,483.3333333333333
flat,smart world orchard,1.47,sector 61,12250.0,1200.0,Carpet area: 1200 (111.48 sq.m.),2,2,2,2.0,,Under Construction,,,1200.0,1,0,0,0,0,1,55.0,600.0
flat,housing board colony,0.3,sector 51,4630.0,648.0,Carpet area: 72 (6.69 sq.m.),1,1,0,0.0,,Moderately Old,,,72.0,1,0,0,0,0,1,159.0,648.0
flat,gls arawali homes,0.3,sohna,5291.0,567.0,Built Up area: 567 (52.68 sq.m.),2,2,0,10.0,,Undefined,,567.0,,0,0,0,0,0,1,42.0,283.5
house,sector 38 rwa,4.3,sector 38,28782.0,1494.0,Plot area 166(138.8 sq.m.)Built Up area: 165 sq.yards (137.96 sq.m.)Carpet area: 164 sq.yards (137.12 sq.m.),3,9,3+,3.0,East,Relatively New,,165.0,164.0,0,0,0,1,1,2,150.0,498.0
flat,proxima tower,0.6,sector 37c,4602.0,1304.0,Super Built up area 1304(121.15 sq.m.),2,2,3,5.0,,Under Construction,1304.0,,,1,0,0,1,0,1,165.0,652.0
flat,sbtl caladium,1.63,sector 109,6404.0,2545.0,Super Built up area 2545(236.44 sq.m.),3,3,2,8.0,North-West,Relatively New,2545.0,,,0,1,0,0,0,1,49.0,848.3333333333334
flat,breez global hill view,2.6,sohna,5215.0,4986.0,Carpet area: 554.16 (51.48 sq.m.),2,2,2,6.0,,New Property,,,554.1255719999999,0,0,0,0,0,1,58.0,2493.0
flat,ats triumph,2.6,sector 104,8813.0,2950.0,Super Built up area 3150(292.64 sq.m.)Carpet area: 2950 sq.ft. (274.06 sq.m.),4,4,3+,16.0,East,Relatively New,3150.0,,2950.0,0,1,0,0,0,2,73.0,737.5
flat,tulip purple,1.8,sector 69,9000.0,2000.0,Super Built up area 2400(222.97 sq.m.)Built Up area: 2200 sq.ft. (204.39 sq.m.)Carpet area: 2000 sq.ft. (185.81 sq.m.),4,5,3+,4.0,North-East,Relatively New,2400.0,2200.0,2000.0,0,1,0,0,0,1,80.0,500.0
flat,breez global hill view,0.32,sohna,5470.0,585.0,Built Up area: 1000 (92.9 sq.m.)Carpet area: 585 sq.ft. (54.35 sq.m.),2,2,1,17.0,,New Property,,1000.0,585.0,0,0,0,0,0,1,85.0,292.5
house,,4.5,sector 26,33333.0,1350.0,Plot area 150(125.42 sq.m.),3,3,2,2.0,West,Old Property,,1350.0,,0,0,0,1,0,2,108.0,450.0
house,,3.55,sector 46,24500.0,1449.0,Plot area 161(134.62 sq.m.),5,4,3+,3.0,North-West,Moderately Old,,1449.0,,0,1,0,0,0,2,0.0,289.8
flat,shapoorji pallonji joyville gurugram,1.4,sector 102,11666.0,1200.0,Super Built up area 1368(127.09 sq.m.)Carpet area: 1200 sq.ft. (111.48 sq.m.),2,2,3,0.0,North,Relatively New,1368.0,,1200.0,0,0,0,0,0,1,0.0,600.0
house,international city by sobha phase 1,5.85,sector 109,26423.0,2214.0,Plot area 246(205.69 sq.m.),4,5,3+,2.0,East,Relatively New,,2214.0,,0,1,0,0,0,2,63.0,553.5
flat,sobha city,2.9,sector 108,14478.0,2003.0,Super Built up area 2003(186.08 sq.m.),3,4,2,11.0,North-East,Relatively New,2003.0,,,0,0,0,0,0,1,49.0,667.6666666666666
flat,raheja atharva,1.6,sector 109,5319.0,3008.0,Built Up area: 3008 (279.45 sq.m.),4,1,0,0.0,,New Property,,3008.0,,0,0,0,0,0,1,95.0,752.0
house,,0.35,sector 2,3500.0,1000.0,Plot area 1000(92.9 sq.m.),1,4,1,1.0,,Moderately Old,,1000.0,,0,0,0,0,0,1,98.0,1000.0
flat,pyramid urban homes 2,0.41,sector 86,6905.0,594.0,Carpet area: 601 (55.83 sq.m.),2,2,1,3.0,West,Relatively New,,,601.0,0,0,0,0,0,1,0.0,297.0
flat,tulip violet,1.36,sector 69,8618.0,1578.0,Super Built up area 1578(146.6 sq.m.)Carpet area: 1039 sq.ft. (96.53 sq.m.),3,3,1,12.0,West,Relatively New,1578.0,,1039.0,0,0,0,1,0,1,0.0,526.0
flat,kiran residency,1.54,sector 56,8324.0,1850.0,Super Built up area 2000(185.81 sq.m.)Built Up area: 1900 sq.ft. (176.52 sq.m.)Carpet area: 1850 sq.ft. (171.87 sq.m.),3,4,3+,5.0,South,Old Property,2000.0,1900.0,1850.0,0,1,0,0,0,2,21.0,616.6666666666666
flat,shri ram apartments,0.36,sector 3a,3789.0,950.0,Carpet area: 950 (88.26 sq.m.),2,2,1,4.0,,Relatively New,,,950.0,0,0,0,0,0,1,49.0,475.0
flat,emaar gurgaon greens,1.39,sector 102,8424.0,1650.0,Super Built up area 1650(153.29 sq.m.),3,3,3,7.0,West,Relatively New,1650.0,,,0,1,0,0,0,2,142.0,550.0
house,,1.25,sector 6,11574.0,1080.0,Plot area 120(100.34 sq.m.)Built Up area: 120 sq.yards (100.34 sq.m.),2,5,1,2.0,South,New Property,,120.0,,0,0,0,1,0,1,174.0,540.0
flat,ats triumph,1.75,sector 104,7641.0,2290.0,Super Built up area 2290(212.75 sq.m.)Carpet area: 1800 sq.ft. (167.23 sq.m.),3,4,3+,12.0,North-West,Relatively New,2290.0,,1800.0,1,1,0,1,1,2,49.0,763.3333333333334
flat,m3m golfestate,6.15,sector 65,15998.0,3844.0,Carpet area: 3844 (357.12 sq.m.),3,5,3+,1.0,West,Relatively New,,,3844.0,0,1,0,0,0,0,59.0,1281.3333333333333
flat,indiabulls centrum park,2.14,sector 103,7443.0,2875.0,Super Built up area 2875(267.1 sq.m.)Carpet area: 2550 sq.ft. (236.9 sq.m.),4,6,3+,7.0,East,Relatively New,2875.0,,2550.0,0,1,0,0,0,1,0.0,718.75
flat,m3m woodshire,1.29,sector 107,8835.0,1460.0,Super Built up area 1943(180.51 sq.m.)Carpet area: 1460 sq.ft. (135.64 sq.m.),3,3,3+,1.0,East,Relatively New,1943.0,,1460.0,0,0,0,1,0,2,49.0,486.6666666666667
flat,shree vardhman victoria,1.1,sector 70,8461.0,1300.0,Super Built up area 1300(120.77 sq.m.)Carpet area: 788 sq.ft. (73.21 sq.m.),2,2,2,0.0,West,New Property,1300.0,,788.0,1,0,0,0,0,1,0.0,650.0
flat,indiabulls enigma,4.0,sector 110,9851.0,4061.0,Built Up area: 3350 (311.23 sq.m.),4,4,3,17.0,,New Property,,3350.0,,0,0,0,0,0,1,165.0,1015.25
house,,0.5,sector 9,6083.0,822.0,Built Up area: 822 (76.37 sq.m.)Carpet area: 750 sq.ft. (69.68 sq.m.),3,2,1,1.0,,Undefined,,822.0,750.0,0,0,0,0,0,1,29.0,274.0
house,,3.49,sector 57,20197.0,1728.0,Plot area 192(160.54 sq.m.),4,4,2,3.0,South-East,Moderately Old,,1728.0,,1,1,0,1,0,2,174.0,432.0
flat,indiabulls centrum park,1.01,sector 103,8080.0,1250.0,Super Built up area 1423(132.2 sq.m.)Carpet area: 1250 sq.ft. (116.13 sq.m.),2,2,3,5.0,West,Relatively New,1423.0,,1250.0,0,0,1,0,0,2,43.0,625.0
house,unitech aspen greens,7.0,sector 50,32407.0,2160.0,Plot area 240(200.67 sq.m.),4,4,2,2.0,East,Old Property,,2160.0,,0,1,0,0,0,1,57.0,540.0
flat,godrej oasis,1.19,sector 88a,10162.0,1171.0,Super Built up area 1628(151.25 sq.m.)Carpet area: 1171 sq.ft. (108.79 sq.m.),2,2,3,15.0,South-East,Relatively New,1628.0,,1171.0,1,0,0,1,0,2,49.0,585.5
house,ansals palam vihar,9.0,sector 23,19231.0,4680.0,Plot area 520(434.79 sq.m.),5,5,2,2.0,North,Old Property,,4680.0,,1,1,1,1,0,0,61.0,936.0
flat,shree vardhman victoria,1.6,sector 70,8205.0,1950.0,Super Built up area 1950(181.16 sq.m.)Carpet area: 1161 sq.ft. (107.86 sq.m.),3,3,3,10.0,South,Relatively New,1950.0,,1161.0,1,1,0,1,1,1,113.0,650.0
flat,rof aalayas,0.45,sector 102,8404.0,535.0,Super Built up area 597(55.46 sq.m.)Carpet area: 535.4 sq.ft. (49.74 sq.m.),2,2,1,14.0,North,Relatively New,597.0,,535.4,0,0,0,0,0,0,61.0,267.5
flat,shree vardhman flora,0.65,sector 90,4961.0,1310.0,Super Built up area 1300(120.77 sq.m.)Built Up area: 1225 sq.ft. (113.81 sq.m.)Carpet area: 1075 sq.ft. (99.87 sq.m.),2,2,3,11.0,North-West,Relatively New,1300.0,1225.0,1075.0,1,0,0,0,0,2,174.0,655.0
house,,6.5,sector 25,36111.0,1800.0,Plot area 200(167.23 sq.m.),4,4,3+,2.0,North-East,Moderately Old,,1800.0,,1,1,1,1,0,1,0.0,450.0
flat,signature global park,0.68,sohna,8252.0,824.0,Carpet area: 824 (76.55 sq.m.),2,2,2,3.0,,New Property,,,824.0,0,0,0,0,0,1,37.0,412.0
flat,whiteland blissville,1.92,sector 76,11794.0,1628.0,Built Up area: 1628 (151.25 sq.m.),3,3,2,3.0,,Undefined,,1628.0,,0,0,0,0,0,1,72.0,542.6666666666666
flat,experion the heartsong,1.25,sector 108,9259.0,1350.0,Super Built up area 1758(163.32 sq.m.)Built Up area: 1500 sq.ft. (139.35 sq.m.)Carpet area: 1350 sq.ft. (125.42 sq.m.),3,3,3,1.0,South-East,Relatively New,1758.0,1500.0,1350.0,0,1,0,1,0,1,119.0,450.0
house,,0.55,sector 3a,7333.0,750.0,Built Up area: 750 (69.68 sq.m.),1,1,No,1.0,,Undefined,,750.0,,0,0,0,0,0,1,45.0,750.0
flat,hcbs sports ville,0.35,sector 2,4375.0,800.0,Built Up area: 800 (74.32 sq.m.)Carpet area: 600 sq.ft. (55.74 sq.m.),2,2,2,8.0,East,Relatively New,,800.0,600.0,0,0,0,0,0,1,44.0,400.0
flat,experion the heartsong,0.9,sector 108,7014.0,1283.0,Super Built up area 1283(119.19 sq.m.),2,3,3,7.0,East,Relatively New,1283.0,,,0,1,0,0,1,1,70.0,641.5
flat,emaar gurgaon greens,1.35,sector 102,8181.0,1650.0,Super Built up area 1650(153.29 sq.m.)Carpet area: 1022.58 sq.ft. (95 sq.m.),3,3,3,5.0,North-West,Relatively New,1650.0,,1022.58,0,1,0,0,0,1,26.0,550.0
flat,godrej air,1.8,sector 85,13136.0,1370.0,Carpet area: 127.3,3,3,3,30.0,,Under Construction,,,127.3,0,0,0,0,0,1,49.0,456.6666666666667
flat,signature global park,0.54,sohna,6388.0,845.0,Super Built up area 845.3(78.53 sq.m.)Carpet area: 528.3 sq.ft. (49.08 sq.m.),2,2,3,4.0,East,New Property,845.3,,528.3,0,0,0,0,0,1,49.0,422.5
flat,smartworld one dxp,2.0,sector 113,11074.0,1806.0,Built Up area: 1806 (167.78 sq.m.)Carpet area: 1350 sq.ft. (125.42 sq.m.),3,3,3,12.0,North,Undefined,,1806.0,1350.0,0,0,0,0,0,1,44.0,602.0
flat,dlf belvedere towers,3.4,sector 25,13765.0,2470.0,Carpet area: 2470 (229.47 sq.m.),4,4,3,1.0,South-East,Old Property,,,2470.0,0,1,0,0,0,1,91.0,617.5
flat,m3m heights,2.33,sector 65,18477.0,1261.0,Super Built up area 1261(117.15 sq.m.),2,2,3,35.0,North-East,Under Construction,1261.0,,,0,0,0,0,0,2,30.0,630.5
house,unitech nirvana birch court,7.1,sector 50,31430.0,2259.0,Plot area 240(22.3 sq.m.),3,3,3,1.0,East,Moderately Old,,240.0,,0,1,0,0,0,1,156.0,753.0
house,,4.95,sector 23,20370.0,2430.0,Plot area 270(225.75 sq.m.),6,5,3+,3.0,West,Relatively New,,2430.0,,0,1,0,0,0,1,49.0,405.0
house,tata primanti,8.6,sector 72,12285.0,7000.0,Built Up area: 7000 (650.32 sq.m.),4,5,3+,3.0,,Relatively New,,7000.0,,0,0,0,0,0,2,46.0,1750.0
flat,ss the leaf,1.15,sector 85,10017.0,1148.0,Super Built up area 1640(152.36 sq.m.)Carpet area: 1148 sq.ft. (106.65 sq.m.),2,2,3+,18.0,East,Relatively New,1640.0,,1148.0,0,0,1,0,0,1,7.0,574.0
flat,mrg world ultimus,0.5,sector 90,6983.0,716.0,Carpet area: 716 (66.52 sq.m.),2,2,2,1.0,North-East,Under Construction,,,716.0,0,0,0,0,0,1,0.0,358.0
house,vipul tatvam villa,7.65,sector 48,19125.0,4000.0,Built Up area: 4000 (371.61 sq.m.),4,4,3,2.0,North-East,Moderately Old,,4000.0,,1,1,0,0,1,1,0.0,1000.0
flat,unitech south park,1.13,sector 70,7000.0,1614.0,Super Built up area 1610(149.57 sq.m.),3,3,2,1.0,,Under Construction,1610.0,,,0,0,0,0,0,1,0.0,538.0
flat,chd avenue,1.0,sector 71,6734.0,1485.0,Super Built up area 1485(137.96 sq.m.),3,3,3+,3.0,North,Relatively New,1485.0,,,0,0,0,0,0,2,135.0,495.0
house,,1.05,sector 11,9722.0,1080.0,Built Up area: 1080 (100.34 sq.m.),3,2,No,1.0,,Undefined,,1080.0,,0,0,0,0,0,1,22.0,360.0
house,,4.5,sector 28,13889.0,3240.0,Built Up area: 360 (33.45 sq.m.),4,4,No,4.0,,Undefined,,360.0,,0,0,0,0,0,1,174.0,810.0
house,dlf city plots,4.0,sector 26,4531.0,8829.0,Plot area 109(91.14 sq.m.),4,3,2,2.0,,Relatively New,,981.0,,0,0,0,0,0,2,53.0,2207.25
flat,bptp astaire gardens,1.8,sector 70a,9350.0,1925.0,Built Up area: 1925 (178.84 sq.m.),3,3,3,3.0,North-West,Relatively New,,1925.0,,1,0,0,0,0,1,40.0,641.6666666666666
house,,3.1,sector 7,13778.0,2250.0,Plot area 250(209.03 sq.m.),3,3,2,2.0,North-West,Old Property,,2250.0,,0,0,0,0,0,1,67.0,750.0
flat,vatika lifestyle homes,1.05,sector 83,5982.0,1755.0,Super Built up area 1755(163.04 sq.m.),3,3,2,14.0,South-West,Relatively New,1755.0,,,1,1,1,1,0,2,61.0,585.0
flat,breez global hill view,0.35,sohna,6315.0,554.0,Carpet area: 554.16 (51.48 sq.m.),2,2,2,14.0,West,New Property,,,554.1255719999999,0,0,0,0,0,1,0.0,277.0
flat,dlf the ultima,3.45,sector 81,12356.0,2792.0,Super Built up area 2792(259.39 sq.m.),4,4,3+,25.0,East,Moderately Old,2792.0,,,0,1,0,0,0,1,49.0,698.0
flat,dhoot time residency,2.2,sector 63,12813.0,1717.0,Super Built up area 1717(159.51 sq.m.),3,4,3+,8.0,North-West,Moderately Old,1717.0,,,1,0,0,0,0,2,160.0,572.3333333333334
house,,0.92,sector 3,15257.0,603.0,Built Up area: 603 (56.02 sq.m.),4,1,No,1.0,,Undefined,,603.0,,0,0,0,0,0,1,65.0,150.75
flat,m3m skywalk,1.78,sector 74,12500.0,1424.0,Carpet area: 1424 (132.29 sq.m.),2,2,3+,12.0,,Undefined,,,1424.0,0,0,0,0,0,1,53.0,712.0
flat,green court,0.47,sector 90,6811.0,690.0,Carpet area: 690 (64.1 sq.m.),2,2,1,0.0,East,New Property,,,690.0,0,0,0,0,0,1,0.0,345.0
house,international city by sobha phase 1,6.0,sector 109,24691.0,2430.0,Plot area 270(225.75 sq.m.),4,4,3+,2.0,North-East,Relatively New,,2430.0,,1,1,1,1,0,1,16.0,607.5
flat,apex our homes,0.38,sector 37c,4108.0,925.0,Built Up area: 925 (85.94 sq.m.)Carpet area: 800 sq.ft. (74.32 sq.m.),2,2,1,9.0,,Relatively New,,925.0,800.0,0,0,0,0,0,1,79.0,462.5
house,vipul world,3.35,sector 48,5583.0,6000.0,Built Up area: 6000 (557.42 sq.m.),6,5,3+,3.0,South,Undefined,,6000.0,,0,0,0,0,0,1,118.0,1000.0
house,,0.75,sector 36,6938.0,1081.0,Built Up area: 1081 (100.43 sq.m.),3,1,No,1.0,,Undefined,,1081.0,,0,0,0,0,0,1,151.0,360.3333333333333
flat,signature global park,0.83,sohna,7410.0,1120.0,Carpet area: 1120 (104.05 sq.m.),3,2,2,1.0,,New Property,,,1120.0,0,0,0,0,0,1,95.0,373.3333333333333
flat,dlf wellington estate,2.09,sector 43,14615.0,1430.0,Super Built up area 1430(132.85 sq.m.),3,3,2,11.0,West,Old Property,1430.0,,,0,0,0,0,0,2,156.0,476.6666666666667
flat,global hill view,0.35,sector-11 sohna,4861.0,720.0,Super Built up area 704(65.4 sq.m.)Built Up area: 658 sq.ft. (61.13 sq.m.)Carpet area: 554.17 sq.ft. (51.48 sq.m.),2,2,2,10.0,East,New Property,704.0,658.0,554.17,0,0,0,0,0,1,89.0,360.0
flat,eldeco accolade,0.96,sohna,6571.0,1461.0,Super Built up area 1457(135.36 sq.m.)Carpet area: 849 sq.ft. (78.87 sq.m.),2,2,3+,14.0,East,Relatively New,1457.0,,849.0,1,0,0,0,0,1,174.0,730.5
flat,vatika lifestyle homes,1.04,sector 83,5699.0,1825.0,Super Built up area 1755(163.04 sq.m.)Built Up area: 1500 sq.ft. (139.35 sq.m.)Carpet area: 1100 sq.ft. (102.19 sq.m.),3,2,2,2.0,South-West,Moderately Old,1755.0,1500.0,1100.0,0,0,0,0,0,1,35.0,608.3333333333334
flat,godrej,2.0,sector 79,8453.0,2366.0,Carpet area: 2366 (219.81 sq.m.),3,4,3+,2.0,North-East,Relatively New,,,2366.0,0,1,0,0,0,2,31.0,788.6666666666666
flat,dlf regency park,2.25,sector 28,14516.0,1550.0,Super Built up area 1777(165.09 sq.m.)Built Up area: 1700 sq.ft. (157.94 sq.m.)Carpet area: 1550 sq.ft. (144 sq.m.),3,3,2,16.0,West,Old Property,1777.0,1700.0,1550.0,0,1,0,0,0,1,118.0,516.6666666666666
flat,vatika city homes,1.0,sector 83,5747.0,1740.0,Super Built up area 1740(161.65 sq.m.),3,3,2,2.0,South-East,Relatively New,1740.0,,,0,0,1,0,0,2,0.0,580.0
flat,the penthouses at the hibiscus,8.0,sector 50,8888.0,9001.0,Carpet area: 9000 (836.13 sq.m.),4,3,3,7.0,South-East,Moderately Old,,,9000.0,0,1,0,0,0,1,88.0,2250.25
flat,m3m skywalk,1.47,sector 74,10954.0,1342.0,Super Built up area 1415(131.46 sq.m.),2,2,3,26.0,,New Property,1415.0,,,0,0,0,0,0,2,0.0,671.0
flat,dlf regal gardens,1.2,sector 90,6837.0,1755.0,Super Built up area 1755(163.04 sq.m.)Carpet area: 1400 sq.ft. (130.06 sq.m.),3,3,3+,15.0,South-West,Relatively New,1755.0,,1400.0,0,0,0,0,0,1,0.0,585.0
house,,0.9,sector 5,8929.0,1008.0,Built Up area: 112 (10.41 sq.m.),3,3,No,2.0,,Undefined,,112.0,,0,0,0,0,0,1,67.0,336.0
house,,9.5,sector 43,42222.0,2250.0,Plot area 302(252.51 sq.m.)Built Up area: 300 sq.yards (250.84 sq.m.)Carpet area: 250 sq.yards (209.03 sq.m.),5,5,3+,2.0,North-East,Relatively New,,300.0,250.0,0,1,0,1,0,2,133.0,450.0
flat,elevate,6.75,sector 50,19882.0,3395.0,Built Up area: 3395 (315.41 sq.m.),4,4,0,10.0,,Undefined,,3395.0,,0,0,0,0,0,1,8.0,848.75
house,bhim garh kheri,1.5,sector 3,7576.0,1980.0,Plot area 220(183.95 sq.m.),7,2,No,1.0,,Undefined,,1980.0,,0,0,0,0,0,1,102.0,282.85714285714283
flat,awho shanti vihar,0.8,sector 95,8888.0,900.0,Super Built up area 900(83.61 sq.m.)Carpet area: 550 sq.ft. (51.1 sq.m.),2,2,3,9.0,East,New Property,900.0,,550.0,1,0,0,0,0,1,24.0,450.0
flat,bptp pedestal,1.9,sector 70a,9500.0,2000.0,Carpet area: 1900 (176.52 sq.m.),4,3,3,2.0,East,New Property,,,1900.0,0,0,1,0,0,1,56.0,500.0
flat,emaar palm gardens,1.38,sector 83,8023.0,1720.0,Super Built up area 1720(159.79 sq.m.)Built Up area: 1350 sq.ft. (125.42 sq.m.)Carpet area: 1150 sq.ft. (106.84 sq.m.),3,3,3,5.0,South-West,Relatively New,1720.0,1350.0,1150.0,0,1,0,0,0,2,119.0,573.3333333333334
flat,emaar mgf palm hills,1.64,sector 77,8410.0,1950.0,Super Built up area 1950(181.16 sq.m.),4,3,3,9.0,South,Relatively New,1950.0,,,0,1,0,0,0,1,57.0,487.5
flat,smart world orchard,1.7,sector 61,15000.0,1133.0,Carpet area: 1150 (106.84 sq.m.),2,2,2,4.0,,Under Construction,,,1150.0,0,0,0,0,0,1,174.0,566.5
flat,park view apartments,1.6,sector 15,11034.0,1450.0,Carpet area: 1450 (134.71 sq.m.),3,3,3+,2.0,North-West,Moderately Old,,,1450.0,0,0,0,1,0,1,112.0,483.3333333333333
house,,6.6,sector 25,36667.0,1800.0,Plot area 200(167.23 sq.m.),6,7,3+,2.0,East,Moderately Old,,1800.0,,1,1,0,0,0,2,27.0,300.0
house,unitech uniworld resorts,9.5,sector 33,23333.0,4071.0,Plot area 500(418.06 sq.m.),5,7,3+,2.0,East,Under Construction,,500.0,,1,1,1,1,0,1,7.0,814.2
flat,m3m merlin,3.0,sector 67,14655.0,2047.0,Super Built up area 2047(190.17 sq.m.)Built Up area: 1900 sq.ft. (176.52 sq.m.)Carpet area: 1800 sq.ft. (167.23 sq.m.),3,3,3+,4.0,North-East,Relatively New,2047.0,1900.0,1800.0,0,0,1,0,0,2,0.0,682.3333333333334
flat,experion the heartsong,1.02,sector 108,7950.0,1283.0,Built Up area: 1283 (119.19 sq.m.)Carpet area: 734.43 sq.ft. (68.23 sq.m.),2,3,3,4.0,,Relatively New,,1283.0,734.43,1,0,0,0,0,1,105.0,641.5
house,eros rosewood city,1.6,sector 49,3500.0,4572.0,Plot area 60(50.17 sq.m.),4,4,3,4.0,East,New Property,,60.0,,0,0,0,0,0,2,14.0,1143.0
flat,dlf royalton tower,6.2,sector 43,20687.0,2997.0,Super Built up area 2997(278.43 sq.m.),4,4,3+,9.0,,Moderately Old,2997.0,,,0,1,0,0,0,1,36.0,749.25
flat,global hill view,0.36,sector 11,5150.0,699.0,Built Up area: 699 (64.94 sq.m.),2,2,0,15.0,,Undefined,,699.0,,0,0,0,0,0,1,31.0,349.5
flat,vatika gurgaon,0.75,sector 83,6024.0,1245.0,Super Built up area 1245(115.66 sq.m.)Built Up area: 1150 sq.ft. (106.84 sq.m.)Carpet area: 1020 sq.ft. (94.76 sq.m.),2,2,2,19.0,East,Relatively New,1245.0,1150.0,1020.0,0,0,0,0,1,2,60.0,622.5
flat,dlf regal gardens,1.25,sector 90,7167.0,1744.0,Super Built up area 1744(162.02 sq.m.),3,3,2,11.0,East,Relatively New,1744.0,,,0,0,0,0,1,1,46.0,581.3333333333334
flat,shree vardhman victoria,1.9,sector 70,9743.0,1812.0,Super Built up area 1950(181.16 sq.m.),3,3,3,10.0,North-East,New Property,1950.0,,,0,1,1,1,1,1,80.0,604.0
flat,the new crpf apartments,0.75,sector 9a,5813.0,1290.0,Carpet area: 1290 (119.84 sq.m.),3,3,3,6.0,East,Old Property,,,1290.0,0,0,0,1,0,1,44.0,430.0
flat,ild grand,0.66,sector 37c,5038.0,1310.0,Built Up area: 1310 (121.7 sq.m.),2,2,3+,14.0,,Undefined,,1310.0,,0,0,0,0,0,1,157.0,655.0
flat,dlf the grove,5.7,sector 54,41245.0,1382.0,Built Up area: 1382 (128.39 sq.m.),3,3,3,1.0,East,Undefined,,1382.0,,0,0,0,0,0,1,174.0,460.6666666666667
flat,pgr shree kripaluji apartment,1.4,sector 52,6086.0,2300.0,Carpet area: 2300 (213.68 sq.m.),3,3,3+,8.0,North-East,Relatively New,,,2300.0,0,0,0,0,0,2,53.0,766.6666666666666
flat,unitech the residences,1.1,sector 33,9909.0,1110.0,Super Built up area 1110(103.12 sq.m.)Built Up area: 1100 sq.ft. (102.19 sq.m.)Carpet area: 1000 sq.ft. (92.9 sq.m.),2,2,3,9.0,East,Moderately Old,1110.0,1100.0,1000.0,0,0,0,0,0,2,0.0,555.0
flat,ss the leaf,1.2,sector 85,7317.0,1640.0,Super Built up area 1640(152.36 sq.m.),2,2,3,12.0,South,Relatively New,1640.0,,,0,0,0,0,0,2,49.0,820.0
flat,ireo victory valley,2.87,sector 67,11903.0,2411.0,Super Built up area 2411(223.99 sq.m.)Carpet area: 1808 sq.ft. (167.97 sq.m.),3,3,3+,16.0,North-West,Relatively New,2411.0,,1808.0,0,1,0,0,0,2,42.0,803.6666666666666
flat,bestech park view city,1.78,sector 48,10022.0,1776.0,Super Built up area 1776(165 sq.m.)Carpet area: 1300 sq.ft. (120.77 sq.m.),3,4,2,5.0,,Relatively New,1776.0,,1300.0,1,0,0,1,0,1,103.0,592.0
flat,sare petioles,1.3,sector 92,6373.0,2040.0,Built Up area: 2040 (189.52 sq.m.),4,4,0,7.0,,Undefined,,2040.0,,0,0,0,0,0,1,158.0,510.0
flat,pioneer park,2.1,sector 61,11666.0,1800.0,Super Built up area 1800(167.23 sq.m.)Carpet area: 1400 sq.ft. (130.06 sq.m.),3,3,3,15.0,South-East,Relatively New,1800.0,,1400.0,0,0,0,0,0,2,75.0,600.0
flat,aipl zen residences,1.25,sector 70a,9904.0,1262.0,Carpet area: 1262 (117.24 sq.m.),2,2,2,19.0,,New Property,,,1262.0,0,0,0,0,0,1,78.0,631.0
flat,ireo victory valley,3.49,sector 67,13000.0,2685.0,Carpet area: 2452 (227.8 sq.m.),3,3,3,19.0,South-East,Relatively New,,,2452.0,0,1,0,0,0,1,96.0,895.0
flat,godrej,1.34,sector 79,8524.0,1572.0,Super Built up area 1572(146.04 sq.m.),3,3,3,7.0,East,Relatively New,1572.0,,,0,0,0,0,0,1,141.0,524.0
flat,ss the leaf,1.1,sector 85,12471.0,882.0,Super Built up area 1640(152.36 sq.m.)Built Up area: 1173 sq.ft. (108.98 sq.m.)Carpet area: 882 sq.ft. (81.94 sq.m.),2,2,3,12.0,North,Relatively New,1640.0,1173.0,882.0,1,0,0,0,0,1,57.0,441.0
house,iffco nagar and 17b rwa,2.98,sector 17,20566.0,1449.0,Plot area 161(134.62 sq.m.),2,6,3+,3.0,East,Relatively New,,1449.0,,1,0,0,1,0,1,28.0,724.5
house,,4.75,sector 57,28788.0,1650.0,Plot area 1600(148.64 sq.m.)Built Up area: 1700 sq.ft. (157.94 sq.m.)Carpet area: 1650 sq.ft. (153.29 sq.m.),3,3,3,2.0,North-West,Moderately Old,,1700.0,1650.0,0,0,1,0,0,2,174.0,550.0
flat,unitech uniworld city,3.55,sector 30,14991.0,2368.0,Super Built up area 2368(219.99 sq.m.)Built Up area: 2367 sq.ft. (219.9 sq.m.)Carpet area: 2000 sq.ft. (185.81 sq.m.),3,5,3+,16.0,North,Old Property,2368.0,2367.0,2000.0,0,1,0,0,0,2,0.0,789.3333333333334
flat,suncity avenue 76,0.75,sector 76,10204.0,735.0,Super Built up area 735(68.28 sq.m.),2,2,2,11.0,,Under Construction,735.0,,,0,0,0,0,0,1,42.0,367.5
flat,dlf regal gardens,1.26,sector 90,7403.0,1702.0,Super Built up area 1702(158.12 sq.m.)Carpet area: 1500 sq.ft. (139.35 sq.m.),3,3,3,6.0,North-East,Relatively New,1702.0,,1500.0,0,0,0,0,1,2,21.0,567.3333333333334
flat,ats triumph,2.65,sector 104,8412.0,3150.0,Super Built up area 3150(292.64 sq.m.),4,4,3+,10.0,North-East,Relatively New,3150.0,,,0,1,0,0,0,1,174.0,787.5
flat,parkwood westend,0.7,sector 92,5204.0,1345.0,Super Built up area 1345(124.95 sq.m.),2,2,3,5.0,,Under Construction,1345.0,,,1,0,0,0,0,1,89.0,672.5
flat,gls arawali homes,0.27,sohna,4600.0,587.0,Super Built up area 576(53.51 sq.m.),2,2,2,5.0,,New Property,576.0,,,0,0,0,0,0,1,101.0,293.5
flat,alpha corp gurgaonone,2.2,sector 84,7586.0,2900.0,Carpet area: 2900 (269.42 sq.m.),4,4,3,10.0,South,Relatively New,,,2900.0,0,1,0,0,0,1,153.0,725.0
flat,emaar palm gardens,1.73,sector 83,9105.0,1900.0,Super Built up area 1900(176.52 sq.m.)Built Up area: 1600 sq.ft. (148.64 sq.m.)Carpet area: 1240.04 sq.ft. (115.2 sq.m.),3,3,3,5.0,West,Relatively New,1900.0,1600.0,1240.04,0,1,0,0,0,2,174.0,633.3333333333334
flat,ramsons kshitij,0.45,sector 95,4591.0,980.0,Super Built up area 980(91.04 sq.m.),2,2,1,2.0,,Relatively New,980.0,,,1,0,0,0,0,1,45.0,490.0
flat,puri diplomatic greens,2.25,sector 111,13235.0,1700.0,Super Built up area 1700(157.94 sq.m.),3,3,2,12.0,North-East,Relatively New,1700.0,,,0,0,0,0,0,1,119.0,566.6666666666666
house,dlf city plots phase 4,9.54,sector 28,29444.0,3240.0,Plot area 360(301.01 sq.m.),6,5,3+,3.0,North,New Property,,3240.0,,1,1,1,1,0,1,94.0,540.0
flat,aipl the peaceful homes,2.5,sector 70a,11627.0,2150.0,Super Built up area 2150(199.74 sq.m.)Carpet area: 1350 sq.ft. (125.42 sq.m.),3,3,3+,15.0,North-East,Relatively New,2150.0,,1350.0,0,0,0,0,1,2,49.0,716.6666666666666
flat,m3m soulitude,1.3,sector 89,8700.0,1494.0,Super Built up area 1500(139.35 sq.m.)Carpet area: 900 sq.ft. (83.61 sq.m.),3,3,2,1.0,,New Property,1500.0,,900.0,0,0,0,0,1,1,105.0,498.0
flat,tulip ivory,5.0,sector 70,10416.0,4800.0,Carpet area: 4800 (445.93 sq.m.),6,7,3+,0.0,,Relatively New,,,4800.0,1,1,0,0,0,1,153.0,800.0
flat,parsvnath green ville,1.86,sector 48,7654.0,2430.0,Super Built up area 2430(225.75 sq.m.),3,3,3+,6.0,North,Moderately Old,2430.0,,,0,1,0,0,0,2,90.0,810.0
flat,dlf park place,4.86,sector 54,25920.0,1875.0,Super Built up area 1875(174.19 sq.m.),3,4,3+,7.0,West,Relatively New,1875.0,,,0,1,0,0,0,2,166.0,625.0
flat,emaar mgf palm terraces,4.5,sector 66,10599.0,4246.0,Super Built up area 3670(340.95 sq.m.),5,5,3+,11.0,,New Property,3670.0,,,0,1,0,0,0,1,80.0,849.2
flat,ss the leaf,1.3,sector 85,7926.0,1640.0,Super Built up area 1640(152.36 sq.m.),2,2,2,17.0,,New Property,1640.0,,,0,0,0,0,0,1,31.0,820.0
flat,ramprastha the edge towers,0.8,sector 37d,8888.0,900.0,Super Built up area 1380(128.21 sq.m.)Built Up area: 1310 sq.ft. (121.7 sq.m.)Carpet area: 900 sq.ft. (83.61 sq.m.),2,2,3,10.0,South-East,Relatively New,1380.0,1310.0,900.0,0,0,0,0,1,1,0.0,450.0
house,eros rosewood villas,2.75,sector 49,19841.0,1386.0,Plot area 154(14.31 sq.m.)Carpet area: 1650 sq.ft. (153.29 sq.m.),3,3,1,2.0,North-West,Old Property,,,1650.0,0,0,0,0,1,2,0.0,462.0
flat,dlf city,2.02,sector 103,8080.0,2500.0,Super Built up area 2500(232.26 sq.m.),4,3,1,2.0,,New Property,2500.0,,,0,0,0,0,0,1,0.0,625.0
house,,1.75,sector 7,11111.0,1575.0,Plot area 1575(146.32 sq.m.),4,2,2,2.0,,Old Property,,1575.0,,0,0,0,0,1,1,38.0,393.75
house,,2.25,sector 7,16892.0,1332.0,Built Up area: 148 (123.75 sq.m.),5,3,No,2.0,,Undefined,,148.0,,0,0,0,0,0,1,49.0,266.4
house,ansals palam vihar,5.0,sector 23,12500.0,4000.0,Built Up area: 4000 (371.61 sq.m.),6,4,No,3.0,,Undefined,,4000.0,,0,0,0,0,0,1,49.0,666.6666666666666
house,,4.3,sector 47,29312.0,1467.0,Plot area 163(136.29 sq.m.),3,4,2,2.0,,Moderately Old,,1467.0,,0,0,0,0,1,1,26.0,489.0
flat,bptp astaire gardens,1.2,sector 70a,7058.0,1700.0,Super Built up area 1700(157.94 sq.m.)Built Up area: 1450 sq.ft. (134.71 sq.m.),3,3,3+,2.0,,Relatively New,1700.0,1450.0,,0,0,0,0,0,0,38.0,566.6666666666666
flat,sare crescent parc,1.0,sector 92,5128.0,1950.0,Carpet area: 1950 (181.16 sq.m.),4,3,2,1.0,East,Relatively New,,,1950.0,0,0,0,0,0,1,42.0,487.5
flat,vipul lavanya,0.6,sector 81,6666.0,900.0,Carpet area: 900 (83.61 sq.m.),2,2,1,0.0,East,Relatively New,,,900.0,0,0,0,0,0,1,67.0,450.0
flat,dlf beverly park,8.0,sector 25,15384.0,5200.0,Carpet area: 5200 (483.1 sq.m.),5,5,3+,2.0,North-East,Old Property,,,5200.0,1,1,0,1,1,0,60.0,1040.0
flat,microtek greenburg,1.3,sector 86,8756.0,1485.0,Super Built up area 1480(137.5 sq.m.),2,2,3,10.0,,Relatively New,1480.0,,,1,0,0,0,0,1,101.0,742.5
flat,surya vihar rwa,1.3,sector 4,6500.0,2000.0,Built Up area: 2400 (222.97 sq.m.)Carpet area: 2200 sq.ft. (204.39 sq.m.),5,5,2,2.0,South-East,Old Property,,2400.0,2200.0,1,1,1,0,0,2,102.0,400.0
flat,suncity heights,3.85,sector 54,16445.0,2341.0,Super Built up area 2341(217.49 sq.m.),3,3,3+,8.0,,Old Property,2341.0,,,0,1,0,0,0,1,49.0,780.3333333333334
flat,shree vardhman flora,0.8,sector 90,5925.0,1350.0,Built Up area: 1350 (125.42 sq.m.),2,3,2,0.0,,Undefined,,1350.0,,0,0,0,0,0,1,174.0,675.0
flat,dlf 76,4.0,new,11428.0,3500.0,Carpet area: 3500 (325.16 sq.m.),4,4,2,4.0,,Under Construction,,,3500.0,1,1,0,0,0,2,71.0,875.0
house,ansal sushant residency,4.6,sector 57,17037.0,2700.0,Plot area 300(250.84 sq.m.),6,6,3,3.0,East,Old Property,,2700.0,,1,1,1,1,0,0,174.0,450.0
flat,bptp terra,1.8,sector 37d,8215.0,2191.0,Super Built up area 2191(203.55 sq.m.)Carpet area: 1860 sq.ft. (172.8 sq.m.),4,3,3,18.0,North-West,Relatively New,2191.0,,1860.0,1,1,0,1,0,1,125.0,547.75
flat,ss the leaf,1.11,sector 85,6851.0,1620.0,Super Built up area 1640(152.36 sq.m.)Built Up area: 1630 sq.ft. (151.43 sq.m.)Carpet area: 1620 sq.ft. (150.5 sq.m.),2,2,3,8.0,North,Relatively New,1640.0,1630.0,1620.0,0,0,1,0,0,1,174.0,810.0
flat,rof ananda,0.32,sector 95,5827.0,549.0,Carpet area: 549.16 (51.02 sq.m.),2,2,1,9.0,North,Relatively New,,,549.174178,0,0,0,1,0,2,77.0,274.5
flat,la vida by tata housing,3.05,sector 113,15561.0,1960.0,Super Built up area 2690(249.91 sq.m.)Built Up area: 2150 sq.ft. (199.74 sq.m.)Carpet area: 1960 sq.ft. (182.09 sq.m.),3,4,3,3.0,North-West,Relatively New,2690.0,2150.0,1960.0,0,1,0,0,0,1,62.0,653.3333333333334
flat,chd avenue,1.4,sector 71,7945.0,1762.0,Carpet area: 1762 (163.7 sq.m.),3,3,2,1.0,South-East,Moderately Old,,,1762.0,0,0,0,1,0,2,77.0,587.3333333333334
flat,la vida by tata housing,2.35,sector 113,10599.0,2217.0,Super Built up area 2217(205.97 sq.m.)Built Up area: 2210 sq.ft. (205.32 sq.m.)Carpet area: 1720 sq.ft. (159.79 sq.m.),3,3,3,11.0,North-East,New Property,2217.0,2210.0,1720.0,0,1,0,0,0,1,151.0,739.0
flat,smart world gems,1.1,sector 89,9972.0,1103.0,Carpet area: 1103 (102.47 sq.m.),2,2,2,3.0,,New Property,,,1103.0,0,0,1,0,0,1,49.0,551.5
flat,4s aradhya homes,1.9,sector 92,8863.0,2144.0,Super Built up area 2200(204.39 sq.m.),4,4,3,3.0,,New Property,2200.0,,,0,0,0,0,0,2,85.0,536.0
flat,sobha city,3.75,sector 108,14938.0,2510.0,Super Built up area 2343(217.67 sq.m.),3,3,2,16.0,North-East,New Property,2343.0,,,0,1,0,0,0,1,86.0,836.6666666666666
flat,krrish provence estate,5.5,sector 2,9482.0,5800.0,Super Built up area 5800(538.84 sq.m.),4,5,3+,11.0,East,New Property,5800.0,,,1,1,0,1,0,1,0.0,1450.0
flat,dlf the ultima,2.35,sector 81,11174.0,2103.0,Super Built up area 2103(195.38 sq.m.)Built Up area: 1550 sq.ft. (144 sq.m.)Carpet area: 1257 sq.ft. (116.78 sq.m.),3,3,3+,14.0,South,Relatively New,2103.0,1550.0,1257.0,1,1,0,1,1,0,165.0,701.0
flat,bestech park view residency,0.98,sector 23,6961.0,1408.0,Super Built up area 1415(131.46 sq.m.),2,2,3,0.0,East,Moderately Old,1415.0,,,0,0,0,0,0,1,152.0,704.0
flat,aipl the peaceful homes,1.6,sector 70a,9584.0,1669.0,Super Built up area 1565(145.39 sq.m.),2,2,2,22.0,North,Moderately Old,1565.0,,,0,0,0,0,0,1,67.0,834.5
house,u block dlf phase 3 road no 21,1.6,sector 25,3292.0,4860.0,Plot area 60(50.17 sq.m.),7,5,3+,4.0,,Old Property,,540.0,,0,0,0,0,0,1,65.0,694.2857142857143
flat,bestech park view ananda,0.95,sector 81,6985.0,1360.0,Super Built up area 1360(126.35 sq.m.)Built Up area: 1260 sq.ft. (117.06 sq.m.)Carpet area: 894 sq.ft. (83.06 sq.m.),2,2,2,14.0,North-East,Relatively New,1360.0,1260.0,894.0,0,0,0,0,0,2,35.0,680.0
house,,17.0,sector 40,37778.0,4500.0,Plot area 4500(418.06 sq.m.),5,8,3+,3.0,North-East,Relatively New,,4500.0,,1,1,1,1,0,0,72.0,900.0
flat,sare green parc phase 3,0.95,sector 92,4856.0,1956.0,Super Built up area 1956(181.72 sq.m.),4,3,3,4.0,North,Moderately Old,1956.0,,,0,0,0,0,0,1,31.0,489.0
flat,gls arawali homes,0.27,sohna,4687.0,576.0,Carpet area: 576 (53.51 sq.m.),2,2,2,1.0,East,New Property,,,576.0,0,0,0,0,0,1,69.0,288.0
flat,shapoorji pallonji joyville gurugram,2.12,sector 102,16960.0,1250.0,Built Up area: 1852 (172.06 sq.m.)Carpet area: 1250 sq.ft. (116.13 sq.m.),3,3,3,9.0,,Relatively New,,1852.0,1250.0,0,0,0,0,0,1,134.0,416.6666666666667
flat,conscient elevate,3.78,sector 59,16500.0,2291.0,Carpet area: 2295 (213.21 sq.m.),3,3,3,3.0,,Under Construction,,,2295.0,0,0,0,0,0,1,117.0,763.6666666666666
flat,sunischit apartments,1.69,sector 54,7954.0,2125.0,Super Built up area 2200(204.39 sq.m.),3,3,3+,5.0,North,Old Property,2200.0,,,0,1,0,0,0,2,38.0,708.3333333333334
flat,parsvnath exotica,4.8,sector 53,14680.0,3270.0,Built Up area: 2895 (268.95 sq.m.),3,4,3+,12.0,North-West,New Property,,2895.0,,0,0,0,0,0,1,44.0,1090.0
flat,puri diplomatic greens,5.25,sector 111,11666.0,4500.0,Super Built up area 4500(418.06 sq.m.),4,6,3+,7.0,East,Relatively New,4500.0,,,0,1,0,0,0,2,142.0,1125.0
flat,emaar mgf the palm drive,3.2,sector 66,17777.0,1800.0,Super Built up area 2200(204.39 sq.m.)Carpet area: 1800 sq.ft. (167.23 sq.m.),3,3,3,12.0,South-West,Relatively New,2200.0,,1800.0,1,1,1,1,0,1,100.0,600.0
flat,smart world gems,1.01,sector 89,9156.0,1103.0,Carpet area: 1103 (102.47 sq.m.),2,2,2,4.0,,Under Construction,,,1103.0,1,0,0,0,0,1,174.0,551.5
flat,mahindra aura,1.4,sector 110 a,9655.0,1450.0,Super Built up area 1615(150.04 sq.m.)Built Up area: 1550 sq.ft. (144 sq.m.)Carpet area: 1450 sq.ft. (134.71 sq.m.),3,3,3,10.0,North,Relatively New,1615.0,1550.0,1450.0,0,0,0,0,0,2,167.0,483.3333333333333
flat,shapoorji pallonji joyville gurugram,1.76,sector 102,10224.0,1721.0,Super Built up area 1692(157.19 sq.m.),3,3,3,1.0,North-East,Relatively New,1692.0,,,0,0,0,0,0,1,79.0,573.6666666666666
flat,emaar mgf emerald floors premier,2.77,sector 65,14025.0,1975.0,Carpet area: 1975 (183.48 sq.m.),4,4,3+,3.0,North-East,Relatively New,,,1975.0,1,1,0,0,0,0,49.0,493.75
flat,mapsko mount ville,1.3,sector 79,8024.0,1620.0,Super Built up area 1620(150.5 sq.m.)Carpet area: 863.91 sq.ft. (80.26 sq.m.),3,3,3+,1.0,North-East,Relatively New,1620.0,,863.91,0,0,0,0,0,2,49.0,540.0
flat,paras dews,1.25,sector 106,10656.0,1173.0,Super Built up area 1900(176.52 sq.m.)Built Up area: 1305 sq.ft. (121.24 sq.m.)Carpet area: 1173 sq.ft. (108.98 sq.m.),3,4,3,14.0,East,Relatively New,1900.0,1305.0,1173.0,1,1,0,0,0,1,103.0,391.0
flat,vatika sovereign next sector-82 a gurgaon,2.91,sector 82a,6700.0,4343.0,Super Built up area 4350(404.13 sq.m.)Carpet area: 3480 sq.ft. (323.3 sq.m.),4,4,3,6.0,East,Under Construction,4350.0,,3480.0,1,1,1,0,0,2,15.0,1085.75
flat,dlf express greens,1.6,sector 1a imt manesar,6808.0,2350.0,Carpet area: 2350 (218.32 sq.m.),4,6,3+,4.0,North-East,Relatively New,,,2350.0,1,1,0,1,0,1,174.0,587.5
flat,shree vardhman victoria,1.55,sector 70,7948.0,1950.0,Super Built up area 1950(181.16 sq.m.)Carpet area: 1161 sq.ft. (107.86 sq.m.),3,3,3,6.0,South-East,Relatively New,1950.0,,1161.0,1,1,0,1,1,1,117.0,650.0
flat,shree vardhman flora,0.65,sector 90,5000.0,1300.0,Super Built up area 1300(120.77 sq.m.),2,2,2,12.0,East,Old Property,1300.0,,,1,0,0,0,0,1,83.0,650.0
flat,dlf royalton tower,6.5,sector 43,22108.0,2940.0,Super Built up area 2940(273.13 sq.m.),4,5,2,8.0,West,Relatively New,2940.0,,,0,1,0,0,0,1,64.0,735.0
flat,bestech altura,1.72,sector 79,8000.0,2150.0,Super Built up area 2150(199.74 sq.m.)Carpet area: 1300 sq.ft. (120.77 sq.m.),3,4,3+,5.0,North-East,Relatively New,2150.0,,1300.0,0,1,0,0,0,1,60.0,716.6666666666666
flat,ats triumph,1.85,sector 104,8078.0,2290.0,Super Built up area 2290(212.75 sq.m.),3,4,3+,14.0,East,Relatively New,2290.0,,,1,1,1,1,0,1,30.0,763.3333333333334
flat,bestech park view residency,0.98,sector 23,6932.0,1414.0,Super Built up area 1415(131.46 sq.m.),2,2,3,11.0,East,Moderately Old,1415.0,,,0,0,0,0,0,1,131.0,707.0
flat,emaar mgf emerald floors premier,2.35,sector 65,16206.0,1450.0,Super Built up area 1650(153.29 sq.m.)Built Up area: 1500 sq.ft. (139.35 sq.m.)Carpet area: 1450 sq.ft. (134.71 sq.m.),3,3,3,2.0,South-East,Relatively New,1650.0,1500.0,1450.0,1,1,0,0,0,2,63.0,483.3333333333333
flat,elan mercado,0.85,sector 80,12408.0,685.0,Carpet area: 685 (63.64 sq.m.),1,1,1,15.0,,Relatively New,,,685.0,0,0,0,0,0,1,7.0,685.0
flat,gls arawali homes,0.35,sohna,7000.0,500.0,Super Built up area 567(52.68 sq.m.)Built Up area: 556 sq.ft. (51.65 sq.m.)Carpet area: 500 sq.ft. (46.45 sq.m.),2,2,2,5.0,,Relatively New,567.0,556.0,500.0,0,0,0,0,0,1,156.0,250.0
flat,ambience lagoon,4.25,sector 25,13281.0,3200.0,Super Built up area 3200(297.29 sq.m.)Carpet area: 3156 sq.ft. (293.2 sq.m.),3,4,3+,3.0,East,Old Property,3200.0,,3156.0,0,1,1,0,0,2,0.0,1066.6666666666667
flat,ramprastha the edge towers,1.1,sector 37d,5528.0,1990.0,Built Up area: 1990 (184.88 sq.m.),3,3,3,9.0,,Undefined,,1990.0,,0,0,0,0,0,1,0.0,663.3333333333334
house,,14.0,c block sector 43,39886.0,3510.0,Plot area 390(326.09 sq.m.),9,9,3+,4.0,North,Moderately Old,,3510.0,,0,1,0,0,0,1,49.0,390.0
flat,pioneer araya,9.2,sector 62,19943.0,4613.0,Super Built up area 4613(428.56 sq.m.)Carpet area: 3203 sq.ft. (297.57 sq.m.),4,6,3,5.0,South,Relatively New,4613.0,,3203.0,0,1,0,1,0,2,130.0,1153.25
house,,1.95,sector 7,13542.0,1440.0,Plot area 160(133.78 sq.m.),2,2,2,2.0,,Old Property,,1440.0,,0,0,0,0,0,1,90.0,720.0
flat,ats kocoon,1.7,sector 109,9742.0,1745.0,Super Built up area 1745(162.12 sq.m.)Built Up area: 1550 sq.ft. (144 sq.m.)Carpet area: 1250 sq.ft. (116.13 sq.m.),3,3,3,21.0,West,Moderately Old,1745.0,1550.0,1250.0,0,0,0,0,0,1,0.0,581.6666666666666
flat,jmd gardens,3.25,sector 33,7510.0,4328.0,Carpet area: 4328 (402.08 sq.m.),4,4,3+,17.0,South-East,Old Property,,,4328.0,0,1,0,0,0,2,83.0,1082.0
flat,antriksh heights,0.85,sector 84,4927.0,1725.0,Super Built up area 1725(160.26 sq.m.),3,3,3+,10.0,North,Relatively New,1725.0,,,1,0,0,0,0,1,49.0,575.0
flat,bestech park view grand spa,4.2,sector 81,10000.0,4200.0,Super Built up area 4200(390.19 sq.m.)Carpet area: 2900 sq.ft. (269.42 sq.m.),4,4,3+,25.0,South,Relatively New,4200.0,,2900.0,0,1,0,0,0,2,27.0,1050.0
flat,godrej,0.95,sector 33,6859.0,1385.0,Super Built up area 1385(128.67 sq.m.),2,2,3+,3.0,South-East,Under Construction,1385.0,,,0,0,0,0,0,1,112.0,692.5
flat,m3m golfestate,1.4,sector 79,10000.0,1400.0,Carpet area: 1400 (130.06 sq.m.),2,2,2,4.0,East,Undefined,,,1400.0,1,1,1,0,0,0,32.0,700.0
house,,2.95,sector 51,10926.0,2700.0,Plot area 300(250.84 sq.m.),4,4,2,4.0,East,Relatively New,,2700.0,,0,1,0,0,0,2,107.0,675.0
house,huda flats,2.3,sector 7,17037.0,1350.0,Plot area 150(125.42 sq.m.),5,3,3+,3.0,North-East,Old Property,,1350.0,,1,1,0,1,0,1,160.0,270.0
house,nirvana cedar crest,3.99,sector 50,8866.0,4500.0,Plot area 4500(418.06 sq.m.),4,5,3+,4.0,North-East,New Property,,4500.0,,0,1,0,1,0,2,15.0,1125.0
house,,3.9,sector 38,21242.0,1836.0,Plot area 204(170.57 sq.m.),6,6,3+,3.0,North-East,Moderately Old,,1836.0,,1,1,0,1,0,1,21.0,306.0
flat,bptp terra,1.45,sector 37d,8006.0,1811.0,Super Built up area 1811(168.25 sq.m.),3,3,3,9.0,North-East,Relatively New,1811.0,,,0,0,0,0,0,1,56.0,603.6666666666666
house,bptp visionnaire,5.35,sector 70a,8916.0,6000.0,Built Up area: 6000 (557.42 sq.m.),4,4,3+,3.0,North,Relatively New,,6000.0,,1,1,1,1,0,2,174.0,1500.0
house,,3.5,sector 25,32407.0,1080.0,Plot area 120(100.34 sq.m.),2,4,3,3.0,North-West,Old Property,,1080.0,,0,0,0,0,0,1,140.0,540.0
house,vipul tatvam villa,8.5,sector 48,26235.0,3240.0,Plot area 360(301.01 sq.m.),4,4,1,,,Relatively New,,3240.0,,0,0,0,0,0,1,0.0,810.0
flat,godrej nature plus,1.25,sector-33 sohna,9025.0,1385.0,Built Up area: 1385 (128.67 sq.m.)Carpet area: 1000 sq.ft. (92.9 sq.m.),2,2,3,17.0,,Undefined,,1385.0,1000.0,0,0,0,0,0,1,15.0,692.5
flat,bestech park view grand spa,2.29,sector 81,8609.0,2660.0,Super Built up area 2660(247.12 sq.m.)Carpet area: 2000 sq.ft. (185.81 sq.m.),3,4,3+,10.0,North-East,Relatively New,2660.0,,2000.0,1,1,0,0,0,0,49.0,886.6666666666666
flat,bestech park view grand spa,4.7,sector 81,6786.0,6926.0,Super Built up area 6926(643.45 sq.m.),4,4,3+,19.0,North,Relatively New,6926.0,,,0,1,0,0,0,2,0.0,1731.5
flat,sare crescent parc,1.0,sector 92,4778.0,2093.0,Built Up area: 2093 (194.45 sq.m.),4,4,3,9.0,,Undefined,,2093.0,,0,0,0,0,0,1,119.0,523.25
house,ansals palam vihar,2.75,sector 23,17662.0,1557.0,Plot area 173(144.65 sq.m.),3,3,3,2.0,,Moderately Old,,1557.0,,1,0,0,1,0,2,174.0,519.0
flat,pareena coban residences,1.45,sector 99a,7260.0,1997.0,Super Built up area 1997(185.53 sq.m.),3,5,3,11.0,,Relatively New,1997.0,,,0,1,0,0,1,2,165.0,665.6666666666666
house,,0.75,sector 3,6410.0,1170.0,Built Up area: 130 (12.08 sq.m.),2,2,No,1.0,,Undefined,,130.0,,0,0,0,0,0,1,72.0,585.0
flat,dlf the skycourt,1.35,sector 86,6998.0,1929.0,Super Built up area 1929(179.21 sq.m.),3,3,1,9.0,North-West,Relatively New,1929.0,,,0,0,0,0,0,1,35.0,643.0
flat,bestech park view city,2.65,sector 48,10323.0,2567.0,Super Built up area 2567(238.48 sq.m.)Carpet area: 1750 sq.ft. (162.58 sq.m.),4,4,3+,11.0,North-East,Moderately Old,2567.0,,1750.0,1,1,0,0,0,2,174.0,641.75
flat,emaar palm gardens,1.76,sector 83,9263.0,1900.0,Super Built up area 1900(176.52 sq.m.)Built Up area: 1500 sq.ft. (139.35 sq.m.)Carpet area: 1240 sq.ft. (115.2 sq.m.),3,3,3,6.0,North-West,Relatively New,1900.0,1500.0,1240.0,0,1,0,0,0,2,127.0,633.3333333333334
flat,ansal harmony homes,1.12,sector 57,10666.0,1050.0,Super Built up area 1050(97.55 sq.m.),2,2,1,0.0,,Old Property,1050.0,,,0,0,0,0,0,1,85.0,525.0
flat,signature global the millennia,0.6,sector 37d,9230.0,650.0,Super Built up area 650(60.39 sq.m.)Carpet area: 596.12 sq.ft. (55.38 sq.m.),2,2,3,7.0,,New Property,650.0,,596.12,0,0,0,0,0,1,0.0,325.0
flat,parsvnath exotica,6.5,sector 53,19174.0,3390.0,Super Built up area 3390(314.94 sq.m.)Built Up area: 3000 sq.ft. (278.71 sq.m.)Carpet area: 2500 sq.ft. (232.26 sq.m.),4,5,3+,10.0,South,Relatively New,3390.0,3000.0,2500.0,1,1,0,1,0,2,174.0,847.5
flat,m3m sierra 68,1.1,sector 68,8986.0,1224.0,Super Built up area 1224(113.71 sq.m.)Built Up area: 1150 sq.ft. (106.84 sq.m.)Carpet area: 830 sq.ft. (77.11 sq.m.),2,2,3,1.0,North-East,Relatively New,1224.0,1150.0,830.0,0,0,0,0,0,2,134.0,612.0
house,huda,3.5,sector 38,24005.0,1458.0,Plot area 162(135.45 sq.m.)Built Up area: 161 sq.yards (134.62 sq.m.)Carpet area: 160 sq.yards (133.78 sq.m.),3,2,3,2.0,East,Moderately Old,,161.0,160.0,0,0,1,0,0,2,0.0,486.0
flat,ansal housing highland park,0.8,sector 103,5878.0,1361.0,Built Up area: 1361 (126.44 sq.m.)Carpet area: 1300 sq.ft. (120.77 sq.m.),2,2,2,9.0,South-East,Undefined,,1361.0,1300.0,0,0,0,0,0,1,49.0,680.5
flat,m3m woodshire,0.8,sector 107,5856.0,1366.0,Super Built up area 1366(126.91 sq.m.)Carpet area: 1055 sq.ft. (98.01 sq.m.),2,2,3+,6.0,West,Relatively New,1366.0,,1055.0,0,0,0,1,0,2,61.0,683.0
flat,guru gram haryana cghs,1.39,sector 56,7227.0,1923.0,Super Built up area 1920(178.37 sq.m.),3,3,3,4.0,North,Moderately Old,1920.0,,,1,0,0,0,0,2,39.0,641.0
flat,sare crescent parc,0.82,sector 92,5384.0,1523.0,Built Up area: 1523 (141.49 sq.m.),3,3,3+,12.0,West,Undefined,,1523.0,,0,0,0,0,0,1,42.0,507.6666666666667
flat,krisumi waterfall residences,4.1,sector 36a,15500.0,2645.0,Carpet area: 2538 (235.79 sq.m.),3,4,3,30.0,,New Property,,,2538.0,1,0,0,0,0,0,44.0,881.6666666666666
flat,satya the hermitage,0.8,sector 103,5517.0,1450.0,Built Up area: 1450 (134.71 sq.m.),2,2,0,10.0,,Undefined,,1450.0,,0,0,0,0,0,1,151.0,725.0
flat,raheja revanta,1.2,sector 78,10018.0,1198.0,Super Built up area 1197.8(111.28 sq.m.)Carpet area: 505 sq.ft. (46.92 sq.m.),1,2,2,32.0,,Under Construction,1197.8,,505.0,0,0,0,0,0,1,96.0,1198.0
flat,experion windchants,4.75,sector 112,12622.0,3763.0,Super Built up area 3763(349.59 sq.m.),3,5,3+,4.0,West,Relatively New,3763.0,,,0,1,0,0,0,2,30.0,1254.3333333333333
flat,prime habitat,0.32,sector 99a,4657.0,687.0,Super Built up area 687(63.82 sq.m.)Built Up area: 601 sq.ft. (55.83 sq.m.)Carpet area: 448 sq.ft. (41.62 sq.m.),2,2,1,7.0,,Relatively New,687.0,601.0,448.0,0,0,0,0,0,1,111.0,343.5
flat,vatika independent floors,1.16,sector 82,6987.0,1660.0,Carpet area: 1660 (154.22 sq.m.),3,3,3+,1.0,South-East,Relatively New,,,1660.0,0,1,1,1,0,2,49.0,553.3333333333334
flat,dlf new town heights,1.28,sector 86,8205.0,1560.0,Super Built up area 1930(179.3 sq.m.)Carpet area: 1560 sq.ft. (144.93 sq.m.),3,4,3+,12.0,West,Moderately Old,1930.0,,1560.0,0,1,0,1,0,1,60.0,520.0
flat,gls arawali homes,0.35,sohna,7000.0,500.0,Super Built up area 567(52.68 sq.m.)Built Up area: 556 sq.ft. (51.65 sq.m.)Carpet area: 500 sq.ft. (46.45 sq.m.),2,2,2,5.0,,Relatively New,567.0,556.0,500.0,0,0,0,0,0,1,49.0,250.0
flat,umang monsoon breeze,0.62,sector 78,5004.0,1239.0,Super Built up area 1239(115.11 sq.m.)Built Up area: 1115 sq.ft. (103.59 sq.m.)Carpet area: 947 sq.ft. (87.98 sq.m.),2,2,1,7.0,South,Moderately Old,1239.0,1115.0,947.0,0,0,1,0,0,1,0.0,619.5
flat,pivotal riddhi siddhi,0.4,sector 99,4444.0,900.0,Super Built up area 900(83.61 sq.m.)Carpet area: 587 sq.ft. (54.53 sq.m.),2,2,2,9.0,,New Property,900.0,,587.0,0,0,0,0,0,1,140.0,450.0
flat,dlf the primus,3.5,sector 82a,13430.0,2606.0,Carpet area: 2606 (242.11 sq.m.),5,5,3+,14.0,North-East,Relatively New,,,2606.0,1,0,0,0,0,0,0.0,521.2
house,,0.95,sector 48,8920.0,1065.0,Plot area 1065(98.94 sq.m.),3,10,3+,3.0,,New Property,,1065.0,,0,0,0,0,0,1,61.0,355.0
flat,indiabulls enigma,3.45,sector 110,10147.0,3400.0,Super Built up area 3400(315.87 sq.m.),4,4,3,9.0,North,Moderately Old,3400.0,,,0,1,0,0,0,2,74.0,850.0
flat,vatika city,2.65,sector 49,11770.0,2251.0,Super Built up area 2251.42(209.16 sq.m.)Built Up area: 1750.75 sq.ft. (162.65 sq.m.),3,4,3,11.0,East,Moderately Old,2251.42,1750.75,,0,1,0,1,0,2,148.0,750.3333333333334
flat,raheja navodaya,1.1,sector 92,4681.0,2350.0,Built Up area: 2350 (218.32 sq.m.)Carpet area: 1850 sq.ft. (171.87 sq.m.),3,2,3,0.0,East,Undefined,,2350.0,1850.0,0,0,0,0,0,1,61.0,783.3333333333334
flat,dlf regal gardens,1.78,sector 90,8040.0,2214.0,Super Built up area 2215(205.78 sq.m.),4,4,3+,12.0,North-East,Relatively New,2215.0,,,0,0,0,0,0,1,49.0,553.5
house,arjun marg/ sector- 26 phase- 1/ golf course road,31.5,sector 26,35000.0,9000.0,Plot area 1000(836.13 sq.m.),7,9,3+,3.0,North-East,Moderately Old,,9000.0,,1,1,1,1,0,0,101.0,1285.7142857142858
flat,ss the leaf,1.3,sector 85,10483.0,1240.0,Super Built up area 1772(164.62 sq.m.)Carpet area: 1240 sq.ft. (115.2 sq.m.),2,2,3+,10.0,East,Relatively New,1772.0,,1240.0,0,0,1,0,0,1,43.0,620.0
house,dlf the arbour,8.5,sector 63,21519.0,3950.0,Built Up area: 3950 (366.97 sq.m.),4,4,3+,27.0,,Undefined,,3950.0,,0,0,0,0,0,1,44.0,987.5
flat,aipl the peaceful homes,2.8,sector 70a,11914.0,2350.0,Super Built up area 2350(218.32 sq.m.)Carpet area: 1322 sq.ft. (122.82 sq.m.),3,4,3,22.0,North-East,Relatively New,2350.0,,1322.0,0,1,0,0,0,1,49.0,783.3333333333334
flat,bestech park view grand spa,2.91,sector 81,9136.0,3185.0,Super Built up area 3185(295.9 sq.m.)Carpet area: 2837 sq.ft. (263.57 sq.m.),4,5,2,6.0,North-East,Relatively New,3185.0,,2837.0,0,1,0,0,0,2,72.0,796.25
house,,6.0,sector 23,24691.0,2430.0,Plot area 270(225.75 sq.m.),5,6,3+,3.0,East,Old Property,,2430.0,,1,0,0,1,1,2,141.0,486.0
flat,smart world gems,0.9,sector 89,8159.0,1103.0,Super Built up area 1103(102.47 sq.m.),2,2,2,2.0,East,New Property,1103.0,,,1,0,0,0,1,1,95.0,551.5
flat,dlf the ultima,2.4,sector 81,11412.0,2103.0,Super Built up area 2103(195.38 sq.m.)Built Up area: 1650 sq.ft. (153.29 sq.m.)Carpet area: 1257 sq.ft. (116.78 sq.m.),3,3,3+,12.0,North-East,Relatively New,2103.0,1650.0,1257.0,0,1,0,0,0,0,98.0,701.0
flat,shapoorji pallonji joyville gurugram,2.04,sector 102,14068.0,1450.0,Super Built up area 1852(172.06 sq.m.)Carpet area: 1450 sq.ft. (134.71 sq.m.),3,3,3+,1.0,South,Relatively New,1852.0,,1450.0,0,0,0,0,0,1,53.0,483.3333333333333
flat,shapoorji pallonji joyville gurugram,1.24,sector 102,10205.0,1215.0,Super Built up area 1215(112.88 sq.m.),2,2,2,10.0,East,Relatively New,1215.0,,,0,0,0,0,0,1,39.0,607.5
flat,tulip violet,2.0,sector 69,9950.0,2010.0,Super Built up area 2010(186.74 sq.m.),4,4,2,0.0,West,Relatively New,2010.0,,,0,0,0,0,0,1,0.0,502.5
flat,dlf regency park,1.91,sector 28,16608.0,1150.0,Carpet area: 1150 (106.84 sq.m.),2,2,2,11.0,,New Property,,,1150.0,0,0,0,0,0,0,69.0,575.0
flat,rof ananda,0.2,sector 95,5599.0,357.0,Carpet area: 366.08 (34.01 sq.m.),1,1,1,2.0,South-West,Relatively New,,,366.080239,0,0,0,1,0,1,38.0,357.0
flat,palam vihar society,0.4,sector 23,8602.0,465.0,Super Built up area 465(43.2 sq.m.)Built Up area: 450 sq.ft. (41.81 sq.m.)Carpet area: 425 sq.ft. (39.48 sq.m.),1,1,1,5.0,North,Moderately Old,465.0,450.0,425.0,0,0,0,0,0,2,49.0,465.0
house,,0.69,sector 7,9103.0,758.0,Built Up area: 758 (70.42 sq.m.)Carpet area: 500 sq.ft. (46.45 sq.m.),1,1,1,2.0,,Undefined,,758.0,500.0,0,0,0,0,0,1,0.0,758.0
flat,vatika the seven lamps,1.0,sector 82,6969.0,1435.0,Super Built up area 1435(133.32 sq.m.),2,2,2,14.0,,Relatively New,1435.0,,,1,0,0,0,1,1,38.0,717.5
flat,dlf the primus,1.85,sector 82a,10176.0,1818.0,Super Built up area 1818(168.9 sq.m.)Carpet area: 1538 sq.ft. (142.88 sq.m.),3,3,3,15.0,East,Moderately Old,1818.0,,1538.0,0,0,0,0,1,1,174.0,606.0
flat,ss the leaf,1.85,sector 85,7682.0,2408.0,Super Built up area 2408(223.71 sq.m.),3,4,3,2.0,North,Relatively New,2408.0,,,1,1,0,0,0,2,0.0,802.6666666666666
flat,unitech sunbreeze,0.75,sector 69,6849.0,1095.0,Super Built up area 1095(101.73 sq.m.),2,2,2,4.0,,Under Construction,1095.0,,,0,0,0,0,0,1,49.0,547.5
flat,dlf regal gardens,1.7,sector 90,7223.0,2354.0,Super Built up area 2215(205.78 sq.m.),4,4,3+,15.0,North-West,Moderately Old,2215.0,,,0,1,0,0,0,1,68.0,588.5
flat,emaar palm gardens,1.75,sector 83,9210.0,1900.0,Super Built up area 1900(176.52 sq.m.)Built Up area: 1600 sq.ft. (148.64 sq.m.)Carpet area: 1240.04 sq.ft. (115.2 sq.m.),3,3,3,6.0,East,Relatively New,1900.0,1600.0,1240.04,0,1,0,0,0,2,0.0,633.3333333333334
flat,unitech vistas,0.99,sector 70,6325.0,1565.0,Super Built up area 1565(145.39 sq.m.),3,4,2,11.0,,Under Construction,1565.0,,,0,0,0,0,0,1,49.0,521.6666666666666
flat,sare green parc 2,0.75,sector 92,4745.0,1581.0,Super Built up area 1454(135.08 sq.m.)Built Up area: 1415 sq.ft. (131.46 sq.m.)Carpet area: 1350 sq.ft. (125.42 sq.m.),3,3,3,2.0,East,Relatively New,1454.0,1415.0,1350.0,0,0,0,0,1,2,8.0,527.0
flat,hcbs sports ville,0.24,sohna,7407.0,324.0,Carpet area: 324 (30.1 sq.m.),1,1,2,1.0,North,New Property,,,324.0,0,0,0,0,0,1,49.0,324.0
flat,project krishna colony,0.36,sector 7,5142.0,700.0,Built Up area: 700 (65.03 sq.m.),2,2,1,0.0,,Relatively New,,700.0,,0,0,0,0,0,1,48.0,350.0
flat,shapoorji pallonji joyville gurugram,2.0,sector 102,10799.0,1852.0,Super Built up area 1852(172.06 sq.m.),3,3,3,9.0,South-East,Relatively New,1852.0,,,0,0,0,0,0,1,158.0,617.3333333333334
flat,dlf the skycourt,1.55,sector 86,8031.0,1930.0,Super Built up area 1930(179.3 sq.m.)Built Up area: 1900 sq.ft. (176.52 sq.m.)Carpet area: 1720 sq.ft. (159.79 sq.m.),3,3,3,5.0,South,Relatively New,1930.0,1900.0,1720.0,0,0,0,0,0,1,103.0,643.3333333333334
flat,m3m heights,2.86,sector 65,14000.0,2043.0,Carpet area: 2040 (189.52 sq.m.),3,3,3,45.0,East,Under Construction,,,2040.0,0,1,0,0,0,1,0.0,681.0
flat,godrej,1.91,sector 79,8511.0,2244.0,Super Built up area 2244(208.47 sq.m.),3,4,3+,7.0,North-East,Relatively New,2244.0,,,0,1,0,0,0,1,0.0,748.0
flat,ss the leaf,1.04,sector 85,5973.0,1741.0,Super Built up area 1741(161.74 sq.m.),2,3,3+,4.0,West,Relatively New,1741.0,,,0,0,1,0,0,1,16.0,870.5
flat,sbtl caladium,1.26,sector 109,6542.0,1926.0,Super Built up area 1880(174.66 sq.m.),3,2,3,8.0,North-East,Relatively New,1880.0,,,0,0,0,0,0,1,49.0,642.0
flat,trisara our homes 3,0.4,sohna,4478.0,893.0,Built Up area: 900 (83.61 sq.m.)Carpet area: 602 sq.ft. (55.93 sq.m.),2,2,2,1.0,,Undefined,,900.0,602.0,0,0,0,0,0,1,15.0,446.5
flat,experion heartsong,1.08,dwarka expressway,6150.0,1756.0,Built Up area: 1758 (163.32 sq.m.),3,3,0,,,Under Construction,,1758.0,,0,0,0,0,0,1,0.0,585.3333333333334
house,,1.8,sector 15,10000.0,1800.0,Plot area 200(167.23 sq.m.),4,3,1,1.0,North-East,Old Property,,1800.0,,0,0,0,0,0,1,49.0,450.0
flat,sukhshanti apartment,1.7,sector 56,7727.0,2200.0,Built Up area: 2200 (204.39 sq.m.)Carpet area: 1610 sq.ft. (149.57 sq.m.),3,3,3,4.0,South,Moderately Old,,2200.0,1610.0,1,0,0,0,0,1,49.0,733.3333333333334
flat,pyramid urban homes 2,0.5,sector 86,9698.0,516.0,Carpet area: 515.57 (47.9 sq.m.),2,2,2,6.0,,Old Property,,,515.5908099999999,0,0,0,0,0,1,0.0,258.0
house,,3.0,sector 67,11904.0,2520.0,Carpet area: 2520 (234.12 sq.m.),4,4,No,3.0,North-East,Undefined,,,2520.0,0,0,0,0,0,1,37.0,630.0
house,dlf city phase 1,5.5,sector 26,30556.0,1800.0,Plot area 200(167.23 sq.m.),4,4,3+,2.0,East,Moderately Old,,1800.0,,0,0,1,1,0,1,142.0,450.0
flat,kw royal court,2.0,sector 39,6250.0,3200.0,Carpet area: 3200 (297.29 sq.m.),5,4,3,9.0,East,Old Property,,,3200.0,0,1,0,0,0,0,0.0,640.0
house,housing board colony,3.5,saraswati vihar,25926.0,1350.0,Plot area 150(125.42 sq.m.),2,6,3,3.0,,Relatively New,,1350.0,,0,0,0,0,0,1,0.0,675.0
flat,sare crescent parc royal greens phase 1,0.95,sector 92,5007.0,1897.0,Super Built up area 1897(176.24 sq.m.),4,5,3+,4.0,,Moderately Old,1897.0,,,0,1,0,0,0,1,174.0,474.25
flat,ireo the corridors,1.6,sector 67a,9264.0,1727.0,Super Built up area 1727(160.44 sq.m.)Carpet area: 1017 sq.ft. (94.48 sq.m.),3,3,2,3.0,North,New Property,1727.0,,1017.0,0,0,1,0,0,2,23.0,575.6666666666666
flat,ansal plaza,1.0,sector 23,10000.0,1000.0,Built Up area: 1000 (92.9 sq.m.),2,3,0,1.0,,Undefined,,1000.0,,0,0,0,0,0,1,38.0,500.0
house,ats tourmaline,1.87,sector 109,8697.0,2150.0,Built Up area: 2150 (199.74 sq.m.),3,4,No,12.0,,Undefined,,2150.0,,0,0,0,0,0,1,167.0,716.6666666666666
flat,tulip ivory,2.0,sector 70,8333.0,2400.0,Super Built up area 2400(222.97 sq.m.)Carpet area: 1950 sq.ft. (181.16 sq.m.),4,5,3+,7.0,North-East,Moderately Old,2400.0,,1950.0,0,1,0,0,0,2,15.0,600.0
flat,central park flower valley aqua front towers,2.0,sector-33 sohna,11179.0,1789.0,Super Built up area 1789(166.2 sq.m.),3,3,3+,8.0,North-East,New Property,1789.0,,,0,0,0,0,0,1,29.0,596.3333333333334
flat,dlf the primus,1.87,sector 82a,10394.0,1799.0,Super Built up area 1799(167.13 sq.m.)Carpet area: 1538 sq.ft. (142.88 sq.m.),3,3,3,31.0,East,Moderately Old,1799.0,,1538.0,0,0,0,1,0,1,27.0,599.6666666666666
flat,paras dews,1.25,sector 106,11061.0,1130.0,Super Built up area 1760(163.51 sq.m.)Built Up area: 1186 sq.ft. (110.18 sq.m.)Carpet area: 1130 sq.ft. (104.98 sq.m.),3,4,3+,7.0,South-East,Relatively New,1760.0,1186.0,1130.0,1,1,0,0,0,1,87.0,376.6666666666667
flat,m3m soulitude,1.42,sector 89,9978.0,1423.0,Carpet area: 1423 (132.2 sq.m.),3,3,2,3.0,,New Property,,,1423.0,0,0,0,0,0,1,31.0,474.3333333333333
flat,signature global solera,0.28,sector 107,5674.0,493.0,Carpet area: 489 (45.43 sq.m.),2,2,2,11.0,North,Relatively New,,,489.0,0,0,0,0,0,1,23.0,246.5
house,,6.75,sector 26,27778.0,2430.0,Plot area 270(225.75 sq.m.),3,3,3,2.0,North-East,Moderately Old,,2430.0,,0,0,0,0,0,1,21.0,810.0
flat,pioneer araya,7.56,sector 62,18000.0,4200.0,Built Up area: 4200 (390.19 sq.m.),4,4,3+,23.0,West,Relatively New,,4200.0,,0,1,0,1,0,2,92.0,1050.0
house,ansal sushant lok plots,11.5,sector 43,17692.0,6500.0,Plot area 3762(349.5 sq.m.)Built Up area: 9000 sq.ft. (836.13 sq.m.)Carpet area: 6500 sq.ft. (603.87 sq.m.),7,8,3+,3.0,,Old Property,,9000.0,6500.0,0,1,1,1,0,2,0.0,928.5714285714286
flat,signature global park,0.85,sohna,7863.0,1081.0,Super Built up area 1081(100.43 sq.m.)Built Up area: 1080 sq.ft. (100.34 sq.m.)Carpet area: 670 sq.ft. (62.25 sq.m.),3,2,2,4.0,East,New Property,1081.0,1080.0,670.0,0,0,0,0,0,1,89.0,360.3333333333333
house,,0.65,sector 3a phase 2,10317.0,630.0,Plot area 70(6.5 sq.m.),1,1,1,1.0,South-East,Moderately Old,,70.0,,0,0,0,0,1,1,27.0,630.0
flat,bestech park view residency,1.01,sector 23,7137.0,1415.0,Super Built up area 1415(131.46 sq.m.),2,2,3,0.0,East,Moderately Old,1415.0,,,0,0,0,0,0,1,87.0,707.5
flat,sare homes,0.85,new,4786.0,1776.0,Super Built up area 1776(165 sq.m.),4,4,3,3.0,,Moderately Old,1776.0,,,0,0,0,0,0,1,15.0,444.0
flat,ashiana mulberry,0.95,sohna,6485.0,1465.0,Super Built up area 1465(136.1 sq.m.)Built Up area: 1175.97 sq.ft. (109.25 sq.m.)Carpet area: 834.96 sq.ft. (77.57 sq.m.),2,2,3+,3.0,,New Property,1465.0,1175.97,834.96,1,0,0,0,0,1,153.0,732.5
house,,5.1,sector 23a,16569.0,3078.0,Plot area 342(285.96 sq.m.)Built Up area: 125 sq.yards (104.52 sq.m.)Carpet area: 100 sq.yards (83.61 sq.m.),3,2,No,1.0,East,Old Property,,125.0,100.0,0,0,0,0,1,1,36.0,1026.0
flat,ansal sushant residency,1.5,sector 57,6775.0,2214.0,Carpet area: 246 (205.69 sq.m.),3,2,3+,1.0,,Moderately Old,,,246.0,0,0,0,0,0,1,49.0,738.0
flat,smart world orchard,1.58,sector 61,13739.0,1150.0,Carpet area: 1150 (106.84 sq.m.),2,2,2,3.0,South,New Property,,,1150.0,1,0,0,0,0,1,13.0,575.0
flat,eldeco accolade,0.72,sohna,5735.0,1255.0,Carpet area: 1264 (117.43 sq.m.),2,2,3,8.0,West,Relatively New,,,1264.0,0,0,0,0,0,1,158.0,627.5
house,,4.25,sector 41,26235.0,1620.0,Plot area 180(150.5 sq.m.),2,9,3+,4.0,North,Moderately Old,,1620.0,,1,1,0,0,0,2,160.0,810.0
flat,m3m urbana,1.0,sector 67,12106.0,826.0,Built Up area: 826 (76.74 sq.m.),1,1,1,17.0,South,Relatively New,,826.0,,0,0,0,0,0,1,79.0,826.0
flat,tarc maceo,0.89,sector 91,6339.0,1404.0,Super Built up area 1404(130.44 sq.m.)Carpet area: 1200 sq.ft. (111.48 sq.m.),2,2,3+,9.0,East,Relatively New,1404.0,,1200.0,0,0,0,0,1,2,101.0,702.0
flat,m3m skywalk,1.48,sector 74,12333.0,1200.0,Super Built up area 1400(130.06 sq.m.)Built Up area: 1300 sq.ft. (120.77 sq.m.)Carpet area: 1200 sq.ft. (111.48 sq.m.),2,2,3,13.0,North-East,Relatively New,1400.0,1300.0,1200.0,0,0,1,0,0,1,174.0,600.0
house,emaar mgf marbella,12.0,sector 66,37037.0,3240.0,Plot area 360(301.01 sq.m.),4,4,3+,3.0,East,Relatively New,,3240.0,,1,1,1,1,0,2,40.0,810.0
flat,umang winter hills,0.86,sector 77,6408.0,1342.0,Super Built up area 1342(124.68 sq.m.),2,2,2,16.0,,New Property,1342.0,,,0,0,0,0,0,2,96.0,671.0
flat,emaar digihomes,2.15,sector 62,14257.0,1508.0,Carpet area: 1508 (140.1 sq.m.),2,2,3,31.0,,Under Construction,,,1508.0,0,0,0,0,0,1,26.0,754.0
flat,orris carnation residency,0.55,sector 85,5788.0,950.0,Super Built up area 1115(103.59 sq.m.)Built Up area: 1050 sq.ft. (97.55 sq.m.)Carpet area: 950 sq.ft. (88.26 sq.m.),2,2,2,5.0,North-East,Relatively New,1115.0,1050.0,950.0,0,0,0,0,1,1,71.0,475.0
flat,railway officers rpf society,1.25,sector 9a,6921.0,1806.0,Carpet area: 1806 (167.78 sq.m.),4,3,3,1.0,,Old Property,,,1806.0,0,1,0,0,0,1,174.0,451.5
flat,vatika gurgaon,0.98,sector 83,8166.0,1200.0,Super Built up area 1445(134.24 sq.m.)Built Up area: 1300 sq.ft. (120.77 sq.m.)Carpet area: 1200 sq.ft. (111.48 sq.m.),2,2,3,5.0,South,Relatively New,1445.0,1300.0,1200.0,0,0,0,0,0,2,157.0,600.0
flat,breez global heights,0.28,sohna,7142.0,392.0,Carpet area: 399 (37.07 sq.m.),1,1,1,4.0,,New Property,,,399.0,0,0,0,0,0,0,96.0,392.0
flat,signature global the millennia,0.55,sector 37d,9166.0,600.0,Super Built up area 850(78.97 sq.m.)Built Up area: 610 sq.ft. (56.67 sq.m.)Carpet area: 600 sq.ft. (55.74 sq.m.),2,2,3,3.0,,New Property,850.0,610.0,600.0,0,0,0,0,0,1,0.0,300.0
flat,dlf park place,5.75,sector 54,24689.0,2329.0,Super Built up area 2329(216.37 sq.m.)Built Up area: 1900 sq.ft. (176.52 sq.m.)Carpet area: 1700 sq.ft. (157.94 sq.m.),3,4,3,12.0,North-East,Relatively New,2329.0,1900.0,1700.0,0,1,0,0,0,0,120.0,776.3333333333334
flat,emaar mgf palm terraces select,3.4,sector 66,14107.0,2410.0,Super Built up area 2410(223.9 sq.m.)Built Up area: 2210 sq.ft. (205.32 sq.m.)Carpet area: 2040 sq.ft. (189.52 sq.m.),4,4,3+,2.0,North-East,Relatively New,2410.0,2210.0,2040.0,0,1,0,0,0,2,174.0,602.5
flat,godrej nature plus,1.9,sector-33 sohna,9849.0,1929.0,Carpet area: 1929 (179.21 sq.m.),3,3,3+,14.0,,New Property,,,1929.0,0,1,0,0,0,1,49.0,643.0
flat,paras dews,1.1,sector 106,9734.0,1130.0,Super Built up area 1760(163.51 sq.m.)Built Up area: 1186 sq.ft. (110.18 sq.m.)Carpet area: 1130 sq.ft. (104.98 sq.m.),3,4,3+,8.0,North-West,Relatively New,1760.0,1186.0,1130.0,0,1,0,0,0,2,0.0,376.6666666666667
flat,builder floor,0.6,sector 12,6000.0,1000.0,Super Built up area 1000(92.9 sq.m.)Built Up area: 950 sq.ft. (88.26 sq.m.)Carpet area: 900 sq.ft. (83.61 sq.m.),3,2,1,3.0,East,New Property,1000.0,950.0,900.0,0,0,0,0,0,1,49.0,333.3333333333333
flat,suncity heights,3.25,sector 54,14118.0,2302.0,Carpet area: 2302 (213.86 sq.m.),3,3,3+,0.0,East,Old Property,,,2302.0,0,0,0,1,0,2,35.0,767.3333333333334
flat,parsvnath green ville,1.42,sector 48,8606.0,1650.0,Super Built up area 1650(153.29 sq.m.),3,3,3,1.0,North-West,Moderately Old,1650.0,,,0,0,1,0,0,0,158.0,550.0
flat,paras irene,1.3,sector 70a,9219.0,1410.0,Super Built up area 1420(131.92 sq.m.)Carpet area: 1410 sq.ft. (130.99 sq.m.),2,2,3,19.0,,Moderately Old,1420.0,,1410.0,0,0,0,0,0,2,59.0,705.0
house,,0.55,sector 3a,6707.0,820.0,Plot area 820(76.18 sq.m.)Built Up area: 810 sq.ft. (75.25 sq.m.)Carpet area: 715 sq.ft. (66.43 sq.m.),2,2,1,2.0,South-East,Moderately Old,,810.0,715.0,0,0,0,0,0,1,58.0,410.0
flat,pareena coban residences,1.08,sector 99a,6625.0,1630.0,Super Built up area 1997(185.53 sq.m.)Built Up area: 1750 sq.ft. (162.58 sq.m.)Carpet area: 1630 sq.ft. (151.43 sq.m.),3,5,3,2.0,West,Relatively New,1997.0,1750.0,1630.0,0,1,0,0,1,1,117.0,543.3333333333334
flat,sidhivinayak apartments,1.9,sector 55,10555.0,1800.0,Carpet area: 1800 (167.23 sq.m.),4,3,3+,9.0,North,Moderately Old,,,1800.0,0,0,0,1,0,0,49.0,450.0
flat,godrej,1.34,sector 79,8524.0,1572.0,Super Built up area 1572(146.04 sq.m.),2,2,3,2.0,North-West,Relatively New,1572.0,,,1,0,0,0,0,1,21.0,786.0
flat,indiabulls enigma,4.0,sector 110,9851.0,4061.0,Built Up area: 3350 (311.23 sq.m.),4,4,3,17.0,,New Property,,3350.0,,0,0,0,0,0,1,49.0,1015.25
flat,signature global park,0.65,sohna,7299.0,891.0,Built Up area: 822 (76.37 sq.m.)Carpet area: 520 sq.ft. (48.31 sq.m.),2,2,3,1.0,,New Property,,822.0,520.0,0,0,0,0,0,1,74.0,445.5
flat,signature global synera,0.5,sector 81,6802.0,735.0,Super Built up area 735(68.28 sq.m.)Built Up area: 700 sq.ft. (65.03 sq.m.)Carpet area: 635 sq.ft. (58.99 sq.m.),2,2,3,6.0,South,Relatively New,735.0,700.0,635.0,0,0,0,0,0,1,60.0,367.5
flat,ambience creacions,2.55,sector 22,13709.0,1860.0,Super Built up area 1860(172.8 sq.m.)Built Up area: 1600 sq.ft. (148.64 sq.m.)Carpet area: 1400 sq.ft. (130.06 sq.m.),3,3,3,5.0,North-East,Relatively New,1860.0,1600.0,1400.0,0,0,0,0,0,0,61.0,620.0
flat,ss the leaf,2.13,sector 85,7574.0,2812.0,Super Built up area 2812(261.24 sq.m.)Built Up area: 2600 sq.ft. (241.55 sq.m.)Carpet area: 2400 sq.ft. (222.97 sq.m.),4,4,3,6.0,North,Relatively New,2812.0,2600.0,2400.0,0,0,0,0,0,1,145.0,703.0
flat,parsvnath green ville,2.0,sector 48,7765.0,2576.0,Super Built up area 2125(197.42 sq.m.),3,3,0,15.0,,Relatively New,2125.0,,,0,1,0,0,0,1,92.0,858.6666666666666
flat,m3m golfestate,6.15,sector 65,18287.0,3363.0,Super Built up area 3363(312.43 sq.m.)Carpet area: 2710 sq.ft. (251.77 sq.m.),3,3,3,23.0,,Moderately Old,3363.0,,2710.0,1,1,0,0,0,2,145.0,1121.0
flat,whiteland blissville,1.9,sector 76,11363.0,1672.0,Super Built up area 1672(155.33 sq.m.),3,3,2,0.0,,Under Construction,1672.0,,,0,0,0,0,0,1,65.0,557.3333333333334
house,dlf city plots phase 2,10.55,sector 25,39074.0,2700.0,Plot area 300(250.84 sq.m.),5,6,3+,3.0,East,Moderately Old,,2700.0,,1,1,1,1,0,1,0.0,540.0
house,bptp astaire gardens,1.04,sector 70a,7172.0,1450.0,Carpet area: 1450 (134.71 sq.m.),3,3,3+,2.0,North-East,Relatively New,,,1450.0,0,0,0,0,1,2,106.0,483.3333333333333
flat,bestech park view residency,1.4,sector 23,7865.0,1780.0,Super Built up area 1780(165.37 sq.m.),3,3,3+,8.0,South-West,Moderately Old,1780.0,,,0,0,0,0,0,1,159.0,593.3333333333334
house,,23.0,sector 26,25556.0,9000.0,Plot area 1000(836.13 sq.m.),4,4,3+,2.0,South-West,Relatively New,,9000.0,,1,1,1,1,0,2,67.0,2250.0
flat,godrej oasis,1.29,sector 88a,7800.0,1654.0,Super Built up area 1629(151.34 sq.m.)Carpet area: 1628 sq.ft. (151.25 sq.m.),3,3,3,5.0,,New Property,1629.0,,1628.0,1,0,0,0,1,1,0.0,551.3333333333334
house,sector 14 rwa,6.5,sector 14,26000.0,2500.0,Plot area 2500(232.26 sq.m.),5,5,No,4.0,,Moderately Old,,2500.0,,0,0,0,0,0,1,27.0,500.0
flat,ss the leaf,2.2,sector 85,6934.0,3173.0,Super Built up area 2812(261.24 sq.m.),4,5,3+,4.0,East,Relatively New,2812.0,,,0,0,0,0,0,1,72.0,793.25
flat,sobha city,2.33,sector 108,14463.0,1611.0,Built Up area: 1711 (158.96 sq.m.)Carpet area: 1611 sq.ft. (149.67 sq.m.),3,3,3,17.0,North-East,Relatively New,,1711.0,1611.0,0,0,1,0,0,2,45.0,537.0
flat,zara aavaas,0.2,sector 104 1,6644.0,301.0,Carpet area: 301 (27.96 sq.m.),1,2,2,3.0,,New Property,,,301.0,0,0,0,0,0,1,0.0,301.0
flat,vatika india next,0.8,sector 82,6426.0,1245.0,Carpet area: 1245 (115.66 sq.m.),2,2,3,9.0,,Undefined,,,1245.0,0,0,0,0,0,1,103.0,622.5
house,,3.25,sector 4,14444.0,2250.0,Plot area 250(209.03 sq.m.),3,3,2,2.0,South-East,Old Property,,2250.0,,0,0,0,0,0,1,49.0,750.0
flat,orchid petals,2.51,sector 49,12178.0,2061.0,Super Built up area 2061(191.47 sq.m.),3,3,3+,7.0,East,Old Property,2061.0,,,1,0,0,0,0,2,0.0,687.0
flat,signature global solera,0.29,sector 107,5930.0,489.0,Carpet area: 489 (45.43 sq.m.),2,2,2,3.0,East,Relatively New,,,489.0,0,0,0,0,0,1,115.0,244.5
flat,dlf the ultima,2.29,sector 81,10928.0,2096.0,Super Built up area 2100(195.1 sq.m.),3,4,3+,15.0,West,Relatively New,2100.0,,,0,1,0,0,0,0,23.0,698.6666666666666
flat,sobha city,2.45,sector 108,14040.0,1745.0,Super Built up area 1745(162.12 sq.m.)Built Up area: 1460 sq.ft. (135.64 sq.m.)Carpet area: 1320 sq.ft. (122.63 sq.m.),3,3,3,15.0,West,Relatively New,1745.0,1460.0,1320.0,0,0,0,0,0,1,66.0,581.6666666666666
flat,essel towers,2.2,mehrauli  road,12500.0,1760.0,Carpet area: 1760 (163.51 sq.m.),3,4,3+,3.0,,Undefined,,,1760.0,0,0,0,0,0,1,137.0,586.6666666666666
flat,sare crescent parc,0.87,sector 92,4971.0,1750.0,Super Built up area 1750(162.58 sq.m.),4,4,2,2.0,East,Moderately Old,1750.0,,,0,0,1,0,0,0,0.0,437.5
flat,viridian the plaza 106,0.39,sector 106,5571.0,700.0,Super Built up area 700(65.03 sq.m.)Carpet area: 450 sq.ft. (41.81 sq.m.),1,1,1,7.0,East,Relatively New,700.0,,450.0,0,0,0,0,0,1,36.0,700.0
flat,tulip lemon,0.6,sector 69,10000.0,600.0,Carpet area: 600 (55.74 sq.m.),2,1,1,12.0,,Relatively New,,,600.0,0,0,0,0,0,1,96.0,300.0
flat,pareena laxmi apartments,0.32,sector 99a,5786.0,553.0,Super Built up area 553(51.38 sq.m.)Carpet area: 453.5 sq.ft. (42.13 sq.m.),2,2,2,11.0,,New Property,553.0,,453.5,0,0,0,0,0,1,49.0,276.5
flat,m3m skywalk,1.54,sector 74,10814.0,1424.0,Super Built up area 1424(132.29 sq.m.)Built Up area: 1200 sq.ft. (111.48 sq.m.)Carpet area: 1139 sq.ft. (105.82 sq.m.),2,2,3+,15.0,South-East,Relatively New,1424.0,1200.0,1139.0,0,0,0,0,1,1,158.0,712.0
flat,samaspurkunj,0.55,sector 51,5238.0,1050.0,Carpet area: 1050 (97.55 sq.m.),2,2,0,5.0,,Relatively New,,,1050.0,0,0,0,0,0,1,83.0,525.0
flat,vipul lavanya,0.65,sector 81,5265.0,1235.0,Super Built up area 1225(113.81 sq.m.)Carpet area: 776 sq.ft. (72.09 sq.m.),2,2,2,14.0,,Moderately Old,1225.0,,776.0,0,0,0,0,0,1,40.0,617.5
flat,tulip violet,3.05,sector 69,9664.0,3156.0,Super Built up area 3156(293.2 sq.m.),4,5,3+,14.0,South-West,Relatively New,3156.0,,,0,1,0,0,1,1,8.0,789.0
flat,antriksh heights,0.73,sector 84,6083.0,1200.0,Super Built up area 1200(111.48 sq.m.)Carpet area: 870 sq.ft. (80.83 sq.m.),2,2,3+,4.0,North-West,Relatively New,1200.0,,870.0,1,0,1,1,0,1,158.0,600.0
house,,4.5,sector 11,9091.0,4950.0,Plot area 550(459.87 sq.m.),4,5,2,2.0,East,Old Property,,4950.0,,0,0,0,0,0,1,93.0,1237.5
flat,adani m2k oyster grande,1.95,sector 102,7561.0,2579.0,Super Built up area 2579(239.6 sq.m.),3,4,3,9.0,South,Relatively New,2579.0,,,1,1,0,0,0,2,43.0,859.6666666666666
house,bptp visionnaire,6.0,sector 70a,22222.0,2700.0,Plot area 300(250.84 sq.m.),5,4,3,3.0,North-East,New Property,,2700.0,,1,0,0,0,0,1,0.0,540.0
house,dlf city plots phase 3,1.6,sector 25,3292.0,4860.0,Plot area 540(50.17 sq.m.)Built Up area: 540 sq.ft. (50.17 sq.m.)Carpet area: 500 sq.ft. (46.45 sq.m.),8,5,3+,4.0,East,Old Property,,540.0,500.0,0,0,0,0,0,1,0.0,607.5
flat,m3m merlin,4.5,sector 67,14267.0,3154.0,Super Built up area 3154(293.02 sq.m.),4,4,3+,15.0,South-West,Relatively New,3154.0,,,0,1,0,0,0,2,174.0,788.5
flat,experion the heartsong,1.2,sector 108,6825.0,1758.0,Super Built up area 1758(163.32 sq.m.)Built Up area: 1275.53 sq.ft. (118.5 sq.m.)Carpet area: 974.68 sq.ft. (90.55 sq.m.),3,3,3+,10.0,South,Relatively New,1758.0,1275.53,974.68,1,0,0,0,0,1,160.0,586.0
flat,puri emerald bay,1.5,sector 104,9678.0,1550.0,Super Built up area 1550(144 sq.m.),2,2,2,7.0,,Under Construction,1550.0,,,0,0,0,0,1,1,0.0,775.0
house,,0.4,sector 23 extension,7619.0,525.0,Carpet area: 525 (48.77 sq.m.),2,2,1,1.0,,Relatively New,,,525.0,0,0,0,0,0,1,49.0,262.5
flat,essel towers,2.2,mehrauli  road,12500.0,1760.0,Carpet area: 1760 (163.51 sq.m.),3,4,3+,3.0,North-West,Undefined,,,1760.0,0,0,0,0,0,1,79.0,586.6666666666666
flat,tulip violet,1.19,sector 69,8814.0,1350.0,Carpet area: 1350 (125.42 sq.m.),2,3,1,0.0,West,Relatively New,,,1350.0,1,0,0,0,0,1,37.0,675.0
house,ss hibiscus,12.25,sector 50,20940.0,5850.0,Plot area 5850(543.48 sq.m.),5,7,3+,1.0,South-East,Relatively New,,5850.0,,1,1,0,1,1,2,58.0,1170.0
flat,nul,0.56,sector 2,6054.0,925.0,Carpet area: 925 (85.94 sq.m.),2,2,1,11.0,,Old Property,,,925.0,0,0,0,0,0,2,31.0,462.5
flat,emaar mgf emerald floors premier,3.0,sector 65,15189.0,1975.0,Super Built up area 1975(183.48 sq.m.),4,4,3+,2.0,South-East,Relatively New,1975.0,,,0,1,0,0,0,1,49.0,493.75
flat,godrej aria,0.96,sector 79,13296.0,722.0,Super Built up area 1351(125.51 sq.m.)Carpet area: 722 sq.ft. (67.08 sq.m.),2,2,3,8.0,North-East,Relatively New,1351.0,,722.0,0,0,0,0,0,1,126.0,361.0
flat,smart world orchard,2.3,sector 61,14110.0,1630.0,Super Built up area 1630(151.43 sq.m.),3,3,2,2.0,,Under Construction,1630.0,,,1,0,0,0,0,1,174.0,543.3333333333334
flat,signature global grand iva,0.3,sector 103,8290.0,362.0,Carpet area: 361.88 (33.62 sq.m.),1,2,2,5.0,,New Property,,,361.882318,0,0,0,0,0,1,0.0,362.0
flat,emaar palm gardens,1.4,sector 83,9675.0,1447.0,Super Built up area 1720(159.79 sq.m.)Carpet area: 1447 sq.ft. (134.43 sq.m.),3,3,3,11.0,North,Relatively New,1720.0,,1447.0,0,1,0,0,0,0,49.0,482.3333333333333
flat,ashiana anmol,0.93,sohna,7294.0,1275.0,Super Built up area 1275(118.45 sq.m.)Built Up area: 1000 sq.ft. (92.9 sq.m.)Carpet area: 875 sq.ft. (81.29 sq.m.),2,2,2,9.0,,Under Construction,1275.0,1000.0,875.0,0,0,0,0,1,1,135.0,637.5
flat,indiabulls centrum park,1.32,sector 103,7787.0,1695.0,Super Built up area 1695(157.47 sq.m.)Built Up area: 1300 sq.ft. (120.77 sq.m.)Carpet area: 1200 sq.ft. (111.48 sq.m.),3,3,3+,6.0,North-East,Relatively New,1695.0,1300.0,1200.0,1,0,0,0,0,1,106.0,565.0
flat,mariners home,2.11,sector 56,8612.0,2450.0,Super Built up area 2450(227.61 sq.m.)Built Up area: 2250 sq.ft. (209.03 sq.m.)Carpet area: 2150 sq.ft. (199.74 sq.m.),3,2,3,4.0,South,Relatively New,2450.0,2250.0,2150.0,0,0,0,0,1,2,97.0,816.6666666666666
flat,paras dews,0.97,sector 106,8818.0,1100.0,Super Built up area 1385(128.67 sq.m.)Built Up area: 1200 sq.ft. (111.48 sq.m.)Carpet area: 1100 sq.ft. (102.19 sq.m.),2,2,3,6.0,North-East,New Property,1385.0,1200.0,1100.0,0,0,0,1,0,2,174.0,550.0
flat,bestech park view sanskruti,1.5,sector 92,7812.0,1920.0,Super Built up area 1920(178.37 sq.m.),3,3,3,3.0,East,Relatively New,1920.0,,,0,0,0,0,1,1,0.0,640.0
flat,dlf the icon,5.25,sector 43,20388.0,2575.0,Super Built up area 2575(239.23 sq.m.)Built Up area: 2570 sq.ft. (238.76 sq.m.)Carpet area: 2560 sq.ft. (237.83 sq.m.),4,4,3,9.0,North,Old Property,2575.0,2570.0,2560.0,0,1,0,1,1,1,137.0,643.75
flat,shree vardhman flora,0.65,sector 90,4814.0,1350.0,Super Built up area 1350(125.42 sq.m.),2,2,3,3.0,North,Relatively New,1350.0,,,1,0,0,0,0,1,80.0,675.0
house,,20.0,sector 26,44444.0,4500.0,Plot area 500(418.06 sq.m.),5,7,3+,3.0,West,Relatively New,,4500.0,,0,1,0,1,0,0,77.0,900.0
flat,ss the leaf,1.99,sector 85,8659.0,2298.0,Super Built up area 2408(223.71 sq.m.)Built Up area: 2398 sq.ft. (222.78 sq.m.)Carpet area: 2298 sq.ft. (213.49 sq.m.),3,4,3+,17.0,East,Relatively New,2408.0,2398.0,2298.0,0,1,0,0,0,2,0.0,766.0
house,,1.2,sector 7,11194.0,1072.0,Built Up area: 1072 (99.59 sq.m.),2,4,2,3.0,,Undefined,,1072.0,,0,0,0,0,0,1,35.0,536.0
flat,umang monsoon breeze,1.1,sector 78,5055.0,2176.0,Built Up area: 2176 (202.16 sq.m.),3,3,3+,9.0,,Old Property,,2176.0,,0,1,0,0,0,1,36.0,725.3333333333334
flat,residency grand,5.0,sector 52,7692.0,6500.0,Carpet area: 5200 (483.1 sq.m.),5,7,3+,1.0,East,Moderately Old,,,5200.0,0,1,0,1,0,1,103.0,1300.0
house,,0.5,sector 3a phase 2,9259.0,540.0,Plot area 540(50.17 sq.m.),2,3,2,3.0,West,Old Property,,540.0,,0,0,0,0,0,1,0.0,270.0
flat,emaar mgf emerald estate,1.42,sector 65,13921.0,1020.0,Super Built up area 1020(94.76 sq.m.)Built Up area: 1010 sq.ft. (93.83 sq.m.)Carpet area: 750 sq.ft. (69.68 sq.m.),2,2,2,6.0,North-East,Relatively New,1020.0,1010.0,750.0,1,0,0,0,0,2,174.0,510.0
flat,vatika gurgaon,1.4,sector 83,7179.0,1950.0,Carpet area: 1950 (181.16 sq.m.),4,4,3,10.0,North-East,Relatively New,,,1950.0,0,1,0,0,0,1,53.0,487.5
house,,1.15,sector 23,19360.0,594.0,Plot area 66(55.18 sq.m.),3,3,2,2.0,South-East,Old Property,,594.0,,0,0,0,0,0,2,0.0,198.0
house,,15.0,sector 26,33333.0,4500.0,Built Up area: 4500 (418.06 sq.m.),4,4,3,3.0,,Moderately Old,,4500.0,,0,1,1,0,0,2,20.0,1125.0
flat,ild greens,0.78,sector 37c,5714.0,1365.0,Super Built up area 1365(126.81 sq.m.)Built Up area: 1068.1 sq.ft. (99.23 sq.m.)Carpet area: 900 sq.ft. (83.61 sq.m.),2,2,3,1.0,North,Moderately Old,1365.0,1068.1,900.0,0,0,0,0,0,2,38.0,682.5
flat,city shri ram apartments 1,0.22,sector 110,3666.0,600.0,Super Built up area 600(55.74 sq.m.),2,1,1,1.0,,Relatively New,600.0,,,0,0,0,0,0,1,64.0,300.0
flat,ss the leaf,1.2,sector 85,7317.0,1640.0,Super Built up area 1640(152.36 sq.m.)Built Up area: 1300 sq.ft. (120.77 sq.m.)Carpet area: 1000 sq.ft. (92.9 sq.m.),2,2,3,6.0,North,Relatively New,1640.0,1300.0,1000.0,0,0,0,0,0,2,0.0,820.0
flat,breez global hill view,0.35,sohna,6315.0,554.0,Carpet area: 554.16 (51.48 sq.m.),2,2,2,14.0,West,New Property,,,554.1255719999999,0,0,0,0,0,1,67.0,277.0
flat,ansal height 86,0.8,sector 86,5882.0,1360.0,Built Up area: 1360 (126.35 sq.m.),2,2,0,1.0,,Undefined,,1360.0,,0,0,0,0,0,1,0.0,680.0
flat,alpha corp gurgaonone,2.24,sector 84,6523.0,3434.0,Super Built up area 3434(319.03 sq.m.)Carpet area: 2900 sq.ft. (269.42 sq.m.),4,4,3,12.0,West,Relatively New,3434.0,,2900.0,0,1,0,0,0,1,159.0,858.5
flat,mvn athens,0.25,sohna,4258.0,587.0,Built Up area: 587 (54.53 sq.m.),2,2,1,0.0,,Relatively New,,587.0,,0,0,0,0,0,1,83.0,293.5
house,hero homes,1.95,sector 104,21195.0,920.0,Plot area 920(85.47 sq.m.),3,5,3+,2.0,,Moderately Old,,920.0,,0,0,0,0,0,1,167.0,306.6666666666667
flat,supertech hues,0.93,sector 68,8611.0,1080.0,Carpet area: 1080 (100.34 sq.m.),2,2,2,11.0,,Undefined,,,1080.0,0,0,0,0,0,1,70.0,540.0
flat,ashiana mulberry,0.74,sohna,6200.0,1194.0,Carpet area: 1210 (112.41 sq.m.),2,2,3+,12.0,North-West,New Property,,,1210.0,0,0,0,0,0,1,49.0,597.0
flat,sidhartha ncr one phase,0.6,sector 95,4800.0,1250.0,Built Up area: 1250 (116.13 sq.m.),2,2,3,10.0,North-East,Undefined,,1250.0,,0,0,0,0,0,1,149.0,625.0
flat,rail vihar cghs,1.35,sector 56,10384.0,1300.0,Super Built up area 1300(120.77 sq.m.)Built Up area: 1275 sq.ft. (118.45 sq.m.)Carpet area: 1250 sq.ft. (116.13 sq.m.),3,2,2,1.0,West,Old Property,1300.0,1275.0,1250.0,0,0,0,0,1,1,49.0,433.3333333333333
house,,5.0,sector 40,21124.0,2367.0,Plot area 263(219.9 sq.m.),9,9,3+,3.0,North-West,Moderately Old,,2367.0,,0,1,1,0,0,2,74.0,263.0
flat,ireo skyon,3.75,sector 60,13392.0,2800.0,Super Built up area 2800(260.13 sq.m.),4,5,3,15.0,South,Relatively New,2800.0,,,0,1,0,0,0,1,174.0,700.0
flat,godrej nature plus,1.4,sector-33 sohna,15124.0,926.0,Super Built up area 145Carpet area: 86 sq.m.,3,2,3+,20.0,,New Property,145.0,,86.0,0,0,0,0,0,1,125.0,308.6666666666667
flat,dlf the ultima,2.2,sector 81,10476.0,2100.0,Super Built up area 2100(195.1 sq.m.),3,4,3+,17.0,East,Relatively New,2100.0,,,0,1,0,0,0,0,38.0,700.0
flat,dlf the ultima,2.21,sector 81,10365.0,2132.0,Super Built up area 2132(198.07 sq.m.)Carpet area: 1650 sq.ft. (153.29 sq.m.),3,3,3+,3.0,South,Relatively New,2132.0,,1650.0,0,1,0,0,0,0,72.0,710.6666666666666
flat,m3m woodshire,1.01,sector 107,7394.0,1366.0,Super Built up area 1366(126.91 sq.m.)Built Up area: 1200 sq.ft. (111.48 sq.m.),2,2,3+,11.0,,New Property,1366.0,1200.0,,0,0,0,0,1,1,93.0,683.0
flat,ss the leaf,1.98,sector 85,8256.0,2398.0,Super Built up area 2408(223.71 sq.m.)Built Up area: 2399 sq.ft. (222.87 sq.m.)Carpet area: 2398 sq.ft. (222.78 sq.m.),3,4,3,12.0,West,Relatively New,2408.0,2399.0,2398.0,0,0,1,0,0,1,165.0,799.3333333333334
flat,shapoorji pallonji joyville gurugram,1.3,sector 102,17691.0,735.0,Super Built up area 1215(112.88 sq.m.)Built Up area: 1009 sq.ft. (93.74 sq.m.)Carpet area: 734.8 sq.ft. (68.27 sq.m.),2,2,3,0.0,East,Relatively New,1215.0,1009.0,734.8,0,0,1,0,0,1,31.0,367.5
flat,indiabulls centrum park,2.45,sector 103,8521.0,2875.0,Super Built up area 2875(267.1 sq.m.),4,4,3,11.0,East,Relatively New,2875.0,,,1,1,1,1,0,1,135.0,718.75
flat,sare crescent parc,0.5,sector 92,5000.0,1000.0,Super Built up area 1000(92.9 sq.m.),2,2,2,2.0,,Relatively New,1000.0,,,0,0,0,0,1,1,0.0,500.0
flat,imperia the esfera,0.86,sector 37c,5449.0,1578.0,Super Built up area 1578(146.6 sq.m.)Carpet area: 1310 sq.ft. (121.7 sq.m.),2,3,3,9.0,South-East,Relatively New,1578.0,,1310.0,1,0,0,0,1,1,65.0,789.0
flat,bestech park view residency,1.5,sector 23,7825.0,1917.0,Super Built up area 1920(178.37 sq.m.),3,4,3+,10.0,North-East,Moderately Old,1920.0,,,0,1,0,0,0,1,160.0,639.0
flat,ats tourmaline,1.75,sector 109,8139.0,2150.0,Super Built up area 2150(199.74 sq.m.)Built Up area: 1797 sq.ft. (166.95 sq.m.),3,4,3+,7.0,North-East,Relatively New,2150.0,1797.0,,0,1,0,0,0,1,160.0,716.6666666666666
flat,signature global the millennia 3,0.5,sector 37d,7142.0,700.0,Carpet area: 700 (65.03 sq.m.),3,3,2,2.0,,Under Construction,,,700.0,0,0,0,0,0,1,165.0,233.33333333333334
flat,mapsko mount ville,1.2,sector 79,8053.0,1490.0,Super Built up area 1490(138.43 sq.m.)Carpet area: 863.91 sq.ft. (80.26 sq.m.),3,3,3+,24.0,East,Relatively New,1490.0,,863.91,0,0,0,0,0,2,42.0,496.6666666666667
house,sheetla enclave,0.96,sector 5,10000.0,960.0,Plot area 945(87.79 sq.m.),2,4,2,3.0,,Moderately Old,,945.0,,0,0,1,1,0,2,138.0,480.0
flat,umang monsoon breeze,0.9,sector 78,4615.0,1950.0,Super Built up area 1950(181.16 sq.m.)Built Up area: 1900 sq.ft. (176.52 sq.m.)Carpet area: 1854 sq.ft. (172.24 sq.m.),3,3,2,1.0,,Moderately Old,1950.0,1900.0,1854.0,0,1,0,1,0,1,0.0,650.0
house,international city by sobha phase 1,6.0,sector 109,9634.0,6228.0,Plot area 692(578.6 sq.m.),5,5,3+,2.0,South-West,Relatively New,,6228.0,,1,1,1,1,0,1,152.0,1245.6
flat,suncity platinum towers,6.2,sector 25,23091.0,2685.0,Super Built up area 2685(249.44 sq.m.)Built Up area: 2000 sq.ft. (185.81 sq.m.)Carpet area: 1900 sq.ft. (176.52 sq.m.),3,4,3+,21.0,South,Relatively New,2685.0,2000.0,1900.0,0,1,0,0,0,2,7.0,895.0
flat,vatika sovereign park,2.45,sector 99,8812.0,2780.0,Super Built up area 2780(258.27 sq.m.),3,4,3,1.0,East,New Property,2780.0,,,0,1,0,0,0,2,174.0,926.6666666666666
house,,10.55,sector 50,32562.0,3240.0,Plot area 360(301.01 sq.m.),5,5,3,2.0,,Moderately Old,,3240.0,,1,1,0,0,0,1,60.0,648.0
house,international city by sobha phase 2,9.5,sector 109,26389.0,3600.0,Plot area 400(334.45 sq.m.),7,6,3,3.0,West,Relatively New,,3600.0,,1,1,0,1,0,1,67.0,514.2857142857143
flat,dlf regal gardens,1.29,sector 90,7103.0,1816.0,Super Built up area 1818(168.9 sq.m.)Built Up area: 1817 sq.ft. (168.8 sq.m.)Carpet area: 1816 sq.ft. (168.71 sq.m.),3,3,3+,12.0,South-East,Relatively New,1818.0,1817.0,1816.0,0,1,0,0,0,1,44.0,605.3333333333334
flat,prime habitat,0.27,sector 99a,5432.0,497.0,Carpet area: 497 (46.17 sq.m.),2,2,1,4.0,North-East,New Property,,,497.0,0,0,0,0,0,1,26.0,248.5
flat,dlf regal gardens,1.29,sector 90,9020.0,1430.0,Super Built up area 1702(158.12 sq.m.)Built Up area: 1540 sq.ft. (143.07 sq.m.)Carpet area: 1430 sq.ft. (132.85 sq.m.),3,3,3,7.0,East,Relatively New,1702.0,1540.0,1430.0,1,0,0,0,0,1,51.0,476.6666666666667
flat,experion the heartsong,1.6,sector 108,7988.0,2003.0,Super Built up area 2003(186.08 sq.m.)Built Up area: 1500.29 sq.ft. (139.38 sq.m.)Carpet area: 1140.98 sq.ft. (106 sq.m.),3,4,3+,3.0,South,Relatively New,2003.0,1500.29,1140.98,0,1,0,0,0,2,72.0,667.6666666666666
flat,sare green parc phase 3,0.95,sector 92,4856.0,1956.0,Super Built up area 1956(181.72 sq.m.),4,3,3,4.0,North,Moderately Old,1956.0,,,0,0,0,0,0,1,0.0,489.0
flat,emaar mgf emerald floors premier,2.36,sector 65,14303.0,1650.0,Super Built up area 1650(153.29 sq.m.),3,3,3,0.0,North-East,Relatively New,1650.0,,,1,1,0,0,0,2,0.0,550.0
flat,smart world gems,1.3,sector 89,9135.0,1423.0,Carpet area: 1423 (132.2 sq.m.),3,3,2,2.0,,New Property,,,1423.0,1,0,0,0,0,1,121.0,474.3333333333333
house,ardee city,5.5,sector 52,20370.0,2700.0,Plot area 300(27.87 sq.m.),9,9,3+,3.0,South,Moderately Old,,300.0,,0,1,0,1,1,2,0.0,300.0
flat,ild greens,0.75,sector 37c,5245.0,1430.0,Built Up area: 1430 (132.85 sq.m.),2,2,3+,13.0,East,Undefined,,1430.0,,0,0,0,0,0,1,138.0,715.0
flat,eldeco accolade,0.85,sohna,6724.0,1264.0,Super Built up area 1264(117.43 sq.m.)Carpet area: 730 sq.ft. (67.82 sq.m.),2,2,3,10.0,,New Property,1264.0,,730.0,0,0,0,0,0,1,0.0,632.0
flat,ramsons kshitij,0.4,sector 95,5839.0,685.0,Carpet area: 685 (63.64 sq.m.),3,2,2,6.0,,Undefined,,,685.0,0,0,0,0,0,1,97.0,228.33333333333334
house,dlf city plots,19.0,sector 26,42054.0,4518.0,Plot area 502(419.74 sq.m.),6,6,3,2.0,East,Relatively New,,4518.0,,1,1,0,0,0,2,103.0,753.0
flat,sare green parc,0.85,sector 92,6538.0,1300.0,Built Up area: 1300 (120.77 sq.m.),3,2,2,20.0,,Undefined,,1300.0,,0,0,0,0,0,1,55.0,433.3333333333333
flat,pioneer araya,9.95,sector 62,20995.0,4739.0,Super Built up area 4739(440.27 sq.m.)Carpet area: 3219 sq.ft. (299.05 sq.m.),4,6,3,12.0,South-East,Relatively New,4739.0,,3219.0,0,1,0,1,0,2,49.0,1184.75
flat,sanskriti apartments,2.5,sector 43,13513.0,1850.0,Super Built up area 1850(171.87 sq.m.),3,2,3,5.0,East,Old Property,1850.0,,,1,0,0,0,0,1,69.0,616.6666666666666
flat,aipl the peaceful homes,2.4,sector 70a,11162.0,2150.0,Super Built up area 2150(199.74 sq.m.),3,3,3,11.0,South-West,Relatively New,2150.0,,,0,1,0,0,0,1,0.0,716.6666666666666
flat,emaar mgf palm hills,1.5,sector 77,12744.0,1177.0,Super Built up area 1450(134.71 sq.m.)Carpet area: 1177 sq.ft. (109.35 sq.m.),3,3,3,4.0,North-East,Relatively New,1450.0,,1177.0,0,0,0,0,0,2,35.0,392.3333333333333
flat,vatika city homes,1.05,sector 83,8571.0,1225.0,Super Built up area 1740(161.65 sq.m.)Carpet area: 1225 sq.ft. (113.81 sq.m.),3,3,3,8.0,South-East,Moderately Old,1740.0,,1225.0,0,0,0,1,0,2,72.0,408.3333333333333
flat,orchid petals,2.09,sector 49,11578.0,1805.0,Super Built up area 1805(167.69 sq.m.),3,3,3,0.0,South,Relatively New,1805.0,,,0,0,0,0,0,1,119.0,601.6666666666666
flat,emaar mgf the palm drive,2.8,sector 66,14358.0,1950.0,Super Built up area 1950(181.16 sq.m.)Built Up area: 1920 sq.ft. (178.37 sq.m.)Carpet area: 1600 sq.ft. (148.64 sq.m.),3,3,2,12.0,East,New Property,1950.0,1920.0,1600.0,1,1,0,1,0,0,61.0,650.0
house,,1.34,sector 108,5000.0,2680.0,Built Up area: 2680 (248.98 sq.m.),1,1,No,1.0,,Undefined,,2680.0,,0,0,0,0,0,1,53.0,2680.0
house,,6.5,sector 25,22855.0,2844.0,Plot area 316(264.22 sq.m.),4,4,2,2.0,,Old Property,,2844.0,,0,0,0,1,0,1,64.0,711.0
flat,experion windchants,5.31,sector 112,11204.0,4739.0,Super Built up area 4739(440.27 sq.m.)Built Up area: 3573.33 sq.ft. (331.97 sq.m.)Carpet area: 3400 sq.ft. (315.87 sq.m.),4,6,3+,15.0,South,Relatively New,4739.0,3573.33,3400.0,0,1,0,1,0,1,94.0,1184.75
flat,suncity vatsal valley,1.28,sector 2,9552.0,1340.0,Carpet area: 1340 (124.49 sq.m.),3,3,3,1.0,North,Relatively New,,,1340.0,0,0,0,0,0,2,156.0,446.6666666666667
flat,tulip ivory,5.0,sector 70,10416.0,4800.0,Carpet area: 4800 (445.93 sq.m.),6,7,3+,0.0,,Relatively New,,,4800.0,1,1,0,0,0,1,43.0,800.0
flat,smart world orchard,2.0,sector 61,12911.0,1549.0,Carpet area: 1549 (143.91 sq.m.),3,3,2,3.0,,New Property,,,1549.0,0,0,0,0,1,1,49.0,516.3333333333334
flat,godrej frontier,1.6,sector 80,7000.0,2286.0,Super Built up area 2262(210.15 sq.m.),3,3,3,5.0,,Moderately Old,2262.0,,,0,1,0,0,0,1,174.0,762.0
house,,9.0,sector 25,28490.0,3159.0,Plot area 351(293.48 sq.m.),10,10,3,3.0,East,Old Property,,3159.0,,0,0,0,1,0,2,16.0,315.9
flat,tata primanti,3.25,sector 72,10545.0,3082.0,Super Built up area 3300(306.58 sq.m.),3,3,3,2.0,South,Moderately Old,3300.0,,,0,1,0,0,0,1,0.0,1027.3333333333333
flat,ashiana mulberry,0.9,sohna,6143.0,1465.0,Super Built up area 1465(136.1 sq.m.)Built Up area: 1100 sq.ft. (102.19 sq.m.)Carpet area: 1000 sq.ft. (92.9 sq.m.),2,2,3+,7.0,North-East,Moderately Old,1465.0,1100.0,1000.0,1,0,0,0,0,2,45.0,732.5
flat,ramprastha primera,1.02,sector 37d,6000.0,1700.0,Super Built up area 1700(157.94 sq.m.),3,2,3,22.0,,Under Construction,1700.0,,,0,0,0,0,0,1,42.0,566.6666666666666
flat,dlf regal gardens,2.05,sector 90,9000.0,2278.0,Super Built up area 2215(205.78 sq.m.),4,4,3+,5.0,,Relatively New,2215.0,,,0,0,0,0,0,2,126.0,569.5
flat,dlf the ultima,2.4,sector 81,11257.0,2132.0,Super Built up area 2132(198.07 sq.m.)Built Up area: 1800 sq.ft. (167.23 sq.m.)Carpet area: 1400 sq.ft. (130.06 sq.m.),3,3,2,10.0,North-West,Relatively New,2132.0,1800.0,1400.0,0,1,0,0,0,0,44.0,710.6666666666666
flat,signature the roselia,0.48,sector 95a,7164.0,670.0,Carpet area: 670 (62.25 sq.m.),2,2,2,6.0,,Relatively New,,,670.0,0,0,0,0,0,1,165.0,335.0
flat,ansal housing highland park,2.0,sector 103,7490.0,2670.0,Super Built up area 2670(248.05 sq.m.),4,5,3+,14.0,,New Property,2670.0,,,0,1,0,0,0,1,174.0,667.5
flat,malibu towers,2.45,sector 47,10698.0,2290.0,Carpet area: 2290 (212.75 sq.m.),3,4,2,1.0,,Old Property,,,2290.0,1,0,0,0,0,2,64.0,763.3333333333334
flat,m3m ikonic,1.8,sector 68,9230.0,1950.0,Super Built up area 1950(181.16 sq.m.)Built Up area: 1845 sq.ft. (171.41 sq.m.)Carpet area: 1530 sq.ft. (142.14 sq.m.),3,3,3+,18.0,North-East,Relatively New,1950.0,1845.0,1530.0,0,0,0,0,0,2,108.0,650.0
flat,experion the heartsong,0.97,sector 108,9238.0,1050.0,Carpet area: 1050 (97.55 sq.m.),2,2,3,10.0,North-East,Relatively New,,,1050.0,0,1,0,0,0,1,0.0,525.0
flat,dlf the ultima,2.7,sector 81,12802.0,2109.0,Carpet area: 2109 (195.93 sq.m.),3,3,3,15.0,North,Relatively New,,,2109.0,0,1,0,0,0,2,103.0,703.0
flat,raheja vedaanta,0.8,sector 108,4080.0,1961.0,Super Built up area 1838(170.76 sq.m.),3,3,3,9.0,North-East,Relatively New,1838.0,,,0,0,0,1,0,1,20.0,653.6666666666666
flat,pyramid urban,0.62,sector 67a,11854.0,523.0,Carpet area: 523 (48.59 sq.m.),2,2,2,2.0,South,Relatively New,,,523.0,0,0,0,0,0,1,100.0,261.5
flat,sare homes,1.18,sector 92,5207.0,2266.0,Carpet area: 2266 (210.52 sq.m.),4,4,3,8.0,North,Relatively New,,,2266.0,0,1,0,0,0,1,56.0,566.5
house,,5.7,sector 23,22634.0,2518.0,Plot area 270(225.75 sq.m.),9,9,3+,3.0,North-East,Moderately Old,,2430.0,,0,0,0,1,0,2,0.0,279.77777777777777
flat,signature global orchard avenue,0.85,sector 93,14237.0,597.0,Built Up area: 597 (55.46 sq.m.),2,2,0,10.0,,Undefined,,597.0,,0,0,0,0,0,1,49.0,298.5
flat,m3m skycity,2.8,sector 65,15317.0,1828.0,Built Up area: 1828 (169.83 sq.m.),3,3,0,14.0,,Undefined,,1828.0,,0,0,0,0,0,1,120.0,609.3333333333334
flat,ats kocoon,1.7,sector 109,12878.0,1320.0,Super Built up area 1745(162.12 sq.m.)Built Up area: 1550 sq.ft. (144 sq.m.)Carpet area: 1320 sq.ft. (122.63 sq.m.),3,3,3,22.0,East,Relatively New,1745.0,1550.0,1320.0,0,0,0,0,0,1,0.0,440.0
house,,10.56,sector 50,32593.0,3240.0,Plot area 360(301.01 sq.m.),5,5,3,3.0,,Moderately Old,,3240.0,,0,1,0,0,0,1,93.0,648.0
flat,godrej nature plus,1.62,sector-33 sohna,13974.0,1159.0,Built Up area: 129.42 Carpet area: 107.7 sq.m.,3,4,3+,3.0,North,New Property,,129.42,107.7,0,1,0,0,0,1,112.0,386.3333333333333
flat,godrej nature plus,1.2,sector-33 sohna,13369.0,898.0,Carpet area: 76.44,2,2,0,11.0,,Under Construction,,,76.44,0,0,0,0,0,1,0.0,449.0
house,,6.25,sector 48,6944.0,9001.0,Plot area 1000(836.13 sq.m.),3,3,No,1.0,,Moderately Old,,9000.0,,0,0,0,0,0,1,0.0,3000.3333333333335
flat,signature global solera,0.5,sector 107,7751.0,645.0,Carpet area: 645 (59.92 sq.m.),3,2,2,6.0,North-East,Relatively New,,,645.0,0,0,0,0,1,1,37.0,215.0
flat,godrej summit,0.82,sector 104,9854.0,832.0,Carpet area: 77.31,2,2,3,12.0,,Relatively New,,,77.31,1,0,0,0,0,1,67.0,416.0
flat,essel tower,2.2,sector 28,12500.0,1760.0,Carpet area: 1760 (163.51 sq.m.),3,4,3+,3.0,,Moderately Old,,,1760.0,0,1,0,0,0,0,132.0,586.6666666666666
flat,indiabulls centrum park,1.34,sector 103,7486.0,1790.0,Super Built up area 1790(166.3 sq.m.)Carpet area: 1350 sq.ft. (125.42 sq.m.),3,3,3+,13.0,South-East,Relatively New,1790.0,,1350.0,1,0,0,0,0,1,160.0,596.6666666666666
house,puri diplomatic greens,9.0,sector 111,11250.0,8000.0,Built Up area: 8000 (743.22 sq.m.),5,5,3+,3.0,North-East,Relatively New,,8000.0,,0,1,0,0,0,1,33.0,1600.0
flat,ramson kshitij sec-95 gurugram,0.27,sector 95,2700.0,1000.0,Super Built up area 1000(92.9 sq.m.)Carpet area: 550 sq.ft. (51.1 sq.m.),2,2,0,1.0,West,Undefined,1000.0,,550.0,0,0,0,0,0,1,113.0,500.0
house,,0.55,sector 12,4583.0,1200.0,Carpet area: 1200 (111.48 sq.m.),2,2,No,2.0,North-East,Undefined,,,1200.0,0,0,0,0,0,1,165.0,600.0
flat,hcbs sports ville,0.25,sohna,4166.0,600.0,Built Up area: 600 (55.74 sq.m.),1,1,1,12.0,,Relatively New,,600.0,,0,0,0,0,0,1,42.0,600.0
flat,ss the leaf,2.1,sector 85,7467.0,2812.0,Super Built up area 2812(261.24 sq.m.),4,5,3+,9.0,East,Relatively New,2812.0,,,0,0,0,0,0,2,136.0,703.0
flat,shapoorji pallonji joyville gurugram,0.96,sector 102,10491.0,915.0,Super Built up area 915(85.01 sq.m.),2,2,2,10.0,East,Relatively New,915.0,,,0,0,0,0,0,1,49.0,457.5
house,birla navya,3.85,sector 63a,15437.0,2494.0,Carpet area: 2494 (231.7 sq.m.),3,3,3+,4.0,,New Property,,,2494.0,0,1,0,0,0,2,37.0,831.3333333333334
house,eldeco mansionz,4.75,sector 48,20299.0,2340.0,Plot area 260(217.39 sq.m.),7,7,3,2.0,North-East,Moderately Old,,2340.0,,1,0,0,0,0,2,107.0,334.2857142857143
flat,m3m woodshire,0.94,sector 107,6881.0,1366.0,Super Built up area 1366(126.91 sq.m.),2,2,3+,1.0,East,Moderately Old,1366.0,,,0,0,0,0,0,1,49.0,683.0
flat,dlf the skycourt,1.59,sector 86,8242.0,1929.0,Super Built up area 1929(179.21 sq.m.)Built Up area: 1700 sq.ft. (157.94 sq.m.)Carpet area: 1548 sq.ft. (143.81 sq.m.),3,3,3,17.0,East,Relatively New,1929.0,1700.0,1548.0,0,0,0,0,1,2,16.0,643.0
flat,city heights,1.75,sector 39,8750.0,2000.0,Carpet area: 2000 (185.81 sq.m.),3,4,3,3.0,,Old Property,,,2000.0,0,1,0,0,0,0,23.0,666.6666666666666
flat,dlf new town heights,1.25,sector 90,6476.0,1930.0,Super Built up area 1930(179.3 sq.m.)Built Up area: 1929 sq.ft. (179.21 sq.m.)Carpet area: 1928 sq.ft. (179.12 sq.m.),3,3,3+,6.0,West,Relatively New,1930.0,1929.0,1928.0,0,1,0,1,0,1,74.0,643.3333333333334
flat,smart world gems,0.97,sector 89,8794.0,1103.0,Built Up area: 1103 (102.47 sq.m.),2,2,3+,2.0,East,New Property,,1103.0,,0,0,0,0,0,1,0.0,551.5
house,,1.39,sector 28,11583.0,1200.0,Plot area 540(50.17 sq.m.)Built Up area: 1450 sq.ft. (134.71 sq.m.)Carpet area: 1200 sq.ft. (111.48 sq.m.),2,2,1,3.0,North-East,Old Property,,1450.0,1200.0,0,0,1,0,0,1,42.0,600.0
house,emaar mgf marbella,8.8,sector 66,41608.0,2115.0,Built Up area: 267 (223.25 sq.m.),4,4,3+,3.0,South-East,Relatively New,,267.0,,0,1,1,1,0,1,106.0,528.75
flat,satya the hermitage,1.12,sector 103,5625.0,1991.0,Super Built up area 1991(184.97 sq.m.)Carpet area: 1500 sq.ft. (139.35 sq.m.),3,4,3+,9.0,,New Property,1991.0,,1500.0,0,1,0,0,0,1,110.0,663.6666666666666
flat,emaar digihomes,4.25,sector 62,26562.0,1600.0,Carpet area: 1600 (148.64 sq.m.),3,3,3,8.0,,Under Construction,,,1600.0,1,0,0,0,0,1,72.0,533.3333333333334
flat,orchid island,0.71,sector 51,7891.0,900.0,Carpet area: 906 (84.17 sq.m.),2,2,1,4.0,,Relatively New,,,906.0,0,0,0,0,0,1,49.0,450.0
flat,sobha city,2.1,sector 108,13975.0,1503.0,Super Built up area 1381(128.3 sq.m.),2,2,2,3.0,,Under Construction,1381.0,,,0,0,0,0,0,1,55.0,751.5
house,,0.92,sector 3a phase 2,15257.0,603.0,Plot area 67(56.02 sq.m.),1,4,3,4.0,East,Moderately Old,,603.0,,0,0,0,0,1,1,0.0,603.0
flat,emaar palm heights,2.25,sector 77,11250.0,2000.0,Super Built up area 2000(185.81 sq.m.),3,3,3,22.0,,New Property,2000.0,,,0,1,0,0,0,2,44.0,666.6666666666666
house,,9.9,sector 25,29333.0,3375.0,Plot area 375(313.55 sq.m.),5,5,2,2.0,South-East,Moderately Old,,3375.0,,0,0,0,1,0,2,49.0,675.0
house,uppal southend,4.4,sector 49,15278.0,2880.0,Plot area 320(267.56 sq.m.),6,6,3,3.0,North,Moderately Old,,2880.0,,1,1,1,1,0,0,174.0,480.0
flat,chd avenue,1.1,sector 71,6790.0,1620.0,Super Built up area 1620(150.5 sq.m.),3,3,3,11.0,,Relatively New,1620.0,,,0,0,0,0,1,1,115.0,540.0
flat,microtek greenburg,1.25,sector 86,8445.0,1480.0,Super Built up area 1480(137.5 sq.m.),3,4,3,0.0,South-West,Relatively New,1480.0,,,1,0,0,0,0,1,107.0,493.3333333333333
flat,signature global solera,0.6,sector 107,8000.0,750.0,Built Up area: 750 (69.68 sq.m.)Carpet area: 650 sq.ft. (60.39 sq.m.),3,2,2,8.0,,Undefined,,750.0,650.0,0,0,0,0,0,1,115.0,250.0
flat,aipl the peaceful homes,2.6,sector 70a,12009.0,2165.0,Carpet area: 2165 (201.14 sq.m.),3,2,2,12.0,,Moderately Old,,,2165.0,0,1,0,0,0,1,27.0,721.6666666666666
flat,lagoon apartment,3.0,sector 24,12000.0,2500.0,Carpet area: 2500 (232.26 sq.m.),3,4,3,2.0,,Moderately Old,,,2500.0,0,0,0,0,0,1,49.0,833.3333333333334
house,iffco nagar and 17b rwa,3.5,sector 17,24306.0,1440.0,Plot area 1440(133.78 sq.m.),2,5,3,3.0,East,Old Property,,1440.0,,0,0,0,0,0,1,88.0,720.0
flat,professors enclave cghs,1.55,sector 56,7750.0,2000.0,Super Built up area 2000(185.81 sq.m.),3,3,3+,6.0,East,Moderately Old,2000.0,,,0,1,0,0,0,2,61.0,666.6666666666666
flat,tulip violet,1.4,sector 69,8928.0,1568.0,Super Built up area 1568(145.67 sq.m.)Carpet area: 1200 sq.ft. (111.48 sq.m.),3,3,1,12.0,North,Relatively New,1568.0,,1200.0,0,0,0,1,0,1,37.0,522.6666666666666
flat,m3m latitude,4.6,sector 65,26791.0,1717.0,Carpet area: 1717 (159.51 sq.m.),3,3,3,7.0,South,New Property,,,1717.0,1,1,1,1,0,1,158.0,572.3333333333334
flat,bptp terra,1.17,sector 37d,8297.0,1410.0,Super Built up area 1410(130.99 sq.m.),2,2,2,0.0,North-East,Relatively New,1410.0,,,0,0,0,0,0,1,159.0,705.0
flat,m3m capital,3.25,sector 113,14142.0,2298.0,Carpet area: 2298 (213.49 sq.m.),4,4,3+,34.0,,Under Construction,,,2298.0,1,1,0,1,0,1,8.0,574.5
house,,2.1,sector 38,23333.0,900.0,Plot area 100(83.61 sq.m.),2,7,3+,3.0,North-East,Relatively New,,900.0,,1,0,1,1,0,1,7.0,450.0
house,ansal api spanish court,2.9,sector 23,18626.0,1557.0,Plot area 173(144.65 sq.m.)Built Up area: 1415 sq.yards (1183.12 sq.m.)Carpet area: 1350 sq.yards (1128.77 sq.m.),4,4,3,2.0,North,Relatively New,,1415.0,1350.0,0,0,1,0,0,2,67.0,389.25
flat,dlf new town heights,1.15,sector 90,5958.0,1930.0,Super Built up area 1930(179.3 sq.m.),3,3,3+,9.0,North-West,Relatively New,1930.0,,,0,1,0,1,0,1,15.0,643.3333333333334
flat,smart world orchard,2.41,sector 61,14785.0,1630.0,Built Up area: 1630 (151.43 sq.m.)Carpet area: 1625 sq.ft. (150.97 sq.m.),3,3,3,2.0,East,New Property,,1630.0,1625.0,0,0,0,0,0,1,49.0,543.3333333333334
flat,signature global orchard avenue,0.4,sector 93,7359.0,544.0,Carpet area: 543.53 (50.5 sq.m.),2,2,2,11.0,,New Property,,,543.57695,0,0,0,0,0,1,93.0,272.0
flat,spaze privy at,1.24,sector 84,6465.0,1918.0,Super Built up area 1918(178.19 sq.m.)Built Up area: 1650 sq.ft. (153.29 sq.m.)Carpet area: 1550 sq.ft. (144 sq.m.),3,3,3,8.0,North-East,Relatively New,1918.0,1650.0,1550.0,1,0,0,0,0,2,0.0,639.3333333333334
flat,indiabulls enigma,4.1,sector 110,10567.0,3880.0,Super Built up area 3880(360.46 sq.m.)Built Up area: 3500 sq.ft. (325.16 sq.m.)Carpet area: 3000 sq.ft. (278.71 sq.m.),5,5,2,10.0,East,Relatively New,3880.0,3500.0,3000.0,0,1,0,0,0,1,174.0,776.0
house,,1.7,sector 10a,18888.0,900.0,Plot area 900(83.61 sq.m.),2,1,2,2.0,East,Old Property,,900.0,,0,0,0,0,1,1,0.0,450.0
flat,uphaar residency 2,0.42,sector 105,5600.0,750.0,Carpet area: 750 (69.68 sq.m.),3,2,1,0.0,East,Moderately Old,,,750.0,0,0,0,0,1,1,56.0,250.0
flat,emaar gurgaon greens,1.4,sector 102,13690.0,1023.0,Super Built up area 1650(153.29 sq.m.)Carpet area: 1022.58 sq.ft. (95 sq.m.),3,3,3,7.0,East,Relatively New,1650.0,,1022.58,0,1,0,0,0,1,89.0,341.0
flat,corona optus,1.44,sector 37c,7236.0,1990.0,Super Built up area 1990(184.88 sq.m.)Carpet area: 1600 sq.ft. (148.64 sq.m.),3,3,3+,2.0,North-West,Relatively New,1990.0,,1600.0,1,1,0,0,1,1,5.0,663.3333333333334
flat,emaar gurgaon greens,1.3,sector 102,7878.0,1650.0,Super Built up area 1650(153.29 sq.m.)Carpet area: 1155 sq.ft. (107.3 sq.m.),3,3,3,7.0,North-East,Relatively New,1650.0,,1155.0,0,1,0,0,0,1,8.0,550.0
flat,aipl peaceful homes,2.75,sector 70a,12791.0,2150.0,Built Up area: 2150 (199.74 sq.m.),3,3,3+,14.0,North-East,Undefined,,2150.0,,0,0,0,0,0,1,29.0,716.6666666666666
flat,dlf the ultima,2.3,sector 81,14375.0,1600.0,Super Built up area 2132(198.07 sq.m.)Carpet area: 1600 sq.ft. (148.64 sq.m.),3,4,3+,18.0,North-East,Relatively New,2132.0,,1600.0,0,1,0,0,0,0,79.0,533.3333333333334
flat,avl 36 gurgaon,0.45,sector 36a,9000.0,500.0,Super Built up area 500(46.45 sq.m.),1,1,1,9.0,,Relatively New,500.0,,,0,0,0,0,0,1,38.0,500.0
house,,4.25,sector 31,26235.0,1620.0,Plot area 204(170.57 sq.m.)Built Up area: 200 sq.yards (167.23 sq.m.)Carpet area: 180 sq.yards (150.5 sq.m.),5,5,3+,3.0,North-East,Moderately Old,,200.0,180.0,0,0,1,1,0,2,96.0,324.0
flat,avl 36 gurgaon,0.65,sector 36a,8953.0,726.0,Super Built up area 726(67.45 sq.m.),2,2,2,7.0,,Relatively New,726.0,,,0,0,0,0,0,1,0.0,363.0
flat,breez global heights,0.4,sohna,6420.0,623.0,Super Built up area 623(57.88 sq.m.)Carpet area: 599 sq.ft. (55.65 sq.m.),2,2,1,4.0,North-East,New Property,623.0,,599.0,0,0,0,0,0,1,72.0,311.5
flat,ild greens,1.05,sector 37c,7500.0,1400.0,Super Built up area 1875(174.19 sq.m.)Built Up area: 1500 sq.ft. (139.35 sq.m.)Carpet area: 1400 sq.ft. (130.06 sq.m.),3,3,3,4.0,,New Property,1875.0,1500.0,1400.0,0,0,0,0,0,2,81.0,466.6666666666667
flat,signature global the millennia 3,0.45,sector 37d,7627.0,590.0,Carpet area: 590 (54.81 sq.m.),2,3,2,8.0,,Under Construction,,,590.0,0,0,0,0,0,1,49.0,295.0
flat,godrej oasis,1.3,sector 88a,7258.0,1791.0,Carpet area: 1791 (166.39 sq.m.),3,3,3+,4.0,North-West,Relatively New,,,1791.0,0,0,0,0,0,1,166.0,597.0
flat,emaar digihomes,4.0,sector 62,14871.0,2690.0,Super Built up area 2588.79(240.51 sq.m.),3,3,3,18.0,North,New Property,2588.79,,,0,1,0,0,0,2,149.0,896.6666666666666
flat,spaze privvy the address,1.25,sector 93,6900.0,1812.0,Super Built up area 1805(167.69 sq.m.)Built Up area: 1350 sq.ft. (125.42 sq.m.)Carpet area: 1100 sq.ft. (102.19 sq.m.),3,4,2,12.0,North-East,Relatively New,1805.0,1350.0,1100.0,0,0,0,0,0,2,0.0,604.0
house,,16.0,sector 26,35556.0,4500.0,Plot area 500(418.06 sq.m.),5,6,3,2.0,North-East,Old Property,,4500.0,,0,0,0,0,0,1,125.0,900.0
flat,eldeco accolade,0.78,sohna,6170.0,1264.0,Super Built up area 1264(117.43 sq.m.),2,2,2,3.0,,Relatively New,1264.0,,,0,0,0,0,0,1,49.0,632.0
flat,krrish florence estate,1.65,sector 70,7764.0,2125.0,Super Built up area 2125(197.42 sq.m.),3,4,3+,27.0,North-East,New Property,2125.0,,,1,1,0,0,0,1,31.0,708.3333333333334
flat,imperia the esfera,1.1,sector 37c,5405.0,2035.0,Super Built up area 2035(189.06 sq.m.)Carpet area: 1760 sq.ft. (163.51 sq.m.),3,4,3,9.0,West,Relatively New,2035.0,,1760.0,1,1,0,0,0,1,0.0,678.3333333333334
flat,godrej icon,1.65,sector 88a,9041.0,1825.0,Super Built up area 1825(169.55 sq.m.),3,3,3,12.0,,New Property,1825.0,,,0,0,0,0,0,1,174.0,608.3333333333334
flat,sobha city,2.5,sector 108,14611.0,1711.0,Super Built up area 1711(158.96 sq.m.)Built Up area: 1480 sq.ft. (137.5 sq.m.)Carpet area: 1111.44 sq.ft. (103.26 sq.m.),3,3,2,19.0,East,New Property,1711.0,1480.0,1111.44,0,0,0,0,0,1,29.0,570.3333333333334
flat,bestech park view spa next,2.7,sector 67,11489.0,2350.0,Super Built up area 2350(218.32 sq.m.),4,4,3+,9.0,South-West,Moderately Old,2350.0,,,0,1,0,1,0,2,85.0,587.5
flat,raheja vedaanta,0.7,sector 108,4651.0,1505.0,Built Up area: 1505 (139.82 sq.m.),2,2,2,12.0,South,Undefined,,1505.0,,0,0,0,0,0,1,72.0,752.5
flat,conscient heritage max,1.78,sector 102,9218.0,1931.0,Super Built up area 1931(179.4 sq.m.),3,4,3+,5.0,East,Moderately Old,1931.0,,,0,1,0,0,0,1,0.0,643.6666666666666
flat,bptp terra,1.5,sector 37d,8255.0,1817.0,Super Built up area 1811(168.25 sq.m.)Carpet area: 1560 sq.ft. (144.93 sq.m.),3,3,3,12.0,South-West,Relatively New,1811.0,,1560.0,0,0,0,0,1,1,44.0,605.6666666666666
flat,suncity platinum towers,7.0,sector 25,22222.0,3150.0,Super Built up area 3150(292.64 sq.m.)Carpet area: 1913 sq.ft. (177.72 sq.m.),4,3,2,10.0,North,Moderately Old,3150.0,,1913.0,0,1,0,0,0,1,28.0,787.5
flat,sushant lok 1 builder floors,2.5,sector 43,12920.0,1935.0,Super Built up area 215(179.77 sq.m.),3,3,2,2.0,,New Property,215.0,,,0,0,0,0,0,1,45.0,645.0
flat,paras dews,0.92,sector 106,6642.0,1385.0,Super Built up area 1385(128.67 sq.m.)Built Up area: 940 sq.ft. (87.33 sq.m.)Carpet area: 845 sq.ft. (78.5 sq.m.),2,2,3+,2.0,East,Relatively New,1385.0,940.0,845.0,0,0,0,0,0,1,8.0,692.5
flat,smart world orchard,1.6,sector 61,13913.0,1150.0,Carpet area: 1150 (106.84 sq.m.),2,2,2,4.0,North-East,New Property,,,1150.0,1,0,0,0,1,1,49.0,575.0
flat,jammu and kashmir bank employees cghs,0.94,sector 9a,6064.0,1550.0,Carpet area: 1550 (144 sq.m.),3,3,2,5.0,East,Moderately Old,,,1550.0,0,0,0,0,0,2,79.0,516.6666666666666
flat,godrej oasis,1.38,sector 88a,6679.0,2066.0,Carpet area: 2066 (191.94 sq.m.),3,3,3+,7.0,North,Relatively New,,,2066.0,0,1,0,0,0,1,0.0,688.6666666666666
house,,7.0,sector 50,32407.0,2160.0,Built Up area: 240 (200.67 sq.m.),3,2,No,1.0,,Undefined,,240.0,,0,0,0,0,0,1,165.0,720.0
flat,hcbs sports ville,0.29,sohna,5587.0,519.0,Carpet area: 519 (48.22 sq.m.),2,2,1,4.0,,Relatively New,,,519.0,0,0,0,0,0,1,103.0,259.5
flat,ramsons kshitij,0.32,sector 95,4500.0,711.0,Super Built up area 700(65.03 sq.m.)Carpet area: 443.32 sq.ft. (41.19 sq.m.),2,2,1,8.0,,Relatively New,700.0,,443.32,0,0,0,0,1,0,120.0,355.5
flat,signature global solera,0.27,sector 107,5521.0,489.0,Carpet area: 489 (45.43 sq.m.),2,2,2,0.0,North-East,Relatively New,,,489.0,0,0,0,0,0,1,109.0,244.5
house,,2.5,new sector 23 phase 2,5472.0,4569.0,Plot area 4000(371.61 sq.m.),3,2,1,,,Old Property,,4000.0,,0,0,0,0,0,1,0.0,1523.0
flat,ss,1.18,sector 85,7170.0,1646.0,Super Built up area 1640(152.36 sq.m.)Built Up area: 1630 sq.ft. (151.43 sq.m.)Carpet area: 1620 sq.ft. (150.5 sq.m.),2,2,3,4.0,West,Relatively New,1640.0,1630.0,1620.0,0,0,0,0,0,1,111.0,823.0
flat,m3m capital,2.57,sector 113,15575.0,1650.0,Built Up area: 2060 (191.38 sq.m.)Carpet area: 1650 sq.ft. (153.29 sq.m.),4,5,3+,25.0,East,Under Construction,,2060.0,1650.0,1,0,0,0,0,2,108.0,412.5
house,,13.5,sector 25,19286.0,7000.0,Built Up area: 7000 (650.32 sq.m.),9,9,No,1.0,East,Relatively New,,7000.0,,0,0,0,0,0,1,128.0,777.7777777777778
flat,capital residences 360,1.69,sector 70a,8552.0,1976.0,Super Built up area 1976(183.58 sq.m.)Built Up area: 1900 sq.ft. (176.52 sq.m.)Carpet area: 1650 sq.ft. (153.29 sq.m.),3,3,3+,8.0,North-East,New Property,1976.0,1900.0,1650.0,0,1,0,0,0,1,145.0,658.6666666666666
flat,vatika gurgaon,1.25,sector 83,7812.0,1600.0,Super Built up area 2390(222.04 sq.m.)Carpet area: 1600 sq.ft. (148.64 sq.m.),4,4,3,12.0,South-West,Moderately Old,2390.0,,1600.0,0,1,0,0,0,1,166.0,400.0
flat,bptp terra,1.75,sector 37d,7987.0,2191.0,Super Built up area 2191(203.55 sq.m.)Built Up area: 2100 sq.ft. (195.1 sq.m.)Carpet area: 1800 sq.ft. (167.23 sq.m.),4,4,3,7.0,West,Relatively New,2191.0,2100.0,1800.0,0,0,0,0,1,2,23.0,547.75
flat,signature global park,0.79,sohna,7308.0,1081.0,Super Built up area 1081(100.43 sq.m.),3,2,3+,4.0,,Under Construction,1081.0,,,0,0,0,0,0,1,0.0,360.3333333333333
flat,gls arawali homes,0.32,sohna,6722.0,476.0,Built Up area: 476 (44.22 sq.m.),2,1,0,0.0,,Undefined,,476.0,,0,0,0,0,0,1,65.0,238.0
flat,signature global park,0.54,sohna,7200.0,750.0,Carpet area: 750 (69.68 sq.m.),2,2,2,4.0,North-East,Under Construction,,,750.0,0,0,0,0,0,1,174.0,375.0
flat,godrej,2.0,sector 79,8474.0,2360.0,Super Built up area 2366(219.81 sq.m.)Built Up area: 1963 sq.ft. (182.37 sq.m.)Carpet area: 1629 sq.ft. (151.34 sq.m.),3,4,3+,9.0,East,Relatively New,2366.0,1963.0,1629.0,0,1,0,0,0,1,22.0,786.6666666666666
flat,signature global park 4,1.0,sector 36 sohna,9900.0,1010.0,Carpet area: 1010 (93.83 sq.m.),3,2,3,2.0,,New Property,,,1010.0,0,0,0,0,0,1,34.0,336.6666666666667
house,eldeco mansionz,4.95,sector 48,20599.0,2403.0,Plot area 267(223.25 sq.m.),7,7,3+,2.0,South,Old Property,,2403.0,,1,1,1,1,0,2,65.0,343.2857142857143
flat,antriksh heights,0.9,sector 84,6206.0,1450.0,Super Built up area 1725(160.26 sq.m.)Built Up area: 1525 sq.ft. (141.68 sq.m.)Carpet area: 1450 sq.ft. (134.71 sq.m.),3,3,3+,12.0,North-East,Relatively New,1725.0,1525.0,1450.0,0,0,0,0,0,1,7.0,483.3333333333333
flat,signature andour heights,0.65,sector 71,10172.0,639.0,Super Built up area 639(59.37 sq.m.)Carpet area: 542 sq.ft. (50.35 sq.m.),2,2,1,10.0,South-West,Relatively New,639.0,,542.0,0,0,0,0,0,2,57.0,319.5
flat,511 sarahah tower,0.6,sector 8,8333.0,720.0,Carpet area: 720 (66.89 sq.m.),2,2,1,0.0,,New Property,,,720.0,0,0,0,1,0,0,0.0,360.0
flat,signature global park,0.54,sohna,7248.0,745.0,Carpet area: 745 (69.21 sq.m.),2,1,3,1.0,,New Property,,,745.0,0,0,0,0,0,1,0.0,372.5
flat,parsvnath exotica,4.8,sector 53,16580.0,2895.0,Super Built up area 2895(268.95 sq.m.)Built Up area: 2500 sq.ft. (232.26 sq.m.)Carpet area: 2200 sq.ft. (204.39 sq.m.),3,4,3+,8.0,North-East,Relatively New,2895.0,2500.0,2200.0,0,1,0,1,1,2,81.0,965.0
house,,5.0,sector 4,10101.0,4950.0,Plot area 550(459.87 sq.m.),3,3,2,1.0,North-East,Old Property,,4950.0,,0,0,0,0,0,1,56.0,1650.0
flat,unitech uniworld gardens,1.05,sector 47,10531.0,997.0,Carpet area: 997 (92.62 sq.m.),2,2,2,3.0,North-East,Relatively New,,,997.0,0,0,0,0,0,2,132.0,498.5
flat,signature andour heights,0.37,sector 71,8222.0,450.0,Built Up area: 450 (41.81 sq.m.)Carpet area: 366.48 sq.ft. (34.05 sq.m.),1,1,2,2.0,North-East,Relatively New,,450.0,366.48,0,0,0,0,0,1,27.0,450.0
house,suncity township,2.0,sector 54,3440.0,5814.0,Plot area 60Built Up area: 60 sq.m.Carpet area: 59 sq.m.,9,9,3,11.0,North,Relatively New,,60.0,59.0,0,1,0,0,0,0,92.0,646.0
flat,ambience creacions,3.5,sector 22,19444.0,1800.0,Carpet area: 1800 (167.23 sq.m.),3,4,3+,8.0,East,New Property,,,1800.0,0,1,0,0,0,2,23.0,600.0
house,unitech uniworld resorts,8.0,sector 33,17778.0,4500.0,Built Up area: 500 (418.06 sq.m.),6,5,3+,4.0,,Undefined,,500.0,,0,0,0,0,0,1,38.0,750.0
house,,1.5,sector 3,5000.0,3000.0,Built Up area: 3000 (278.71 sq.m.),6,1,No,1.0,,New Property,,3000.0,,0,0,0,0,0,1,46.0,500.0
flat,ganga apartment,0.55,sector 11,3352.0,1641.0,Super Built up area 1700(157.94 sq.m.)Built Up area: 1000 sq.ft. (92.9 sq.m.)Carpet area: 800 sq.ft. (74.32 sq.m.),2,2,1,3.0,North-East,Moderately Old,1700.0,1000.0,800.0,0,0,0,0,0,1,65.0,820.5
flat,irwo westend towers,0.65,sector 47,12059.0,539.0,Carpet area: 539 (50.07 sq.m.),1,1,2,3.0,,Old Property,,,539.0,0,0,0,0,0,1,49.0,539.0
flat,puri diplomatic greens,3.65,sector 111,12372.0,2950.0,Super Built up area 2950(274.06 sq.m.),4,5,3+,17.0,West,Moderately Old,2950.0,,,0,1,0,0,0,1,56.0,737.5
house,,6.46,sector 14,18889.0,3420.0,Plot area 380(317.73 sq.m.)Built Up area: 380 sq.yards (317.73 sq.m.)Carpet area: 300 sq.yards (250.84 sq.m.),5,5,2,3.0,East,Moderately Old,,380.0,300.0,1,1,0,1,0,2,135.0,684.0
flat,bestech park view residency,0.56,sector 23,8632.0,649.0,Carpet area: 651 (60.48 sq.m.),1,2,2,7.0,North-East,Moderately Old,,,651.0,0,0,0,0,0,1,37.0,649.0
house,,3.5,sector 9,13410.0,2610.0,Plot area 290(242.48 sq.m.),9,9,3+,3.0,North-East,Relatively New,,2610.0,,1,0,0,0,0,1,60.0,290.0
flat,ireo the corridors,1.5,sector 67a,11111.0,1350.0,Carpet area: 1350 (125.42 sq.m.),2,2,2,10.0,,Relatively New,,,1350.0,0,0,1,0,0,2,174.0,675.0
flat,dlf the grove,5.7,sector 54,41245.0,1382.0,Built Up area: 1382 (128.39 sq.m.),3,3,3,1.0,East,Undefined,,1382.0,,0,0,0,0,0,1,101.0,460.6666666666667
flat,earth copia,0.7,sector 112,4673.0,1498.0,Built Up area: 1498 (139.17 sq.m.),2,2,2,4.0,East,Relatively New,,1498.0,,0,0,0,0,0,1,45.0,749.0
flat,the lions cghs,2.05,sector 56,8541.0,2400.0,Carpet area: 2400 (222.97 sq.m.),4,4,3+,8.0,West,Moderately Old,,,2400.0,0,0,0,0,0,2,104.0,600.0
flat,godrej nature plus,1.75,sector-33 sohna,8768.0,1996.0,Built Up area: 1996 (185.43 sq.m.),3,3,0,2.0,,Undefined,,1996.0,,0,0,0,0,0,1,49.0,665.3333333333334
flat,indiabulls centrum park,1.15,sector 103,7765.0,1481.0,Super Built up area 1481(137.59 sq.m.)Built Up area: 1250 sq.ft. (116.13 sq.m.),2,2,3,8.0,North-East,Relatively New,1481.0,1250.0,,1,0,0,0,0,2,49.0,740.5
flat,signature the serenas,0.5,sohna,9406.0,532.0,Carpet area: 531.57 (49.38 sq.m.),2,2,2,6.0,,New Property,,,531.521382,0,0,0,0,0,1,49.0,266.0
flat,bestech park view sanskruti,1.6,sector 92,7547.0,2120.0,Super Built up area 2120(196.95 sq.m.)Carpet area: 1450 sq.ft. (134.71 sq.m.),3,3,3,10.0,East,Relatively New,2120.0,,1450.0,0,1,0,0,0,2,110.0,706.6666666666666
flat,ss the leaf,1.93,sector 85,8075.0,2390.0,Super Built up area 2408(223.71 sq.m.)Built Up area: 2400 sq.ft. (222.97 sq.m.)Carpet area: 2390 sq.ft. (222.04 sq.m.),3,4,3,7.0,North-East,Relatively New,2408.0,2400.0,2390.0,0,1,0,0,0,1,50.0,796.6666666666666
house,unitech aspen greens,12.0,sector 50,37037.0,3240.0,Plot area 360(301.01 sq.m.),3,4,2,1.0,East,Moderately Old,,3240.0,,1,1,0,0,0,2,174.0,1080.0
flat,m3m soulitude,1.32,sector 89,16923.0,780.0,Carpet area: 780 (72.46 sq.m.),3,3,3,1.0,,Under Construction,,,780.0,0,0,0,0,0,1,7.0,260.0
flat,emaar mgf palm hills,1.25,sector 77,8620.0,1450.0,Carpet area: 1450 (134.71 sq.m.),3,4,3,1.0,West,Relatively New,,,1450.0,0,1,0,0,0,2,0.0,483.3333333333333
flat,hero homes,1.4,sector 104,15826.0,885.0,Super Built up area 1389(129.04 sq.m.)Carpet area: 884.58 sq.ft. (82.18 sq.m.),3,2,2,4.0,North,Under Construction,1389.0,,884.58,0,0,0,0,0,1,126.0,295.0
flat,green court,0.47,sector 90,6811.0,690.0,Carpet area: 690 (64.1 sq.m.),2,2,1,0.0,East,New Property,,,690.0,0,0,0,0,0,1,49.0,345.0
flat,conscient habitat,0.27,sector 99a,5599.0,482.0,Carpet area: 484 (44.97 sq.m.),2,2,1,8.0,South-West,Relatively New,,,484.0,0,0,0,0,1,1,26.0,241.0
flat,shree vardhman flora,1.3,sector 90,5252.0,2475.0,Super Built up area 2475(229.94 sq.m.)Carpet area: 1825 sq.ft. (169.55 sq.m.),4,5,2,9.0,North-East,Relatively New,2475.0,,1825.0,1,1,0,0,0,1,150.0,618.75
flat,ramsons kshitij,0.29,sector 95,5178.0,560.0,Super Built up area 560(52.03 sq.m.),2,2,2,14.0,,Relatively New,560.0,,,0,0,0,0,0,1,38.0,280.0
flat,la vida by tata housing,1.38,sector 113,12000.0,1150.0,Super Built up area 1573(146.14 sq.m.)Built Up area: 1350 sq.ft. (125.42 sq.m.)Carpet area: 1150 sq.ft. (106.84 sq.m.),2,2,3,8.0,South-West,New Property,1573.0,1350.0,1150.0,1,0,0,0,0,1,57.0,575.0
flat,breez global heights,0.39,sohna,4105.0,5800.0,Super Built up area 950(88.26 sq.m.)Built Up area: 720 sq.ft. (66.89 sq.m.)Carpet area: 610 sq.ft. (56.67 sq.m.),2,2,2,3.0,,Relatively New,950.0,720.0,610.0,0,0,0,0,0,1,152.0,2900.0
house,,11.25,sector 28,34722.0,3240.0,Plot area 360(301.01 sq.m.),9,9,3+,2.0,North,Moderately Old,,3240.0,,0,1,1,1,0,2,112.0,360.0
flat,m3m soulitude,1.25,sector 89,8784.0,1423.0,Carpet area: 1423 (132.2 sq.m.),3,3,2,3.0,,New Property,,,1423.0,1,0,0,0,0,1,49.0,474.3333333333333
flat,swarn jayanti cghs,1.75,sector 76,7608.0,2300.0,Super Built up area 2300(213.68 sq.m.)Built Up area: 1900 sq.ft. (176.52 sq.m.)Carpet area: 1800 sq.ft. (167.23 sq.m.),4,3,3+,3.0,North-West,Old Property,2300.0,1900.0,1800.0,0,0,0,0,1,2,0.0,575.0
flat,dlf the icon,6.0,sector 43,26087.0,2300.0,Carpet area: 2300 (213.68 sq.m.),4,4,3+,18.0,North-East,Old Property,,,2300.0,0,1,0,0,0,2,55.0,575.0
flat,godrej nature plus,1.7,sector-33 sohna,12592.0,1350.0,Carpet area: 1350 (125.42 sq.m.),3,3,3+,6.0,,New Property,,,1350.0,0,1,0,0,0,1,12.0,450.0
house,,4.25,sector 46,23148.0,1836.0,Plot area 204(170.57 sq.m.),5,4,2,3.0,North-East,Moderately Old,,1836.0,,0,0,1,0,0,2,31.0,367.2
flat,adani m2k oyster grande,2.5,sector 102,7817.0,3198.0,Super Built up area 3198(297.1 sq.m.)Built Up area: 2600 sq.ft. (241.55 sq.m.)Carpet area: 2350 sq.ft. (218.32 sq.m.),4,5,3+,10.0,North-East,Relatively New,3198.0,2600.0,2350.0,0,1,0,1,0,2,174.0,799.5
house,huda floor,4.0,sector 38,22222.0,1800.0,Plot area 1800(167.23 sq.m.)Built Up area: 4800 sq.ft. (445.93 sq.m.)Carpet area: 3800 sq.ft. (353.03 sq.m.),4,9,3+,2.0,East,Relatively New,,4800.0,3800.0,0,0,1,1,0,2,23.0,450.0
house,nul,15.0,sector 25,23437.0,6400.0,Built Up area: 6400 (594.58 sq.m.),5,5,3,2.0,West,Moderately Old,,6400.0,,1,1,0,1,0,2,158.0,1280.0
flat,orchid petals,2.45,sector 49,11887.0,2061.0,Super Built up area 2061(191.47 sq.m.),3,3,3,0.0,North-East,Relatively New,2061.0,,,1,0,0,0,0,1,44.0,687.0
house,,4.5,sector 14,20000.0,2250.0,Carpet area: 2500 (232.26 sq.m.),5,5,1,1.0,,Relatively New,,,2500.0,0,0,0,0,0,1,167.0,450.0
flat,emaar palm gardens,1.8,sector 83,9474.0,1900.0,Built Up area: 1900 (176.52 sq.m.),3,4,0,9.0,,Undefined,,1900.0,,0,0,0,0,0,1,95.0,633.3333333333334
house,,0.82,sector 8,9111.0,900.0,Plot area 100(83.61 sq.m.),2,3,3,2.0,North,Moderately Old,,900.0,,0,0,0,0,0,1,174.0,450.0
flat,bptp terra,1.72,sector 37d,7850.0,2191.0,Super Built up area 2191(203.55 sq.m.),3,3,3+,10.0,South-East,Relatively New,2191.0,,,0,1,0,0,0,1,174.0,730.3333333333334
flat,dlf the primus,2.95,sector 82a,11451.0,2576.0,Super Built up area 2576(239.32 sq.m.)Carpet area: 1700 sq.ft. (157.94 sq.m.),4,5,3+,10.0,North-East,Relatively New,2576.0,,1700.0,0,1,0,0,0,0,37.0,644.0
flat,hsiidc sidco aravali,0.9,sector 1 imt manesar,3477.0,2588.0,Super Built up area 2588(240.43 sq.m.)Built Up area: 1900 sq.ft. (176.52 sq.m.),3,3,3+,8.0,East,Moderately Old,2588.0,1900.0,,0,1,0,0,0,1,150.0,862.6666666666666
flat,signature global park,0.72,sohna,5991.0,1202.0,Super Built up area 1210(112.41 sq.m.),2,2,3,3.0,North-West,Relatively New,1210.0,,,0,0,0,1,0,1,44.0,601.0
flat,bestech altura,2.55,sector 79,9532.0,2675.0,Built Up area: 2675 (248.52 sq.m.),4,5,2,4.0,East,New Property,,2675.0,,0,1,0,0,0,1,124.0,668.75
flat,ireo the grand arch,3.8,sector 58,17560.0,2164.0,Super Built up area 2164(201.04 sq.m.)Built Up area: 1700 sq.ft. (157.94 sq.m.)Carpet area: 1600 sq.ft. (148.64 sq.m.),3,4,1,19.0,West,Moderately Old,2164.0,1700.0,1600.0,0,1,0,0,0,2,105.0,721.3333333333334
flat,avl 36 gurgaon,0.36,sector 36a,8990.0,400.0,Super Built up area 406(37.72 sq.m.)Carpet area: 402 sq.ft. (37.35 sq.m.),1,1,1,7.0,West,Relatively New,406.0,,402.0,0,0,0,0,0,1,160.0,400.0
flat,m3m woodshire,0.98,sector 107,6421.0,1526.0,Super Built up area 1534(142.51 sq.m.)Carpet area: 1056 sq.ft. (98.11 sq.m.),2,2,3,7.0,West,Relatively New,1534.0,,1056.0,1,0,0,0,0,2,58.0,763.0
flat,shree vardhman victoria,1.5,sector 70,7692.0,1950.0,Super Built up area 1950(181.16 sq.m.)Carpet area: 1161 sq.ft. (107.86 sq.m.),3,5,3,7.0,South,Relatively New,1950.0,,1161.0,0,1,0,0,0,2,15.0,650.0
flat,signature global synera,0.39,sector 81,6500.0,600.0,Carpet area: 600 (55.74 sq.m.),2,2,2,6.0,South-West,Relatively New,,,600.0,0,0,0,0,0,1,42.0,300.0
flat,bestech park view ananda,1.1,sector 81,6686.0,1645.0,Super Built up area 1645(152.83 sq.m.)Carpet area: 1034 sq.ft. (96.06 sq.m.),3,2,3+,5.0,East,Relatively New,1645.0,,1034.0,0,0,0,0,0,1,174.0,548.3333333333334
flat,micasa sec 68,1.5,sector 48,12244.0,1225.0,Carpet area: 1225 (113.81 sq.m.),2,2,3,11.0,,New Property,,,1225.0,0,0,0,0,0,1,72.0,612.5
flat,emaar mgf emerald floors premier,2.35,sector 65,14242.0,1650.0,Carpet area: 1650 (153.29 sq.m.),3,3,3,3.0,East,Relatively New,,,1650.0,1,1,0,0,0,2,152.0,550.0
flat,ansal housing highland park,1.25,sector 103,6443.0,1940.0,Super Built up area 1940(180.23 sq.m.)Carpet area: 1056 sq.ft. (98.11 sq.m.),3,3,3+,2.0,North-East,New Property,1940.0,,1056.0,0,0,0,1,0,1,113.0,646.6666666666666
house,dlf city plots phase 2,7.5,sector 25,31686.0,2367.0,Plot area 215(179.77 sq.m.),9,9,3+,4.0,West,Relatively New,,2300.5,,1,1,0,1,0,2,0.0,263.0
flat,ansal estella,1.5,sector 103,8670.0,1730.0,Super Built up area 1730(160.72 sq.m.)Carpet area: 1725 sq.ft. (160.26 sq.m.),3,3,3+,6.0,,Under Construction,1730.0,,1725.0,0,0,0,0,0,1,7.0,576.6666666666666
flat,ansal heights 86,0.95,sector 86,5621.0,1690.0,Carpet area: 1690 (157.01 sq.m.),3,2,1,6.0,,New Property,,,1690.0,0,0,0,0,0,1,61.0,563.3333333333334
flat,adarsh nagar,0.65,sector 12,6190.0,1050.0,Carpet area: 1050 (97.55 sq.m.),3,3,1,1.0,North-West,New Property,,,1050.0,0,0,0,0,0,2,139.0,350.0
flat,dlf the primus,2.85,sector 82a,10936.0,2606.0,Super Built up area 2606(242.11 sq.m.)Carpet area: 1800 sq.ft. (167.23 sq.m.),4,4,3+,2.0,North-East,New Property,2606.0,,1800.0,0,1,0,0,0,0,106.0,651.5
flat,eldeco accolade,0.95,sohna,6178.0,1538.0,Super Built up area 1457(135.36 sq.m.)Built Up area: 1050 sq.ft. (97.55 sq.m.)Carpet area: 849 sq.ft. (78.87 sq.m.),2,2,3+,8.0,South,Under Construction,1457.0,1050.0,849.0,1,0,0,0,1,1,156.0,769.0
flat,indiabulls enigma,3.4,sector 110,10000.0,3400.0,Super Built up area 3400(315.87 sq.m.)Built Up area: 3000 sq.ft. (278.71 sq.m.)Carpet area: 2800 sq.ft. (260.13 sq.m.),4,5,3,10.0,South-West,Relatively New,3400.0,3000.0,2800.0,0,1,0,0,0,1,72.0,850.0
flat,dlf new town heights,1.26,sector 86,6113.0,2061.0,Super Built up area 1930(179.3 sq.m.),3,3,3,5.0,West,Moderately Old,1930.0,,,0,1,0,0,1,1,114.0,687.0
flat,dlf city,2.02,sector 103,8080.0,2500.0,Super Built up area 2500(232.26 sq.m.),4,3,1,2.0,,New Property,2500.0,,,0,0,0,0,0,1,124.0,625.0
flat,shri ram apartments,0.32,sector 3a,3368.0,950.0,Carpet area: 950 (88.26 sq.m.),2,2,1,4.0,,Relatively New,,,950.0,0,0,0,0,0,2,45.0,475.0
flat,central park flower valley,3.3,sector-33 sohna,13750.0,2400.0,Carpet area: 2400 (222.97 sq.m.),3,3,3,2.0,,Under Construction,,,2400.0,1,1,1,1,0,1,21.0,800.0
flat,bptp terra,1.6,sector 37d,7302.0,2191.0,Super Built up area 2191(203.55 sq.m.)Built Up area: 2000 sq.ft. (185.81 sq.m.)Carpet area: 1800 sq.ft. (167.23 sq.m.),4,3,3+,7.0,North,Relatively New,2191.0,2000.0,1800.0,0,0,0,0,1,2,41.0,547.75
flat,dlf the ultima,2.35,sector 90,11233.0,2092.0,Super Built up area 2092(194.35 sq.m.)Carpet area: 1100 sq.ft. (102.19 sq.m.),3,4,3+,18.0,North,Relatively New,2092.0,,1100.0,0,1,0,0,0,1,65.0,697.3333333333334
flat,ss the leaf,1.25,sector 85,10888.0,1148.0,Super Built up area 1741(161.74 sq.m.)Carpet area: 1148 sq.ft. (106.65 sq.m.),2,2,3+,17.0,East,Relatively New,1741.0,,1148.0,0,0,1,0,0,1,76.0,574.0
flat,smart world gems,0.86,sector 89,7796.0,1103.0,Carpet area: 1103 (102.47 sq.m.),2,3,2,4.0,North-East,New Property,,,1103.0,1,1,0,1,0,2,21.0,551.5
flat,sare homes,0.82,sector 92,5384.0,1523.0,Super Built up area 1523(141.49 sq.m.)Built Up area: 1221.18 sq.ft. (113.45 sq.m.),3,3,3+,12.0,West,Relatively New,1523.0,1221.18,,0,0,0,0,0,1,37.0,507.6666666666667
house,,17.0,sector 26,37627.0,4518.0,Plot area 502(419.74 sq.m.),5,5,3+,2.0,North-East,Relatively New,,4518.0,,1,1,1,1,0,2,49.0,903.6
flat,smart world gems,1.1,sector 89,9972.0,1103.0,Built Up area: 1103 (102.47 sq.m.),3,1,0,0.0,,Undefined,,1103.0,,0,0,0,0,0,1,101.0,367.6666666666667
flat,ss the leaf,2.3,sector 85,8179.0,2812.0,Super Built up area 2812(261.24 sq.m.),4,4,3+,8.0,South,Relatively New,2812.0,,,0,1,0,0,0,1,127.0,703.0
house,,4.0,sector 26,29630.0,1350.0,Plot area 150(125.42 sq.m.),4,4,3,2.0,North,Old Property,,1350.0,,0,0,1,0,0,1,105.0,337.5
flat,orris carnation residency,1.1,sector 85,6686.0,1645.0,Super Built up area 1645(152.83 sq.m.)Carpet area: 1300 sq.ft. (120.77 sq.m.),3,4,3,6.0,East,Moderately Old,1645.0,,1300.0,0,1,0,0,0,0,95.0,548.3333333333334
flat,m3m golfestate,5.9,sector 65,17484.0,3375.0,Super Built up area 3363(312.43 sq.m.),3,3,3,18.0,North,Relatively New,3363.0,,,1,1,0,0,0,1,0.0,1125.0
flat,emaar mgf emerald floors premier,2.85,sector 65,14430.0,1975.0,Super Built up area 1975(183.48 sq.m.)Built Up area: 1800 sq.ft. (167.23 sq.m.),4,4,3,2.0,South-West,Relatively New,1975.0,1800.0,,1,1,0,0,0,1,159.0,493.75
flat,vipul lavanya,0.75,sector 81,5966.0,1257.0,Carpet area: 1257 (116.78 sq.m.),2,2,2,7.0,,Moderately Old,,,1257.0,0,0,0,0,0,1,38.0,628.5
flat,ambience creacions,1.99,sector 22,15546.0,1280.0,Super Built up area 1380(128.21 sq.m.)Built Up area: 1285 sq.ft. (119.38 sq.m.)Carpet area: 1280 sq.ft. (118.92 sq.m.),2,2,2,9.0,North-East,New Property,1380.0,1285.0,1280.0,0,0,0,0,0,1,32.0,640.0
flat,emaar digihomes,2.15,sector 62,14257.0,1508.0,Carpet area: 1508 (140.1 sq.m.),2,2,3,31.0,,Under Construction,,,1508.0,0,0,0,0,0,1,0.0,754.0
flat,ashiana anmol,0.88,sohna,11125.0,791.0,Super Built up area 1275(118.45 sq.m.)Carpet area: 791 sq.ft. (73.49 sq.m.),2,2,2,13.0,East,Relatively New,1275.0,,791.0,0,0,0,0,0,0,143.0,395.5
flat,pioneer park,1.6,sector 61,11594.0,1380.0,Carpet area: 1380 (128.21 sq.m.),2,2,2,21.0,,Relatively New,,,1380.0,0,1,0,0,0,1,74.0,690.0
flat,shree vardhman flora,1.0,sector 90,5128.0,1950.0,Super Built up area 1950(181.16 sq.m.),3,4,3,8.0,North-East,New Property,1950.0,,,0,1,0,0,0,1,144.0,650.0
flat,emaar the palm drive,3.9,sector 66,18636.0,2093.0,Built Up area: 2200 (204.39 sq.m.),3,4,3,2.0,,Relatively New,,2200.0,,0,0,0,0,0,1,16.0,697.6666666666666
flat,sbtl caladium,1.7,sector 109,6679.0,2545.0,Super Built up area 2545(236.44 sq.m.),3,3,3+,9.0,North-East,Relatively New,2545.0,,,0,1,0,0,0,1,138.0,848.3333333333334
flat,smart world gems,0.95,sector 89,8600.0,1105.0,Carpet area: 1103 (102.47 sq.m.),2,2,2,4.0,,New Property,,,1103.0,1,1,0,0,0,1,110.0,552.5
house,,3.5,sector 3,9210.0,3800.0,Built Up area: 3800 (353.03 sq.m.),1,1,No,1.0,,Undefined,,3800.0,,0,0,0,0,0,1,49.0,3800.0
flat,ss the leaf,1.1,sector 85,6318.0,1741.0,Super Built up area 1741(161.74 sq.m.)Carpet area: 1218 sq.ft. (113.16 sq.m.),2,2,3+,3.0,South-East,Relatively New,1741.0,,1218.0,0,0,1,0,0,1,49.0,870.5
flat,m3m woodshire,0.9,sector 107,5867.0,1534.0,Super Built up area 1534(142.51 sq.m.)Carpet area: 1056 sq.ft. (98.11 sq.m.),2,2,3,8.0,South,Relatively New,1534.0,,1056.0,1,0,0,0,0,2,77.0,767.0
flat,vatika city,1.72,sector 49,7818.0,2200.0,Carpet area: 2200 (204.39 sq.m.),3,3,2,2.0,North-East,Old Property,,,2200.0,0,0,0,0,0,2,0.0,733.3333333333334
flat,signature global park,0.54,sohna,6506.0,830.0,Carpet area: 830 (77.11 sq.m.),2,2,1,2.0,,Relatively New,,,830.0,0,0,0,0,0,1,150.0,415.0
house,international city by sobha phase 2,6.44,sector 109,26502.0,2430.0,Plot area 270(225.75 sq.m.),4,5,3+,3.0,North-East,New Property,,2430.0,,1,1,1,1,0,1,83.0,607.5
flat,godrej oasis,2.65,sector 88a,16747.0,1582.0,Carpet area: 124,3,3,3+,10.0,,New Property,,,124.0,0,0,0,0,0,1,55.0,527.3333333333334
flat,ramprastha skyz,1.1,sector 37d,6376.0,1725.0,Super Built up area 1725(160.26 sq.m.),3,3,3+,7.0,East,Under Construction,1725.0,,,0,0,0,0,0,1,72.0,575.0
flat,bestech park view sanskruti,1.55,sector 92,7769.0,1995.0,Super Built up area 1995(185.34 sq.m.),3,4,3,8.0,North,Relatively New,1995.0,,,0,1,0,0,0,1,31.0,665.0
flat,m3m golfestate,5.3,sector 65,24212.0,2189.0,Super Built up area 2850(264.77 sq.m.)Carpet area: 2189 sq.ft. (203.36 sq.m.),3,3,3,38.0,North-East,Moderately Old,2850.0,,2189.0,0,1,0,0,0,0,0.0,729.6666666666666
house,,3.5,sector 12a,14787.0,2367.0,Plot area 263(24.43 sq.m.)Built Up area: 4800 sq.ft. (445.93 sq.m.)Carpet area: 4400 sq.ft. (408.77 sq.m.),8,8,3+,3.0,South-East,Relatively New,,4800.0,4400.0,1,1,0,1,0,0,66.0,295.875
flat,sapphire eighty three,0.65,sector 83,9286.0,700.0,Built Up area: 700 (65.03 sq.m.),1,1,0,6.0,,Undefined,,700.0,,0,0,0,0,0,1,37.0,700.0
flat,indiabulls centrum park,1.33,sector 103,8580.0,1550.0,Super Built up area 1790(166.3 sq.m.)Carpet area: 1550 sq.ft. (144 sq.m.),3,3,3+,8.0,East,Relatively New,1790.0,,1550.0,1,0,0,0,0,1,49.0,516.6666666666666
flat,supertech hill town,0.75,sector-2 sohna,6250.0,1200.0,Super Built up area 1200(111.48 sq.m.),2,2,2,17.0,North,Under Construction,1200.0,,,1,0,0,1,1,1,21.0,600.0
flat,signature global solera,0.4,sector 107,6644.0,602.0,Super Built up area 602(55.93 sq.m.)Carpet area: 548 sq.ft. (50.91 sq.m.),2,2,1,7.0,,Relatively New,602.0,,548.0,0,0,0,0,0,2,42.0,301.0
flat,dlf regal gardens,1.24,sector 90,7065.0,1755.0,Super Built up area 1755(163.04 sq.m.)Built Up area: 1600 sq.ft. (148.64 sq.m.)Carpet area: 1400 sq.ft. (130.06 sq.m.),3,3,3+,9.0,South,Relatively New,1755.0,1600.0,1400.0,0,0,0,0,1,1,20.0,585.0
house,,8.0,sector 7,22222.0,3600.0,Plot area 400(334.45 sq.m.),4,5,3+,1.0,North-East,Old Property,,3600.0,,1,1,0,1,0,1,36.0,900.0
house,,0.6,sector 3a,6000.0,1000.0,Built Up area: 1000 (92.9 sq.m.),1,1,No,1.0,,Undefined,,1000.0,,0,0,0,0,0,1,128.0,1000.0
flat,imperia the esfera,0.9,sector 37c,6272.0,1435.0,Built Up area: 1435 (133.32 sq.m.)Carpet area: 1100 sq.ft. (102.19 sq.m.),3,3,3,9.0,East,Undefined,,1435.0,1100.0,0,0,0,0,0,1,49.0,478.3333333333333
flat,smart world gems,1.2,sector 89,8432.0,1423.0,Built Up area: 1423 (132.2 sq.m.),3,3,2,3.0,East,New Property,,1423.0,,1,0,0,0,1,1,122.0,474.3333333333333
flat,dlf new town heights,2.0,sector 90,7334.0,2727.0,Super Built up area 2727(253.35 sq.m.),4,4,3+,20.0,East,Moderately Old,2727.0,,,0,1,0,0,1,1,56.0,681.75
flat,rwa,0.48,sector 7,6000.0,800.0,Carpet area: 800 (74.32 sq.m.),3,2,1,1.0,North-East,New Property,,,800.0,0,0,0,0,0,1,152.0,266.6666666666667
flat,godrej habitat,1.25,sector 3,8656.0,1444.0,Super Built up area 1444(134.15 sq.m.)Carpet area: 913 sq.ft. (84.82 sq.m.),2,2,3,14.0,,Under Construction,1444.0,,913.0,0,0,0,0,0,1,160.0,722.0
flat,mapsko mount ville,1.28,sector 79,8557.0,1496.0,Super Built up area 1490(138.43 sq.m.)Carpet area: 1063.91 sq.ft. (98.84 sq.m.),3,3,3,16.0,South,Relatively New,1490.0,,1063.91,1,0,0,0,0,2,142.0,498.6666666666667
flat,ss the leaf,1.09,sector 85,6661.0,1636.0,Super Built up area 1640(152.36 sq.m.)Built Up area: 1475 sq.ft. (137.03 sq.m.)Carpet area: 1350 sq.ft. (125.42 sq.m.),2,2,3,5.0,North-East,Relatively New,1640.0,1475.0,1350.0,0,0,0,0,0,1,45.0,818.0
flat,smart world gems,0.95,sector 89,8903.0,1067.0,Super Built up area 1067(99.13 sq.m.)Carpet area: 578 sq.ft. (53.7 sq.m.),2,2,2,1.0,East,Under Construction,1067.0,,578.0,1,0,0,0,0,1,45.0,533.5
house,,2.2,sector 46,2689.0,8181.0,Plot area 101(84.45 sq.m.),3,3,2,3.0,North-West,Old Property,,909.0,,0,0,1,0,0,2,67.0,2727.0
flat,eldeco accolade,0.72,sohna,4975.0,1447.0,Super Built up area 1457(135.36 sq.m.)Carpet area: 849 sq.ft. (78.87 sq.m.),2,2,3+,12.0,East,Relatively New,1457.0,,849.0,1,0,0,0,0,1,21.0,723.5
flat,unitech sunbreeze,1.0,sector 69,5476.0,1826.0,Built Up area: 1826 (169.64 sq.m.),4,3,0,0.0,,Undefined,,1826.0,,0,0,0,0,0,1,129.0,456.5
flat,sare crescent parc,0.95,sector 92,5013.0,1895.0,Built Up area: 1895 (176.05 sq.m.)Carpet area: 1500 sq.ft. (139.35 sq.m.),4,5,3+,13.0,North,Undefined,,1895.0,1500.0,0,0,0,0,0,1,8.0,473.75
house,satya the legend,9.25,sector 57,16577.0,5580.0,Plot area 642(536.79 sq.m.)Built Up area: 630 sq.yards (526.76 sq.m.)Carpet area: 620 sq.yards (518.4 sq.m.),5,5,3+,4.0,North-East,Relatively New,,630.0,620.0,1,1,1,1,0,2,40.0,1116.0
house,,10.45,sector 50,38704.0,2700.0,Plot area 2700(250.84 sq.m.)Built Up area: 4000 sq.ft. (371.61 sq.m.),4,5,2,3.0,North,Moderately Old,,4000.0,,1,1,0,1,0,2,52.0,675.0
house,smart world gems,1.25,sector 89,8784.0,1423.0,Built Up area: 1423 (132.2 sq.m.),3,3,2,1.0,,Under Construction,,1423.0,,1,0,0,0,1,1,49.0,474.3333333333333
flat,smart world gems,1.71,sector 89,12000.0,1425.0,Built Up area: 1423 (132.2 sq.m.),3,2,0,3.0,,Undefined,,1423.0,,0,0,0,0,0,1,67.0,475.0
flat,central park resorts,9.3,sector 48,24926.0,3731.0,Super Built up area 3931(365.2 sq.m.)Built Up area: 3831 sq.ft. (355.91 sq.m.)Carpet area: 3731 sq.ft. (346.62 sq.m.),4,4,3+,10.0,North-East,Moderately Old,3931.0,3831.0,3731.0,1,1,1,1,0,2,125.0,932.75
flat,shyamkunj ashok vihar pahse 2,0.3,sector 5,4444.0,675.0,Carpet area: 675 (62.71 sq.m.),2,2,1,1.0,East,Relatively New,,,675.0,0,0,0,0,0,1,0.0,337.5
house,international city by sobha phase 2,7.0,sector 109,11240.0,6228.0,Plot area 692(578.6 sq.m.),5,5,3+,2.0,South,Relatively New,,6228.0,,0,1,0,0,0,1,157.0,1245.6
house,shri shyam residency,0.62,sector 104 1,12400.0,500.0,Plot area 500(46.45 sq.m.)Built Up area: 900 sq.ft. (83.61 sq.m.)Carpet area: 480 sq.ft. (44.59 sq.m.),3,3,1,2.0,,Moderately Old,,900.0,480.0,0,0,0,0,1,0,0.0,166.66666666666666
flat,orchid petals,2.23,sector 49,10969.0,2033.0,Super Built up area 2033(188.87 sq.m.),3,3,3,14.0,North,Relatively New,2033.0,,,0,0,0,0,1,1,0.0,677.6666666666666
flat,ansal housing highland park,0.88,sector 103,6429.0,1369.0,Super Built up area 1361(126.44 sq.m.),2,2,3,3.0,,New Property,1361.0,,,0,0,0,0,0,1,49.0,684.5
flat,eldeco accolade,0.71,sohna,4907.0,1447.0,Super Built up area 1457(135.36 sq.m.)Carpet area: 849 sq.ft. (78.87 sq.m.),2,2,3+,10.0,North-East,Relatively New,1457.0,,849.0,1,0,0,0,0,1,38.0,723.5
flat,greenopolis,0.9,sector 89,4700.0,1915.0,Built Up area: 1910 (177.44 sq.m.),3,3,0,14.0,,Under Construction,,1910.0,,0,0,0,0,0,1,125.0,638.3333333333334
flat,dlf the crest,11.0,sector 54,35223.0,3123.0,Super Built up area 3123(290.14 sq.m.),4,6,3,7.0,,Relatively New,3123.0,,,0,1,0,0,0,0,65.0,780.75
house,,0.37,sector 105,8222.0,450.0,Plot area 450(41.81 sq.m.),2,2,1,1.0,,Moderately Old,,450.0,,0,0,0,0,1,1,60.0,225.0
flat,tulip violet,1.38,sector 69,8972.0,1538.0,Super Built up area 1538(142.88 sq.m.),3,3,1,12.0,East,Relatively New,1538.0,,,0,0,0,0,0,1,13.0,512.6666666666666
house,,0.47,sector 3a phase 2,8012.0,587.0,Plot area 624(57.97 sq.m.),2,1,1,1.0,East,Moderately Old,,624.0,,0,0,1,0,0,1,0.0,293.5
flat,puri emerald bay,2.55,sector 104,10408.0,2450.0,Super Built up area 2450(227.61 sq.m.)Carpet area: 2150 sq.ft. (199.74 sq.m.),4,4,3+,5.0,East,Relatively New,2450.0,,2150.0,0,1,0,0,0,1,116.0,612.5
house,,4.5,sector 76,14286.0,3150.0,Plot area 14(354.1 sq.m.),9,9,3+,3.0,,Relatively New,,14.0,,1,0,0,1,1,2,119.0,350.0
flat,the lions cghs,2.09,sector 56,8708.0,2400.0,Super Built up area 2400(222.97 sq.m.)Built Up area: 2300 sq.ft. (213.68 sq.m.)Carpet area: 2200 sq.ft. (204.39 sq.m.),4,4,3+,7.0,East,Relatively New,2400.0,2300.0,2200.0,0,0,0,0,1,2,96.0,600.0
flat,tulip ivory,2.35,sector 70,9791.0,2400.0,Carpet area: 2400 (222.97 sq.m.),4,4,3+,10.0,East,Moderately Old,,,2400.0,0,1,0,0,0,2,0.0,600.0
house,,3.15,sector 57,20349.0,1548.0,Plot area 172(143.81 sq.m.),5,4,3+,2.0,North-East,Moderately Old,,1548.0,,0,0,1,0,0,2,0.0,309.6
flat,la vida by tata housing,1.85,sector 113,11716.0,1579.0,Super Built up area 1579(146.69 sq.m.),3,2,2,7.0,East,New Property,1579.0,,,0,0,0,0,0,1,65.0,526.3333333333334
flat,pareena coban residences,1.3,sector 99a,6510.0,1997.0,Built Up area: 1997 (185.53 sq.m.),3,3,0,16.0,,Undefined,,1997.0,,0,0,0,0,0,1,80.0,665.6666666666666
flat,signature global orchard avenue,0.85,sector 93,14237.0,597.0,Built Up area: 597 (55.46 sq.m.),2,2,0,10.0,,Undefined,,597.0,,0,0,0,0,0,1,0.0,298.5
flat,godrej aria,1.3,sector 79,8843.0,1470.0,Super Built up area 1470(136.57 sq.m.),2,2,2,7.0,,Relatively New,1470.0,,,1,0,0,0,0,2,53.0,735.0
flat,smart world orchard,2.45,sector 61,15800.0,1551.0,Super Built up area 1549(143.91 sq.m.)Carpet area: 939.37 sq.ft. (87.27 sq.m.),3,3,3,3.0,,New Property,1549.0,,939.37,1,1,0,0,0,1,0.0,517.0
flat,emaar palm gardens,1.8,sector 83,12000.0,1500.0,Carpet area: 1500 (139.35 sq.m.),3,4,3+,6.0,South-West,Relatively New,,,1500.0,0,1,0,0,0,2,28.0,500.0
house,,9.9,sector 105,49500.0,2000.0,Built Up area: 2000 (185.81 sq.m.)Carpet area: 1800 sq.ft. (167.23 sq.m.),2,2,2,3.0,North,Undefined,,2000.0,1800.0,0,0,0,0,0,1,88.0,1000.0
house,,0.37,sector 3a,7916.0,467.0,Built Up area: 480 (44.59 sq.m.),1,1,1,1.0,,Relatively New,,480.0,,0,0,0,0,0,1,37.0,467.0
flat,shree vardhman mantra,0.56,sector 67,7000.0,800.0,Carpet area: 800 (74.32 sq.m.),2,2,1,8.0,,New Property,,,800.0,0,0,0,0,0,1,74.0,400.0
flat,la vida by tata housing,1.45,sector 113,11363.0,1276.0,Super Built up area 1276(118.54 sq.m.)Carpet area: 904.01 sq.ft. (83.99 sq.m.),2,2,2,6.0,South,Relatively New,1276.0,,904.01,0,0,0,0,0,1,49.0,638.0
flat,ompee k s residency,1.6,new sector 23,2993.0,5346.0,Carpet area: 66 (55.18 sq.m.),2,2,2,1.0,,Relatively New,,,66.0,0,0,0,0,0,1,0.0,2673.0
flat,supertech araville,0.71,sector 79,6061.0,1171.0,Super Built up area 1295(120.31 sq.m.)Carpet area: 1250 sq.ft. (116.13 sq.m.),2,2,3+,17.0,North,New Property,1295.0,,1250.0,0,0,0,0,1,1,56.0,585.5
house,,0.35,sector 9,9722.0,360.0,Plot area 40(33.45 sq.m.),2,2,1,2.0,South-East,Old Property,,360.0,,0,0,0,0,0,1,86.0,180.0
flat,umang winter hills,1.4,sector 77,6340.0,2208.0,Built Up area: 1735 (161.19 sq.m.),3,3,3,10.0,North-East,Undefined,,1735.0,,0,0,0,0,0,1,39.0,736.0
flat,dlf regal gardens,1.19,sector 90,5505.0,2162.0,Super Built up area 1726(160.35 sq.m.),3,3,2,11.0,South-East,Relatively New,1726.0,,,0,0,0,0,1,1,128.0,720.6666666666666
flat,signature global city 37d ph 2,1.36,sector 37d,8846.0,1537.0,Built Up area: 1535 (142.61 sq.m.),3,3,3,1.0,North-East,Under Construction,,1535.0,,0,0,0,1,1,1,0.0,512.3333333333334
flat,pareena laxmi apartments,0.31,sector 99a,5904.0,525.0,Carpet area: 525 (48.77 sq.m.),2,2,2,6.0,East,New Property,,,525.0,0,0,0,0,0,1,108.0,262.5
flat,sare homes,0.6,sector 92,5000.0,1200.0,Carpet area: 1200 (111.48 sq.m.),3,2,3,4.0,,Moderately Old,,,1200.0,0,0,0,0,0,2,20.0,400.0
house,,2.8,sector 55,18667.0,1500.0,Built Up area: 1500 (139.35 sq.m.),4,4,No,2.0,,Undefined,,1500.0,,0,0,0,0,0,1,42.0,375.0
flat,assotech blith,0.92,sector 99,6739.0,1365.0,Super Built up area 1365(126.81 sq.m.),2,2,3+,22.0,,Under Construction,1365.0,,,0,0,0,0,0,1,95.0,682.5
flat,tulip violet,1.55,sector 69,9639.0,1608.0,Super Built up area 1608(149.39 sq.m.),3,3,2,2.0,East,Relatively New,1608.0,,,0,0,0,1,0,2,14.0,536.0
flat,ats tourmaline,1.5,sector 109,6976.0,2150.0,Super Built up area 2150(199.74 sq.m.)Built Up area: 1797 sq.ft. (166.95 sq.m.)Carpet area: 1670 sq.ft. (155.15 sq.m.),3,4,3+,4.0,North-West,Relatively New,2150.0,1797.0,1670.0,0,1,0,0,0,1,0.0,716.6666666666666
house,,0.53,nars,7095.0,747.0,Plot area 83(7.71 sq.m.)Built Up area: 84 sq.ft. (7.8 sq.m.)Carpet area: 82 sq.ft. (7.62 sq.m.),2,1,1,1.0,East,New Property,,84.0,82.0,0,0,1,0,0,2,159.0,373.5
house,,2.0,sector 49,7479.0,2674.0,Built Up area: 2674 (248.42 sq.m.),4,3,No,1.0,North,Undefined,,2674.0,,0,0,0,0,0,1,156.0,668.5
flat,shapoorji pallonji joyville gurugram,1.26,sector 102,10041.0,1255.0,Super Built up area 1215(112.88 sq.m.),2,2,2,10.0,North,Relatively New,1215.0,,,0,0,0,0,0,1,125.0,627.5
flat,signature global city 81,0.89,sector 81,8279.0,1075.0,Carpet area: 1075 (99.87 sq.m.),2,2,2,3.0,North,Under Construction,,,1075.0,0,0,0,0,1,1,174.0,537.5
house,,8.1,sector 26,35294.0,2295.0,Plot area 255(213.21 sq.m.),5,5,2,4.0,East,Old Property,,2295.0,,0,0,0,0,0,1,49.0,459.0
flat,experion the heartsong,2.0,sector 108,8554.0,2338.0,Super Built up area 2338(217.21 sq.m.),3,3,3+,14.0,East,Relatively New,2338.0,,,0,1,0,0,0,1,46.0,779.3333333333334
house,,2.1,sector 11,17284.0,1215.0,Plot area 135(112.88 sq.m.),2,6,3+,3.0,,Relatively New,,1215.0,,0,0,0,0,0,1,49.0,607.5
house,,0.62,sector 11,3588.0,1728.0,Built Up area: 192 (17.84 sq.m.),6,6,No,3.0,,Undefined,,192.0,,0,0,0,0,0,1,99.0,288.0
flat,indiabulls centrum park,2.36,sector 103,9182.0,2570.0,Super Built up area 2875(267.1 sq.m.)Carpet area: 2570 sq.ft. (238.76 sq.m.),4,6,3+,8.0,East,Relatively New,2875.0,,2570.0,0,1,0,0,0,2,49.0,642.5
flat,bestech park view spa next,2.35,sector 67,12144.0,1935.0,Super Built up area 1935(179.77 sq.m.),3,4,3+,14.0,South-West,Moderately Old,1935.0,,,0,1,0,0,0,2,144.0,645.0
flat,conscient heritage max,1.82,sector 102,9371.0,1942.0,Super Built up area 1942(180.42 sq.m.),3,4,3+,15.0,East,Moderately Old,1942.0,,,0,1,0,0,0,1,7.0,647.3333333333334
flat,tulip violet,1.31,sector 69,8517.0,1538.0,Super Built up area 1538(142.88 sq.m.),3,3,2,12.0,East,Relatively New,1538.0,,,0,0,0,1,0,2,128.0,512.6666666666666
flat,shree vardhman flora,0.7,sector 90,5177.0,1352.0,Carpet area: 1352 (125.6 sq.m.),2,3,2,7.0,North,Relatively New,,,1352.0,1,0,0,0,0,2,174.0,676.0
house,dlf the grove,5.7,sector 54,23457.0,2430.0,Built Up area: 270 (25.08 sq.m.),4,4,No,1.0,,Undefined,,270.0,,0,0,0,0,0,1,0.0,607.5
flat,shree vardhman victoria,1.65,sector 70,8461.0,1950.0,Super Built up area 1950(181.16 sq.m.)Carpet area: 1161 sq.ft. (107.86 sq.m.),3,4,3,5.0,South-East,Relatively New,1950.0,,1161.0,0,1,0,0,1,2,36.0,650.0
flat,sobha city,3.25,sector 108,15685.0,2072.0,Super Built up area 2072(192.5 sq.m.),3,3,3,12.0,North,Relatively New,2072.0,,,0,0,0,0,0,1,0.0,690.6666666666666
flat,ss the leaf,2.0,sector 85,8305.0,2408.0,Super Built up area 2408(223.71 sq.m.)Built Up area: 2300 sq.ft. (213.68 sq.m.)Carpet area: 2200 sq.ft. (204.39 sq.m.),3,4,3,6.0,North,Relatively New,2408.0,2300.0,2200.0,0,1,0,0,0,1,159.0,802.6666666666666
house,emaar mgf marbella,8.7,sector 66,38667.0,2250.0,Plot area 250(209.03 sq.m.)Built Up area: 267 sq.yards (223.25 sq.m.),4,5,2,3.0,East,New Property,,267.0,,1,1,0,0,0,1,27.0,562.5
house,unitech south city,5.88,sector 50,27222.0,2160.0,Plot area 240(200.67 sq.m.),3,9,3+,3.0,East,Relatively New,,2160.0,,1,1,0,1,1,0,0.0,720.0
flat,paras dews,1.15,sector 106,7419.0,1550.0,Super Built up area 1760(163.51 sq.m.)Built Up area: 1650 sq.ft. (153.29 sq.m.)Carpet area: 1550 sq.ft. (144 sq.m.),3,3,3,11.0,North-East,Relatively New,1760.0,1650.0,1550.0,0,1,0,1,0,2,149.0,516.6666666666666
house,,0.55,sector 3,5000.0,1100.0,Built Up area: 1100 (102.19 sq.m.),2,1,No,1.0,,Undefined,,1100.0,,0,0,0,0,0,1,0.0,550.0
house,palam vihar extension west zone rwa,0.4,sector 23 extension,4444.0,900.0,Plot area 900(83.61 sq.m.),3,4,2,2.0,West,Moderately Old,,900.0,,0,0,0,0,0,1,82.0,300.0
flat,hsiidc sidco shivalik apartments,0.85,sector 1 imt manesar,5102.0,1666.0,Super Built up area 1666(154.78 sq.m.),3,2,2,5.0,,Moderately Old,1666.0,,,0,0,0,0,0,1,44.0,555.3333333333334
flat,emaar gurgaon greens,1.45,sector 102,8787.0,1650.0,Super Built up area 1650(153.29 sq.m.),3,3,3,7.0,North-East,Relatively New,1650.0,,,0,1,0,0,0,1,98.0,550.0
house,,9.5,sector 17,23457.0,4050.0,Plot area 502(419.74 sq.m.)Built Up area: 500 sq.yards (418.06 sq.m.)Carpet area: 450 sq.yards (376.26 sq.m.),8,8,3,3.0,West,Relatively New,,500.0,450.0,1,0,0,0,0,2,62.0,506.25
flat,sapphire eighty three,0.65,sector 83,9286.0,700.0,Built Up area: 700 (65.03 sq.m.),1,1,0,6.0,,Undefined,,700.0,,0,0,0,0,0,1,66.0,700.0
house,,1.85,sector 1,16003.0,1156.0,Carpet area: 1156 (107.4 sq.m.),4,3,2,3.0,,Undefined,,,1156.0,0,0,0,0,0,1,61.0,289.0
flat,ireo victory valley,3.5,sector 67,14583.0,2400.0,Super Built up area 2698(250.65 sq.m.)Built Up area: 2490 sq.ft. (231.33 sq.m.)Carpet area: 2400 sq.ft. (222.97 sq.m.),3,4,3,24.0,North-East,Relatively New,2698.0,2490.0,2400.0,0,1,0,1,0,2,0.0,800.0
flat,suposhaa smartworld orchard,2.25,sector 61,14525.0,1549.0,Carpet area: 1549 (143.91 sq.m.),3,3,2,3.0,,Under Construction,,,1549.0,0,0,0,0,0,1,45.0,516.3333333333334
flat,bestech park view residency,0.95,sector 23,6713.0,1415.0,Super Built up area 1415(131.46 sq.m.),2,2,3,1.0,North-East,Moderately Old,1415.0,,,0,0,0,0,0,2,165.0,707.5
flat,la vida by tata housing,3.72,sector 113,13984.0,2660.0,Carpet area: 2660 (247.12 sq.m.),5,4,3+,0.0,,New Property,,,2660.0,0,0,0,1,0,0,35.0,532.0
flat,dlf regency park,1.91,sector 28,16608.0,1150.0,Carpet area: 1150 (106.84 sq.m.),2,2,2,11.0,,New Property,,,1150.0,0,0,0,0,0,0,128.0,575.0
flat,godrej aria,1.1,sector 79,11482.0,958.0,Super Built up area 89,2,2,3,9.0,,New Property,89.0,,,0,0,0,0,0,1,36.0,479.0
house,unitech escape,12.0,sector 50,37037.0,3240.0,Carpet area: 360 (301.01 sq.m.),5,6,3+,3.0,East,Undefined,,,360.0,0,0,0,0,0,1,0.0,648.0
house,satya the hermitage,3.15,sector 103,6702.0,4700.0,Built Up area: 4700 (436.64 sq.m.),4,5,No,12.0,East,Undefined,,4700.0,,0,0,0,0,0,1,49.0,1175.0
house,,0.32,sector 8,7111.0,450.0,Built Up area: 450 (41.81 sq.m.)Carpet area: 300 sq.ft. (27.87 sq.m.),2,3,1,1.0,North-East,Relatively New,,450.0,300.0,0,0,0,0,0,1,67.0,225.0
flat,central park resorts,15.0,sector 48,22388.0,6700.0,Carpet area: 6700 (622.45 sq.m.),5,6,3+,17.0,,Relatively New,,,6700.0,1,1,0,1,0,0,123.0,1340.0
flat,ats kocoon,2.2,sector 109,10501.0,2095.0,Super Built up area 2095(194.63 sq.m.)Built Up area: 1860 sq.ft. (172.8 sq.m.),3,4,3,13.0,West,Relatively New,2095.0,1860.0,,0,1,0,0,0,1,146.0,698.3333333333334
flat,oriental valley chs,1.5,sector 9a,8108.0,1850.0,Carpet area: 1850 (171.87 sq.m.),4,3,3+,8.0,,Moderately Old,,,1850.0,0,0,0,0,0,1,174.0,462.5
flat,bestech park view spa next,2.72,sector 67,11574.0,2350.0,Super Built up area 2350(218.32 sq.m.)Built Up area: 2250 sq.ft. (209.03 sq.m.)Carpet area: 2001 sq.ft. (185.9 sq.m.),4,4,3+,0.0,South-West,Relatively New,2350.0,2250.0,2001.0,0,1,0,1,0,2,0.0,587.5
flat,signature global city,1.1,sector 37d,8494.0,1295.0,Carpet area: 1295 (120.31 sq.m.),3,3,2,2.0,North,Under Construction,,,1295.0,0,0,0,0,0,1,0.0,431.6666666666667
flat,conscient elevate,3.9,sector 59,16993.0,2295.0,Built Up area: 2295 (213.21 sq.m.),3,1,0,0.0,,Undefined,,2295.0,,0,0,0,0,0,1,174.0,765.0
flat,ss,2.17,sector 85,7716.0,2812.0,Super Built up area 2812(261.24 sq.m.)Built Up area: 2600 sq.ft. (241.55 sq.m.)Carpet area: 2400 sq.ft. (222.97 sq.m.),4,4,3,7.0,North,Relatively New,2812.0,2600.0,2400.0,1,1,0,1,0,1,151.0,703.0
flat,tarc maceo,0.9,sector 91,6870.0,1310.0,Super Built up area 1310(121.7 sq.m.),2,2,2,13.0,East,Relatively New,1310.0,,,0,0,0,0,0,0,72.0,655.0
flat,experion the heartsong,0.87,sector 108,11845.0,734.0,Super Built up area 1283(119.19 sq.m.)Built Up area: 978.23 sq.ft. (90.88 sq.m.)Carpet area: 734.43 sq.ft. (68.23 sq.m.),2,3,3,2.0,South-West,Relatively New,1283.0,978.23,734.43,0,1,0,0,0,2,26.0,367.0
flat,pioneer araya,9.14,sector 62,19488.0,4690.0,Super Built up area 4690(435.72 sq.m.)Carpet area: 3258 sq.ft. (302.68 sq.m.),4,6,3,16.0,East,Relatively New,4690.0,,3258.0,1,1,1,0,0,2,0.0,1172.5
flat,the close north,2.92,sector 50,11209.0,2605.0,Super Built up area 2605(242.01 sq.m.)Built Up area: 2600 sq.ft. (241.55 sq.m.)Carpet area: 2100 sq.ft. (195.1 sq.m.),3,3,3,10.0,North,Moderately Old,2605.0,2600.0,2100.0,0,1,0,0,0,2,140.0,868.3333333333334
flat,shapoorji pallonji joyville gurugram,1.42,sector 102,10380.0,1368.0,Built Up area: 1368 (127.09 sq.m.),2,2,3,14.0,,Undefined,,1368.0,,0,0,0,0,0,1,165.0,684.0
house,,2.1,sector 70a,3889.0,5400.0,Carpet area: 600 (55.74 sq.m.),3,2,1,3.0,,New Property,,,600.0,0,0,0,0,0,1,79.0,1800.0
flat,ss the leaf,1.91,sector 85,5026.0,3800.0,Super Built up area 3950(366.97 sq.m.)Built Up area: 3890 sq.ft. (361.39 sq.m.)Carpet area: 3800 sq.ft. (353.03 sq.m.),4,6,3,6.0,North,Relatively New,3950.0,3890.0,3800.0,0,1,0,0,0,1,66.0,950.0
flat,mapsko mount ville,1.3,sector 79,8024.0,1620.0,Super Built up area 1620(150.5 sq.m.)Carpet area: 867.24 sq.ft. (80.57 sq.m.),3,3,2,6.0,West,Relatively New,1620.0,,867.24,1,0,0,1,0,1,108.0,540.0
flat,emaar imperial gardens,1.98,sector 102,9900.0,2000.0,Carpet area: 2000 (185.81 sq.m.),3,3,3+,9.0,North,Relatively New,,,2000.0,0,1,0,0,0,2,174.0,666.6666666666666
flat,chd avenue,1.1,sector 71,6104.0,1802.0,Super Built up area 1802(167.41 sq.m.),3,4,3,3.0,South,Moderately Old,1802.0,,,0,1,0,0,0,1,81.0,600.6666666666666
house,bhim nagar society,0.4,sector 6,2500.0,1600.0,Built Up area: 1600 (148.64 sq.m.)Carpet area: 800 sq.ft. (74.32 sq.m.),4,2,2,1.0,East,Undefined,,1600.0,800.0,0,0,0,0,0,1,122.0,400.0
flat,vatika city,2.64,sector 49,11725.0,2252.0,Super Built up area 2251.42(209.16 sq.m.)Built Up area: 1750.75 sq.ft. (162.65 sq.m.),3,4,3+,2.0,East,Moderately Old,2251.42,1750.75,,0,1,0,1,0,2,55.0,750.6666666666666
flat,shree vardhman flora,0.9,sector 90,4615.0,1950.0,Super Built up area 1950(181.16 sq.m.),3,4,3,4.0,East,Relatively New,1950.0,,,0,1,0,0,0,1,165.0,650.0
flat,prime habitat,0.26,sector 99a,4745.0,548.0,Carpet area: 550 (51.1 sq.m.),2,2,1,6.0,North-East,Relatively New,,,550.0,0,0,0,0,1,1,77.0,274.0
flat,rof ananda,0.38,sector 95,5899.0,644.0,Carpet area: 644.12 (59.84 sq.m.),3,2,1,2.0,South-East,Relatively New,,,644.111776,0,0,0,1,0,2,8.0,214.66666666666666
flat,shree kirpalu gi sector 52,1.45,sector 52,7631.0,1900.0,Super Built up area 1900(176.52 sq.m.)Built Up area: 1800 sq.ft. (167.23 sq.m.)Carpet area: 1700 sq.ft. (157.94 sq.m.),3,3,3+,7.0,West,Relatively New,1900.0,1800.0,1700.0,0,0,0,0,1,2,47.0,633.3333333333334
flat,la vida by tata housing,1.9,sector 113,18500.0,1027.0,Super Built up area 1579(146.69 sq.m.)Carpet area: 1027 sq.ft. (95.41 sq.m.),3,2,2,10.0,North-East,Relatively New,1579.0,,1027.0,0,0,0,1,0,2,71.0,342.3333333333333
flat,dlf new town heights,1.55,sector 90,6556.0,2364.0,Super Built up area 2364(219.62 sq.m.),4,4,3+,1.0,South-East,Relatively New,2364.0,,,0,1,0,1,0,1,62.0,591.0
flat,smart world gems,0.95,sector 89,8903.0,1067.0,Super Built up area 1067(99.13 sq.m.)Carpet area: 578 sq.ft. (53.7 sq.m.),2,2,2,1.0,East,Under Construction,1067.0,,578.0,1,0,0,0,0,1,54.0,533.5
flat,signature global solera,0.5,sector 107,7692.0,650.0,Super Built up area 546(50.73 sq.m.),2,2,1,11.0,,Relatively New,546.0,,,0,0,0,0,0,1,48.0,325.0
flat,tulip violet,1.8,sector 69,8955.0,2010.0,Super Built up area 2010(186.74 sq.m.),4,4,2,9.0,South-West,Relatively New,2010.0,,,0,0,0,1,0,2,120.0,502.5
flat,sare homes,0.8,sector 92,4694.0,1704.0,Carpet area: 1704 (158.31 sq.m.),4,4,3,1.0,North-East,Moderately Old,,,1704.0,0,0,0,0,0,1,104.0,426.0
house,huda housing board colony,4.6,sector 31,31507.0,1460.0,Plot area 1460(135.64 sq.m.),2,4,3+,3.0,East,Old Property,,1460.0,,0,0,0,0,1,1,159.0,730.0
flat,m3m capital,2.0,sector 113,12012.0,1665.0,Super Built up area 1665(154.68 sq.m.),3,3,2,24.0,,Under Construction,1665.0,,,0,0,0,0,0,1,174.0,555.0
flat,central park flower valley,1.79,sector-33 sohna,11251.0,1591.0,Super Built up area 1789(166.2 sq.m.),3,3,3,3.0,South,Old Property,1789.0,,,0,0,0,0,0,1,149.0,530.3333333333334
house,,0.75,sector 6,10518.0,713.0,Plot area 713(66.24 sq.m.),2,4,1,3.0,,Moderately Old,,713.0,,0,0,0,0,0,1,168.0,356.5
house,,2.25,sector 51,2778.0,8100.0,Plot area 100(83.61 sq.m.),6,3,3+,3.0,North-West,Relatively New,,900.0,,0,0,0,0,0,1,49.0,1350.0
flat,m3m heights,1.99,sector 65,15793.0,1260.0,Super Built up area 1260(117.06 sq.m.),2,2,2,26.0,,Under Construction,1260.0,,,0,0,0,0,0,1,99.0,630.0
flat,gls arawali homes,0.3,sohna,6243.0,481.0,Super Built up area 567(52.68 sq.m.)Carpet area: 480.53 sq.ft. (44.64 sq.m.),2,2,2,4.0,East,Relatively New,567.0,,480.53,0,0,0,0,0,0,49.0,240.5
flat,park view apartment,1.74,sector 56,7565.0,2300.0,Super Built up area 2450(227.61 sq.m.)Built Up area: 2400 sq.ft. (222.97 sq.m.)Carpet area: 2300 sq.ft. (213.68 sq.m.),3,3,3+,2.0,South,Old Property,2450.0,2400.0,2300.0,0,1,0,1,0,2,174.0,766.6666666666666
flat,ats kocoon,1.65,sector 109,10645.0,1550.0,Super Built up area 1745(162.12 sq.m.)Built Up area: 1650 sq.ft. (153.29 sq.m.)Carpet area: 1550 sq.ft. (144 sq.m.),3,3,3,19.0,East,Relatively New,1745.0,1650.0,1550.0,0,0,1,0,0,2,51.0,516.6666666666666
flat,mapsko royale ville,1.12,sector 82,8000.0,1400.0,Super Built up area 1790(166.3 sq.m.)Built Up area: 1500 sq.ft. (139.35 sq.m.)Carpet area: 1400 sq.ft. (130.06 sq.m.),3,4,2,6.0,North-West,Relatively New,1790.0,1500.0,1400.0,0,1,0,1,0,1,134.0,466.6666666666667
flat,corona optus,1.2,sector 37c,6916.0,1735.0,Super Built up area 1735(161.19 sq.m.)Built Up area: 1635 sq.ft. (151.9 sq.m.)Carpet area: 1535 sq.ft. (142.61 sq.m.),3,4,3,8.0,South-West,Relatively New,1735.0,1635.0,1535.0,0,0,0,0,0,1,42.0,578.3333333333334
flat,experion windchants,5.49,sector 112,11584.0,4739.0,Super Built up area 4739(440.27 sq.m.)Built Up area: 3655.35 sq.ft. (339.59 sq.m.),4,5,3+,5.0,South,Relatively New,4739.0,3655.35,,0,1,0,0,0,2,125.0,1184.75
flat,ramsons kshitij,0.19,sector 95,591.0,3215.0,Carpet area: 3212 (298.4 sq.m.),1,1,1,14.0,East,Relatively New,,,3212.0,0,0,0,0,0,1,36.0,3215.0
flat,m3m woodshire,0.88,sector 107,6442.0,1366.0,Super Built up area 1366(126.91 sq.m.),2,2,3+,3.0,East,Relatively New,1366.0,,,0,0,0,0,0,1,49.0,683.0
flat,tulip yellow,1.8,sector 69,10563.0,1704.0,Carpet area: 1704 (158.31 sq.m.),3,3,3,14.0,East,Under Construction,,,1704.0,0,0,0,0,0,1,97.0,568.0
flat,m3m skywalk,1.5,sector 74,12500.0,1200.0,Super Built up area 1400(130.06 sq.m.)Built Up area: 1300 sq.ft. (120.77 sq.m.)Carpet area: 1200 sq.ft. (111.48 sq.m.),2,2,3,17.0,North-East,Relatively New,1400.0,1300.0,1200.0,0,0,1,0,0,1,0.0,600.0
flat,conscient heritage max,2.15,sector 102,10004.0,2149.0,Super Built up area 2149(199.65 sq.m.),3,4,3+,18.0,South,Relatively New,2149.0,,,1,1,0,0,0,2,20.0,716.3333333333334
house,,0.9,sector 5,10000.0,900.0,Plot area 900(83.61 sq.m.)Built Up area: 3500 sq.ft. (325.16 sq.m.),3,4,3,3.0,,Moderately Old,,3500.0,,0,0,0,0,1,2,26.0,300.0
flat,indiabulls enigma,3.25,sector 110,9558.0,3400.0,Super Built up area 3400(315.87 sq.m.),4,4,3,11.0,South,Relatively New,3400.0,,,0,1,0,0,1,1,0.0,850.0
house,,0.66,sector 6,10784.0,612.0,Plot area 612(56.86 sq.m.),3,2,1,2.0,,Old Property,,612.0,,0,0,0,0,0,1,49.0,204.0
flat,emaar palm gardens,1.8,sector 83,9473.0,1900.0,Super Built up area 1900(176.52 sq.m.)Carpet area: 1240.04 sq.ft. (115.2 sq.m.),3,3,3,6.0,South,Relatively New,1900.0,,1240.04,0,1,0,0,0,2,0.0,633.3333333333334
house,ansals palam vihar,4.0,sector 23,16666.0,2400.0,Plot area 2400(222.97 sq.m.),4,4,3+,2.0,North-East,Moderately Old,,2400.0,,0,1,0,0,0,1,58.0,600.0
flat,experion windchants,3.75,sector 112,13383.0,2802.0,Super Built up area 2802(260.31 sq.m.)Built Up area: 2225.56 sq.ft. (206.76 sq.m.),3,3,2,21.0,West,Relatively New,2802.0,2225.56,,0,1,0,0,0,2,0.0,934.0
flat,signature global city 81,0.89,sector 81,8279.0,1075.0,Carpet area: 1075 (99.87 sq.m.),2,2,2,3.0,North,Under Construction,,,1075.0,0,0,0,0,1,1,58.0,537.5
house,uppal southend,3.75,sector 49,25562.0,1467.0,Built Up area: 163 (136.29 sq.m.),2,6,3+,3.0,East,Moderately Old,,163.0,,1,0,0,0,0,2,0.0,733.5
flat,pareena coban residences,1.3,sector 99a,6510.0,1997.0,Built Up area: 1997 (185.53 sq.m.),3,3,0,16.0,,Undefined,,1997.0,,0,0,0,0,0,1,49.0,665.6666666666666
flat,la vida by tata housing,2.4,sector 113,10825.0,2217.0,Super Built up area 2217(205.97 sq.m.)Built Up area: 1940 sq.ft. (180.23 sq.m.)Carpet area: 1730 sq.ft. (160.72 sq.m.),3,4,3+,5.0,North-East,Relatively New,2217.0,1940.0,1730.0,0,1,0,0,0,1,44.0,739.0
house,,0.34,sector 110,6800.0,500.0,Built Up area: 500 (46.45 sq.m.),1,1,No,1.0,,Undefined,,500.0,,0,0,0,0,0,1,38.0,500.0
house,,0.7,sector 105,5833.0,1200.0,Built Up area: 1200 (111.48 sq.m.),3,2,2,1.0,,Undefined,,1200.0,,0,0,0,0,0,1,138.0,400.0
flat,imperia the esfera,0.7,sector 37c,4879.0,1435.0,Super Built up area 1435(133.32 sq.m.),2,3,3+,12.0,North,Under Construction,1435.0,,,1,0,0,0,1,1,59.0,717.5
house,ansal heights,2.75,sector 92,9793.0,2808.0,Plot area 312(260.87 sq.m.)Built Up area: 5000 sq.yards (4180.64 sq.m.),4,4,3+,3.0,,Relatively New,,5000.0,,1,0,0,1,0,1,54.0,702.0
flat,signature global park,0.9,sohna,8036.0,1120.0,Built Up area: 1120 (104.05 sq.m.),3,2,0,2.0,,Under Construction,,1120.0,,0,0,0,0,0,1,8.0,373.3333333333333
flat,supertech araville,1.35,sector 79,6940.0,1945.0,Carpet area: 1945 (180.7 sq.m.),3,3,3,4.0,,Relatively New,,,1945.0,0,0,0,0,0,1,0.0,648.3333333333334
flat,paras dews,1.13,sector 106,6406.0,1764.0,Super Built up area 1760(163.51 sq.m.)Built Up area: 1186 sq.ft. (110.18 sq.m.)Carpet area: 1130 sq.ft. (104.98 sq.m.),3,4,3+,18.0,North-West,Relatively New,1760.0,1186.0,1130.0,1,1,0,0,0,1,49.0,588.0
flat,sare crescent parc,0.65,sector 92,4596.0,1414.0,Carpet area: 1414 (131.36 sq.m.),3,3,3,3.0,,Moderately Old,,,1414.0,0,0,0,0,0,1,51.0,471.3333333333333
flat,vatika city,1.79,sector 49,12785.0,1400.0,Carpet area: 1400 (130.06 sq.m.),3,3,3,9.0,,Old Property,,,1400.0,0,1,0,0,0,1,174.0,466.6666666666667
house,unitech espace,7.45,sector 50,34491.0,2160.0,Plot area 240(200.67 sq.m.)Built Up area: 4500 sq.yards (3762.57 sq.m.)Carpet area: 4000 sq.yards (3344.51 sq.m.),4,4,3,3.0,,Old Property,,4500.0,4000.0,0,1,0,0,0,2,51.0,540.0
house,vipul tatvam villa,22.0,sector 48,26667.0,8250.0,Plot area 1000(836.13 sq.m.),5,6,3,3.0,,Moderately Old,,1000.0,,0,1,0,0,0,1,53.0,1650.0
flat,ramprastha skyz,1.0,sector 37d,4942.0,2023.0,Super Built up area 2025(188.13 sq.m.),3,5,3,11.0,,Under Construction,2025.0,,,0,1,0,0,1,1,110.0,674.3333333333334
house,,3.71,mianwali colony,19818.0,1872.0,Plot area 208(173.91 sq.m.),3,3,1,4.0,,Moderately Old,,1872.0,,0,0,0,1,0,1,104.0,624.0
house,sushant lok 1 builder floors,1.65,sector 43,3395.0,4860.0,Plot area 60(50.17 sq.m.)Built Up area: 540 sq.yards (451.51 sq.m.)Carpet area: 500 sq.yards (418.06 sq.m.),4,4,3+,4.0,West,Moderately Old,,540.0,500.0,0,0,0,0,1,0,0.0,1215.0
flat,shree vardhman victoria,1.64,sector 70,8384.0,1956.0,Super Built up area 1950(181.16 sq.m.)Carpet area: 1161 sq.ft. (107.86 sq.m.),3,5,3,3.0,North,Relatively New,1950.0,,1161.0,0,1,0,0,0,1,30.0,652.0
flat,shapoorji pallonji joyville gurugram,1.9,sector 102,10259.0,1852.0,Super Built up area 1852(172.06 sq.m.)Built Up area: 1700 sq.ft. (157.94 sq.m.)Carpet area: 1450 sq.ft. (134.71 sq.m.),3,3,3+,15.0,North-East,New Property,1852.0,1700.0,1450.0,0,0,0,1,0,1,0.0,617.3333333333334
house,,0.59,sector 8,10085.0,585.0,Plot area 585(54.35 sq.m.),2,2,2,2.0,,Moderately Old,,585.0,,0,0,0,0,1,1,30.0,292.5
flat,signature global city 37d ph 2,1.35,sector 37d,9375.0,1440.0,Carpet area: 1440 (133.78 sq.m.),3,3,3+,3.0,,Under Construction,,,1440.0,0,0,0,1,0,1,15.0,480.0
flat,signature global city 81,0.82,sector 81,8639.0,949.0,Built Up area: 955 (88.72 sq.m.)Carpet area: 565 sq.ft. (52.49 sq.m.),2,2,3,2.0,East,Undefined,,955.0,565.0,0,0,0,0,0,1,158.0,474.5
house,vipul tatvam villa,7.69,sector 48,24069.0,3195.0,Plot area 355(296.83 sq.m.),4,5,3,2.0,North-West,Moderately Old,,3195.0,,1,1,1,1,0,2,81.0,798.75
flat,gls avenue 51,0.39,sector 92,6077.0,642.0,Carpet area: 641.74 (59.62 sq.m.),3,3,3+,6.0,North,Relatively New,,,641.743718,0,0,0,0,0,1,108.0,214.0
flat,samadhan shri kamal cghs,2.01,sector 1,11426.0,1759.0,Carpet area: 1760 (163.51 sq.m.),4,4,3+,10.0,,Moderately Old,,,1760.0,0,0,0,0,0,0,59.0,439.75
house,vipul tatvam villa,18.5,sector 48,26429.0,7000.0,Plot area 7000(650.32 sq.m.),4,4,1,1.0,,Moderately Old,,7000.0,,0,0,0,0,0,1,49.0,1750.0
flat,surendra avenue 69,0.75,sector 69,6818.0,1100.0,Built Up area: 1100 (102.19 sq.m.),2,2,2,4.0,,Moderately Old,,1100.0,,0,0,0,0,0,1,35.0,550.0
house,vipul tatvam villa,5.75,sector 48,22184.0,2592.0,Plot area 288(240.8 sq.m.)Built Up area: 280 sq.yards (234.12 sq.m.)Carpet area: 250 sq.yards (209.03 sq.m.),4,4,2,2.0,West,Moderately Old,,280.0,250.0,0,1,0,0,0,1,49.0,648.0
flat,breez global hill view,0.35,sohna,5319.0,658.0,Built Up area: 658 (61.13 sq.m.)Carpet area: 554.17 sq.ft. (51.48 sq.m.),2,2,2,18.0,,New Property,,658.0,554.17,0,0,0,0,0,1,63.0,329.0
flat,dlf regal gardens,1.25,sector 90,8116.0,1540.0,Super Built up area 1702(158.12 sq.m.)Built Up area: 1640 sq.ft. (152.36 sq.m.)Carpet area: 1540 sq.ft. (143.07 sq.m.),3,3,3,8.0,South-East,Relatively New,1702.0,1640.0,1540.0,0,0,0,1,0,1,49.0,513.3333333333334
flat,ss the leaf,1.2,sector 85,12371.0,970.0,Super Built up area 1671(155.24 sq.m.)Built Up area: 1190 sq.ft. (110.55 sq.m.)Carpet area: 970 sq.ft. (90.12 sq.m.),2,2,2,4.0,East,Relatively New,1671.0,1190.0,970.0,0,1,1,0,0,1,49.0,485.0
flat,shree vardhman victoria,1.07,sector 70,7925.0,1350.0,Super Built up area 1350(125.42 sq.m.),2,2,3,8.0,North,Relatively New,1350.0,,,1,0,0,0,0,1,49.0,675.0
flat,sobha city,3.95,sector 108,16859.0,2343.0,Built Up area: 2343 (217.67 sq.m.)Carpet area: 2300 sq.ft. (213.68 sq.m.),4,5,3,25.0,,Undefined,,2343.0,2300.0,0,0,0,0,0,1,0.0,585.75
flat,mahindra luminare,5.8,sector 59,19173.0,3025.0,Carpet area: 3025 (281.03 sq.m.),3,4,3,16.0,North-East,New Property,,,3025.0,0,1,0,0,0,2,86.0,1008.3333333333334
flat,vatika gurgaon,1.19,sector 83,7437.0,1600.0,Carpet area: 1600 (148.64 sq.m.),3,3,2,10.0,South,Relatively New,,,1600.0,0,1,0,0,0,2,26.0,533.3333333333334
flat,global height,0.45,sohna,6338.0,710.0,Carpet area: 710 (65.96 sq.m.),2,2,2,6.0,East,Relatively New,,,710.0,0,0,0,0,0,0,102.0,355.0
flat,ramprastha the edge towers,0.75,sector 37d,5319.0,1410.0,Built Up area: 1410 (130.99 sq.m.),2,2,3,19.0,,Moderately Old,,1410.0,,0,0,0,0,0,1,0.0,705.0
flat,bptp terra,1.49,sector 37d,8105.0,1838.0,Super Built up area 1832(170.2 sq.m.)Carpet area: 1580 sq.ft. (146.79 sq.m.),3,3,3,20.0,North-West,Relatively New,1832.0,,1580.0,0,0,0,0,1,1,92.0,612.6666666666666
house,,7.25,sector 57,26852.0,2700.0,Plot area 300(250.84 sq.m.),9,9,3+,2.0,North-East,New Property,,2700.0,,0,1,0,1,1,2,59.0,300.0
flat,emaar mgf palm hills,1.55,sector 77,7948.0,1950.0,Super Built up area 1950(181.16 sq.m.)Built Up area: 1800 sq.ft. (167.23 sq.m.)Carpet area: 1702 sq.ft. (158.12 sq.m.),4,4,3+,2.0,North-East,Relatively New,1950.0,1800.0,1702.0,1,1,0,0,0,0,0.0,487.5
flat,satya element one,0.94,sector 49,14009.0,671.0,Carpet area: 671 (62.34 sq.m.),1,2,2,2.0,East,Undefined,,,671.0,0,0,0,0,0,1,13.0,671.0
flat,puri diplomatic greens,2.58,sector 111,11727.0,2200.0,Super Built up area 2200(204.39 sq.m.),3,4,2,10.0,North,Moderately Old,2200.0,,,0,1,0,0,0,1,150.0,733.3333333333334
flat,m3m merlin,2.8,sector 67,13678.0,2047.0,Super Built up area 2047(190.17 sq.m.)Carpet area: 1880 sq.ft. (174.66 sq.m.),3,3,3,5.0,North-East,Moderately Old,2047.0,,1880.0,0,1,0,0,0,0,56.0,682.3333333333334
flat,godrej icon,1.31,sector 88a,8100.0,1617.0,Super Built up area 1617(150.22 sq.m.),2,2,3+,3.0,North-West,Relatively New,1617.0,,,1,0,0,0,0,1,37.0,808.5
house,not applicable,0.75,sector 3a,11718.0,640.0,Plot area 640(59.46 sq.m.),2,4,3,2.0,,Moderately Old,,640.0,,0,0,0,0,0,1,49.0,320.0
flat,pyramid urban homes 2,0.43,sector 86,8582.0,501.0,Carpet area: 501 (46.54 sq.m.),2,2,1,6.0,North-East,New Property,,,501.0,1,0,0,0,0,1,104.0,250.5
flat,maruti vihar colony,0.95,sector 28,8886.0,1069.0,Carpet area: 1069 (99.31 sq.m.),2,1,1,1.0,,Old Property,,,1069.0,0,0,0,0,0,1,49.0,534.5
house,,1.6,golf course road,17778.0,900.0,Plot area 100(9.29 sq.m.),3,2,2,41.0,,Relatively New,,100.0,,0,0,0,0,0,1,90.0,300.0
flat,ramprastha the atrium,1.0,sector 37d,7782.0,1285.0,Super Built up area 1285(119.38 sq.m.),3,3,2,4.0,,Relatively New,1285.0,,,0,0,0,0,0,1,79.0,428.3333333333333
flat,ireo the corridors,1.8,sector 67a,14658.0,1228.0,Super Built up area 1921(178.47 sq.m.)Carpet area: 1227.96 sq.ft. (114.08 sq.m.),3,3,3,6.0,North,New Property,1921.0,,1227.96,0,1,1,0,0,2,124.0,409.3333333333333
house,emaar emerald hills,12.5,sector 65,34722.0,3600.0,Plot area 400(334.45 sq.m.),4,4,3+,2.0,East,Relatively New,,3600.0,,1,1,0,0,0,1,152.0,900.0
flat,pivotal devaan,0.35,sector 84,6003.0,583.0,Super Built up area 583(54.16 sq.m.),2,2,1,4.0,East,Relatively New,583.0,,,0,0,0,0,0,1,72.0,291.5
flat,vatika city homes,0.75,sector 83,5660.0,1325.0,Super Built up area 1325(123.1 sq.m.),2,2,2,3.0,West,Relatively New,1325.0,,,0,0,0,0,0,2,26.0,662.5
flat,bestech park view ananda,0.95,sector 81,10626.0,894.0,Super Built up area 1360(126.35 sq.m.)Carpet area: 894 sq.ft. (83.06 sq.m.),2,2,2,2.0,North-East,Relatively New,1360.0,,894.0,0,0,0,0,0,2,7.0,447.0
flat,umang winter hills,1.1,sector 77,5296.0,2077.0,Super Built up area 2077(192.96 sq.m.)Carpet area: 1600 sq.ft. (148.64 sq.m.),3,4,3+,9.0,North,Relatively New,2077.0,,1600.0,0,1,0,0,0,1,0.0,692.3333333333334
house,,4.49,sector 45,24455.0,1836.0,Plot area 204(170.57 sq.m.),3,9,3+,3.0,North-West,Moderately Old,,1836.0,,0,0,0,0,1,2,66.0,612.0
flat,ramsons kshitij,0.33,sector 95,3911.0,844.0,Super Built up area 767(71.26 sq.m.),2,2,1,14.0,South,New Property,767.0,,,0,0,0,0,1,2,49.0,422.0
flat,emaar mgf emerald estate,1.75,sector 65,12544.0,1395.0,Super Built up area 1395(129.6 sq.m.)Carpet area: 809 sq.ft. (75.16 sq.m.),3,3,3,10.0,North-East,Relatively New,1395.0,,809.0,0,1,0,0,0,2,37.0,465.0
flat,emaar imperial gardens,1.91,sector 102,9550.0,2000.0,Super Built up area 2000(185.81 sq.m.)Carpet area: 1228.17 sq.ft. (114.1 sq.m.),3,4,2,17.0,East,Relatively New,2000.0,,1228.17,1,1,0,0,0,2,49.0,666.6666666666666
flat,shapoorji pallonji joyville gurugram,2.12,sector 102,16960.0,1250.0,Built Up area: 1852 (172.06 sq.m.)Carpet area: 1250 sq.ft. (116.13 sq.m.),3,3,3,9.0,,Relatively New,,1852.0,1250.0,0,0,0,0,0,1,23.0,416.6666666666667
flat,vipul belmonte,6.0,sector 53,24490.0,2450.0,Super Built up area 2450(227.61 sq.m.),3,4,3+,6.0,North-West,Moderately Old,2450.0,,,0,1,0,0,1,2,174.0,816.6666666666666
house,,1.2,sector 12a,14184.0,846.0,Plot area 846(78.6 sq.m.)Built Up area: 846 sq.ft. (78.6 sq.m.),2,4,2,2.0,North,Relatively New,,846.0,,0,0,0,1,0,2,119.0,423.0
house,,1.0,sector 3,6667.0,1500.0,Built Up area: 1500 (139.35 sq.m.),1,1,No,1.0,,Undefined,,1500.0,,0,0,0,0,0,1,97.0,1500.0
flat,ild greens,0.9,sector 37c,5614.0,1603.0,Super Built up area 1603(148.92 sq.m.)Built Up area: 1500 sq.ft. (139.35 sq.m.),3,3,3,0.0,North-East,Under Construction,1603.0,1500.0,,0,0,0,0,0,1,0.0,534.3333333333334
flat,orris aster court,0.9,sector 85,5671.0,1587.0,Super Built up area 1587(147.44 sq.m.),3,3,3,8.0,North-East,Relatively New,1587.0,,,0,0,0,0,0,1,174.0,529.0
flat,smart world orchard,1.6,sector 61,13913.0,1150.0,Carpet area: 1150 (106.84 sq.m.),2,2,2,3.0,,Under Construction,,,1150.0,1,0,0,0,0,1,65.0,575.0
flat,eldeco accolade,0.66,sohna,5181.0,1274.0,Super Built up area 1264(117.43 sq.m.)Carpet area: 730 sq.ft. (67.82 sq.m.),2,2,3,12.0,North-West,Relatively New,1264.0,,730.0,0,0,0,1,0,1,0.0,637.0
flat,shri balaji apartment,0.35,sector 12,4037.0,867.0,Super Built up area 867(80.55 sq.m.)Built Up area: 737 sq.ft. (68.47 sq.m.)Carpet area: 650 sq.ft. (60.39 sq.m.),2,2,1,1.0,North,Moderately Old,867.0,737.0,650.0,0,0,0,0,0,1,112.0,433.5
flat,shree vardhman flora,1.25,sector 90,4854.0,2575.0,Carpet area: 2575 (239.23 sq.m.),4,4,3,10.0,East,Relatively New,,,2575.0,1,0,0,1,0,1,65.0,643.75
flat,ats tourmaline,1.4,sector 109,8000.0,1750.0,Super Built up area 1750(162.58 sq.m.)Built Up area: 1466 sq.ft. (136.2 sq.m.)Carpet area: 1350 sq.ft. (125.42 sq.m.),3,3,3+,8.0,North-East,Relatively New,1750.0,1466.0,1350.0,0,0,1,0,0,1,0.0,583.3333333333334
flat,paras dews,1.05,sector 106,7581.0,1385.0,Carpet area: 1385 (128.67 sq.m.),2,2,2,5.0,West,New Property,,,1385.0,0,0,0,0,0,1,65.0,692.5
flat,dlf the skycourt,1.56,sector 86,8087.0,1929.0,Super Built up area 1929(179.21 sq.m.)Built Up area: 1580 sq.ft. (146.79 sq.m.)Carpet area: 1450 sq.ft. (134.71 sq.m.),3,4,3+,17.0,South-West,Relatively New,1929.0,1580.0,1450.0,0,0,1,0,0,1,9.0,643.0
flat,m3m capital,2.87,sector 113,12489.0,2298.0,Carpet area: 2298 (213.49 sq.m.),4,4,3+,3.0,North-East,Under Construction,,,2298.0,0,1,0,0,0,1,15.0,574.5
house,,16.0,sector 25,26667.0,6000.0,Built Up area: 6000 (557.42 sq.m.),6,5,2,3.0,East,Relatively New,,6000.0,,0,0,0,0,0,1,136.0,1000.0
flat,godrej summit,1.35,sector 104,5000.0,2700.0,Carpet area: 2700 (250.84 sq.m.),4,5,3+,0.0,North-East,Relatively New,,,2700.0,1,1,1,1,0,1,0.0,675.0
flat,dlf carlton estate,2.0,sector 43,14214.0,1407.0,Super Built up area 1407(130.71 sq.m.),3,3,2,5.0,South-West,Moderately Old,1407.0,,,0,0,0,0,0,1,103.0,469.0
house,,1.25,sector 3a,8681.0,1440.0,Built Up area: 160 (14.86 sq.m.),2,3,No,1.0,,Undefined,,160.0,,0,0,0,0,0,1,136.0,720.0
flat,chd avenue,0.98,sector 71,6049.0,1620.0,Super Built up area 1620(150.5 sq.m.),3,3,3,0.0,South-East,Moderately Old,1620.0,,,1,0,0,0,0,1,112.0,540.0
flat,tata primanti,3.5,sector 72,11428.0,3063.0,Built Up area: 2625 (243.87 sq.m.),4,5,3+,16.0,East,Relatively New,,2625.0,,0,1,0,0,1,1,150.0,765.75
flat,ansal api esencia,1.0,sector 67,6435.0,1554.0,Super Built up area 1554(144.37 sq.m.),3,3,3+,2.0,,Moderately Old,1554.0,,,0,0,0,0,0,1,153.0,518.0
flat,breez global heights 88a,0.5,sector 88a,8375.0,597.0,Carpet area: 597 (55.46 sq.m.),3,2,2,2.0,,Under Construction,,,597.0,0,0,0,0,0,1,144.0,199.0
flat,cghs airport apartment,1.65,sector 47,7857.0,2100.0,Super Built up area 2100(195.1 sq.m.)Carpet area: 1720 sq.ft. (159.79 sq.m.),3,3,3,1.0,North-East,Old Property,2100.0,,1720.0,0,0,0,0,1,2,88.0,700.0
flat,sobha smriti apartments,0.5,sector 56,8333.0,600.0,Carpet area: 600 (55.74 sq.m.),1,1,2,3.0,,Undefined,,,600.0,0,0,0,0,0,1,54.0,600.0
flat,vatika the seven lamps,0.94,sector 82,6567.0,1431.0,Super Built up area 1435(133.32 sq.m.),2,2,2,12.0,East,Relatively New,1435.0,,,1,0,0,0,0,2,0.0,715.5
house,,10.85,sector 25,38150.0,2844.0,Plot area 316(264.22 sq.m.),6,6,1,3.0,North-East,Relatively New,,2844.0,,0,0,1,0,0,2,0.0,474.0
flat,godrej aria,1.69,sector 79,8522.0,1983.0,Super Built up area 1983(184.23 sq.m.),3,3,2,7.0,South,Relatively New,1983.0,,,0,0,0,0,0,1,156.0,661.0
flat,experion windchants,3.65,sector 112,12312.0,2965.0,Super Built up area 2802(260.31 sq.m.)Built Up area: 2225.56 sq.ft. (206.76 sq.m.),3,4,3+,14.0,South,Relatively New,2802.0,2225.56,,0,1,0,0,0,2,110.0,988.3333333333334
house,,5.75,sector 43,23662.0,2430.0,Plot area 270(225.75 sq.m.)Built Up area: 260 sq.yards (217.39 sq.m.)Carpet area: 220 sq.yards (183.95 sq.m.),4,4,2,4.0,North,Under Construction,,260.0,220.0,0,1,1,0,0,0,49.0,607.5
flat,signature global park,0.9,sohna,8035.0,1120.0,Super Built up area 1120(104.05 sq.m.),3,2,2,2.0,South,Under Construction,1120.0,,,0,0,0,0,0,1,84.0,373.3333333333333
house,unitech espace,11.0,sector 50,40741.0,2700.0,Plot area 360(301.01 sq.m.)Built Up area: 361 sq.yards (301.84 sq.m.)Carpet area: 300 sq.yards (250.84 sq.m.),4,4,3+,2.0,North,Moderately Old,,361.0,300.0,0,1,0,0,0,2,49.0,675.0
flat,sare homes,0.58,sector 92,4098.0,1415.0,Super Built up area 1415(131.46 sq.m.),3,3,3,3.0,North-East,New Property,1415.0,,,0,0,0,0,0,1,118.0,471.6666666666667
flat,palam vihar extension west zone rwa,0.2,sector 23 extension,4000.0,500.0,Carpet area: 500 (46.45 sq.m.),1,1,1,1.0,,Moderately Old,,,500.0,0,0,0,0,1,1,22.0,500.0
house,,0.7,sector 103,7000.0,1000.0,Built Up area: 1000 (92.9 sq.m.)Carpet area: 509 sq.ft. (47.29 sq.m.),2,2,1,5.0,North-East,Undefined,,1000.0,509.0,0,0,0,0,0,1,0.0,500.0
flat,indiabulls enigma,3.7,sector 110,10882.0,3400.0,Super Built up area 3400(315.87 sq.m.),4,5,3,7.0,South-West,Relatively New,3400.0,,,0,1,0,0,0,1,0.0,850.0
flat,aipl zen residences,1.34,sector 70a,10276.0,1304.0,Super Built up area 1304(121.15 sq.m.),2,2,3+,17.0,East,New Property,1304.0,,,0,0,0,0,0,2,30.0,652.0
flat,bestech altura,1.85,sector 79,8604.0,2150.0,Super Built up area 2150(199.74 sq.m.),3,4,3+,11.0,North,New Property,2150.0,,,0,1,0,0,0,1,42.0,716.6666666666666
flat,bestech park view residency,1.55,sector 23,8072.0,1920.0,Super Built up area 1920(178.37 sq.m.),3,4,3+,4.0,East,Old Property,1920.0,,,0,1,0,0,0,1,47.0,640.0
flat,vatika the seven lamps,0.85,sector 82,6538.0,1300.0,Super Built up area 1300(120.77 sq.m.),2,2,2,0.0,East,Relatively New,1300.0,,,0,0,0,0,0,2,72.0,650.0
flat,park royal apartment,1.71,sector 56,7600.0,2250.0,Built Up area: 2251 (209.12 sq.m.)Carpet area: 2250 sq.ft. (209.03 sq.m.),3,3,3+,5.0,North-East,Moderately Old,,2251.0,2250.0,0,1,0,0,0,2,35.0,750.0
flat,shapoorji pallonji joyville gurugram,1.35,sector 102,14754.0,915.0,Super Built up area 915(85.01 sq.m.),2,2,2,10.0,,Under Construction,915.0,,,0,0,0,0,0,1,0.0,457.5
flat,vipul lavanya,0.6,sector 81,6666.0,900.0,Super Built up area 900(83.61 sq.m.),2,2,1,0.0,,Under Construction,900.0,,,0,0,0,0,0,1,174.0,450.0
flat,aipl zen residences,1.4,sector 70a,11094.0,1262.0,Built Up area: 1262 (117.24 sq.m.)Carpet area: 800 sq.ft. (74.32 sq.m.),2,2,2,16.0,North-East,Undefined,,1262.0,800.0,0,0,0,0,0,1,7.0,631.0
flat,signature global city 37d ph 2,1.1,sector 37d,8148.0,1350.0,Carpet area: 1350 (125.42 sq.m.),3,3,1,2.0,North,Under Construction,,,1350.0,0,0,0,1,0,1,69.0,450.0
flat,bptp astaire gardens,1.6,sector 70a,8658.0,1848.0,Super Built up area 1848(171.68 sq.m.)Built Up area: 1600 sq.ft. (148.64 sq.m.)Carpet area: 1400 sq.ft. (130.06 sq.m.),4,4,3,1.0,,Relatively New,1848.0,1600.0,1400.0,1,0,0,0,1,1,174.0,462.0
flat,pareena mi casa,1.85,sector 68,9310.0,1987.0,Super Built up area 1987(184.6 sq.m.),3,3,3+,13.0,,Under Construction,1987.0,,,0,0,0,0,0,1,79.0,662.3333333333334
flat,dlf regal gardens,1.27,sector 90,5499.0,2310.0,Super Built up area 1755(163.04 sq.m.)Built Up area: 1500 sq.ft. (139.35 sq.m.)Carpet area: 1400 sq.ft. (130.06 sq.m.),3,3,3+,2.0,South-West,Relatively New,1755.0,1500.0,1400.0,0,0,0,0,1,1,135.0,770.0
flat,pyramid urban homes 2,0.5,sector 86,8319.0,601.0,Carpet area: 601 (55.83 sq.m.),2,2,1,2.0,East,Relatively New,,,601.0,0,0,0,0,0,1,80.0,300.5
house,,1.2,sector 11,4444.0,2700.0,Built Up area: 300 (250.84 sq.m.),7,3,No,3.0,,Undefined,,300.0,,0,0,0,0,0,1,79.0,385.7142857142857
flat,tulip violet,1.38,sector 69,8972.0,1538.0,Carpet area: 1538 (142.88 sq.m.),3,3,1,12.0,West,Relatively New,,,1538.0,0,0,0,0,0,1,46.0,512.6666666666666
flat,tulip violet,1.65,sector 69,8872.0,1860.0,Built Up area: 1578 (146.6 sq.m.),3,3,2,1.0,,Relatively New,,1578.0,,0,0,0,0,0,2,103.0,620.0
flat,m3m woodshire,1.49,sector 107,6310.0,2361.0,Super Built up area 2361(219.34 sq.m.),3,4,3+,5.0,East,Relatively New,2361.0,,,0,1,1,0,0,2,40.0,787.0
house,,12.5,sector 26,38580.0,3240.0,Plot area 360(301.01 sq.m.),5,5,3+,2.0,North,Old Property,,3240.0,,1,1,1,1,0,2,77.0,648.0
flat,vatika the seven lamps,0.86,sector 82,6022.0,1428.0,Super Built up area 1430(132.85 sq.m.),2,2,2,12.0,East,Relatively New,1430.0,,,1,0,0,0,0,2,126.0,714.0
flat,pivotal devaan,0.36,sector 84,7588.0,474.0,Super Built up area 583(54.16 sq.m.)Carpet area: 481 sq.ft. (44.69 sq.m.),2,2,1,9.0,West,Relatively New,583.0,,481.0,0,0,1,0,0,0,117.0,237.0
flat,ramsons kshitij,0.33,sector 95,3911.0,844.0,Super Built up area 767(71.26 sq.m.),2,2,1,14.0,South,New Property,767.0,,,0,0,0,0,1,2,165.0,422.0
house,,0.7,sector 5,7701.0,909.0,Plot area 101(84.45 sq.m.),2,2,No,1.0,North-East,Moderately Old,,909.0,,0,0,0,0,0,2,67.0,454.5
flat,shapoorji pallonji joyville gurugram,2.5,sector 102,14000.0,1786.0,Super Built up area 1827(169.73 sq.m.),3,3,3,15.0,,Under Construction,1827.0,,,0,0,0,0,0,1,31.0,595.3333333333334
flat,aipl club residences,0.95,sector 70a,10215.0,930.0,Built Up area: 930 (86.4 sq.m.)Carpet area: 730 sq.ft. (67.82 sq.m.),2,2,1,11.0,North-East,New Property,,930.0,730.0,0,0,0,0,0,2,158.0,465.0
house,eldeco mansionz,5.0,sector 48,21367.0,2340.0,Plot area 260(217.39 sq.m.),7,7,3,2.0,North-East,Moderately Old,,2340.0,,0,0,0,0,0,2,28.0,334.2857142857143
flat,kendriya vihar,0.58,sector 56,9586.0,605.0,Carpet area: 605 (56.21 sq.m.),1,1,1,1.0,,Old Property,,,605.0,0,0,0,0,0,1,103.0,605.0
flat,kanchanjanga tower,1.45,sector 56,7631.0,1900.0,Super Built up area 1900(176.52 sq.m.),3,3,3+,2.0,North,Moderately Old,1900.0,,,0,0,0,0,0,2,23.0,633.3333333333334
flat,bestech park view city,2.9,sector 49,12169.0,2383.0,Super Built up area 2383(221.39 sq.m.),4,4,3+,5.0,South-West,Moderately Old,2383.0,,,0,1,0,0,0,1,117.0,595.75
flat,m3m golfestate,5.0,sector 65,18518.0,2700.0,Super Built up area 2979(276.76 sq.m.)Built Up area: 2800 sq.ft. (260.13 sq.m.)Carpet area: 2700 sq.ft. (250.84 sq.m.),3,3,3+,28.0,North-East,Relatively New,2979.0,2800.0,2700.0,0,1,0,1,0,2,159.0,900.0
flat,shapoorji pallonji joyville gurugram,2.03,sector 102,12000.0,1692.0,Super Built up area 1692(157.19 sq.m.)Carpet area: 1027.68 sq.ft. (95.47 sq.m.),3,3,2,1.0,,New Property,1692.0,,1027.68,0,0,0,0,0,1,43.0,564.0
flat,conscient elevate,4.02,sector 59,17500.0,2297.0,Carpet area: 2295 (213.21 sq.m.),3,3,1,3.0,,Under Construction,,,2295.0,0,0,0,0,0,1,37.0,765.6666666666666
flat,puri diplomatic greens,3.7,sector 111,12542.0,2950.0,Super Built up area 2950(274.06 sq.m.)Built Up area: 2650 sq.ft. (246.19 sq.m.)Carpet area: 2450 sq.ft. (227.61 sq.m.),4,5,3+,12.0,South-East,Relatively New,2950.0,2650.0,2450.0,0,1,0,0,0,2,82.0,737.5
house,,4.6,sector 26,12198.0,3771.0,Plot area 419(350.34 sq.m.),4,4,3+,,,Old Property,,3771.0,,0,0,0,0,0,1,102.0,942.75
flat,vatika sovereign park,3.2,sector 99,9922.0,3225.0,Built Up area: 3225 (299.61 sq.m.),4,4,0,5.0,North-East,Under Construction,,3225.0,,0,0,0,0,0,1,49.0,806.25
flat,vatika the seven lamps,0.81,sector 82,6192.0,1308.0,Super Built up area 1300(120.77 sq.m.),2,2,2,15.0,West,Relatively New,1300.0,,,0,0,0,0,0,2,0.0,654.0
flat,puri emerald bay,2.25,sector 104,10465.0,2150.0,Super Built up area 2450(227.61 sq.m.)Carpet area: 2150 sq.ft. (199.74 sq.m.),3,4,3+,4.0,North,Relatively New,2450.0,,2150.0,0,1,0,0,0,2,0.0,716.6666666666666
flat,huda housing board society,0.45,sector 52,9745.0,462.0,Carpet area: 461.77 (42.9 sq.m.),1,1,0,0.0,North-West,Moderately Old,,,461.77131,0,0,0,1,0,2,166.0,462.0
flat,ireo victory valley,2.99,sector 67,11832.0,2527.0,Super Built up area 2527(234.77 sq.m.)Built Up area: 2200 sq.ft. (204.39 sq.m.)Carpet area: 2100 sq.ft. (195.1 sq.m.),3,3,3,4.0,East,Relatively New,2527.0,2200.0,2100.0,0,1,0,0,0,2,49.0,842.3333333333334
flat,shri banke bihari society,1.35,sector 56,6750.0,2000.0,Super Built up area 2000(185.81 sq.m.)Built Up area: 1800 sq.ft. (167.23 sq.m.)Carpet area: 1600 sq.ft. (148.64 sq.m.),3,3,3,5.0,East,Old Property,2000.0,1800.0,1600.0,0,0,0,0,1,2,0.0,666.6666666666666
flat,umang winter hills,0.75,sector 77,5588.0,1342.0,Super Built up area 1342(124.68 sq.m.)Built Up area: 1140 sq.ft. (105.91 sq.m.)Carpet area: 969 sq.ft. (90.02 sq.m.),2,2,2,8.0,South,Relatively New,1342.0,1140.0,969.0,0,0,1,0,0,2,7.0,671.0
flat,capital residences 360,1.64,sector 70a,8299.0,1976.0,Super Built up area 1976(183.58 sq.m.)Built Up area: 1950 sq.ft. (181.16 sq.m.)Carpet area: 1642 sq.ft. (152.55 sq.m.),3,3,3+,4.0,North-East,New Property,1976.0,1950.0,1642.0,0,1,0,0,0,1,0.0,658.6666666666666
flat,bestech altura,1.72,sector 79,8400.0,2048.0,Built Up area: 2050 (190.45 sq.m.),3,4,3,9.0,East,New Property,,2050.0,,0,0,0,0,0,1,49.0,682.6666666666666
flat,signature global superbia,0.4,sector 95,6728.0,595.0,Carpet area: 594.52 (55.23 sq.m.),2,2,3,2.0,,Under Construction,,,594.490197,0,0,0,0,0,1,0.0,297.5
flat,unitech heritage city,4.26,mehrauli  road,13108.0,3250.0,Built Up area: 3250 (301.93 sq.m.),4,4,0,9.0,,Undefined,,3250.0,,0,0,0,0,0,1,15.0,812.5
flat,vatika the seven lamps,0.94,sector 82,6533.0,1439.0,Super Built up area 1435(133.32 sq.m.),2,2,3+,9.0,North,Relatively New,1435.0,,,1,0,0,0,0,2,7.0,719.5
flat,m3m skycity,3.5,sector 65,17039.0,2054.0,Carpet area: 2054 (190.82 sq.m.),3,3,3,15.0,East,New Property,,,2054.0,1,1,0,1,0,2,0.0,684.6666666666666
flat,orris aster court premier,1.25,sector 85,5896.0,2120.0,Super Built up area 2120(196.95 sq.m.)Built Up area: 1616 sq.ft. (150.13 sq.m.),3,4,2,6.0,East,Relatively New,2120.0,1616.0,,0,1,0,0,0,2,155.0,706.6666666666666
house,,1.6,sector 8,3186.0,5022.0,Plot area 62(51.84 sq.m.),4,6,1,3.0,,Relatively New,,558.0,,0,0,0,0,0,1,123.0,1255.5
house,,0.55,sector 3a phase 2,4074.0,1350.0,Plot area 1350(125.42 sq.m.),3,3,2,2.0,South,Relatively New,,1350.0,,0,0,0,0,1,1,78.0,450.0
flat,breeze global heights,0.4,sector 33,6421.0,623.0,Built Up area: 623 (57.88 sq.m.)Carpet area: 599 sq.ft. (55.65 sq.m.),2,2,2,4.0,,Undefined,,623.0,599.0,0,0,0,0,0,1,76.0,311.5
flat,ss the leaf,2.13,sector 85,7574.0,2812.0,Super Built up area 2812(261.24 sq.m.)Built Up area: 2600 sq.ft. (241.55 sq.m.)Carpet area: 2200 sq.ft. (204.39 sq.m.),4,4,3,2.0,North,Relatively New,2812.0,2600.0,2200.0,0,0,0,0,0,1,174.0,703.0
house,,0.89,sector 81,8127.0,1095.0,Built Up area: 1095 (101.73 sq.m.),1,1,No,1.0,,Undefined,,1095.0,,0,0,0,0,0,1,40.0,1095.0
house,,8.4,sector 48,25926.0,3240.0,Plot area 360(301.01 sq.m.),4,4,3,2.0,,Old Property,,3240.0,,0,1,0,1,0,2,174.0,810.0
flat,om appartments,0.4,sector 5,4444.0,900.0,Carpet area: 900 (83.61 sq.m.),3,2,1,3.0,,Relatively New,,,900.0,0,0,0,0,0,1,38.0,300.0
flat,the cocoon,2.0,dwarka expressway,13333.0,1500.0,Super Built up area 1500(139.35 sq.m.),3,3,3,5.0,,New Property,1500.0,,,0,0,0,0,0,1,38.0,500.0
house,,3.5,sector 5,15555.0,2250.0,Plot area 2050(190.45 sq.m.)Built Up area: 2250 sq.ft. (209.03 sq.m.),6,5,2,3.0,North-East,Old Property,,2250.0,,1,1,0,1,1,0,36.0,375.0
flat,signature global synera,0.31,sector 81,7434.0,417.0,Super Built up area 417(38.74 sq.m.)Carpet area: 320 sq.ft. (29.73 sq.m.),1,1,1,13.0,North,Relatively New,417.0,,320.0,0,0,0,0,0,0,0.0,417.0
flat,gls arawali homes,0.26,sohna,4513.0,576.0,Carpet area: 576 (53.51 sq.m.),2,2,2,5.0,East,New Property,,,576.0,0,0,0,0,0,1,117.0,288.0
flat,smart world orchard,1.41,sector 61,12250.0,1151.0,Built Up area: 1150 (106.84 sq.m.),2,2,2,2.0,,Under Construction,,1150.0,,1,0,0,0,0,1,49.0,575.5
flat,m3m golfestate,5.0,sector 65,16666.0,3000.0,Super Built up area 3246(301.56 sq.m.)Built Up area: 3245 sq.ft. (301.47 sq.m.)Carpet area: 3000 sq.ft. (278.71 sq.m.),3,3,3,2.0,East,Relatively New,3246.0,3245.0,3000.0,0,1,0,0,0,2,120.0,1000.0
flat,bestech park view grand spa,3.3,sector 81,12222.0,2700.0,Super Built up area 3470(322.37 sq.m.)Carpet area: 2700 sq.ft. (250.84 sq.m.),4,5,3+,4.0,North-East,Relatively New,3470.0,,2700.0,1,1,0,0,0,2,48.0,675.0
flat,hcbs sports ville,0.28,sohna,3768.0,743.0,Built Up area: 743 (69.03 sq.m.)Carpet area: 643 sq.ft. (59.74 sq.m.),2,2,1,11.0,East,Relatively New,,743.0,643.0,0,0,0,0,0,1,0.0,371.5
flat,dlf regal gardens,1.25,sector 90,7339.0,1703.0,Super Built up area 1703(158.21 sq.m.),3,3,3,28.0,North,Moderately Old,1703.0,,,0,1,0,0,0,1,52.0,567.6666666666666
flat,signature global city 81,0.8,sector 81,14652.0,546.0,Carpet area: 546 (50.73 sq.m.),2,2,2,4.0,North,Under Construction,,,546.0,1,0,0,0,0,1,44.0,273.0
flat,godrej summit premia towers,0.9,sector 104,7149.0,1259.0,Built Up area: 1259 (116.96 sq.m.),2,2,0,16.0,,Undefined,,1259.0,,0,0,0,0,0,1,52.0,629.5
flat,eros wembley estate,1.4,sector 50,10174.0,1376.0,Super Built up area 1376(127.83 sq.m.),3,3,2,9.0,East,Relatively New,1376.0,,,0,0,1,0,0,2,0.0,458.6666666666667
flat,orchid petals,2.55,sector 49,12318.0,2070.0,Super Built up area 2070(192.31 sq.m.)Built Up area: 2060 sq.ft. (191.38 sq.m.)Carpet area: 1760 sq.ft. (163.51 sq.m.),3,4,3,8.0,East,Relatively New,2070.0,2060.0,1760.0,1,0,0,0,0,2,49.0,690.0
flat,ashiana anmol,0.9,sohna,9463.0,951.0,Super Built up area 1275(118.45 sq.m.)Carpet area: 951 sq.ft. (88.35 sq.m.),2,2,2,13.0,South,Relatively New,1275.0,,951.0,0,0,0,0,0,0,21.0,475.5
house,international city by sobha phase 1,12.0,sector 109,20000.0,6000.0,Plot area 8000(743.22 sq.m.)Built Up area: 7000 sq.ft. (650.32 sq.m.)Carpet area: 6000 sq.ft. (557.42 sq.m.),5,6,3,2.0,North-East,Relatively New,,7000.0,6000.0,1,1,0,0,0,2,149.0,1200.0
flat,m3m heights,2.15,sector 65,15003.0,1433.0,Built Up area: 1433 (133.13 sq.m.),2,2,3+,28.0,East,Undefined,,1433.0,,0,0,0,0,0,1,28.0,716.5
flat,chd avenue,0.95,sector 71,7917.0,1200.0,Built Up area: 1200 (111.48 sq.m.),2,2,0,5.0,South,Undefined,,1200.0,,0,0,0,0,0,1,131.0,600.0
flat,.,7.0,sector 2,11000.0,6364.0,Super Built up area 6000(557.42 sq.m.),4,4,3+,6.0,South-West,Relatively New,6000.0,,,0,1,0,0,0,1,83.0,1591.0
flat,m3m heights,2.01,sector 65,13500.0,1489.0,Super Built up area 1516(140.84 sq.m.)Carpet area: 1433 sq.ft. (133.13 sq.m.),2,2,3,8.0,North-East,New Property,1516.0,,1433.0,1,0,0,0,0,1,7.0,744.5
flat,birla navya,3.3,sector 63a,15348.0,2150.0,Super Built up area 2150(199.74 sq.m.)Carpet area: 1200 sq.ft. (111.48 sq.m.),3,3,3,4.0,West,Under Construction,2150.0,,1200.0,0,1,0,0,0,1,67.0,716.6666666666666
flat,emaar mgf emerald floors,2.6,sector 65,15758.0,1650.0,Carpet area: 1650 (153.29 sq.m.),3,3,3+,3.0,East,Undefined,,,1650.0,0,0,0,0,0,1,143.0,550.0
flat,capital residences 360,1.51,sector 70a,7641.0,1976.0,Super Built up area 1976(183.58 sq.m.),3,3,3,7.0,South-East,Relatively New,1976.0,,,0,1,0,0,0,1,174.0,658.6666666666666
house,,8.49,b block sector 43,31444.0,2700.0,Plot area 300(250.84 sq.m.),3,3,2,4.0,North,Relatively New,,2700.0,,0,1,0,1,0,2,110.0,900.0
flat,corona optus,1.22,sector 37c,6912.0,1765.0,Super Built up area 1765(163.97 sq.m.)Built Up area: 1665 sq.ft. (154.68 sq.m.)Carpet area: 1565 sq.ft. (145.39 sq.m.),3,4,3,5.0,South-East,Relatively New,1765.0,1665.0,1565.0,0,0,0,0,0,1,0.0,588.3333333333334
flat,orris aster court premier,1.2,sector 85,5660.0,2120.0,Super Built up area 2120(196.95 sq.m.)Built Up area: 1650 sq.ft. (153.29 sq.m.)Carpet area: 1550 sq.ft. (144 sq.m.),3,4,2,6.0,North-East,Relatively New,2120.0,1650.0,1550.0,0,1,0,0,0,1,103.0,706.6666666666666
flat,emaar mgf the palm drive,4.6,sector 66,18400.0,2500.0,Super Built up area 3300(306.58 sq.m.)Carpet area: 2500 sq.ft. (232.26 sq.m.),3,3,3,11.0,North,Relatively New,3300.0,,2500.0,1,1,1,1,0,1,8.0,833.3333333333334
flat,rof ananda,0.38,sector 95,5899.0,644.0,Carpet area: 644.12 (59.84 sq.m.),2,2,2,5.0,,Relatively New,,,644.111776,1,0,0,0,0,1,21.0,322.0
flat,shreeram apartment ii,0.21,sector 3a phase 2,4666.0,450.0,Carpet area: 450 (41.81 sq.m.),1,1,1,2.0,,Relatively New,,,450.0,0,0,0,0,0,1,30.0,450.0
flat,antriksh heights,0.92,sector 84,5041.0,1825.0,Super Built up area 1825(169.55 sq.m.),3,3,3,2.0,East,Relatively New,1825.0,,,1,0,0,1,0,1,37.0,608.3333333333334
flat,m3m capital,2.37,sector 113,11500.0,2061.0,Built Up area: 2060 (191.38 sq.m.)Carpet area: 1600 sq.ft. (148.64 sq.m.),4,4,3+,20.0,East,Under Construction,,2060.0,1600.0,1,0,0,0,0,1,174.0,515.25
flat,vatika emilia floors,0.65,sector 83,6190.0,1050.0,Super Built up area 1050(97.55 sq.m.)Built Up area: 950 sq.ft. (88.26 sq.m.)Carpet area: 850 sq.ft. (78.97 sq.m.),2,2,2,1.0,South,Relatively New,1050.0,950.0,850.0,0,0,0,0,0,2,0.0,525.0
flat,tata gurgaon gateway,2.45,sector 113,10786.0,2271.0,Super Built up area 2225(206.71 sq.m.),3,3,3,8.0,North,Relatively New,2225.0,,,0,0,0,0,0,1,51.0,757.0
flat,sare green parc,0.75,sector 92,4820.0,1556.0,Built Up area: 1556 (144.56 sq.m.)Carpet area: 1261 sq.ft. (117.15 sq.m.),3,2,2,16.0,,Undefined,,1556.0,1261.0,0,0,0,0,0,1,0.0,518.6666666666666
flat,eldeco accolade,0.73,sohna,5752.0,1269.0,Super Built up area 1269(117.89 sq.m.),2,2,3,9.0,North-East,Relatively New,1269.0,,,0,0,0,1,0,1,26.0,634.5
house,shivpuri,2.4,sector 7,8889.0,2700.0,Plot area 300(250.84 sq.m.),10,5,3,2.0,North,Old Property,,2700.0,,1,1,0,1,0,1,32.0,270.0
flat,m3m woodshire,0.9,sector 107,6588.0,1366.0,Super Built up area 1366(126.91 sq.m.),2,2,3+,4.0,,Relatively New,1366.0,,,0,0,0,0,0,1,49.0,683.0
flat,smart world orchard,2.55,sector 61,15644.0,1630.0,Carpet area: 1630 (151.43 sq.m.),3,3,2,4.0,,New Property,,,1630.0,0,0,0,0,1,1,174.0,543.3333333333334
flat,sare crescent parc,1.44,sector 92,7068.0,2037.0,Carpet area: 2040 (189.52 sq.m.),4,4,3,8.0,,Relatively New,,,2040.0,0,0,0,0,0,1,73.0,509.25
flat,ss the leaf,1.93,sector 85,8075.0,2390.0,Super Built up area 2408(223.71 sq.m.)Built Up area: 2400 sq.ft. (222.97 sq.m.)Carpet area: 2390 sq.ft. (222.04 sq.m.),3,4,3,7.0,North-East,Relatively New,2408.0,2400.0,2390.0,0,1,0,0,0,1,7.0,796.6666666666666
house,anshul,0.85,sector 6,7727.0,1100.0,Carpet area: 1100 (102.19 sq.m.),2,2,No,4.0,North-East,Undefined,,,1100.0,0,0,0,0,0,1,49.0,550.0
flat,assotech blith,1.6,sector 99,6667.0,2160.0,Built Up area: 2400 (222.97 sq.m.),3,4,0,15.0,,Undefined,,2400.0,,0,0,0,0,0,1,49.0,720.0
house,,0.45,sector 4,8411.0,535.0,Carpet area: 535 (49.7 sq.m.),3,2,1,1.0,,Undefined,,,535.0,0,0,0,0,0,1,26.0,178.33333333333334
flat,vatika xpressions,0.92,sector 88b,6815.0,1350.0,Built Up area: 1350 (125.42 sq.m.)Carpet area: 1120 sq.ft. (104.05 sq.m.),2,2,3,3.0,,New Property,,1350.0,1120.0,0,0,0,0,0,1,99.0,675.0
flat,bestech altura,2.69,sector 79,12500.0,2152.0,Super Built up area 2150(199.74 sq.m.),3,4,3+,3.0,,New Property,2150.0,,,0,1,0,0,0,1,127.0,717.3333333333334
flat,tata primanti,5.0,sector 72,11363.0,4400.0,Super Built up area 4400(408.77 sq.m.)Built Up area: 4000 sq.ft. (371.61 sq.m.)Carpet area: 3500 sq.ft. (325.16 sq.m.),4,4,3+,2.0,North-East,New Property,4400.0,4000.0,3500.0,1,1,1,0,0,2,23.0,1100.0
house,,0.47,sector 3a,10601.0,443.0,Plot area 49(40.97 sq.m.)Built Up area: 50 sq.yards (41.81 sq.m.)Carpet area: 48 sq.yards (40.13 sq.m.),2,2,1,2.0,East,New Property,,50.0,48.0,1,0,0,0,0,2,49.0,221.5
house,,4.5,sector 26,33333.0,1350.0,Plot area 150(125.42 sq.m.),5,5,3+,2.0,,Old Property,,1350.0,,0,0,0,0,0,1,149.0,270.0
flat,afnhb jalvayu vihar,0.85,sector 30,12859.0,661.0,Carpet area: 661 (61.41 sq.m.),2,2,1,2.0,West,Old Property,,,661.0,0,0,0,0,1,2,0.0,330.5
flat,dlf the skycourt,1.72,sector 86,8916.0,1929.0,Super Built up area 1929(179.21 sq.m.),3,3,1,8.0,North,Relatively New,1929.0,,,0,0,0,0,1,2,72.0,643.0
house,uppal southend,6.75,sector 49,32328.0,2088.0,Built Up area: 232 (193.98 sq.m.),4,4,3,3.0,West,Relatively New,,232.0,,0,1,0,0,0,2,49.0,522.0
flat,sare petioles,1.22,sector 92,5250.0,2324.0,Built Up area: 2093 (194.45 sq.m.),4,3,3,9.0,,Under Construction,,2093.0,,0,1,0,0,0,1,174.0,581.0
flat,adani m2k oyster grande,1.9,sector 102,14074.0,1350.0,Super Built up area 1889(175.49 sq.m.)Carpet area: 1350 sq.ft. (125.42 sq.m.),3,4,3,21.0,,Relatively New,1889.0,,1350.0,0,1,0,0,0,1,174.0,450.0
flat,ashiana anmol,0.88,sohna,11125.0,791.0,Super Built up area 1275(118.45 sq.m.)Carpet area: 791 sq.ft. (73.49 sq.m.),2,2,2,13.0,East,Relatively New,1275.0,,791.0,0,0,0,0,0,0,107.0,395.5
house,,0.7,sector 12,6034.0,1160.0,Plot area 1160(107.77 sq.m.),3,3,No,1.0,North-East,Relatively New,,1160.0,,0,0,0,0,0,1,135.0,386.6666666666667
flat,imperia the esfera,0.99,sector 37c,5454.0,1815.0,Super Built up area 1815(168.62 sq.m.)Built Up area: 1400 sq.ft. (130.06 sq.m.)Carpet area: 1270 sq.ft. (117.99 sq.m.),3,5,3+,5.0,North-West,Relatively New,1815.0,1400.0,1270.0,0,1,0,0,0,1,160.0,605.0
flat,bptp terra,1.45,sector 37d,8006.0,1811.0,Super Built up area 1811(168.25 sq.m.)Built Up area: 1711 sq.ft. (158.96 sq.m.)Carpet area: 1611 sq.ft. (149.67 sq.m.),3,3,3,8.0,South-East,Relatively New,1811.0,1711.0,1611.0,0,0,0,0,0,1,0.0,603.6666666666666
flat,ashiana apartment,0.16,sector 23a,2051.0,780.0,Super Built up area 780(72.46 sq.m.),2,2,2,1.0,,Moderately Old,780.0,,,0,0,0,0,0,1,50.0,390.0
flat,vipul belmonte,6.5,sector 53,21922.0,2965.0,Super Built up area 2965(275.46 sq.m.),3,4,3+,0.0,,Old Property,2965.0,,,1,0,0,0,1,1,0.0,988.3333333333334
flat,m3m merlin,2.98,sector 67,14557.0,2047.0,Super Built up area 2047(190.17 sq.m.),3,3,3,0.0,North,Relatively New,2047.0,,,0,0,0,0,1,2,52.0,682.3333333333334
flat,ats triumph,2.62,sector 104,8317.0,3150.0,Super Built up area 3150(292.64 sq.m.),4,4,3+,14.0,North,Relatively New,3150.0,,,0,1,0,0,0,1,79.0,787.5
flat,ireo skyon,2.85,sector 60,13936.0,2045.0,Super Built up area 2045(189.99 sq.m.)Built Up area: 1640 sq.ft. (152.36 sq.m.)Carpet area: 1490 sq.ft. (138.43 sq.m.),3,4,3+,5.0,South,Relatively New,2045.0,1640.0,1490.0,0,1,0,0,0,2,38.0,681.6666666666666
flat,bestech park view residency,1.4,sector 23,7865.0,1780.0,Super Built up area 1780(165.37 sq.m.),3,3,3+,6.0,North,Old Property,1780.0,,,0,0,0,0,0,0,0.0,593.3333333333334
flat,mapsko mount ville,1.1,sector 79,12732.0,864.0,Super Built up area 1490(138.43 sq.m.)Carpet area: 863.91 sq.ft. (80.26 sq.m.),3,3,3,22.0,South-West,Relatively New,1490.0,,863.91,1,0,0,1,0,1,137.0,288.0
house,unitech deerwood chase,15.0,sector 50,33333.0,4500.0,Plot area 500(418.06 sq.m.),4,4,2,2.0,West,Moderately Old,,4500.0,,0,1,0,0,0,1,14.0,1125.0
house,,3.0,sector 88,11111.0,2700.0,Carpet area: 2700 (250.84 sq.m.),4,4,No,1.0,,Undefined,,,2700.0,0,0,0,0,0,1,0.0,675.0
house,dlf gardencity enclave,1.3,sector 93,11284.0,1152.0,Plot area 1152(107.02 sq.m.),3,2,1,3.0,,Relatively New,,1152.0,,0,0,0,0,0,1,168.0,384.0
flat,shapoorji pallonji joyville,1.1,sector 102,12022.0,915.0,Built Up area: 915 (85.01 sq.m.)Carpet area: 700 sq.ft. (65.03 sq.m.),2,2,1,7.0,,Undefined,,915.0,700.0,0,0,0,0,0,1,60.0,457.5
flat,antriksh heights,0.6,sector 84,5000.0,1200.0,Super Built up area 1200(111.48 sq.m.),2,2,2,14.0,North,Relatively New,1200.0,,,0,0,0,0,0,1,74.0,600.0
flat,godrej oasis,0.95,sector 88a,7268.0,1307.0,Carpet area: 1307 (121.42 sq.m.),2,2,2,6.0,North-West,Relatively New,,,1307.0,0,0,0,0,0,1,0.0,653.5
flat,tata primanti,4.0,sector 72,13769.0,2905.0,Super Built up area 2905(269.88 sq.m.),4,5,2,7.0,South-East,Moderately Old,2905.0,,,0,1,0,0,0,1,74.0,726.25
house,project housing board colony,2.58,saraswati vihar,17695.0,1458.0,Carpet area: 1300 (120.77 sq.m.),4,2,2,2.0,,Undefined,,,1300.0,0,0,0,0,0,1,49.0,364.5
flat,m3m skywalk,1.54,sector 74,11000.0,1400.0,Super Built up area 1400(130.06 sq.m.)Built Up area: 1200 sq.ft. (111.48 sq.m.)Carpet area: 1100 sq.ft. (102.19 sq.m.),2,2,3+,22.0,South,Relatively New,1400.0,1200.0,1100.0,0,0,0,0,1,1,87.0,700.0
house,sector 14 rwa,5.51,sector 14,16990.0,3243.0,Plot area 361(301.84 sq.m.),3,3,2,4.0,South-West,Moderately Old,,3249.0,,0,0,0,0,0,1,60.0,1081.0
house,greenopolis,0.7,sector 89,5397.0,1297.0,Built Up area: 1297 (120.5 sq.m.),2,2,2,14.0,North-East,Undefined,,1297.0,,0,0,0,0,0,1,168.0,648.5
flat,dlf the ultima,2.25,sector 81,10553.0,2132.0,Super Built up area 2132(198.07 sq.m.),3,3,3+,6.0,East,New Property,2132.0,,,0,1,0,0,0,0,72.0,710.6666666666666
flat,bestech park view sanskruti,1.55,sector 92,7568.0,2048.0,Super Built up area 1995(185.34 sq.m.),3,4,3,16.0,South,Relatively New,1995.0,,,0,1,0,0,0,2,32.0,682.6666666666666
flat,ats tourmaline,2.3,sector 109,8897.0,2585.0,Super Built up area 2585(240.15 sq.m.),3,4,3+,10.0,East,New Property,2585.0,,,0,1,0,0,1,1,26.0,861.6666666666666
house,,0.6,sector 105,13333.0,450.0,Built Up area: 450 (41.81 sq.m.),3,3,No,3.0,,Undefined,,450.0,,0,0,0,0,0,1,0.0,150.0
house,,2.8,sector 23,17983.0,1557.0,Plot area 173(16.07 sq.m.)Built Up area: 160 sq.ft. (14.86 sq.m.)Carpet area: 150 sq.ft. (13.94 sq.m.),5,5,3+,2.0,North-East,Old Property,,160.0,150.0,0,0,0,1,0,2,102.0,311.4
flat,bptp terra,1.5,sector 37d,8282.0,1811.0,Super Built up area 1811(168.25 sq.m.)Carpet area: 1570 sq.ft. (145.86 sq.m.),3,3,3,17.0,North-West,Relatively New,1811.0,,1570.0,0,0,0,0,1,1,49.0,603.6666666666666
house,dlf city plots,17.0,sector 26,37627.0,4518.0,Plot area 502(419.74 sq.m.),5,6,3,2.0,North-West,Old Property,,4518.0,,0,1,1,1,0,2,22.0,903.6
flat,greenopolis,0.8,sector 89,4820.0,1660.0,Super Built up area 1660(154.22 sq.m.),2,3,3,8.0,,Under Construction,1660.0,,,1,0,0,0,1,1,0.0,830.0
flat,signature global park,0.53,sohna,6386.0,830.0,Carpet area: 822 (76.37 sq.m.),2,2,2,2.0,North-East,Relatively New,,,822.0,0,0,0,1,0,1,75.0,415.0
flat,godrej oasis,1.0,sector 88a,6896.0,1450.0,Carpet area: 1450 (134.71 sq.m.),2,2,3,7.0,,Relatively New,,,1450.0,1,0,0,0,0,1,120.0,725.0
flat,central park 2 bellevue,2.75,sector 48,10754.0,2557.0,Super Built up area 2557(237.55 sq.m.)Carpet area: 2550 sq.ft. (236.9 sq.m.),3,4,3+,3.0,,Moderately Old,2557.0,,2550.0,0,0,0,0,0,1,49.0,852.3333333333334
flat,indiabulls centrum park,1.2,sector 103,8432.0,1423.0,Super Built up area 1423(132.2 sq.m.),2,2,3,3.0,North-East,Moderately Old,1423.0,,,0,0,0,0,0,1,108.0,711.5
flat,ambience caitriona,14.0,sector 24,22222.0,6300.0,Built Up area: 700 (65.03 sq.m.),4,5,3,3.0,East,Undefined,,700.0,,0,0,0,0,0,1,22.0,1575.0
flat,tulip violet,1.43,sector 69,9039.0,1582.0,Super Built up area 1578(146.6 sq.m.),3,3,2,1.0,North-East,Relatively New,1578.0,,,0,0,0,1,0,1,90.0,527.3333333333334
flat,ss,2.14,sector 85,7610.0,2812.0,Super Built up area 2812(261.24 sq.m.)Built Up area: 2300 sq.ft. (213.68 sq.m.)Carpet area: 2000 sq.ft. (185.81 sq.m.),4,4,3,6.0,North,Relatively New,2812.0,2300.0,2000.0,1,1,0,1,0,1,43.0,703.0
flat,siddhartha apartment,1.1,sector 95,4327.0,2542.0,Carpet area: 2542 (236.16 sq.m.),4,3,3,9.0,North,Relatively New,,,2542.0,0,1,0,0,1,1,119.0,635.5
house,,0.45,sector 13,4808.0,936.0,Built Up area: 936 (86.96 sq.m.),1,1,No,1.0,,Undefined,,936.0,,0,0,0,0,0,1,0.0,936.0
flat,satya the hermitage,0.89,sector 103,6137.0,1450.0,Super Built up area 1450(134.71 sq.m.)Carpet area: 1081 sq.ft. (100.43 sq.m.),2,3,3,1.0,,Relatively New,1450.0,,1081.0,0,1,0,0,0,1,38.0,725.0
flat,mapsko casa bella,0.86,sector 82,8120.0,1059.0,Super Built up area 1430(132.85 sq.m.)Carpet area: 1056 sq.ft. (98.11 sq.m.),3,3,3,5.0,South,Moderately Old,1430.0,,1056.0,1,0,0,0,0,2,174.0,353.0
flat,paras dews,1.32,sector 106,5605.0,2355.0,Super Built up area 2355(218.79 sq.m.)Built Up area: 1535 sq.ft. (142.61 sq.m.)Carpet area: 1403 sq.ft. (130.34 sq.m.),4,5,3+,11.0,South-West,Relatively New,2355.0,1535.0,1403.0,0,1,0,0,0,1,159.0,588.75
flat,emaar mgf emerald floors premier,2.8,sector 65,14177.0,1975.0,Carpet area: 1975 (183.48 sq.m.),4,4,3,2.0,South,Relatively New,,,1975.0,1,1,0,0,0,2,76.0,493.75
flat,malibu towne,2.4,sector 47,10000.0,2400.0,Carpet area: 2400 (222.97 sq.m.),3,3,0,0.0,West,Moderately Old,,,2400.0,0,0,0,0,0,2,152.0,800.0
flat,signature the roselia,0.41,sector 95a,6194.0,662.0,Built Up area: 670 (62.25 sq.m.)Carpet area: 569.25 sq.ft. (52.89 sq.m.),2,2,2,12.0,North,New Property,,670.0,569.25,1,0,0,0,0,2,45.0,331.0
house,,4.7,sector 57,21759.0,2160.0,Plot area 240(200.67 sq.m.),3,3,2,2.0,North,Old Property,,2160.0,,0,1,0,0,1,1,157.0,720.0
flat,dlf the ultima,2.3,sector 81,14603.0,1575.0,Super Built up area 2100(195.1 sq.m.)Carpet area: 1575 sq.ft. (146.32 sq.m.),3,4,3+,27.0,East,Relatively New,2100.0,,1575.0,0,1,0,0,0,2,174.0,525.0
flat,rof aalayas,0.45,sector 102,6000.0,750.0,Built Up area: 750 (69.68 sq.m.),1,1,2,6.0,,Undefined,,750.0,,0,0,0,0,0,1,69.0,750.0
house,,5.8,sector 26,12837.0,4518.0,Plot area 502(419.74 sq.m.),4,4,3+,4.0,,Old Property,,4518.0,,0,0,0,0,0,1,76.0,1129.5
flat,m3m woodshire,0.75,sector 107,5490.0,1366.0,Super Built up area 1366(126.91 sq.m.)Carpet area: 1050 sq.ft. (97.55 sq.m.),2,2,3+,14.0,West,Relatively New,1366.0,,1050.0,0,0,0,1,0,1,174.0,683.0
flat,tata primanti,3.19,sector 72,12152.0,2625.0,Super Built up area 2625(243.87 sq.m.),4,5,3+,20.0,North,Relatively New,2625.0,,,0,1,0,0,0,2,49.0,656.25
flat,bestech park view residency,1.18,sector 23,7539.0,1565.0,Super Built up area 1565(145.39 sq.m.),2,2,3,5.0,East,Old Property,1565.0,,,1,0,0,0,0,1,0.0,782.5
flat,ireo skyon,2.65,sector 60,13125.0,2019.0,Super Built up area 2045(189.99 sq.m.)Built Up area: 2037 sq.ft. (189.24 sq.m.)Carpet area: 2019 sq.ft. (187.57 sq.m.),3,4,3+,7.0,North-East,Moderately Old,2045.0,2037.0,2019.0,0,1,0,0,0,2,118.0,673.0
flat,signature global solera,0.35,sector 107,6489.0,539.0,Carpet area: 547 (50.82 sq.m.),2,2,2,8.0,North-West,Relatively New,,,547.0,0,0,0,0,0,1,0.0,269.5
flat,tulip violet,1.85,sector 69,9203.0,2010.0,Super Built up area 2010(186.74 sq.m.),4,4,2,14.0,North-East,Relatively New,2010.0,,,0,0,0,0,0,2,46.0,502.5
flat,ansal housing highland park,0.8,sector 103,5878.0,1361.0,Super Built up area 1361(126.44 sq.m.)Built Up area: 1089 sq.ft. (101.17 sq.m.)Carpet area: 705 sq.ft. (65.5 sq.m.),2,2,3,3.0,East,New Property,1361.0,1089.0,705.0,0,0,0,1,0,1,87.0,680.5
flat,mvn athens,0.27,sohna,5901.0,458.0,Carpet area: 457.52 (42.5 sq.m.),2,2,1,0.0,,Relatively New,,,457.46575,0,0,0,0,0,2,81.0,229.0
house,international city by sobha phase 1,6.0,sector 109,9634.0,6228.0,Plot area 692(578.6 sq.m.),4,5,3,2.0,North-East,Moderately Old,,6228.0,,0,0,0,0,0,1,167.0,1557.0
flat,the close north,2.65,sector 50,11276.0,2350.0,Super Built up area 2605(242.01 sq.m.)Built Up area: 2491 sq.ft. (231.42 sq.m.)Carpet area: 2350 sq.ft. (218.32 sq.m.),3,3,3+,3.0,South-East,Moderately Old,2605.0,2491.0,2350.0,0,1,0,0,0,1,0.0,783.3333333333334
flat,shapoorji pallonji joyville gurugram,1.4,sector 102,10378.0,1349.0,Super Built up area 1349(125.33 sq.m.)Carpet area: 1000 sq.ft. (92.9 sq.m.),2,2,2,11.0,North-East,New Property,1349.0,,1000.0,0,0,0,0,0,2,22.0,674.5
house,,13.0,sector 25,45710.0,2844.0,Plot area 316(264.22 sq.m.),6,8,3+,,,Relatively New,,2844.0,,1,1,1,1,0,0,0.0,474.0
house,,7.0,sector 50,23333.0,3000.0,Plot area 2400(222.97 sq.m.)Built Up area: 3400 sq.ft. (315.87 sq.m.)Carpet area: 3000 sq.ft. (278.71 sq.m.),4,4,2,3.0,North-East,Old Property,,3400.0,3000.0,0,1,0,0,0,1,38.0,750.0
house,,1.65,sector 41,13750.0,1200.0,Built Up area: 1200 (111.48 sq.m.),1,1,No,1.0,,Undefined,,1200.0,,0,0,0,0,0,1,7.0,1200.0
house,eros rosewood city,4.05,sector 49,20769.0,1950.0,Plot area 1710(158.86 sq.m.)Built Up area: 2000 sq.ft. (185.81 sq.m.)Carpet area: 1950 sq.ft. (181.16 sq.m.),3,3,3,2.0,East,Moderately Old,,2000.0,1950.0,0,1,1,0,0,1,57.0,650.0
house,dlf alameda,17.0,sector 73,35109.0,4842.0,Plot area 4842(449.84 sq.m.)Built Up area: 9000 sq.ft. (836.13 sq.m.),5,8,3,3.0,North-West,Relatively New,,9000.0,,1,1,1,1,0,0,106.0,968.4
house,nul,9.5,sector 25,33404.0,2844.0,Plot area 316(264.22 sq.m.),9,9,3+,3.0,North-West,Old Property,,2844.0,,0,0,0,0,1,1,165.0,316.0
flat,bestech park view ananda,0.95,sector 81,6985.0,1360.0,Super Built up area 1360(126.35 sq.m.)Built Up area: 1150 sq.ft. (106.84 sq.m.)Carpet area: 894 sq.ft. (83.06 sq.m.),2,2,2,13.0,South-East,Relatively New,1360.0,1150.0,894.0,0,0,0,0,0,2,107.0,680.0
house,,1.52,sector 17a,19869.0,765.0,Plot area 85(71.07 sq.m.)Built Up area: 105 sq.yards (87.79 sq.m.),2,2,1,1.0,South-East,Old Property,,105.0,,0,0,0,0,0,1,174.0,382.5
flat,smart world one,1.65,dwarka expressway,5933.0,2781.0,Carpet area: 2785 (258.73 sq.m.),3,4,3,6.0,,Under Construction,,,2785.0,0,0,0,0,0,1,24.0,927.0
flat,zara aavaas,0.4,sector 104,7029.0,569.0,Super Built up area 569(52.86 sq.m.),2,2,1,14.0,,Relatively New,569.0,,,0,0,0,0,0,1,174.0,284.5
flat,huda ashok vihar phase,0.43,sector 3a,6615.0,650.0,Carpet area: 650 (60.39 sq.m.),2,2,1,2.0,,Relatively New,,,650.0,0,0,0,0,0,1,110.0,325.0
flat,umang monsoon breeze,1.25,sector 78,5000.0,2500.0,Super Built up area 2350(218.32 sq.m.)Built Up area: 2300 sq.ft. (213.68 sq.m.)Carpet area: 2000 sq.ft. (185.81 sq.m.),4,4,3,2.0,East,Relatively New,2350.0,2300.0,2000.0,0,1,0,1,1,1,43.0,625.0
house,saksham welfare association,4.7,sector 22,19847.0,2368.0,Plot area 220Built Up area: 170 sq.m.Carpet area: 160 sq.m.,6,6,3+,2.0,West,Old Property,,170.0,160.0,0,0,1,1,0,2,15.0,394.6666666666667
flat,dlf the ultima,2.25,sector 81,10553.0,2132.0,Super Built up area 2132(198.07 sq.m.),3,3,3+,15.0,North-East,Relatively New,2132.0,,,0,1,0,0,0,0,68.0,710.6666666666666
house,central park flower valley cerise floors,1.35,sector-33 sohna,11157.0,1210.0,Built Up area: 1210 (112.41 sq.m.),2,2,2,4.0,East,New Property,,1210.0,,1,0,0,0,0,0,14.0,605.0
flat,emaar gurgaon greens,1.45,sector 102,8787.0,1650.0,Super Built up area 1650(153.29 sq.m.),3,3,2,7.0,South-West,Relatively New,1650.0,,,0,1,0,0,0,1,103.0,550.0
flat,satya the hermitage,0.99,sector 103,6655.0,1488.0,Super Built up area 1991(184.97 sq.m.)Carpet area: 1495 sq.ft. (138.89 sq.m.),3,4,3+,2.0,North-East,Relatively New,1991.0,,1495.0,0,1,0,1,0,1,119.0,496.0
flat,signature global city 92,0.78,sector 92,7722.0,1010.0,Super Built up area 1010(93.83 sq.m.)Carpet area: 700 sq.ft. (65.03 sq.m.),2,2,3,2.0,,Under Construction,1010.0,,700.0,0,0,0,0,1,1,61.0,505.0
flat,tulip violet,1.75,sector 69,9459.0,1850.0,Carpet area: 1850 (171.87 sq.m.),3,4,2,0.0,East,Relatively New,,,1850.0,0,0,0,0,0,2,86.0,616.6666666666666
house,,9.0,sector 26,33333.0,2700.0,Plot area 300(250.84 sq.m.),5,5,2,3.0,South-West,Old Property,,2700.0,,1,1,1,1,0,0,44.0,540.0
flat,shree vardhman victoria,1.25,sector 70,9259.0,1350.0,Super Built up area 1350(125.42 sq.m.),2,2,3,3.0,East,Relatively New,1350.0,,,1,0,0,0,0,1,125.0,675.0
flat,m3m heights,2.79,sector 65,14168.0,1969.0,Super Built up area 1828(169.83 sq.m.),3,3,3,26.0,East,New Property,1828.0,,,0,0,0,0,0,1,0.0,656.3333333333334
flat,emaar mgf the palm drive,3.5,sector 66,16470.0,2125.0,Super Built up area 2200(204.39 sq.m.)Built Up area: 2150 sq.ft. (199.74 sq.m.)Carpet area: 2125 sq.ft. (197.42 sq.m.),3,4,3,6.0,North,Relatively New,2200.0,2150.0,2125.0,0,1,0,0,0,1,52.0,708.3333333333334
flat,om apartment dayanand colony,0.26,sector 5,4373.0,595.0,Carpet area: 583 (54.16 sq.m.),1,1,1,3.0,North-East,Relatively New,,,583.0,0,0,0,0,0,1,0.0,595.0
flat,pivotal devaan,0.35,sector 84,7276.0,481.0,Super Built up area 583(54.16 sq.m.)Carpet area: 481 sq.ft. (44.69 sq.m.),2,2,1,10.0,West,Relatively New,583.0,,481.0,0,0,1,0,0,1,110.0,240.5
flat,shree vardhman flora,0.66,sector 90,5076.0,1300.0,Super Built up area 1300(120.77 sq.m.)Carpet area: 960 sq.ft. (89.19 sq.m.),2,2,3,4.0,North-East,Relatively New,1300.0,,960.0,1,0,0,0,0,1,157.0,650.0
flat,smart world orchard,2.41,sector 61,14785.0,1630.0,Built Up area: 1630 (151.43 sq.m.)Carpet area: 1625 sq.ft. (150.97 sq.m.),3,3,3,2.0,East,New Property,,1630.0,1625.0,0,0,0,0,0,1,49.0,543.3333333333334
flat,tulip violet,1.32,sector 69,8411.0,1569.0,Super Built up area 1568(145.67 sq.m.),3,3,1,12.0,South-East,Relatively New,1568.0,,,0,0,0,1,0,1,157.0,523.0
flat,godrej nature plus,1.25,sector-33 sohna,9025.0,1385.0,Carpet area: 1385 (128.67 sq.m.),2,2,3+,15.0,,Under Construction,,,1385.0,0,0,0,0,0,1,0.0,692.5
flat,m3m soulitude,1.33,sector 89,16985.0,783.0,Built Up area: 1423 (132.2 sq.m.)Carpet area: 783 sq.ft. (72.74 sq.m.),3,3,3,4.0,North-West,Under Construction,,1423.0,783.0,1,0,0,0,0,1,135.0,261.0
flat,aipl joy square,0.7,sector 63a,10101.0,693.0,Built Up area: 693 (64.38 sq.m.)Carpet area: 350 sq.ft. (32.52 sq.m.),1,1,0,7.0,,Undefined,,693.0,350.0,0,0,0,0,0,1,8.0,693.0
flat,ansal housing highland park,0.88,sector 103,6429.0,1369.0,Super Built up area 1361(126.44 sq.m.),2,2,3,3.0,,New Property,1361.0,,,0,0,0,0,0,1,60.0,684.5
house,vipul tatvam villa,19.5,sector 48,22222.0,2850.0,Plot area 975(815.22 sq.m.),5,6,3,2.0,North,Moderately Old,,8775.0,,1,1,1,1,0,2,0.0,570.0
flat,tulip violet,2.0,sector 69,9583.0,2087.0,Super Built up area 2087(193.89 sq.m.),4,4,2,0.0,South-East,Relatively New,2087.0,,,0,0,0,0,0,1,23.0,521.75
flat,ansal heights,0.72,sector 92,4500.0,1600.0,Super Built up area 1935(179.77 sq.m.)Built Up area: 1700 sq.ft. (157.94 sq.m.)Carpet area: 1600 sq.ft. (148.64 sq.m.),3,3,3,9.0,South-West,Relatively New,1935.0,1700.0,1600.0,0,1,0,0,0,1,0.0,533.3333333333334
flat,central park resorts,3.65,sector 48,15240.0,2395.0,Super Built up area 1870(173.73 sq.m.)Built Up area: 1869 sq.ft. (173.64 sq.m.),3,3,3+,9.0,North-West,Relatively New,1870.0,1869.0,,0,0,0,0,1,2,25.0,798.3333333333334
flat,supertech araville,0.9,sector 79,6950.0,1295.0,Built Up area: 1295 (120.31 sq.m.),2,2,0,12.0,,Undefined,,1295.0,,0,0,0,0,0,1,0.0,647.5
flat,dlf park place,6.75,sector 54,24963.0,2704.0,Super Built up area 2704(251.21 sq.m.)Carpet area: 1534 sq.ft. (142.51 sq.m.),4,4,2,8.0,North,Moderately Old,2704.0,,1534.0,0,1,0,0,0,0,80.0,676.0
flat,adani m2k oyster grande,4.55,sector 102,10000.0,4550.0,Super Built up area 4650(432 sq.m.)Built Up area: 4630 sq.ft. (430.14 sq.m.)Carpet area: 4550 sq.ft. (422.71 sq.m.),4,4,3+,11.0,North-East,Relatively New,4650.0,4630.0,4550.0,0,0,0,0,0,2,7.0,1137.5
flat,green court,0.38,new,5507.0,690.0,Carpet area: 690 (64.1 sq.m.),2,2,1,7.0,,Under Construction,,,690.0,0,0,0,0,0,1,20.0,345.0
flat,conscient one,1.7,sector 109,17617.0,965.0,Built Up area: 965 (89.65 sq.m.)Carpet area: 628 sq.ft. (58.34 sq.m.),1,1,2,9.0,,Undefined,,965.0,628.0,0,0,0,0,0,1,49.0,965.0
flat,signature global solera 2,0.37,sector 107,6680.0,554.0,Carpet area: 553.85 (51.45 sq.m.),2,2,2,9.0,,New Property,,,553.802655,0,0,0,0,0,1,27.0,277.0
flat,ramsons kshitij,0.3,sector 95,3158.0,950.0,Built Up area: 950 (88.26 sq.m.)Carpet area: 552 sq.ft. (51.28 sq.m.),2,2,1,11.0,,Undefined,,950.0,552.0,0,0,0,0,0,1,120.0,475.0
house,,5.0,sector 14,22222.0,2250.0,Plot area 250(209.03 sq.m.),3,3,3,1.0,South,Moderately Old,,2250.0,,0,0,0,0,0,1,0.0,750.0
flat,,0.6,sector 78,3692.0,1625.0,Built Up area: 1625 (150.97 sq.m.),2,2,0,,,Under Construction,,1625.0,,0,0,0,0,0,1,167.0,812.5
flat,sare homes,0.8,sector 92,5252.0,1523.0,Carpet area: 1523 (141.49 sq.m.),3,3,3,7.0,North-West,Relatively New,,,1523.0,1,0,0,0,0,2,0.0,507.6666666666667
flat,godrej nature plus,1.3,sector-33 sohna,8349.0,1557.0,Super Built up area 1557(144.65 sq.m.),3,2,3+,18.0,North,New Property,1557.0,,,0,0,0,0,0,1,61.0,519.0
house,,0.67,sector 3a phase 2,9795.0,684.0,Plot area 76(7.06 sq.m.),3,3,2,2.0,South,Relatively New,,76.0,,0,0,0,0,1,1,0.0,228.0
flat,gls avenue 51,0.42,sector 92,6562.0,640.0,Carpet area: 640 (59.46 sq.m.),3,3,1,2.0,,Relatively New,,,640.0,0,0,0,0,0,1,0.0,213.33333333333334
flat,orchid petals,2.35,sector 49,11559.0,2033.0,Super Built up area 2033(188.87 sq.m.)Built Up area: 2030 sq.ft. (188.59 sq.m.)Carpet area: 1750 sq.ft. (162.58 sq.m.),3,3,3,15.0,West,Relatively New,2033.0,2030.0,1750.0,0,0,0,0,1,1,88.0,677.6666666666666
house,,3.55,sector 55,24500.0,1449.0,Plot area 161(134.62 sq.m.),4,4,3+,2.0,,Old Property,,1449.0,,0,0,0,0,0,2,0.0,362.25
flat,tulip violet,1.4,sector 69,8856.0,1581.0,Super Built up area 1578(146.6 sq.m.),3,3,2,9.0,West,Relatively New,1578.0,,,0,0,0,1,0,1,5.0,527.0
house,"nirmal enclave, maruti kunj road",0.24,bhondsi,5333.0,450.0,Plot area 450(41.81 sq.m.),2,2,No,2.0,North,Relatively New,,450.0,,0,0,0,0,0,1,120.0,225.0
flat,ats tourmaline,1.72,sector 109,8000.0,2150.0,Super Built up area 2150(199.74 sq.m.)Built Up area: 1797 sq.ft. (166.95 sq.m.),3,4,3+,7.0,South-West,Relatively New,2150.0,1797.0,,0,1,0,0,0,1,42.0,716.6666666666666
house,sector 14 rwa,6.5,sector 14,20635.0,3150.0,Plot area 350(292.64 sq.m.),4,4,3+,2.0,,Moderately Old,,3150.0,,0,0,0,0,0,1,44.0,787.5
flat,krrish florence estate,1.3,sector 70,5600.0,2321.0,Built Up area: 1865 (173.26 sq.m.),3,3,3,17.0,,Under Construction,,1865.0,,0,0,0,0,0,2,127.0,773.6666666666666
flat,trisara our homes 3,0.34,sohna,5405.0,629.0,Carpet area: 629 (58.44 sq.m.),2,2,1,0.0,,New Property,,,629.0,0,0,0,0,0,1,0.0,314.5
flat,godrej summit,1.35,sector 104,5014.0,2692.0,Carpet area: 2692 (250.09 sq.m.),4,5,3+,0.0,South-East,Relatively New,,,2692.0,1,1,1,1,0,1,44.0,673.0
flat,lavanya apartments,0.9,sector 81,5056.0,1780.0,Built Up area: 1780 (165.37 sq.m.),3,3,0,7.0,,Undefined,,1780.0,,0,0,0,0,0,1,0.0,593.3333333333334
flat,green campus chs,0.9,sector 1a imt manesar,3935.0,2287.0,Super Built up area 2287(212.47 sq.m.),3,3,3+,6.0,North-East,Moderately Old,2287.0,,,0,1,0,0,0,1,174.0,762.3333333333334
flat,m3m the marina,1.32,sector 68,8759.0,1507.0,Super Built up area 1507(140 sq.m.),2,2,3,15.0,North-East,Relatively New,1507.0,,,1,0,0,0,0,1,56.0,753.5
house,,7.5,sector 56,23148.0,3240.0,Plot area 360(301.01 sq.m.),8,8,3+,3.0,North-East,Relatively New,,3240.0,,1,1,0,1,0,0,44.0,405.0
flat,uphaar homes,0.45,sector 105,4736.0,950.0,Carpet area: 950 (88.26 sq.m.),3,2,1,1.0,,Relatively New,,,950.0,0,0,0,0,0,2,0.0,316.6666666666667
flat,m3m skycity,2.1,sector 65,16030.0,1310.0,Super Built up area 1310(121.7 sq.m.),2,2,2,43.0,,New Property,1310.0,,,0,0,0,0,0,1,106.0,655.0
house,,8.0,sector 25,8000.0,10000.0,Carpet area: 10000 (929.03 sq.m.),3,9,2,3.0,,New Property,,,10000.0,0,0,0,0,0,1,49.0,3333.3333333333335
flat,sare green parc phase 3,0.75,sector 92,7142.0,1050.0,Super Built up area 1326(123.19 sq.m.)Built Up area: 1298 sq.ft. (120.59 sq.m.)Carpet area: 1050 sq.ft. (97.55 sq.m.),3,2,2,3.0,East,New Property,1326.0,1298.0,1050.0,0,0,0,0,0,1,49.0,350.0
flat,m3m latitude,4.7,sector 65,19747.0,2380.0,Super Built up area 2380(221.11 sq.m.)Carpet area: 1231 sq.ft. (114.36 sq.m.),3,3,3+,9.0,North-East,Relatively New,2380.0,,1231.0,0,1,0,1,0,2,99.0,793.3333333333334
flat,sidhartha ncr one phase,0.46,sector 95,4646.0,990.0,Built Up area: 990 (91.97 sq.m.),2,2,0,6.0,,Undefined,,990.0,,0,0,0,0,0,1,49.0,495.0
flat,tulip violet,1.5,sector 69,10714.0,1400.0,Super Built up area 1578(146.6 sq.m.)Carpet area: 1400 sq.ft. (130.06 sq.m.),3,3,2,8.0,North-East,Relatively New,1578.0,,1400.0,0,0,0,1,0,2,58.0,466.6666666666667
flat,puri emerald bay,2.45,sector 104,10000.0,2450.0,Super Built up area 2450(227.61 sq.m.)Carpet area: 1840 sq.ft. (170.94 sq.m.),3,4,3+,14.0,South,Relatively New,2450.0,,1840.0,0,1,0,0,0,2,174.0,816.6666666666666
flat,greenopolis,0.8,sector 89,6168.0,1297.0,Carpet area: 1297 (120.5 sq.m.),2,2,2,6.0,South,Under Construction,,,1297.0,0,0,0,0,0,1,24.0,648.5
flat,dlf new town heights,1.3,sector 86,6735.0,1930.0,Super Built up area 1930(179.3 sq.m.),3,3,3,12.0,West,Moderately Old,1930.0,,,0,1,0,1,0,1,135.0,643.3333333333334
flat,ss the leaf,1.83,sector 85,7610.0,2405.0,Super Built up area 2408(223.71 sq.m.)Built Up area: 1925 sq.ft. (178.84 sq.m.)Carpet area: 1875 sq.ft. (174.19 sq.m.),3,4,3,9.0,North-East,Relatively New,2408.0,1925.0,1875.0,0,0,0,0,0,1,0.0,801.6666666666666
flat,chd avenue,1.2,sector 71,7407.0,1620.0,Super Built up area 1620(150.5 sq.m.),3,3,3,4.0,North,Relatively New,1620.0,,,0,0,0,0,1,2,45.0,540.0
flat,sobha city,2.6,sector 108,15195.0,1711.0,Super Built up area 1711(158.96 sq.m.),3,3,2,8.0,East,Relatively New,1711.0,,,0,0,0,0,0,1,95.0,570.3333333333334
flat,imperia the esfera,0.99,sector 37c,5454.0,1815.0,Super Built up area 1815(168.62 sq.m.)Carpet area: 1510 sq.ft. (140.28 sq.m.),3,4,3,9.0,North-East,Relatively New,1815.0,,1510.0,0,1,0,0,0,1,115.0,605.0
flat,corona gracieux,1.46,sector 76,5500.0,2655.0,Super Built up area 2650(246.19 sq.m.),4,6,3+,8.0,,New Property,2650.0,,,0,1,0,0,0,1,31.0,663.75
flat,tulip violet,1.9,sector 69,9452.0,2010.0,Super Built up area 2010(186.74 sq.m.)Carpet area: 1500 sq.ft. (139.35 sq.m.),4,4,2,6.0,West,Relatively New,2010.0,,1500.0,0,0,1,0,0,1,86.0,502.5
flat,supertech araville,0.8,sector 79,6178.0,1295.0,Super Built up area 1295(120.31 sq.m.),2,2,3+,9.0,,New Property,1295.0,,,0,0,0,0,1,1,66.0,647.5
flat,ats triumph,2.5,sector 104,7936.0,3150.0,Super Built up area 3150(292.64 sq.m.),4,4,3+,14.0,North-East,New Property,3150.0,,,0,1,0,0,0,1,8.0,787.5
flat,dlf regal gardens,1.76,sector 90,7945.0,2215.0,Super Built up area 2215(205.78 sq.m.)Built Up area: 2020 sq.ft. (187.66 sq.m.)Carpet area: 1670 sq.ft. (155.15 sq.m.),4,4,3+,8.0,North,Relatively New,2215.0,2020.0,1670.0,0,0,0,0,0,2,24.0,553.75
flat,dlf icon,5.8,sector 43,20707.0,2801.0,Built Up area: 2801 (260.22 sq.m.),4,4,3+,18.0,,Undefined,,2801.0,,0,0,0,0,0,1,100.0,700.25
house,experion windchants,9.5,sector 112,23457.0,4050.0,Plot area 450(376.26 sq.m.)Built Up area: 7450 sq.yards (6229.15 sq.m.),5,5,3,2.0,,Relatively New,,7450.0,,0,1,0,0,0,1,49.0,810.0
flat,emaar mgf the palm drive,3.45,sector 66,15681.0,2200.0,Super Built up area 2200(204.39 sq.m.)Built Up area: 2000 sq.ft. (185.81 sq.m.)Carpet area: 1800 sq.ft. (167.23 sq.m.),3,4,3,6.0,East,Relatively New,2200.0,2000.0,1800.0,0,1,0,0,0,2,68.0,733.3333333333334
flat,m3m skycity,2.85,sector 65,15590.0,1828.0,Super Built up area 1828(169.83 sq.m.),3,3,3,43.0,South,Under Construction,1828.0,,,0,0,0,0,0,1,49.0,609.3333333333334
flat,pivotal riddhi siddhi,0.72,sector 99,947.0,7603.0,Carpet area: 706,2,2,2,12.0,,Relatively New,,,706.0,0,0,1,0,0,1,21.0,3801.5
flat,tulip violet,1.43,sector 69,8886.0,1609.0,Super Built up area 1608(149.39 sq.m.),3,3,2,1.0,North-West,Relatively New,1608.0,,,0,0,0,1,0,1,45.0,536.3333333333334
flat,ild greens,0.9,sector 37c,5614.0,1603.0,Super Built up area 1603(148.92 sq.m.)Built Up area: 1500 sq.ft. (139.35 sq.m.),3,3,3,0.0,North-East,Under Construction,1603.0,1500.0,,0,0,0,0,0,1,120.0,534.3333333333334
flat,emaar palm heights,2.1,sector 77,10370.0,2025.0,Super Built up area 2025(188.13 sq.m.),3,3,3,17.0,,New Property,2025.0,,,1,1,0,0,0,1,78.0,675.0
flat,signature global city 92,0.99,sector 92,9074.0,1091.0,Built Up area: 1091 (101.36 sq.m.),3,2,3,1.0,,Under Construction,,1091.0,,0,0,0,0,0,1,49.0,363.6666666666667
flat,dlf regal gardens,1.25,sector 90,10416.0,1200.0,Super Built up area 1702(158.12 sq.m.)Carpet area: 1200 sq.ft. (111.48 sq.m.),3,3,3,18.0,North,Moderately Old,1702.0,,1200.0,0,1,0,0,0,1,150.0,400.0
flat,rof ananda,0.26,sector 95,6842.0,380.0,Carpet area: 380 (35.3 sq.m.),1,1,1,8.0,North,New Property,,,380.0,0,0,0,0,0,1,174.0,380.0
house,,5.65,sector 23,17706.0,3191.0,Plot area 342(285.96 sq.m.)Built Up area: 5000 sq.yards (4180.64 sq.m.)Carpet area: 4000 sq.yards (3344.51 sq.m.),7,7,3+,2.0,West,Moderately Old,,5000.0,4000.0,0,1,0,1,0,1,56.0,455.85714285714283
house,ansal api esencia,1.85,sector 67,8222.0,2250.0,Carpet area: 250 (23.23 sq.m.),3,3,3,1.0,,Undefined,,,250.0,0,0,0,0,0,1,21.0,750.0
flat,krishna apartment,0.35,new sector 23 phase 2,4117.0,850.0,Built Up area: 850 (78.97 sq.m.)Carpet area: 750 sq.ft. (69.68 sq.m.),2,2,1,2.0,,Relatively New,,850.0,750.0,0,0,0,0,0,2,40.0,425.0
flat,smart world gems,0.88,sector 89,7978.0,1103.0,Built Up area: 1103 (102.47 sq.m.),2,2,0,2.0,,Undefined,,1103.0,,0,0,0,0,0,1,158.0,551.5
house,emaar mgf marbella,15.1,sector 66,18605.0,8116.0,Plot area 754,5,5,3+,3.0,East,New Property,,8067.799999999999,,1,1,1,1,0,1,69.0,1623.2
house,,15.0,sector 26,33201.0,4518.0,Plot area 502(419.74 sq.m.),5,6,3+,3.0,North,Moderately Old,,4518.0,,1,1,1,1,0,2,174.0,903.6
flat,m3m soulitude,1.0,sector 89,9066.0,1103.0,Carpet area: 1103 (102.47 sq.m.),2,2,2,2.0,,New Property,,,1103.0,1,0,0,0,0,1,0.0,551.5
flat,experion the heartsong,1.3,sector 108,8344.0,1558.0,Super Built up area 1758(163.32 sq.m.)Carpet area: 1558 sq.ft. (144.74 sq.m.),3,3,3+,7.0,South-West,Relatively New,1758.0,,1558.0,1,0,0,0,0,1,53.0,519.3333333333334
flat,ireo skyon,3.0,sector 60,12484.0,2403.0,Super Built up area 2403(223.25 sq.m.)Built Up area: 2400 sq.ft. (222.97 sq.m.)Carpet area: 2200 sq.ft. (204.39 sq.m.),3,3,3,5.0,North-East,Relatively New,2403.0,2400.0,2200.0,0,1,0,0,0,2,51.0,801.0
flat,m3m heights,2.78,sector 65,15200.0,1829.0,Super Built up area 1828(169.83 sq.m.),3,3,3,44.0,,Undefined,1828.0,,,0,0,0,0,0,1,96.0,609.6666666666666
house,,8.0,sector 57,29630.0,2700.0,Plot area 300(27.87 sq.m.),5,4,3,2.0,North,Relatively New,,300.0,,1,1,0,1,0,1,33.0,540.0
house,unitech uniworld resorts,9.5,sector 33,19333.0,4914.0,Plot area 546(50.73 sq.m.),6,6,3+,3.0,North-East,Moderately Old,,546.0,,0,0,0,0,0,2,49.0,819.0
flat,godrej,1.93,sector 79,8532.0,2262.0,Super Built up area 2262(210.15 sq.m.),3,4,3+,5.0,East,Relatively New,2262.0,,,0,1,0,0,0,1,0.0,754.0
flat,shyam sadan,0.55,sector 5,6470.0,850.0,Carpet area: 700 (65.03 sq.m.),2,2,1,4.0,West,Relatively New,,,700.0,1,0,0,0,0,2,0.0,425.0
flat,la vida by tata housing,1.55,sector 113,11654.0,1330.0,Super Built up area 1330(123.56 sq.m.)Built Up area: 1276 sq.ft. (118.54 sq.m.)Carpet area: 1180 sq.ft. (109.63 sq.m.),2,2,3,2.0,North-East,New Property,1330.0,1276.0,1180.0,0,0,0,0,0,1,29.0,665.0
flat,suposhaa smartworld orchard,2.17,sector 61,14000.0,1550.0,Carpet area: 1549 (143.91 sq.m.),3,3,3,1.0,,Under Construction,,,1549.0,0,0,0,0,0,1,0.0,516.6666666666666
flat,ramprastha skyz,1.2,sector 37d,6000.0,2000.0,Super Built up area 2000(185.81 sq.m.)Built Up area: 1900 sq.ft. (176.52 sq.m.)Carpet area: 1850 sq.ft. (171.87 sq.m.),3,2,1,9.0,East,Under Construction,2000.0,1900.0,1850.0,0,1,0,0,1,1,67.0,666.6666666666666
flat,sbr minda sec-1 imt manesar,0.64,sector 1 imt manesar,4193.0,1526.0,Carpet area: 1526 (141.77 sq.m.),3,2,3+,6.0,East,Old Property,,,1526.0,0,0,0,0,0,1,0.0,508.6666666666667
flat,emaar mgf the palm drive,3.4,sector 66,15454.0,2200.0,Super Built up area 2200(204.39 sq.m.),3,4,3,9.0,East,Relatively New,2200.0,,,0,1,1,0,0,2,26.0,733.3333333333334
house,kothi,6.95,sector 17b,15444.0,4500.0,Plot area 500(418.06 sq.m.)Built Up area: 3500 sq.yards (2926.45 sq.m.),4,4,3+,2.0,,Old Property,,3500.0,,1,1,1,1,0,1,99.0,1125.0
flat,emaar digihomes,3.95,sector 62,15262.0,2588.0,Carpet area: 2588 (240.43 sq.m.),3,3,3,33.0,East,New Property,,,2588.0,0,1,0,0,0,2,45.0,862.6666666666666
flat,ansal valley view estate,0.6,sector 2,6452.0,930.0,Built Up area: 930 (86.4 sq.m.),2,2,0,9.0,,Undefined,,930.0,,0,0,0,0,0,1,0.0,465.0
flat,orris aster court,0.93,sector 85,5671.0,1640.0,Built Up area: 1587 (147.44 sq.m.)Carpet area: 1250 sq.ft. (116.13 sq.m.),3,3,3,8.0,,Relatively New,,1587.0,1250.0,0,0,0,0,0,1,174.0,546.6666666666666
house,dlf pink town house,1.9,sector 25,3786.0,5018.0,Built Up area: 5018 (466.19 sq.m.),10,9,3+,3.0,North,Relatively New,,5018.0,,0,0,0,0,1,0,136.0,501.8
house,,0.49,sector 48,4260.0,1150.0,Plot area 1150(106.84 sq.m.),2,2,1,3.0,,New Property,,1150.0,,0,0,0,0,0,1,0.0,575.0
flat,mvn athens,0.25,sohna,3671.0,681.0,Built Up area: 681 (63.27 sq.m.)Carpet area: 581 sq.ft. (53.98 sq.m.),2,2,1,11.0,,Relatively New,,681.0,581.0,0,0,0,0,0,2,0.0,340.5
flat,mrg skyline,1.82,sector 106,13392.0,1359.0,Built Up area: 1359 (126.26 sq.m.)Carpet area: 952 sq.ft. (88.44 sq.m.),3,2,2,4.0,East,Undefined,,1359.0,952.0,0,0,0,0,0,1,66.0,453.0
flat,breez global heights,0.26,sohna,6598.0,394.0,Carpet area: 394 (36.6 sq.m.),1,1,1,6.0,,New Property,,,394.0,0,0,0,0,0,1,0.0,394.0
flat,antriksh heights,1.02,sector 84,4868.0,2095.0,Super Built up area 2095(194.63 sq.m.),4,4,3+,11.0,North,Relatively New,2095.0,,,0,1,0,1,0,1,35.0,523.75
flat,ats kocoon,2.22,sector 109,10596.0,2095.0,Super Built up area 2095(194.63 sq.m.)Built Up area: 1860 sq.ft. (172.8 sq.m.),3,4,3,14.0,East,Relatively New,2095.0,1860.0,,1,1,1,1,0,1,71.0,698.3333333333334
flat,shapoorji pallonji joyville gurugram,0.95,sector 102,10383.0,915.0,Built Up area: 915 (85.01 sq.m.)Carpet area: 858 sq.ft. (79.71 sq.m.),2,2,2,14.0,North-West,Undefined,,915.0,858.0,0,0,0,0,0,1,0.0,457.5
flat,tata primanti,6.75,sector 72,19285.0,3500.0,Super Built up area 4250(394.84 sq.m.)Built Up area: 4000 sq.ft. (371.61 sq.m.)Carpet area: 3500 sq.ft. (325.16 sq.m.),4,4,3+,0.0,North-East,New Property,4250.0,4000.0,3500.0,0,1,0,0,0,2,20.0,875.0
flat,dlf regal gardens,1.17,sector 90,6708.0,1744.0,Super Built up area 1744(162.02 sq.m.)Built Up area: 1630 sq.ft. (151.43 sq.m.)Carpet area: 1290 sq.ft. (119.84 sq.m.),3,3,3,15.0,North,Relatively New,1744.0,1630.0,1290.0,0,0,0,0,0,2,96.0,581.3333333333334
house,surat nagar phase 2,0.36,sector 104,7843.0,459.0,Plot area 51(42.64 sq.m.),2,2,1,1.0,North-East,Moderately Old,,459.0,,0,0,0,1,0,1,137.0,229.5
flat,mapsko paradise,0.95,sector 83,6300.0,1508.0,Carpet area: 1340 (124.49 sq.m.),3,3,3,1.0,,Moderately Old,,,1340.0,0,0,0,0,0,1,123.0,502.6666666666667
flat,vatika gurgaon,1.1,sector 83,6051.0,1818.0,Super Built up area 1735(161.19 sq.m.),3,3,3,12.0,North,Relatively New,1735.0,,,0,1,0,0,0,2,108.0,606.0
house,,0.42,mohan nagar,4666.0,900.0,Plot area 900(83.61 sq.m.),2,2,1,1.0,,Relatively New,,900.0,,0,0,0,0,0,1,165.0,450.0
flat,avl 36 gurgaon,0.4,sector 36a,10204.0,392.0,Carpet area: 392 (36.42 sq.m.),1,1,1,4.0,West,Relatively New,,,392.0,0,0,0,0,0,1,38.0,392.0
flat,smart world orchard,1.57,sector 61,13652.0,1150.0,Built Up area: 1150 (106.84 sq.m.),2,2,2,3.0,,New Property,,1150.0,,1,0,0,0,1,1,53.0,575.0
flat,bhemerlei,0.69,sector 48,5100.0,1353.0,Built Up area: 1350 (125.42 sq.m.),2,2,2,3.0,,Under Construction,,1350.0,,0,0,0,0,0,1,0.0,676.5
flat,ansals duplex flat,0.95,sector 23,7307.0,1300.0,Carpet area: 1300 (120.77 sq.m.),2,3,2,1.0,North-East,Old Property,,,1300.0,1,0,0,0,0,2,0.0,650.0
flat,signature global park,0.9,sohna,6254.0,1439.0,Carpet area: 1439 (133.69 sq.m.),3,3,3,3.0,North-West,Relatively New,,,1439.0,0,0,0,1,0,1,24.0,479.6666666666667
flat,m3m skywalk,1.57,sector 74,11000.0,1427.0,Super Built up area 1424(132.29 sq.m.)Built Up area: 1300 sq.ft. (120.77 sq.m.)Carpet area: 1100 sq.ft. (102.19 sq.m.),2,2,3+,10.0,South,Relatively New,1424.0,1300.0,1100.0,0,0,0,0,1,1,125.0,713.5
house,sushant lok 1 builder floors,2.45,sector 43,7756.0,3159.0,Plot area 60(50.17 sq.m.)Built Up area: 540 sq.yards (451.51 sq.m.)Carpet area: 351 sq.yards (293.48 sq.m.),4,4,3+,3.0,West,Moderately Old,,540.0,351.0,1,1,0,1,1,0,21.0,789.75
flat,dlf the belaire,7.0,sector 54,23333.0,3000.0,Super Built up area 3000(278.71 sq.m.),4,6,3+,12.0,East,Moderately Old,3000.0,,,0,1,1,1,0,2,168.0,750.0
flat,tulip violet,1.55,sector 69,9822.0,1578.0,Super Built up area 1578(146.6 sq.m.),3,3,2,9.0,North-East,Relatively New,1578.0,,,0,0,0,1,0,2,113.0,526.0
flat,ramprastha the edge towers,1.0,sector 37d,5649.0,1770.0,Super Built up area 1770(164.44 sq.m.),3,3,3+,13.0,,Moderately Old,1770.0,,,0,0,0,0,0,1,49.0,590.0
flat,supertech araville,0.71,sector 79,6061.0,1171.0,Super Built up area 1295(120.31 sq.m.)Carpet area: 1250 sq.ft. (116.13 sq.m.),2,2,3+,17.0,North,New Property,1295.0,,1250.0,0,0,0,0,1,1,7.0,585.5
house,sneh vihar,1.35,sector 48,10000.0,1350.0,Plot area 1350(125.42 sq.m.),5,5,3+,4.0,,Relatively New,,1350.0,,0,0,0,0,0,1,74.0,270.0
flat,lig flat,1.5,sector 40,5556.0,2700.0,Built Up area: 300 (27.87 sq.m.),1,1,0,0.0,,Undefined,,300.0,,0,0,0,0,0,1,94.0,2700.0
flat,supertech araville,1.0,sector 79,6535.0,1530.0,Carpet area: 1530 (142.14 sq.m.),2,2,3,4.0,,Relatively New,,,1530.0,1,0,0,0,0,1,158.0,765.0
flat,conscient heritage max,2.2,sector 102,10237.0,2149.0,Super Built up area 2149(199.65 sq.m.),3,4,3+,9.0,South-East,Moderately Old,2149.0,,,1,1,0,0,0,1,0.0,716.3333333333334
flat,adani m2k oyster grande,2.61,sector 102,10046.0,2598.0,Super Built up area 2598(241.36 sq.m.)Built Up area: 2200 sq.ft. (204.39 sq.m.)Carpet area: 2000 sq.ft. (185.81 sq.m.),3,3,3,14.0,North-East,Relatively New,2598.0,2200.0,2000.0,1,1,0,0,0,1,49.0,866.0
flat,tata primanti,3.2,sector 72,12190.0,2625.0,Super Built up area 2625(243.87 sq.m.)Built Up area: 2600 sq.ft. (241.55 sq.m.)Carpet area: 2550 sq.ft. (236.9 sq.m.),4,4,3+,8.0,North,Moderately Old,2625.0,2600.0,2550.0,0,1,0,0,0,2,23.0,656.25
flat,ss the leaf,1.78,sector 85,7392.0,2408.0,Super Built up area 2408(223.71 sq.m.),3,4,3+,6.0,West,New Property,2408.0,,,0,0,1,0,0,1,115.0,802.6666666666666
flat,dlf the primus,3.5,sector 82a,13430.0,2606.0,Carpet area: 2606 (242.11 sq.m.),5,5,3+,14.0,North-East,Relatively New,,,2606.0,1,0,0,0,0,0,149.0,521.2
house,,5.0,sector 23,16244.0,3078.0,Plot area 342(285.96 sq.m.),4,4,2,2.0,East,Old Property,,3078.0,,0,0,0,0,0,1,42.0,769.5
flat,trisara our homes 3,0.35,sohna,5564.0,629.0,Carpet area: 629 (58.44 sq.m.),2,2,1,2.0,North,New Property,,,629.0,0,0,0,0,0,1,0.0,314.5
flat,ireo the grand arch,2.2,sector 58,13480.0,1632.0,Super Built up area 1632(151.62 sq.m.)Built Up area: 1432 sq.ft. (133.04 sq.m.)Carpet area: 1232 sq.ft. (114.46 sq.m.),2,2,1,5.0,North-East,Relatively New,1632.0,1432.0,1232.0,1,0,0,0,0,2,22.0,816.0
flat,godrej,1.28,sector 79,8504.0,1505.0,Super Built up area 1505(139.82 sq.m.),3,3,3,7.0,North-East,Relatively New,1505.0,,,0,0,0,0,0,1,126.0,501.6666666666667
flat,m3m the tree of life,2.35,sector 111,14551.0,1615.0,Built Up area: 1615 (150.04 sq.m.),3,3,3+,5.0,,Under Construction,,1615.0,,0,0,0,0,0,1,81.0,538.3333333333334
flat,paras dews,0.88,sector 106,6353.0,1385.0,Super Built up area 1385(128.67 sq.m.)Built Up area: 1120 sq.ft. (104.05 sq.m.)Carpet area: 1040 sq.ft. (96.62 sq.m.),2,2,3+,3.0,South-East,Relatively New,1385.0,1120.0,1040.0,0,0,0,0,0,1,93.0,692.5
flat,hsiidc sidco aravali,0.91,sector 1 imt manesar,3516.0,2588.0,Super Built up area 2588(240.43 sq.m.)Built Up area: 1900 sq.ft. (176.52 sq.m.),3,3,3+,8.0,East,Moderately Old,2588.0,1900.0,,0,1,0,0,0,1,49.0,862.6666666666666
house,,4.0,sector 23,16004.0,2499.0,Plot area 270(225.75 sq.m.),3,3,2,2.0,East,Moderately Old,,2430.0,,0,1,0,0,0,2,174.0,833.0
flat,bptp terra,1.65,sector 37d,7530.0,2191.0,Super Built up area 2191(203.55 sq.m.)Built Up area: 2091 sq.ft. (194.26 sq.m.)Carpet area: 1991 sq.ft. (184.97 sq.m.),4,3,3+,6.0,West,Relatively New,2191.0,2091.0,1991.0,0,0,0,0,0,2,157.0,547.75
flat,mittal cosmos executive apartments,0.75,sector 2,6550.0,1145.0,Super Built up area 1145(106.37 sq.m.)Built Up area: 1100 sq.ft. (102.19 sq.m.),2,2,2,15.0,,Old Property,1145.0,1100.0,,0,0,0,0,0,2,124.0,572.5
flat,m3m one key resiments,0.8,sector 67,13115.0,610.0,Built Up area: 610 (56.67 sq.m.),1,1,0,0.0,,Undefined,,610.0,,0,0,0,0,0,1,24.0,610.0
flat,sanskriti apartment,1.1,sector 10a,6666.0,1650.0,Carpet area: 1650 (153.29 sq.m.),3,3,3,2.0,,Moderately Old,,,1650.0,0,0,0,0,0,1,0.0,550.0
flat,dlf new town heights,1.27,sector 86,6580.0,1930.0,Super Built up area 1930(179.3 sq.m.)Built Up area: 1800 sq.ft. (167.23 sq.m.)Carpet area: 1450 sq.ft. (134.71 sq.m.),3,4,3,19.0,South-West,Relatively New,1930.0,1800.0,1450.0,0,1,0,1,0,1,161.0,643.3333333333334
flat,imt view society,0.95,sector 1 imt manesar,3653.0,2601.0,Super Built up area 2600(241.55 sq.m.)Carpet area: 1900 sq.ft. (176.52 sq.m.),3,4,3,6.0,South-East,Moderately Old,2600.0,,1900.0,0,1,0,0,0,1,0.0,867.0
house,,2.8,sector 49,22075.0,1268.0,Plot area 153(127.93 sq.m.),3,3,2,2.0,East,Moderately Old,,153.0,,1,1,1,1,0,2,12.0,422.6666666666667
flat,tulip leaf,2.06,sector 69,11386.0,1809.0,Super Built up area 1812(168.34 sq.m.),3,3,3,16.0,South-West,Relatively New,1812.0,,,0,0,0,0,0,1,174.0,603.0
flat,m3m merlin,2.8,sector 67,13671.0,2048.0,Super Built up area 2048(190.27 sq.m.),3,3,3,2.0,East,Relatively New,2048.0,,,0,0,1,0,0,0,38.0,682.6666666666666
flat,tulip violet,2.05,sector 69,9950.0,2060.0,Super Built up area 2087(193.89 sq.m.),4,4,2,0.0,North-West,Relatively New,2087.0,,,0,0,0,0,0,1,49.0,515.0
flat,aipl the peaceful homes,2.3,sector 70a,10697.0,2150.0,Super Built up area 2150(199.74 sq.m.),3,3,3,3.0,North-East,Relatively New,2150.0,,,0,0,1,0,0,2,126.0,716.6666666666666
flat,signature global city 92,0.78,sector 92,11142.0,700.0,Super Built up area 1010(93.83 sq.m.)Carpet area: 700 sq.ft. (65.03 sq.m.),2,2,3,2.0,,Under Construction,1010.0,,700.0,0,0,0,0,1,1,60.0,350.0
flat,the ivy,6.0,sector 3,15765.0,3806.0,Built Up area: 3806 (353.59 sq.m.),4,5,3,2.0,North-East,Undefined,,3806.0,,0,0,0,0,0,1,49.0,951.5
flat,ats triumph,2.63,sector 104,9563.0,2750.0,Super Built up area 3150(292.64 sq.m.)Carpet area: 2750 sq.ft. (255.48 sq.m.),4,4,3+,21.0,North,Relatively New,3150.0,,2750.0,0,1,0,0,0,2,174.0,687.5
flat,vatika inxt floors,0.75,sector 82a,7500.0,1000.0,Built Up area: 1000 (92.9 sq.m.)Carpet area: 650 sq.ft. (60.39 sq.m.),2,2,2,1.0,,Undefined,,1000.0,650.0,0,0,0,0,0,1,160.0,500.0
flat,railway officers rpf society,1.25,sector 9a,6921.0,1806.0,Carpet area: 1806 (167.78 sq.m.),4,3,3,1.0,South-West,Old Property,,,1806.0,0,1,0,0,0,2,44.0,451.5
flat,ireo skyon,2.82,sector 60,12818.0,2200.0,Super Built up area 2403(223.25 sq.m.)Built Up area: 2400 sq.ft. (222.97 sq.m.)Carpet area: 2200 sq.ft. (204.39 sq.m.),3,3,3,2.0,South-East,Relatively New,2403.0,2400.0,2200.0,0,1,0,0,0,2,134.0,733.3333333333334
flat,tata primanti,3.4,sector 72,15560.0,2185.0,Super Built up area 2185(202.99 sq.m.),3,4,3+,9.0,,Moderately Old,2185.0,,,0,1,0,0,0,1,70.0,728.3333333333334
house,ansal sushant lok plots,5.8,sector 43,29974.0,1935.0,Plot area 215(179.77 sq.m.),6,6,3,2.0,South-West,Relatively New,,1935.0,,0,1,0,0,1,2,174.0,322.5
flat,m3m woodshire,1.21,sector 107,6227.0,1943.0,Super Built up area 1943(180.51 sq.m.)Carpet area: 1500 sq.ft. (139.35 sq.m.),3,3,3,7.0,East,Moderately Old,1943.0,,1500.0,0,0,0,0,0,2,151.0,647.6666666666666
flat,ild grand,1.35,sector 37c,7142.0,1890.0,Built Up area: 1820 (169.08 sq.m.),3,3,0,1.0,,New Property,,1820.0,,0,0,0,0,0,1,111.0,630.0
flat,orchid petals,2.38,sector 49,11497.0,2070.0,Super Built up area 2070(192.31 sq.m.)Built Up area: 2061 sq.ft. (191.47 sq.m.)Carpet area: 1750 sq.ft. (162.58 sq.m.),3,4,3,1.0,West,Relatively New,2070.0,2061.0,1750.0,1,0,0,0,0,1,54.0,690.0
flat,unitech fresco,1.8,sector 50,9589.0,1877.0,Super Built up area 1877(174.38 sq.m.)Built Up area: 1870 sq.ft. (173.73 sq.m.)Carpet area: 1600 sq.ft. (148.64 sq.m.),3,4,3+,6.0,North-East,Moderately Old,1877.0,1870.0,1600.0,0,1,0,0,0,2,15.0,625.6666666666666
house,silverglades tarudhan valley golf resort,3.05,bissar,12551.0,2430.0,Plot area 270(225.75 sq.m.),3,3,2,2.0,,Moderately Old,,2430.0,,1,1,0,1,1,0,24.0,810.0
flat,ireo the corridors,1.7,sector 67a,9843.0,1727.0,Super Built up area 1727(160.44 sq.m.)Carpet area: 1017 sq.ft. (94.48 sq.m.),3,3,2,10.0,North-East,New Property,1727.0,,1017.0,0,1,0,0,1,2,44.0,575.6666666666666
flat,sbtl caladium,1.68,sector 109,6601.0,2545.0,Super Built up area 2545(236.44 sq.m.),3,3,3+,7.0,East,Moderately Old,2545.0,,,0,1,0,0,0,1,44.0,848.3333333333334
house,dlf city phase 1,4.5,sector 26,33333.0,1350.0,Plot area 150(125.42 sq.m.),3,3,2,2.0,East,Moderately Old,,1350.0,,1,1,0,0,0,1,49.0,450.0
flat,dlf the primus,1.8,sector 82a,13846.0,1300.0,Super Built up area 1818(168.9 sq.m.)Carpet area: 1300 sq.ft. (120.77 sq.m.),3,3,3+,10.0,North-East,Relatively New,1818.0,,1300.0,0,1,0,0,0,0,0.0,433.3333333333333
flat,sbtl caladium,1.2,sector 109,6382.0,1880.0,Super Built up area 1880(174.66 sq.m.),3,2,2,8.0,South,Relatively New,1880.0,,,0,0,0,0,0,1,66.0,626.6666666666666
house,unitech aspen greens,6.8,sector 50,31481.0,2160.0,Plot area 240(200.67 sq.m.)Built Up area: 220 sq.yards (183.95 sq.m.)Carpet area: 200 sq.yards (167.23 sq.m.),4,5,3,3.0,West,Old Property,,220.0,200.0,1,1,0,0,0,2,42.0,540.0
flat,m3m heights,1.9,sector 65,15000.0,1267.0,Super Built up area 1261(117.15 sq.m.),2,2,3,4.0,,Under Construction,1261.0,,,0,0,0,0,0,1,49.0,633.5
flat,m3m skywalk,1.6,sector 74,11379.0,1406.0,Super Built up area 1406(130.62 sq.m.),2,2,2,28.0,,New Property,1406.0,,,0,0,0,0,0,1,46.0,703.0
house,,7.25,sector 56,29340.0,2471.0,Plot area 303(253.35 sq.m.),8,8,3+,0.0,North-East,Moderately Old,,303.0,,0,0,0,0,0,2,66.0,308.875
flat,bestech park view grand spa,4.5,sector 81,10714.0,4200.0,Super Built up area 4200(390.19 sq.m.),4,6,3+,17.0,,Relatively New,4200.0,,,0,1,0,0,0,2,12.0,1050.0
flat,ss radiance residency,0.6,sector 12,5660.0,1060.0,Carpet area: 1060 (98.48 sq.m.),3,3,2,3.0,North-East,Relatively New,,,1060.0,0,0,0,0,0,1,158.0,353.3333333333333
flat,emaar mgf the palm drive,3.0,sector 66,14285.0,2100.0,Super Built up area 2100(195.1 sq.m.),4,5,3+,10.0,East,Relatively New,2100.0,,,0,1,0,0,0,2,81.0,525.0
house,unitech espace,11.5,sector 50,35494.0,3240.0,Built Up area: 3240 (301.01 sq.m.),5,6,No,1.0,North-West,Undefined,,3240.0,,0,0,0,0,0,1,66.0,648.0
flat,dlf regency park,1.35,sector 28,11739.0,1150.0,Super Built up area 1150(106.84 sq.m.)Built Up area: 1120 sq.ft. (104.05 sq.m.)Carpet area: 1050 sq.ft. (97.55 sq.m.),2,2,2,14.0,East,Old Property,1150.0,1120.0,1050.0,0,0,1,0,0,1,159.0,575.0
flat,apex builders,0.42,sector 37c,5600.0,750.0,Carpet area: 750 (69.68 sq.m.),2,2,2,4.0,North,Relatively New,,,750.0,0,0,0,0,0,1,38.0,375.0
flat,essel tower,1.6,sector 29,12185.0,1313.0,Super Built up area 1313(121.98 sq.m.),3,3,3,4.0,,Moderately Old,1313.0,,,0,0,0,0,0,1,49.0,437.6666666666667
flat,central park flower valley,1.2,sohna,6742.0,1780.0,Built Up area: 1780 (165.37 sq.m.),3,3,0,11.0,,Undefined,,1780.0,,0,0,0,0,0,1,119.0,593.3333333333334
house,,0.27,sector 7,12000.0,225.0,Plot area 225(20.9 sq.m.),2,2,1,2.0,North-East,Moderately Old,,225.0,,0,0,0,0,0,1,44.0,112.5
flat,tulip purple,1.92,sector 69,8000.0,2400.0,Super Built up area 2400(222.97 sq.m.),4,5,3+,5.0,East,Relatively New,2400.0,,,0,1,0,0,0,2,33.0,600.0
house,,3.5,sector 31,24155.0,1449.0,Plot area 161(134.62 sq.m.),4,3,3,2.0,South-West,Moderately Old,,1449.0,,0,0,1,0,0,2,174.0,362.25
flat,pyramid elite,0.45,sector 86,7739.0,581.0,Carpet area: 581.41 (54.01 sq.m.),2,2,1,4.0,,Under Construction,,,581.3582389999999,0,0,0,0,0,1,55.0,290.5
flat,ats triumph,1.73,sector 104,7554.0,2290.0,Super Built up area 2290(212.75 sq.m.),3,4,3+,15.0,North-East,Relatively New,2290.0,,,0,1,0,0,0,1,44.0,763.3333333333334
flat,ramprastha primera,1.2,sector 37d,13333.0,900.0,Carpet area: 900 (83.61 sq.m.),3,3,3,5.0,North-East,Relatively New,,,900.0,0,0,1,0,0,1,7.0,300.0
flat,sare crescent parc,0.5,sector 92,5000.0,1000.0,Super Built up area 1000(92.9 sq.m.),2,2,3,2.0,,Moderately Old,1000.0,,,0,0,0,0,0,1,0.0,500.0
flat,shree vardhman flora,0.7,sector 90,4615.0,1517.0,Super Built up area 1352(125.6 sq.m.),2,2,3,9.0,North-East,New Property,1352.0,,,1,0,0,0,1,1,92.0,758.5
flat,shapoorji pallonji joyville gurugram,1.28,sector 102,10534.0,1215.0,Super Built up area 1215(112.88 sq.m.),2,2,3,10.0,East,Relatively New,1215.0,,,0,0,0,0,0,1,109.0,607.5
flat,experion the heartsong,1.7,sector 108,8487.0,2003.0,Super Built up area 2003(186.08 sq.m.)Built Up area: 1500.29 sq.ft. (139.38 sq.m.)Carpet area: 1140.98 sq.ft. (106 sq.m.),3,4,3+,14.0,South-East,Relatively New,2003.0,1500.29,1140.98,0,1,0,0,0,1,159.0,667.6666666666666
flat,sare crescent parc,0.66,sector 92,4977.0,1326.0,Carpet area: 1326 (123.19 sq.m.),3,2,2,15.0,North,Relatively New,,,1326.0,0,0,0,0,0,0,127.0,442.0
flat,la vida by tata housing,2.35,sector 113,13352.0,1760.0,Super Built up area 2217(205.97 sq.m.)Built Up area: 1930 sq.ft. (179.3 sq.m.)Carpet area: 1760 sq.ft. (163.51 sq.m.),3,4,3,3.0,West,Relatively New,2217.0,1930.0,1760.0,0,1,0,0,0,1,94.0,586.6666666666666
flat,emaar palm gardens,1.8,sector 83,9473.0,1900.0,Super Built up area 1900(176.52 sq.m.),3,3,3+,9.0,South,Relatively New,1900.0,,,0,0,0,0,0,1,0.0,633.3333333333334
flat,hcbs sports ville,0.22,sohna,4603.0,478.0,Built Up area: 477.85 (44.39 sq.m.)Carpet area: 321.6 sq.ft. (29.88 sq.m.),1,1,1,9.0,East,Relatively New,,477.809521,321.6,0,0,0,0,0,2,142.0,478.0
flat,sare homes,0.95,sector 92,4750.0,2000.0,Super Built up area 2000(185.81 sq.m.)Built Up area: 1983 sq.ft. (184.23 sq.m.)Carpet area: 1900 sq.ft. (176.52 sq.m.),4,3,2,17.0,East,New Property,2000.0,1983.0,1900.0,0,0,0,0,0,1,24.0,500.0
flat,godrej,1.29,sector 79,8206.0,1572.0,Super Built up area 1572(146.04 sq.m.),2,2,3,4.0,,New Property,1572.0,,,0,0,0,0,0,1,160.0,786.0
flat,bestech park view residency,0.56,sector 23,8553.0,655.0,Carpet area: 650 (60.39 sq.m.),1,1,2,7.0,South-West,Moderately Old,,,650.0,0,0,0,0,0,1,49.0,655.0
flat,hcbs sports ville,0.32,sohna,4301.0,744.0,Built Up area: 743.99 (69.12 sq.m.),2,2,1,3.0,,Relatively New,,744.000768,,0,0,0,0,0,1,43.0,372.0
flat,experion windchants,3.4,sector 112,12134.0,2802.0,Super Built up area 2802(260.31 sq.m.)Built Up area: 2225.56 sq.ft. (206.76 sq.m.),3,3,2,14.0,North-East,Relatively New,2802.0,2225.56,,0,0,0,0,0,2,45.0,934.0
flat,bptp terra,1.78,sector 37d,8124.0,2191.0,Super Built up area 2191(203.55 sq.m.),4,3,3,10.0,East,Relatively New,2191.0,,,0,1,0,0,0,1,0.0,547.75
flat,corona optus,1.43,sector 37c,7185.0,1990.0,Super Built up area 1990(184.88 sq.m.)Carpet area: 1680 sq.ft. (156.08 sq.m.),3,3,3+,2.0,North,Relatively New,1990.0,,1680.0,0,1,0,0,1,1,61.0,663.3333333333334
flat,puri diplomatic greens,3.4,sector 111,11525.0,2950.0,Super Built up area 2950(274.06 sq.m.),4,5,3+,14.0,East,Relatively New,2950.0,,,0,1,0,0,0,1,72.0,737.5
house,,4.6,sector 14,20444.0,2250.0,Built Up area: 2250 (209.03 sq.m.),1,1,No,1.0,,Undefined,,2250.0,,0,0,0,0,0,1,40.0,2250.0
house,dlf city plots phase 2,6.5,sector 25,33592.0,1935.0,Plot area 215(179.77 sq.m.),3,9,3+,3.0,West,Old Property,,1935.0,,1,1,1,1,0,2,43.0,645.0
flat,bptp terra,1.72,sector 37d,9497.0,1811.0,Super Built up area 1811(168.25 sq.m.)Carpet area: 996.3 sq.ft. (92.56 sq.m.),3,3,3,9.0,South,Relatively New,1811.0,,996.3,1,0,0,0,0,2,49.0,603.6666666666666
flat,paras quartier,5.9,sector 2,11028.0,5350.0,Super Built up area 5350(497.03 sq.m.),4,4,3+,19.0,East,New Property,5350.0,,,1,1,1,1,0,2,0.0,1337.5
flat,supertech araville,0.8,sector 79,5266.0,1519.0,Carpet area: 1519 (141.12 sq.m.),2,2,2,12.0,,New Property,,,1519.0,1,0,0,0,0,1,88.0,759.5
house,,2.35,sector 4,16319.0,1440.0,Plot area 160(133.78 sq.m.),4,4,2,2.0,East,Old Property,,1440.0,,0,0,0,1,0,1,174.0,360.0
flat,ireo uptown,1.32,sector 66,11442.0,1154.0,Super Built up area 1158(107.58 sq.m.),2,2,2,6.0,,Relatively New,1158.0,,,0,0,0,0,0,1,165.0,577.0
flat,global hill view,0.3,sector-11 sohna,4599.0,652.0,Carpet area: 761 (70.7 sq.m.),2,2,2,16.0,South-East,Relatively New,,,761.0,0,0,0,0,0,1,16.0,326.0
flat,dlf the arbour,7.52,sector 63,19000.0,3958.0,Built Up area: 3956 (367.52 sq.m.)Carpet area: 2200 sq.ft. (204.39 sq.m.),4,4,3,15.0,West,Undefined,,3956.0,2200.0,0,0,0,0,0,1,0.0,989.5
house,,1.6,sector 39,17937.0,892.0,Plot area 892(82.87 sq.m.),1,1,2,2.0,,Old Property,,892.0,,0,0,0,0,0,1,20.0,892.0
flat,dlf express greens,1.2,sector 1a imt manesar,6505.0,1845.0,Super Built up area 1845(171.41 sq.m.),3,4,2,5.0,East,Relatively New,1845.0,,,0,1,0,0,1,1,9.0,615.0
flat,pareena coban residences,1.56,sector 99a,7811.0,1997.0,Super Built up area 1997(185.53 sq.m.),3,5,3,4.0,North-East,New Property,1997.0,,,0,1,0,0,1,1,37.0,665.6666666666666
house,,0.38,sector 12a,4222.0,900.0,Plot area 900(83.61 sq.m.),3,3,3,3.0,,Relatively New,,900.0,,0,0,0,0,0,1,84.0,300.0
flat,pareena coban residences,1.1,sector 99a,7096.0,1550.0,Super Built up area 1550(144 sq.m.)Carpet area: 1200 sq.ft. (111.48 sq.m.),2,2,3,9.0,North-East,New Property,1550.0,,1200.0,1,0,0,0,0,1,101.0,775.0
flat,m3m golfestate,5.4,sector 65,18126.0,2979.0,Super Built up area 2979(276.76 sq.m.),3,4,3,19.0,North-East,Moderately Old,2979.0,,,1,1,0,0,0,2,21.0,993.0
flat,indiabulls enigma,3.6,sector 110,10588.0,3400.0,Super Built up area 3400(315.87 sq.m.),4,5,3,7.0,North,Relatively New,3400.0,,,0,1,0,0,0,1,38.0,850.0
flat,smart world orchard,2.54,sector 61,15500.0,1639.0,Carpet area: 1640 (152.36 sq.m.),3,3,3,2.0,,Under Construction,,,1640.0,0,0,1,0,0,1,45.0,546.3333333333334
flat,lagoon apartment,6.0,sector 24,13636.0,4400.0,Carpet area: 4400 (408.77 sq.m.),4,6,3+,7.0,,Moderately Old,,,4400.0,0,0,0,0,0,1,144.0,1100.0
flat,experion the heartsong,0.93,sector 108,6079.0,1530.0,Super Built up area 1283(119.19 sq.m.),2,3,3,10.0,East,Relatively New,1283.0,,,0,0,0,0,0,1,63.0,765.0
flat,sonata group housing gh 24,1.65,sector 1 imt manesar,5892.0,2800.0,Carpet area: 2800 (260.13 sq.m.),4,3,3,8.0,,New Property,,,2800.0,0,1,0,0,0,1,0.0,700.0
house,,6.5,sector 7,15046.0,4320.0,Plot area 480(401.34 sq.m.),3,2,3+,,,Old Property,,4320.0,,0,0,0,0,0,1,49.0,1440.0
flat,bestech park view residency,1.26,sector 23,8051.0,1565.0,Super Built up area 1565(145.39 sq.m.),2,2,3,7.0,South-East,Moderately Old,1565.0,,,1,0,0,0,0,1,68.0,782.5
flat,ats tourmaline,2.95,sector 109,9365.0,3150.0,Super Built up area 3150(292.64 sq.m.),4,5,3+,10.0,North-East,Relatively New,3150.0,,,0,1,0,0,0,1,106.0,787.5
flat,ss the leaf,2.0,sector 85,8305.0,2408.0,Super Built up area 2408(223.71 sq.m.),3,4,3,8.0,East,Relatively New,2408.0,,,0,1,0,0,0,1,37.0,802.6666666666666
flat,godrej nature plus,1.27,sector-33 sohna,9182.0,1383.0,Super Built up area 1383(128.48 sq.m.),2,2,3+,9.0,West,Under Construction,1383.0,,,0,0,0,0,0,1,60.0,691.5
flat,raheja maheshwara,0.48,sohna,4367.0,1099.0,Super Built up area 1099(102.1 sq.m.),2,2,2,11.0,,Under Construction,1099.0,,,0,0,0,0,0,1,0.0,549.5
flat,bptp terra,1.8,sector 37d,8215.0,2191.0,Super Built up area 2191(203.55 sq.m.),4,3,3,12.0,North,Relatively New,2191.0,,,1,0,0,0,0,2,70.0,547.75
flat,paras quartier,5.9,sector 2,11028.0,5350.0,Built Up area: 5350 (497.03 sq.m.),4,4,3+,0.0,,Moderately Old,,5350.0,,0,0,0,0,0,1,69.0,1337.5
flat,umang monsoon breeze,0.75,sector 78,6053.0,1239.0,Built Up area: 1239 (115.11 sq.m.)Carpet area: 1100 sq.ft. (102.19 sq.m.),2,2,1,5.0,East,Undefined,,1239.0,1100.0,0,0,0,0,0,1,79.0,619.5
flat,shapoorji pallonji joyville gurugram,1.2,sector 102,14563.0,824.0,Super Built up area 1359(126.26 sq.m.)Carpet area: 824 sq.ft. (76.55 sq.m.),2,2,3,0.0,North-East,Relatively New,1359.0,,824.0,0,0,0,0,0,1,7.0,412.0
flat,ss the leaf,1.05,sector 85,6402.0,1640.0,Super Built up area 1640(152.36 sq.m.),2,2,3,11.0,North-East,Relatively New,1640.0,,,0,0,0,0,0,1,55.0,820.0
flat,ss the leaf,2.0,sector 85,6578.0,3040.0,Super Built up area 2812(261.24 sq.m.),4,5,3+,1.0,South-East,Relatively New,2812.0,,,0,1,1,0,0,1,156.0,760.0
flat,mvn athens,0.26,sohna,5397.0,482.0,Carpet area: 481.74 (44.76 sq.m.),2,2,1,2.0,,Relatively New,,,481.792164,0,0,0,0,0,1,38.0,241.0
flat,m3m heights,3.0,sector 65,18000.0,1667.0,Super Built up area 1828(169.83 sq.m.),3,3,3,20.0,South-East,Under Construction,1828.0,,,0,0,0,0,0,1,96.0,555.6666666666666
house,,0.5,sector 105,5556.0,900.0,Built Up area: 100 (9.29 sq.m.),2,2,No,1.0,,Undefined,,100.0,,0,0,0,0,0,1,0.0,450.0
house,,3.5,sector 31,24155.0,1449.0,Plot area 161(134.62 sq.m.),4,4,3,2.0,North-East,Old Property,,1449.0,,0,0,1,0,0,2,44.0,362.25
flat,adani aangan arcade,0.5,sector 89 a,7763.0,644.0,Built Up area: 672 (62.43 sq.m.)Carpet area: 644 sq.ft. (59.83 sq.m.),2,2,1,4.0,,Relatively New,,672.0,644.0,0,0,0,0,0,0,16.0,322.0
flat,unitech the palms,2.75,sector 41,16768.0,1640.0,Super Built up area 1640(152.36 sq.m.),3,3,2,14.0,,Old Property,1640.0,,,0,0,0,0,0,0,0.0,546.6666666666666
house,,1.1,sector 3a,6111.0,1800.0,Plot area 200(167.23 sq.m.),4,4,3+,2.0,West,Old Property,,1800.0,,0,0,0,0,0,1,128.0,450.0
flat,eldeco accolade,1.2,sector-33 sohna,8043.0,1492.0,Built Up area: 1492 (138.61 sq.m.)Carpet area: 900 sq.ft. (83.61 sq.m.),2,2,2,0.0,North,New Property,,1492.0,900.0,1,0,0,0,0,1,65.0,746.0
flat,avl 36 gurgaon,0.75,sector 36a,7500.0,1000.0,Super Built up area 1000(92.9 sq.m.)Carpet area: 727 sq.ft. (67.54 sq.m.),2,2,2,5.0,North-East,Relatively New,1000.0,,727.0,0,0,0,0,0,1,131.0,500.0
flat,ss the leaf,2.15,sector 85,10924.0,1968.0,Super Built up area 2812(261.24 sq.m.)Carpet area: 1968 sq.ft. (182.83 sq.m.),4,5,3+,6.0,South,Relatively New,2812.0,,1968.0,0,1,0,0,0,1,118.0,492.0
flat,birla navya,2.1,sector 63a,16666.0,1260.0,Carpet area: 1260 (117.06 sq.m.),2,2,2,2.0,,Under Construction,,,1260.0,0,0,0,0,0,1,49.0,630.0
flat,dlf ridgewood estate,2.0,sector 28,14598.0,1370.0,Super Built up area 1370(127.28 sq.m.),3,3,1,12.0,North-East,Old Property,1370.0,,,0,0,0,0,0,2,49.0,456.6666666666667
house,,1.6,sector 4,11852.0,1350.0,Plot area 150(125.42 sq.m.)Built Up area: 120 sq.yards (100.34 sq.m.),5,5,2,3.0,,Relatively New,,120.0,,0,0,0,0,0,1,0.0,270.0
flat,pyramid urban,0.7,sector 67a,11844.0,591.0,Carpet area: 591 (54.91 sq.m.),2,2,1,14.0,North,New Property,,,591.0,0,0,0,0,0,1,158.0,295.5
flat,orris aster court premier,1.45,sector 85,6839.0,2120.0,Super Built up area 2120(196.95 sq.m.)Built Up area: 1616 sq.ft. (150.13 sq.m.),3,4,2,3.0,North,New Property,2120.0,1616.0,,0,1,0,0,0,1,0.0,706.6666666666666
flat,emaar gurgaon greens,1.38,sector 102,13495.0,1023.0,Super Built up area 1650(153.29 sq.m.)Carpet area: 1022.58 sq.ft. (95 sq.m.),3,3,3,6.0,North-East,Relatively New,1650.0,,1022.58,0,1,0,0,0,2,72.0,341.0
flat,ardee city,1.5,sector 52,9146.0,1640.0,Super Built up area 1640(152.36 sq.m.),4,4,3,3.0,,Old Property,1640.0,,,0,0,0,0,0,1,21.0,410.0
flat,bptp terra,1.55,sector 37d,7074.0,2191.0,Super Built up area 2191(203.55 sq.m.)Built Up area: 2100 sq.ft. (195.1 sq.m.)Carpet area: 1800 sq.ft. (167.23 sq.m.),4,3,3+,19.0,North-East,Relatively New,2191.0,2100.0,1800.0,0,0,0,0,1,2,160.0,547.75
flat,godrej,2.03,sector 79,9046.0,2244.0,Super Built up area 2244(208.47 sq.m.),3,4,3+,7.0,South-East,Relatively New,2244.0,,,0,1,0,0,0,1,149.0,748.0
flat,emaar mgf palm hills,1.25,sector 77,8620.0,1450.0,Super Built up area 1450(134.71 sq.m.)Carpet area: 1177 sq.ft. (109.35 sq.m.),3,4,3,3.0,North,Relatively New,1450.0,,1177.0,1,1,0,0,0,1,49.0,483.3333333333333
flat,paras dews,1.15,sector 106,6052.0,1900.0,Super Built up area 1900(176.52 sq.m.)Built Up area: 1305 sq.ft. (121.24 sq.m.)Carpet area: 1173 sq.ft. (108.98 sq.m.),3,4,3,5.0,North-West,Relatively New,1900.0,1305.0,1173.0,1,1,0,0,0,1,0.0,633.3333333333334
flat,dlf regency park,1.35,sector 28,11992.0,1175.0,Built Up area: 1109 (103.03 sq.m.),2,2,2,1.0,,Moderately Old,,1109.0,,0,0,0,0,0,1,88.0,587.5
flat,apex our homes,0.33,sector 37c,3567.0,925.0,Super Built up area 925(85.94 sq.m.)Built Up area: 850 sq.ft. (78.97 sq.m.)Carpet area: 800 sq.ft. (74.32 sq.m.),2,2,1,3.0,West,Relatively New,925.0,850.0,800.0,0,0,0,0,0,2,7.0,462.5
house,hans enclave,2.0,sector 33,10582.0,1890.0,Built Up area: 210 (175.59 sq.m.),3,10,3,3.0,,Moderately Old,,210.0,,0,0,0,0,0,1,73.0,630.0
flat,emaar gurgaon greens,1.3,sector 102,7878.0,1650.0,Super Built up area 1650(153.29 sq.m.)Carpet area: 1022.58 sq.ft. (95 sq.m.),3,3,3,4.0,East,Relatively New,1650.0,,1022.58,0,1,0,0,0,2,95.0,550.0
flat,eldeco accolade,0.87,sohna,5965.0,1459.0,Super Built up area 1457(135.36 sq.m.)Carpet area: 849 sq.ft. (78.87 sq.m.),2,2,3+,10.0,,Relatively New,1457.0,,849.0,1,0,0,0,0,1,74.0,729.5
flat,paras dews,1.0,sector 106,7220.0,1385.0,Super Built up area 1385(128.67 sq.m.)Built Up area: 940 sq.ft. (87.33 sq.m.)Carpet area: 845 sq.ft. (78.5 sq.m.),2,2,3+,2.0,North-East,New Property,1385.0,940.0,845.0,0,0,0,0,0,2,158.0,692.5
house,ss hibiscus,12.5,sector 50,40850.0,3060.0,Plot area 470(392.98 sq.m.)Built Up area: 410 sq.yards (342.81 sq.m.)Carpet area: 340 sq.yards (284.28 sq.m.),4,4,3+,2.0,West,Relatively New,,410.0,340.0,1,1,0,0,0,0,129.0,765.0
flat,the close north,2.35,sector 50,11227.0,2093.0,Super Built up area 2093(194.45 sq.m.)Built Up area: 2000 sq.ft. (185.81 sq.m.)Carpet area: 1850 sq.ft. (171.87 sq.m.),3,3,3,8.0,North-East,Moderately Old,2093.0,2000.0,1850.0,0,0,1,0,0,2,116.0,697.6666666666666
flat,ss the leaf,1.25,sector 85,7179.0,1741.0,Carpet area: 1741 (161.74 sq.m.),2,2,2,16.0,North,Relatively New,,,1741.0,0,0,0,0,0,2,119.0,870.5
flat,rof ananda,0.38,sector 95,6919.0,549.0,Carpet area: 549.17 (51.02 sq.m.),2,2,1,4.0,,New Property,,,549.174178,0,0,0,0,0,1,15.0,274.5
flat,dlf new town heights,1.75,sector 91,7402.0,2364.0,Super Built up area 2364(219.62 sq.m.),4,4,3+,9.0,South,Relatively New,2364.0,,,0,1,0,1,0,1,96.0,591.0
flat,uphar lakshya homes,0.42,sector 105,4200.0,1000.0,Carpet area: 1000 (92.9 sq.m.),3,2,1,1.0,East,Relatively New,,,1000.0,0,0,0,0,0,1,0.0,333.3333333333333
flat,bestech park view ananda,1.4,sector 81,7734.0,1810.0,Super Built up area 1810(168.15 sq.m.)Carpet area: 1180 sq.ft. (109.63 sq.m.),3,3,3+,6.0,North-West,Relatively New,1810.0,,1180.0,0,0,0,0,0,1,0.0,603.3333333333334
flat,ramprastha primera,1.08,sector 37d,6000.0,1800.0,Super Built up area 1800(167.23 sq.m.)Built Up area: 1700 sq.ft. (157.94 sq.m.)Carpet area: 1600 sq.ft. (148.64 sq.m.),3,3,3,9.0,South,Relatively New,1800.0,1700.0,1600.0,0,0,0,0,0,1,92.0,600.0
flat,vatika the seven lamps,0.89,sector 82,8850.0,1006.0,Super Built up area 1428.08(132.67 sq.m.)Carpet area: 1000 sq.ft. (92.9 sq.m.),2,2,2,14.0,East,Relatively New,1428.08,,1000.0,1,0,0,0,0,2,109.0,503.0
flat,emaar imperial gardens,2.05,sector 102,9876.0,2076.0,Carpet area: 2025 (188.13 sq.m.),3,4,3+,14.0,South,Relatively New,,,2025.0,0,1,0,0,0,1,60.0,692.0
flat,la lagune,6.75,sector 54,21360.0,3160.0,Super Built up area 3160(293.57 sq.m.)Built Up area: 2455 sq.ft. (228.08 sq.m.)Carpet area: 2240 sq.ft. (208.1 sq.m.),4,6,3+,11.0,East,Moderately Old,3160.0,2455.0,2240.0,0,1,0,0,0,2,60.0,790.0
flat,sare crescent parc,0.8,sector 92,6033.0,1326.0,Carpet area: 1326 (123.19 sq.m.),3,2,2,3.0,North-East,Relatively New,,,1326.0,0,0,0,0,0,1,0.0,442.0
flat,godrej summit,1.16,sector 104,6387.0,1816.0,Carpet area: 1816 (168.71 sq.m.),3,4,3+,8.0,East,Relatively New,,,1816.0,0,1,0,0,0,2,0.0,605.3333333333334
flat,sare petioles,1.3,sector 92,6373.0,2040.0,Built Up area: 2040 (189.52 sq.m.),4,4,0,7.0,,Undefined,,2040.0,,0,0,0,0,0,1,72.0,510.0
flat,bestech park view grand spa,2.2,sector 81,8270.0,2660.0,Super Built up area 2660(247.12 sq.m.)Carpet area: 2300 sq.ft. (213.68 sq.m.),3,4,3+,8.0,East,Relatively New,2660.0,,2300.0,0,1,0,0,0,2,42.0,886.6666666666666
flat,ambience caitriona,14.0,sector 24,22222.0,6300.0,Built Up area: 700 (65.03 sq.m.),4,5,3,3.0,East,Undefined,,700.0,,0,0,0,0,0,1,123.0,1575.0
house,international city by sobha phase 2,6.8,sector 109,12593.0,5400.0,Plot area 600(501.68 sq.m.),4,5,3,2.0,North-West,Relatively New,,5400.0,,0,1,0,0,0,1,165.0,1350.0
flat,m3m skywalk,2.7,sector 74,13379.0,2018.0,Super Built up area 2018(187.48 sq.m.),3,3,3,13.0,,New Property,2018.0,,,0,0,1,0,0,1,103.0,672.6666666666666
flat,tulip violet,1.75,sector 69,8706.0,2010.0,Super Built up area 2010(186.74 sq.m.),4,4,2,10.0,North-East,Relatively New,2010.0,,,0,0,0,0,0,2,0.0,502.5
flat,ats triumph,1.8,sector 104,7860.0,2290.0,Carpet area: 2290 (212.75 sq.m.),3,4,3,14.0,,New Property,,,2290.0,0,0,0,0,0,1,0.0,763.3333333333334
flat,emaar gurgaon greens,1.4,sector 102,8484.0,1650.0,Super Built up area 1650(153.29 sq.m.)Carpet area: 1022.58 sq.ft. (95 sq.m.),3,3,3,3.0,East,Relatively New,1650.0,,1022.58,0,1,0,0,0,1,0.0,550.0
house,,7.2,sector 17b,15926.0,4521.0,Plot area 420,4,4,2,1.0,,Old Property,,4494.0,,0,1,1,0,0,1,37.0,1130.25
flat,bestech park view city,2.7,sector 49,12505.0,2159.0,Super Built up area 2159(200.58 sq.m.),3,4,3+,6.0,,Moderately Old,2159.0,,,0,0,0,0,0,1,60.0,719.6666666666666
flat,assotech blith,1.15,sector 99,6593.0,1744.0,Super Built up area 1365(126.81 sq.m.),2,2,2,2.0,,New Property,1365.0,,,0,0,0,0,1,2,66.0,872.0
flat,gls arawali homes,0.28,sohna,4938.0,567.0,Super Built up area 567(52.68 sq.m.)Built Up area: 500 sq.ft. (46.45 sq.m.)Carpet area: 467 sq.ft. (43.39 sq.m.),2,2,2,3.0,East,Relatively New,567.0,500.0,467.0,0,0,0,0,0,2,77.0,283.5
flat,emaar mgf the palm drive,3.98,sector 66,18090.0,2200.0,Super Built up area 2200(204.39 sq.m.),3,4,3+,2.0,South-East,Moderately Old,2200.0,,,0,1,0,0,0,2,7.0,733.3333333333334
flat,pioneer park,2.04,sector 61,14623.0,1395.0,Super Built up area 1795(166.76 sq.m.)Built Up area: 1595 sq.ft. (148.18 sq.m.)Carpet area: 1395 sq.ft. (129.6 sq.m.),3,3,3+,16.0,South,Moderately Old,1795.0,1595.0,1395.0,0,1,0,0,0,2,86.0,465.0
house,ansal api esencia,5.46,sector 67,24170.0,2259.0,Plot area 251(209.87 sq.m.),4,5,3+,2.0,East,Relatively New,,2259.0,,1,0,1,1,0,2,49.0,564.75
house,,2.75,sector 12a,12343.0,2228.0,Built Up area: 2228 (206.99 sq.m.),6,6,2,2.0,,Undefined,,2228.0,,0,0,0,0,0,1,49.0,371.3333333333333
flat,dnha cghs,0.85,sector 1,3864.0,2200.0,Built Up area: 2200 (204.39 sq.m.),3,3,0,5.0,,Undefined,,2200.0,,0,0,0,0,0,1,37.0,733.3333333333334
flat,tulip purple,2.6,sector 69,10833.0,2400.0,Super Built up area 2400(222.97 sq.m.),4,4,3+,4.0,,Moderately Old,2400.0,,,0,1,0,0,0,1,102.0,600.0
house,,2.55,a block sector 43,13178.0,1935.0,Built Up area: 215 (179.77 sq.m.),3,3,2,3.0,,Relatively New,,215.0,,0,0,0,0,0,2,28.0,645.0
flat,mvn athens,0.24,sohna,7056.0,340.0,Carpet area: 340.09 (31.6 sq.m.),1,1,1,12.0,West,Relatively New,,,340.13924000000003,0,0,0,0,0,1,49.0,340.0
house,,18.25,sector 26,18250.0,10000.0,Plot area 550(51.1 sq.m.)Carpet area: 10000 sq.ft. (929.03 sq.m.),7,9,3+,4.0,East,Relatively New,,,10000.0,1,1,1,1,0,2,49.0,1428.5714285714287
flat,tulip violet,1.75,sector 69,8883.0,1970.0,Super Built up area 1970(183.02 sq.m.),4,4,1,12.0,North-West,Relatively New,1970.0,,,0,0,0,0,0,1,57.0,492.5
flat,la vida by tata housing,1.32,sector 113,10344.0,1276.0,Super Built up area 1276(118.54 sq.m.)Built Up area: 1199 sq.ft. (111.39 sq.m.)Carpet area: 1099 sq.ft. (102.1 sq.m.),2,2,2,3.0,North-East,Relatively New,1276.0,1199.0,1099.0,0,0,0,0,0,1,44.0,638.0
flat,hector trimurti heights,1.5,sector 39,6382.0,2350.0,Carpet area: 2350 (218.32 sq.m.),4,3,3,10.0,South-East,Old Property,,,2350.0,0,1,0,0,0,0,151.0,587.5
flat,signature global city 92,0.99,sector 92,6622.0,1495.0,Carpet area: 1495 (138.89 sq.m.),3,2,3,1.0,East,New Property,,,1495.0,0,0,0,0,1,1,45.0,498.3333333333333
flat,tulip violet,1.95,sector 69,9701.0,2010.0,Super Built up area 2010(186.74 sq.m.),4,4,2,0.0,West,Relatively New,2010.0,,,0,0,0,0,0,1,80.0,502.5
house,unitech deerwood chase,8.45,sector 50,26153.0,3231.0,Plot area 359(33.35 sq.m.),3,3,2,2.0,North-East,Old Property,,359.0,,1,1,0,0,0,2,21.0,1077.0
flat,ss the leaf,1.05,sector 85,6402.0,1640.0,Super Built up area 1640(152.36 sq.m.),2,2,3,6.0,North-East,Relatively New,1640.0,,,0,0,0,0,1,1,72.0,820.0
flat,tulip leaf,2.07,sector 69,11423.0,1812.0,Super Built up area 1812(168.34 sq.m.),3,3,3,16.0,South-West,Relatively New,1812.0,,,0,0,0,0,0,1,49.0,604.0
flat,dlf regal gardens,1.65,sector 90,7449.0,2215.0,Super Built up area 2215(205.78 sq.m.)Built Up area: 1900 sq.ft. (176.52 sq.m.)Carpet area: 1700 sq.ft. (157.94 sq.m.),4,4,3+,8.0,East,Relatively New,2215.0,1900.0,1700.0,0,0,0,0,1,1,68.0,553.75
flat,smartworld 1dxp,2.75,sector 113,10589.0,2597.0,Carpet area: 2597 (241.27 sq.m.),4,4,3+,20.0,East,Under Construction,,,2597.0,1,1,0,1,0,0,14.0,649.25
house,,0.9,sector 7,10000.0,900.0,Plot area 100(83.61 sq.m.),2,4,3,3.0,North-East,Old Property,,900.0,,0,1,0,0,1,2,35.0,450.0
flat,shapoorji pallonji joyville gurugram,1.77,sector 102,9195.0,1925.0,Super Built up area 1827(169.73 sq.m.),3,3,3,1.0,North-East,Relatively New,1827.0,,,0,0,0,0,0,1,45.0,641.6666666666666
flat,signature global solera,0.36,sector 107,6581.0,547.0,Carpet area: 547 (50.82 sq.m.),2,2,2,8.0,South-East,Relatively New,,,547.0,0,0,0,0,0,1,174.0,273.5
flat,maruti vihar,1.0,sector 28,9090.0,1100.0,Super Built up area 1100(102.19 sq.m.),1,1,1,1.0,North,Old Property,1100.0,,,1,0,0,1,0,2,74.0,1100.0
flat,m3m golfestate,5.9,sector 65,17543.0,3363.0,Super Built up area 3363(312.43 sq.m.),3,3,3,9.0,,Moderately Old,3363.0,,,1,0,0,0,0,0,96.0,1121.0
flat,millenia,0.4,sector 37c,6666.0,600.0,Carpet area: 600 (55.74 sq.m.),2,2,2,4.0,East,New Property,,,600.0,0,0,0,0,0,1,0.0,300.0
flat,godrej nature plus,1.5,sector-33 sohna,9677.0,1550.0,Super Built up area 1550(144 sq.m.),3,3,3,6.0,East,Under Construction,1550.0,,,1,0,0,0,0,1,49.0,516.6666666666666
flat,umang winter hills,1.05,sector 77,5762.0,1822.0,Super Built up area 1822(169.27 sq.m.)Built Up area: 1600 sq.ft. (148.64 sq.m.)Carpet area: 1400 sq.ft. (130.06 sq.m.),3,3,3,7.0,East,Relatively New,1822.0,1600.0,1400.0,0,0,0,0,0,1,37.0,607.3333333333334
flat,adani aangan arcade,0.45,sector 88a,7194.0,626.0,Carpet area: 625.47 (58.11 sq.m.),2,2,1,8.0,,New Property,,,625.490229,0,0,0,0,0,1,72.0,313.0
house,,2.25,sector 46,2723.0,8262.0,Plot area 102(85.28 sq.m.)Built Up area: 90 sq.yards (75.25 sq.m.)Carpet area: 85 sq.yards (71.07 sq.m.),4,3,3,3.0,North-East,Relatively New,,90.0,85.0,1,0,0,0,0,2,49.0,2065.5
flat,smart world gems,0.86,sector 89,7796.0,1103.0,Super Built up area 1103(102.47 sq.m.),2,3,3,4.0,,Under Construction,1103.0,,,0,0,0,0,0,1,156.0,551.5
flat,dlf the ultima,2.45,sector 81,11491.0,2132.0,Super Built up area 2132(198.07 sq.m.)Built Up area: 1800 sq.ft. (167.23 sq.m.)Carpet area: 1500 sq.ft. (139.35 sq.m.),3,3,2,9.0,South-East,Relatively New,2132.0,1800.0,1500.0,0,1,0,0,0,2,117.0,710.6666666666666
flat,ats kocoon,1.7,sector 109,9742.0,1745.0,Super Built up area 1745(162.12 sq.m.)Built Up area: 1550 sq.ft. (144 sq.m.),3,3,3,22.0,East,Relatively New,1745.0,1550.0,,0,0,0,0,0,1,174.0,581.6666666666666
flat,adani brahma samsara vilasa,4.49,sector 63,14254.0,3150.0,Carpet area: 350 (292.64 sq.m.),4,4,3+,3.0,North,New Property,,,350.0,0,0,0,0,0,2,35.0,787.5
flat,sidhartha ncr one,0.57,sector 95,4179.0,1364.0,Built Up area: 1364 (126.72 sq.m.)Carpet area: 1232 sq.ft. (114.46 sq.m.),2,2,2,10.0,,Undefined,,1364.0,1232.0,0,0,0,0,0,1,0.0,682.0
flat,adani m2k oyster grande,2.4,sector 102,9305.0,2579.0,Super Built up area 2579(239.6 sq.m.)Carpet area: 2100 sq.ft. (195.1 sq.m.),3,4,3+,3.0,North-East,Relatively New,2579.0,,2100.0,1,0,0,0,0,2,16.0,859.6666666666666
flat,hcbs sports ville,0.32,sohna,6165.0,519.0,Carpet area: 519 (48.22 sq.m.),2,2,2,2.0,,New Property,,,519.0,0,0,0,0,0,1,26.0,259.5
flat,m3m crown,4.67,sector 111,17000.0,2747.0,Carpet area: 2750 (255.48 sq.m.),4,4,3+,8.0,,Under Construction,,,2750.0,0,0,0,0,0,1,52.0,686.75
flat,puri diplomatic greens,3.5,sector 111,11864.0,2950.0,Super Built up area 2950(274.06 sq.m.)Built Up area: 2700 sq.ft. (250.84 sq.m.)Carpet area: 2500 sq.ft. (232.26 sq.m.),4,5,3+,10.0,North-East,Relatively New,2950.0,2700.0,2500.0,0,1,0,0,0,2,44.0,737.5
flat,ss the leaf,2.0,sector 85,11869.0,1685.0,Super Built up area 2408(223.71 sq.m.)Carpet area: 1685 sq.ft. (156.54 sq.m.),3,4,3,5.0,West,Relatively New,2408.0,,1685.0,0,1,0,0,0,1,165.0,561.6666666666666
flat,dlf regency park,2.3,sector 28,11817.0,1946.0,Built Up area: 1777 (165.09 sq.m.),3,3,3,7.0,North-East,Moderately Old,,1777.0,,0,1,0,0,0,1,75.0,648.6666666666666
flat,emaar palm gardens,1.4,sector 83,8139.0,1720.0,Super Built up area 1720(159.79 sq.m.)Carpet area: 1095.3 sq.ft. (101.76 sq.m.),3,3,3,2.0,North-West,Relatively New,1720.0,,1095.3,1,1,1,1,0,2,0.0,573.3333333333334
house,,11.0,sector 41,33951.0,3240.0,Plot area 360(301.01 sq.m.),4,4,2,3.0,East,New Property,,3240.0,,1,1,0,1,0,1,150.0,810.0
flat,signature global city,1.1,sector 37d,8800.0,1250.0,Carpet area: 1250 (116.13 sq.m.),3,3,3,1.0,,Under Construction,,,1250.0,0,0,0,0,0,1,149.0,416.6666666666667
flat,supertech hues,0.8,sector 68,6779.0,1180.0,Built Up area: 1180 (109.63 sq.m.),2,2,3+,14.0,,New Property,,1180.0,,0,0,0,0,0,2,0.0,590.0
flat,emaar digihomes,2.1,sector 62,14254.0,1473.0,Super Built up area 1508.26(140.12 sq.m.),2,2,2,30.0,North,New Property,1508.26,,,0,1,0,0,0,1,51.0,736.5
flat,tulip violet,1.42,sector 69,8998.0,1578.0,Super Built up area 1578(146.6 sq.m.),3,3,2,8.0,East,Relatively New,1578.0,,,0,0,0,1,0,2,12.0,526.0
flat,landmark the residency,0.9,sector 103,6666.0,1350.0,Super Built up area 1350(125.42 sq.m.),2,2,2,1.0,South-West,Relatively New,1350.0,,,0,0,0,0,0,1,108.0,675.0
flat,vatika gurgaon,1.12,sector 83,6455.0,1735.0,Super Built up area 1735(161.19 sq.m.)Built Up area: 1200 sq.ft. (111.48 sq.m.)Carpet area: 1126 sq.ft. (104.61 sq.m.),3,3,2,4.0,South-East,Relatively New,1735.0,1200.0,1126.0,1,1,1,1,0,2,44.0,578.3333333333334
flat,sbtl caladium,1.6,sector 109,6286.0,2545.0,Super Built up area 2545(236.44 sq.m.),3,3,3,9.0,North,Relatively New,2545.0,,,0,1,0,0,0,1,72.0,848.3333333333334
flat,imperia elvedor,0.55,sector 37c,8221.0,669.0,Built Up area: 669 (62.15 sq.m.),1,1,0,5.0,,Undefined,,669.0,,0,0,0,0,0,1,31.0,669.0
flat,ss the leaf,1.1,sector 85,9565.0,1150.0,Super Built up area 1640(152.36 sq.m.)Built Up area: 1600 sq.ft. (148.64 sq.m.)Carpet area: 1150 sq.ft. (106.84 sq.m.),2,2,3,10.0,West,Relatively New,1640.0,1600.0,1150.0,0,0,0,1,0,1,0.0,575.0
flat,vatika city homes,1.08,sector 83,6206.0,1740.0,Super Built up area 1740(161.65 sq.m.)Carpet area: 1350 sq.ft. (125.42 sq.m.),3,3,3,6.0,South-West,Relatively New,1740.0,,1350.0,0,0,1,0,0,1,53.0,580.0
flat,experion the heartsong,3.0,sector 108,18392.0,1631.0,Super Built up area 2779(258.18 sq.m.)Built Up area: 2204.25 sq.ft. (204.78 sq.m.)Carpet area: 1631.07 sq.ft. (151.53 sq.m.),4,5,3+,2.0,South-West,Relatively New,2779.0,2204.25,1631.07,0,1,0,0,0,0,129.0,407.75
flat,signature global city 63a,1.65,sector 63a,15263.0,1081.0,Super Built up area 1081(100.43 sq.m.),2,2,2,1.0,,Under Construction,1081.0,,,0,0,0,0,0,1,0.0,540.5
flat,assotech blith,0.82,sector 99,6007.0,1365.0,Built Up area: 1365 (126.81 sq.m.),2,2,3,0.0,,Undefined,,1365.0,,0,0,0,0,0,1,128.0,682.5
house,,5.5,sector 43,28424.0,1935.0,Plot area 215(179.77 sq.m.),1,1,No,1.0,South-West,Old Property,,1935.0,,0,0,0,0,1,1,20.0,1935.0
flat,ss almeria,1.5,sector 84,7500.0,2000.0,Super Built up area 2000(185.81 sq.m.)Carpet area: 1700 sq.ft. (157.94 sq.m.),3,3,3,2.0,,New Property,2000.0,,1700.0,0,1,0,0,0,1,138.0,666.6666666666666
flat,signature signum 95a,0.4,sector 95a,7782.0,514.0,Carpet area: 514 (47.75 sq.m.),2,2,2,3.0,East,New Property,,,514.0,0,0,0,0,0,1,67.0,257.0
flat,dlf new town heights,1.65,sector 91,6345.0,2600.0,Super Built up area 2364(219.62 sq.m.),4,4,3+,11.0,West,Moderately Old,2364.0,,,0,1,0,0,0,1,29.0,650.0
flat,bestech park view residency,0.55,sector 23,8461.0,650.0,Super Built up area 650(60.39 sq.m.),1,1,2,7.0,North,Moderately Old,650.0,,,0,0,0,0,0,1,60.0,650.0
house,jacob pura,0.35,sector 12a,9722.0,360.0,Built Up area: 360 (33.45 sq.m.),2,1,No,,,Old Property,,360.0,,0,0,0,0,0,1,35.0,180.0
flat,godrej aria,1.3,sector 79,9622.0,1351.0,Super Built up area 1351(125.51 sq.m.),2,4,2,3.0,East,Relatively New,1351.0,,,0,0,0,0,0,1,63.0,675.5
flat,dlf new town heights,1.3,sector 90,6735.0,1930.0,Super Built up area 1930(179.3 sq.m.)Built Up area: 1929 sq.ft. (179.21 sq.m.)Carpet area: 1928 sq.ft. (179.12 sq.m.),3,3,3+,10.0,South,Relatively New,1930.0,1929.0,1928.0,0,1,0,1,0,2,159.0,643.3333333333334
house,,6.0,sector 12a,35088.0,1710.0,Plot area 190(17.65 sq.m.)Carpet area: 1600 sq.ft. (148.64 sq.m.),4,6,2,2.0,North-East,Old Property,,,1600.0,0,0,0,0,0,1,39.0,427.5
flat,chd avenue,1.25,sector 71,6597.0,1895.0,Super Built up area 1743(161.93 sq.m.),3,4,2,14.0,North-East,Relatively New,1743.0,,,1,1,0,1,1,0,61.0,631.6666666666666
flat,brisk lumbini terrace homes,1.38,sector 109,6338.0,2177.0,Carpet area: 2177 (202.25 sq.m.),3,3,1,4.0,,Moderately Old,,,2177.0,0,0,0,0,0,1,78.0,725.6666666666666
house,international city by sobha phase 2,6.25,sector 109,11574.0,5400.0,Plot area 600(501.68 sq.m.),4,4,3+,2.0,East,Relatively New,,5400.0,,0,1,0,0,0,1,75.0,1350.0
flat,m3m woodshire,1.45,sector 107,6141.0,2361.0,Super Built up area 2361(219.34 sq.m.)Built Up area: 1900 sq.ft. (176.52 sq.m.),3,4,3+,7.0,South,Relatively New,2361.0,1900.0,,0,1,0,0,0,1,133.0,787.0
flat,ansal heights 86,0.9,sector 86,5325.0,1690.0,Built Up area: 1690 (157.01 sq.m.),3,3,2,10.0,,New Property,,1690.0,,0,0,0,0,0,1,77.0,563.3333333333334
flat,godrej summit,1.75,sector 104,7530.0,2324.0,Carpet area: 2324 (215.91 sq.m.),4,5,3+,1.0,,New Property,,,2324.0,0,1,0,0,0,1,25.0,581.0
house,grover homes sec 4,4.75,sector 4,9374.0,5067.0,Plot area 563(470.74 sq.m.),5,5,1,1.0,South-East,Old Property,,5067.0,,1,1,0,1,0,2,159.0,1013.4
house,international city by sobha phase 2,12.5,sector 109,26670.0,4687.0,Plot area 500(418.06 sq.m.),5,6,3,3.0,East,Relatively New,,4500.0,,1,1,1,1,0,1,80.0,937.4
flat,puri diplomatic greens,2.65,sector 111,13589.0,1950.0,Super Built up area 2215(205.78 sq.m.)Carpet area: 1950 sq.ft. (181.16 sq.m.),3,4,2,7.0,West,Relatively New,2215.0,,1950.0,0,1,0,0,0,2,160.0,650.0
flat,raheja revanta,0.99,sector 78,6100.0,1623.0,Super Built up area 1621(150.6 sq.m.),2,2,3,14.0,East,Under Construction,1621.0,,,0,0,0,0,1,1,165.0,811.5
flat,dlf the arbour,7.9,sector 63,20000.0,3950.0,Built Up area: 3950 (366.97 sq.m.)Carpet area: 2900 sq.ft. (269.42 sq.m.),4,4,3+,34.0,,Under Construction,,3950.0,2900.0,0,0,0,0,0,1,174.0,987.5
flat,ramprastha the edge towers,0.8,sector 37d,5797.0,1380.0,Super Built up area 1380(128.21 sq.m.)Built Up area: 1300 sq.ft. (120.77 sq.m.)Carpet area: 1200 sq.ft. (111.48 sq.m.),2,2,3,2.0,North-East,Relatively New,1380.0,1300.0,1200.0,0,0,0,0,0,1,174.0,690.0
flat,shree arihant apartment,1.5,sector 54,8108.0,1850.0,Super Built up area 1850(171.87 sq.m.)Built Up area: 1700 sq.ft. (157.94 sq.m.)Carpet area: 1550 sq.ft. (144 sq.m.),3,3,3+,4.0,West,Moderately Old,1850.0,1700.0,1550.0,0,0,0,1,0,2,74.0,616.6666666666666
flat,vatika the seven lamps,1.6,sector 82,6597.0,2425.0,Super Built up area 2425(225.29 sq.m.),4,5,3+,8.0,South-West,Relatively New,2425.0,,,0,1,0,0,0,1,40.0,606.25
house,unitech uniworld resorts,8.0,sector 33,11428.0,7000.0,Plot area 7000(650.32 sq.m.),4,4,3+,2.0,West,Old Property,,7000.0,,1,1,1,1,0,1,102.0,1750.0
house,dlf city plots phase 2,4.5,sector 25,33333.0,1350.0,Plot area 150(125.42 sq.m.),5,3,2,3.0,,Old Property,,1350.0,,0,0,1,1,0,1,0.0,270.0
flat,emaar gurgaon greens,1.49,sector 102,9030.0,1650.0,Super Built up area 1650(153.29 sq.m.)Carpet area: 1022.58 sq.ft. (95 sq.m.),3,3,3,10.0,North-East,Relatively New,1650.0,,1022.58,0,0,0,0,0,2,35.0,550.0
flat,signature global park,0.55,sohna,7355.0,748.0,Carpet area: 745 (69.21 sq.m.),2,2,3,4.0,East,New Property,,,745.0,0,0,0,0,0,1,0.0,374.0
house,sushant lok 1 builder floors,10.85,sector 43,28841.0,3762.0,Plot area 418(349.5 sq.m.),8,8,3,3.0,West,Moderately Old,,3762.0,,1,1,1,1,0,0,99.0,470.25
flat,signature global park,0.91,sohna,6289.0,1447.0,Carpet area: 1439 (133.69 sq.m.),3,3,3,1.0,West,Relatively New,,,1439.0,0,0,0,1,0,1,49.0,482.3333333333333
flat,vatika xpressions,0.92,sector 88b,7360.0,1250.0,Super Built up area 1350(125.42 sq.m.)Built Up area: 1300 sq.ft. (120.77 sq.m.)Carpet area: 1250 sq.ft. (116.13 sq.m.),2,2,2,3.0,North,Relatively New,1350.0,1300.0,1250.0,0,0,0,1,0,1,8.0,625.0
flat,tata primanti,4.25,sector 72,13076.0,3250.0,Super Built up area 3250(301.93 sq.m.),4,4,3+,0.0,North,Relatively New,3250.0,,,0,1,0,0,0,2,49.0,812.5
flat,m3m woodshire,1.35,sector 107,5717.0,2361.0,Super Built up area 2361(219.34 sq.m.)Built Up area: 1950 sq.ft. (181.16 sq.m.),3,4,3+,8.0,South,Relatively New,2361.0,1950.0,,0,1,0,0,0,2,137.0,787.0
house,international city by sobha phase 2,7.0,sector 109,12963.0,5400.0,Plot area 600(501.68 sq.m.),4,4,3+,2.0,West,Relatively New,,5400.0,,0,0,0,0,0,2,165.0,1350.0
flat,sidhartha ncr one,0.55,sector 95,5556.0,990.0,Built Up area: 990 (91.97 sq.m.)Carpet area: 950 sq.ft. (88.26 sq.m.),2,2,3,15.0,North-East,Undefined,,990.0,950.0,0,0,0,0,0,1,72.0,495.0
flat,imperia the esfera,0.86,sector 37c,4886.0,1760.0,Super Built up area 1760(163.51 sq.m.),3,3,2,0.0,,New Property,1760.0,,,0,0,0,0,1,1,57.0,586.6666666666666
flat,railway officers rpf society,1.3,sector 9a,5039.0,2580.0,Built Up area: 2580 (239.69 sq.m.),4,4,3+,9.0,East,Undefined,,2580.0,,0,0,0,0,0,1,69.0,645.0
flat,godrej,1.47,sector 79,16256.0,904.0,Carpet area: 84.01,2,2,3,9.0,North-East,New Property,,,84.01,1,0,0,0,0,1,141.0,452.0
flat,godrej nature plus,1.35,sector-33 sohna,8231.0,1640.0,Super Built up area 1640(152.36 sq.m.),3,2,3+,7.0,North-East,Under Construction,1640.0,,,0,0,0,1,0,1,134.0,546.6666666666666
flat,umang monsoon breeze,1.2,sector 78,6493.0,1848.0,Super Built up area 2250(209.03 sq.m.)Carpet area: 1848 sq.ft. (171.68 sq.m.),3,3,2,8.0,,Moderately Old,2250.0,,1848.0,0,0,0,1,0,0,149.0,616.0
flat,la vida by tata housing,1.65,sector 113,10449.0,1579.0,Super Built up area 1579(146.69 sq.m.)Built Up area: 1420 sq.ft. (131.92 sq.m.)Carpet area: 1220 sq.ft. (113.34 sq.m.),3,2,2,3.0,North-East,Relatively New,1579.0,1420.0,1220.0,0,0,0,0,0,1,109.0,526.3333333333334
flat,experion windchants,2.8,sector 112,11470.0,2441.0,Super Built up area 2441(226.78 sq.m.)Built Up area: 1939.03 sq.ft. (180.14 sq.m.)Carpet area: 1800 sq.ft. (167.23 sq.m.),2,3,2,9.0,South-East,Relatively New,2441.0,1939.03,1800.0,1,1,0,0,0,1,58.0,1220.5
house,international city by sobha phase 2,8.75,sector 109,24306.0,3600.0,Plot area 400(334.45 sq.m.),5,5,3+,3.0,North-East,New Property,,3600.0,,1,1,1,1,0,2,38.0,720.0
flat,ats tourmaline,1.5,sector 109,8571.0,1750.0,Super Built up area 1750(162.58 sq.m.)Built Up area: 1466 sq.ft. (136.2 sq.m.),3,3,3+,7.0,North-East,Relatively New,1750.0,1466.0,,0,0,0,0,0,1,0.0,583.3333333333334
flat,sare crescent parc,0.51,sector 92,4080.0,1250.0,Super Built up area 1250(116.13 sq.m.),3,2,2,2.0,North,Relatively New,1250.0,,,0,0,0,0,0,1,0.0,416.6666666666667
flat,breez global heights,0.25,sohna,7002.0,357.0,Super Built up area 414(38.46 sq.m.)Carpet area: 357 sq.ft. (33.17 sq.m.),1,1,1,1.0,,Relatively New,414.0,,357.0,0,0,0,0,0,1,49.0,357.0
flat,ats triumph,1.95,sector 104,8515.0,2290.0,Carpet area: 2290 (212.75 sq.m.),3,3,3+,3.0,,New Property,,,2290.0,0,1,0,0,0,1,167.0,763.3333333333334
flat,ss the leaf,1.2,sector 85,7317.0,1640.0,Super Built up area 1640(152.36 sq.m.)Carpet area: 1148 sq.ft. (106.65 sq.m.),2,2,3+,14.0,East,Relatively New,1640.0,,1148.0,0,0,1,0,0,1,97.0,820.0
flat,conscient heritage max,1.75,sector 102,9062.0,1931.0,Super Built up area 1931(179.4 sq.m.),3,4,3+,16.0,South,Relatively New,1931.0,,,0,1,0,0,0,1,49.0,643.6666666666666
flat,bptp astaire gardens,0.97,sector 70a,6587.0,1473.0,Super Built up area 1480(137.5 sq.m.),3,3,3+,1.0,West,Relatively New,1480.0,,,0,0,0,0,1,1,79.0,491.0
flat,ss the leaf,1.14,sector 85,6951.0,1640.0,Super Built up area 1640(152.36 sq.m.),2,2,3,4.0,South,Relatively New,1640.0,,,0,0,0,0,0,1,22.0,820.0
flat,vatika xpressions,1.1,sector 88b,8148.0,1350.0,Built Up area: 1350 (125.42 sq.m.)Carpet area: 1050 sq.ft. (97.55 sq.m.),2,4,3+,2.0,North-East,Under Construction,,1350.0,1050.0,1,0,0,0,0,1,0.0,675.0
flat,smart world gems,1.0,sector 89,9033.0,1107.0,Carpet area: 1107 (102.84 sq.m.),2,2,2,1.0,,Under Construction,,,1107.0,1,0,0,0,0,1,153.0,553.5
flat,ild grand centra,0.95,sector 37c,5220.0,1820.0,Built Up area: 1820 (169.08 sq.m.),3,1,0,0.0,,Undefined,,1820.0,,0,0,0,0,0,1,148.0,606.6666666666666
house,,0.7,sector 3a,6648.0,1053.0,Built Up area: 117 (97.83 sq.m.),3,3,No,1.0,,Undefined,,117.0,,0,0,0,0,0,1,44.0,351.0
flat,ss the leaf,1.12,sector 85,6453.0,1736.0,Super Built up area 1741(161.74 sq.m.)Built Up area: 1485 sq.ft. (137.96 sq.m.)Carpet area: 1335 sq.ft. (124.03 sq.m.),2,2,3,10.0,East,Relatively New,1741.0,1485.0,1335.0,0,0,0,0,1,1,94.0,868.0
flat,dlf the skycourt,1.6,sector 86,8294.0,1929.0,Super Built up area 1929(179.21 sq.m.)Built Up area: 1548 sq.ft. (143.81 sq.m.)Carpet area: 1300 sq.ft. (120.77 sq.m.),3,3,3+,9.0,North-East,Relatively New,1929.0,1548.0,1300.0,0,0,0,0,1,2,46.0,643.0
house,signature global city 81,0.75,sector 81,6849.0,1095.0,Plot area 1095(101.73 sq.m.),3,2,3,4.0,East,Under Construction,,1095.0,,1,0,0,0,0,1,101.0,365.0
flat,corona optus,1.25,sector 37c,7175.0,1742.0,Super Built up area 1735(161.19 sq.m.)Carpet area: 1400 sq.ft. (130.06 sq.m.),3,3,3,2.0,North-West,Relatively New,1735.0,,1400.0,1,0,0,0,0,1,6.0,580.6666666666666
house,,1.2,sector 23a,6230.0,1926.0,Plot area 214(178.93 sq.m.)Built Up area: 1500 sq.yards (1254.19 sq.m.),3,2,2,3.0,,New Property,,1500.0,,0,0,0,0,0,2,51.0,642.0
flat,navjyoti apartment,2.1,sector 38,11938.0,1759.0,Carpet area: 1759 (163.42 sq.m.),4,4,3+,10.0,North,Old Property,,,1759.0,0,0,0,0,0,0,108.0,439.75
house,,1.1,sector 9,6111.0,1800.0,Plot area 200(18.58 sq.m.),4,3,1,2.0,North-East,Old Property,,200.0,,0,0,0,0,0,1,145.0,450.0
house,international city by sobha phase 2,8.48,sector 109,23556.0,3600.0,Plot area 400(334.45 sq.m.),4,6,3+,3.0,North-East,New Property,,3600.0,,1,1,1,1,0,1,112.0,900.0
house,vipul tatvam villa,6.4,sector 48,24691.0,2592.0,Plot area 288(240.8 sq.m.)Built Up area: 240 sq.yards (200.67 sq.m.)Carpet area: 200 sq.yards (167.23 sq.m.),3,4,3,2.0,North,Relatively New,,240.0,200.0,1,1,1,0,0,2,0.0,864.0
flat,smart world orchard,1.85,sector 61,14800.0,1250.0,Carpet area: 1250 (116.13 sq.m.),2,2,2,3.0,,New Property,,,1250.0,0,0,0,0,0,1,0.0,625.0
flat,emaar palm heights,1.75,sector 77,11666.0,1500.0,Super Built up area 2025(188.13 sq.m.)Built Up area: 1900 sq.ft. (176.52 sq.m.)Carpet area: 1500 sq.ft. (139.35 sq.m.),3,3,3+,11.0,South-West,Relatively New,2025.0,1900.0,1500.0,0,1,0,0,0,1,65.0,500.0
flat,signature global park,0.95,sohna,7846.0,1211.0,Built Up area: 1210.73 (112.48 sq.m.)Carpet area: 756.6 sq.ft. (70.29 sq.m.),3,2,3+,1.0,,Relatively New,,1210.723472,756.6,0,0,0,0,0,1,158.0,403.6666666666667
flat,bestech park view ananda,1.15,sector 81,6927.0,1660.0,Super Built up area 1660(154.22 sq.m.)Carpet area: 1082 sq.ft. (100.52 sq.m.),3,2,3+,12.0,East,Relatively New,1660.0,,1082.0,0,0,0,0,0,1,106.0,553.3333333333334
flat,sare homes,0.65,sector 92,4587.0,1417.0,Carpet area: 1417 (131.64 sq.m.),3,3,2,3.0,,Relatively New,,,1417.0,0,0,0,0,0,1,95.0,472.3333333333333
house,,4.15,sector 14,18444.0,2250.0,Plot area 250(209.03 sq.m.),5,4,2,2.0,North-West,Old Property,,2250.0,,0,0,0,0,0,2,91.0,450.0
flat,sare homes,0.71,sector 92,5354.0,1326.0,Carpet area: 1326 (123.19 sq.m.),3,3,3,2.0,North-West,Relatively New,,,1326.0,0,0,0,1,0,1,49.0,442.0
flat,ss the leaf,1.04,sector 85,8320.0,1250.0,Super Built up area 1640(152.36 sq.m.)Built Up area: 1550 sq.ft. (144 sq.m.)Carpet area: 1250 sq.ft. (116.13 sq.m.),2,2,3,17.0,East,New Property,1640.0,1550.0,1250.0,0,0,0,0,1,1,100.0,625.0
flat,tarc maceo,1.5,sector 91,6465.0,2320.0,Super Built up area 2320(215.54 sq.m.)Carpet area: 1325 sq.ft. (123.1 sq.m.),3,4,3+,3.0,North-West,Relatively New,2320.0,,1325.0,1,1,0,0,0,1,49.0,773.3333333333334
flat,raheja the vedaanta floors,0.7,sector 108,4521.0,1548.0,Carpet area: 1548 (143.81 sq.m.),2,2,3,1.0,,Moderately Old,,,1548.0,0,0,0,0,0,2,0.0,774.0
house,,1.0,sector 5,11111.0,900.0,Plot area 900(83.61 sq.m.),3,4,2,2.0,,Relatively New,,900.0,,0,0,0,0,0,1,58.0,300.0
flat,pareena mi casa,1.0,sector 68,8163.0,1225.0,Carpet area: 1225 (113.81 sq.m.),2,2,2,16.0,,New Property,,,1225.0,0,1,0,0,0,1,92.0,612.5
flat,vatika city,1.85,sector 49,10578.0,1749.0,Super Built up area 1748.87(162.48 sq.m.)Built Up area: 1471.12 sq.ft. (136.67 sq.m.),3,3,1,7.0,South-West,Moderately Old,1748.87,1471.12,,0,0,1,1,0,1,63.0,583.0
flat,mvn athens,0.26,sohna,5397.0,482.0,Carpet area: 481.73 (44.75 sq.m.),2,2,1,5.0,,Relatively New,,,481.684525,0,0,0,0,0,1,67.0,241.0
flat,tulip violet,1.36,sector 69,8618.0,1578.0,Super Built up area 1578(146.6 sq.m.),3,3,2,12.0,West,Relatively New,1578.0,,,0,0,0,1,0,2,0.0,526.0
flat,ireo skyon,2.5,sector 60,16129.0,1550.0,Super Built up area 1550(144 sq.m.),2,3,2,4.0,North-West,Relatively New,1550.0,,,1,0,0,0,0,1,0.0,775.0
flat,shree vardhman victoria,1.63,sector 70,8358.0,1950.0,Super Built up area 1950(181.16 sq.m.)Carpet area: 1161 sq.ft. (107.86 sq.m.),3,3,3,5.0,East,New Property,1950.0,,1161.0,0,1,0,0,1,1,38.0,650.0
house,bhawani enclave,0.42,sector 62,8235.0,510.0,Plot area 565(52.49 sq.m.)Carpet area: 510 sq.ft. (47.38 sq.m.),3,3,No,2.0,East,New Property,,,510.0,0,0,0,1,0,1,35.0,170.0
flat,krisumi waterfall residences,2.3,sector 36a,15551.0,1479.0,Built Up area: 1479 (137.4 sq.m.),2,2,2,23.0,,Undefined,,1479.0,,0,0,0,0,0,1,165.0,739.5
flat,kiran residency,1.55,sector 56,6888.0,2250.0,Super Built up area 2250(209.03 sq.m.)Built Up area: 1900 sq.ft. (176.52 sq.m.)Carpet area: 1750 sq.ft. (162.58 sq.m.),3,3,3+,5.0,North,Moderately Old,2250.0,1900.0,1750.0,0,1,0,1,0,2,31.0,750.0
flat,gls avenue 51,0.21,sector 92,6953.0,302.0,Carpet area: 302 (28.06 sq.m.),1,1,1,0.0,South-East,Relatively New,,,302.0,0,0,0,0,0,1,145.0,302.0
flat,central park flower valley aqua front towers,1.7,sector-33 sohna,9502.0,1789.0,Super Built up area 1789(166.2 sq.m.),3,3,3,12.0,,Under Construction,1789.0,,,0,0,0,0,0,1,57.0,596.3333333333334
flat,godrej nature plus,1.67,sector-33 sohna,10500.0,1590.0,Carpet area: 1671 (155.24 sq.m.),3,2,2,18.0,,Under Construction,,,1671.0,0,0,0,0,0,1,57.0,530.0
house,,1.0,sector 6,4630.0,2160.0,Built Up area: 240 (22.3 sq.m.),6,4,No,3.0,,Undefined,,240.0,,0,0,0,0,0,1,0.0,360.0
flat,essel tower,2.2,sector 28,12500.0,1760.0,Carpet area: 1760 (163.51 sq.m.),3,4,3+,3.0,,Moderately Old,,,1760.0,0,1,0,0,0,0,17.0,586.6666666666666
house,,1.4,sector 8,8235.0,1700.0,Built Up area: 1700 (157.94 sq.m.),2,2,1,3.0,,Relatively New,,1700.0,,0,0,0,0,0,1,106.0,850.0
flat,smart world gems,1.05,sector 89,9519.0,1103.0,Built Up area: 1103 (102.47 sq.m.),2,2,2,4.0,,Under Construction,,1103.0,,1,0,0,0,1,1,80.0,551.5
flat,vatika gurgaon,0.87,sector 83,6987.0,1245.0,Super Built up area 1245(115.66 sq.m.),2,2,2,3.0,East,Moderately Old,1245.0,,,0,0,0,0,0,1,120.0,622.5
flat,the close north,2.35,sector 50,11767.0,1997.0,Super Built up area 1997(185.53 sq.m.)Built Up area: 1950 sq.ft. (181.16 sq.m.)Carpet area: 1850 sq.ft. (171.87 sq.m.),3,3,3+,8.0,North-East,Moderately Old,1997.0,1950.0,1850.0,0,0,0,0,0,2,54.0,665.6666666666666
house,huda plots,2.95,sector 56,20359.0,1449.0,Plot area 161(134.62 sq.m.)Built Up area: 1000 sq.yards (836.13 sq.m.),2,2,2,1.0,North,Moderately Old,,1000.0,,0,0,0,0,0,1,108.0,724.5
house,smart world orchard,2.01,sector 61,13000.0,1546.0,Plot area 1549(143.91 sq.m.),3,3,3,4.0,North,Under Construction,,1549.0,,0,0,0,0,0,1,0.0,515.3333333333334
flat,breez global heights,0.4,sohna,6694.0,598.0,Super Built up area 950(88.26 sq.m.)Carpet area: 597.53 sq.ft. (55.51 sq.m.),2,2,2,7.0,,Relatively New,950.0,,597.53,0,0,0,0,0,1,42.0,299.0
flat,smriti apartment,0.45,sector 56,7500.0,600.0,Super Built up area 600(55.74 sq.m.),1,1,2,3.0,,Old Property,600.0,,,0,0,0,0,0,1,120.0,600.0
house,,2.7,sector 23,18620.0,1450.0,Plot area 1450(134.71 sq.m.),5,5,2,3.0,East,Old Property,,1450.0,,0,0,0,0,0,2,101.0,290.0
flat,vatika lifestyle homes,1.05,sector 83,7500.0,1400.0,Super Built up area 1755(163.04 sq.m.)Built Up area: 1600 sq.ft. (148.64 sq.m.)Carpet area: 1400 sq.ft. (130.06 sq.m.),3,2,2,1.0,South-West,Moderately Old,1755.0,1600.0,1400.0,0,0,0,0,0,2,101.0,466.6666666666667
flat,silverglades the melia,1.01,sohna,7000.0,1443.0,Super Built up area 1450(134.71 sq.m.)Carpet area: 950 sq.ft. (88.26 sq.m.),2,2,3,12.0,,Under Construction,1450.0,,950.0,1,0,0,0,0,1,174.0,721.5
flat,dlf new town heights,1.55,sector 86,6578.0,2356.0,Super Built up area 2356(218.88 sq.m.)Carpet area: 1750 sq.ft. (162.58 sq.m.),4,4,3+,12.0,North-East,Moderately Old,2356.0,,1750.0,0,1,0,1,0,2,52.0,589.0
flat,central park flower valley,1.4,sector-33 sohna,21538.0,650.0,Super Built up area 650(60.39 sq.m.),3,3,3,2.0,,Under Construction,650.0,,,0,0,0,0,0,1,21.0,216.66666666666666
flat,indiabulls centrum park,2.2,sector 103,7652.0,2875.0,Super Built up area 2875(267.1 sq.m.),4,6,3+,4.0,North-East,Relatively New,2875.0,,,0,1,0,0,0,2,79.0,718.75
house,,0.38,sector 105,8444.0,450.0,Carpet area: 50 (4.65 sq.m.),2,2,2,1.0,,Undefined,,,50.0,0,0,0,0,0,1,165.0,225.0
flat,dlf city plots phase 3,6.5,sector 25,18571.0,3500.0,Carpet area: 3500 (325.16 sq.m.),4,5,3+,3.0,North-East,New Property,,,3500.0,0,1,0,0,0,0,174.0,875.0
flat,dlf regency park,2.35,sector 28,13224.0,1777.0,Super Built up area 1777(165.09 sq.m.),3,3,2,18.0,North-East,Old Property,1777.0,,,0,1,0,0,0,1,101.0,592.3333333333334
flat,m3m the marina,1.45,sector 68,9615.0,1508.0,Super Built up area 1508(140.1 sq.m.),3,2,3+,9.0,,New Property,1508.0,,,0,0,0,0,0,1,117.0,502.6666666666667
flat,cghs vidya enclave,1.7,sector 56,10967.0,1550.0,Super Built up area 1600(148.64 sq.m.)Carpet area: 1550 sq.ft. (144 sq.m.),3,2,3,6.0,,Old Property,1600.0,,1550.0,0,0,1,0,0,1,88.0,516.6666666666666
flat,signature global park,0.75,sohna,6938.0,1081.0,Carpet area: 1081 (100.43 sq.m.),3,2,3+,4.0,East,New Property,,,1081.0,0,0,0,0,0,1,49.0,360.3333333333333
flat,m3m skywalk,2.25,sector 74,12500.0,1800.0,Super Built up area 2000(185.81 sq.m.)Built Up area: 1900 sq.ft. (176.52 sq.m.)Carpet area: 1800 sq.ft. (167.23 sq.m.),3,3,3,5.0,North-East,Relatively New,2000.0,1900.0,1800.0,1,0,0,0,0,1,145.0,600.0
flat,birla navya,3.23,sector 63a,26872.0,1202.0,Super Built up area 2150(199.74 sq.m.)Carpet area: 1200 sq.ft. (111.48 sq.m.),3,3,3,4.0,West,New Property,2150.0,,1200.0,0,1,0,0,0,1,71.0,400.6666666666667
flat,emaar mgf emerald floors premier,2.55,sector 65,15454.0,1650.0,Super Built up area 1650(153.29 sq.m.)Carpet area: 1300 sq.ft. (120.77 sq.m.),3,3,3,3.0,West,Relatively New,1650.0,,1300.0,1,1,0,0,0,1,0.0,550.0
flat,la vida by tata housing,2.48,sector 113,14090.0,1760.0,Super Built up area 2217(205.97 sq.m.)Built Up area: 1980 sq.ft. (183.95 sq.m.)Carpet area: 1760 sq.ft. (163.51 sq.m.),3,3,3+,8.0,,New Property,2217.0,1980.0,1760.0,0,1,0,0,0,1,174.0,586.6666666666666
flat,emaar palm gardens,1.72,sector 83,9052.0,1900.0,Super Built up area 1900(176.52 sq.m.)Built Up area: 1600 sq.ft. (148.64 sq.m.)Carpet area: 1240.04 sq.ft. (115.2 sq.m.),3,3,3,4.0,South,Relatively New,1900.0,1600.0,1240.04,0,1,0,0,0,2,0.0,633.3333333333334
flat,ss the leaf,1.09,sector 85,6666.0,1635.0,Super Built up area 1640(152.36 sq.m.)Built Up area: 1638 sq.ft. (152.18 sq.m.)Carpet area: 1635 sq.ft. (151.9 sq.m.),2,2,3,9.0,South-West,Relatively New,1640.0,1638.0,1635.0,0,0,1,0,0,1,0.0,817.5
flat,conscient heritage max,2.15,sector 102,9306.0,2310.0,Super Built up area 2149(199.65 sq.m.),3,4,3,13.0,South,Relatively New,2149.0,,,1,1,0,0,0,1,0.0,770.0
flat,emaar emerald hills,1.95,sector 65,13928.0,1400.0,Carpet area: 1400 (130.06 sq.m.),3,3,3+,1.0,North-East,New Property,,,1400.0,0,0,1,0,0,2,90.0,466.6666666666667
flat,dlf carlton estate,2.1,sector 43,15418.0,1362.0,Super Built up area 1362(126.53 sq.m.),3,3,1,2.0,East,Old Property,1362.0,,,0,0,1,0,0,2,0.0,454.0
flat,orchid petals,4.79,sector 49,11628.0,4119.0,Super Built up area 4115(382.3 sq.m.),5,5,3+,14.0,South,Relatively New,4115.0,,,1,1,0,1,0,1,89.0,823.8
house,4s aradhya homes,1.83,sector 67a,6778.0,2700.0,Plot area 300(250.84 sq.m.),4,4,2,4.0,East,New Property,,2700.0,,0,0,0,1,0,2,23.0,675.0
flat,la vida by tata housing,1.93,sector 113,12222.0,1579.0,Super Built up area 1579(146.69 sq.m.),3,3,2,8.0,,Under Construction,1579.0,,,0,0,0,0,0,1,45.0,526.3333333333334
house,,0.46,west sector 13,7302.0,630.0,Plot area 70(58.53 sq.m.),2,3,3,3.0,,Moderately Old,,630.0,,0,0,0,0,0,1,88.0,315.0
flat,m3m woodshire,1.3,sector 107,8922.0,1457.0,Super Built up area 1943(180.51 sq.m.)Built Up area: 1554 sq.ft. (144.37 sq.m.)Carpet area: 1457 sq.ft. (135.36 sq.m.),3,3,3+,4.0,West,Relatively New,1943.0,1554.0,1457.0,0,0,0,1,0,2,76.0,485.6666666666667
flat,ramshanti cooperative society,1.76,sector 52,7242.0,2430.0,Super Built up area 2430(225.75 sq.m.),4,4,3+,12.0,,New Property,2430.0,,,0,0,0,0,0,1,95.0,607.5
flat,mittal surya vihar,1.4,sector 21,5833.0,2400.0,Super Built up area 2400(222.97 sq.m.),5,4,2,2.0,,Moderately Old,2400.0,,,0,0,0,0,0,1,91.0,480.0
flat,umang monsoon breeze,1.05,sector 78,5666.0,1853.0,Built Up area: 1853 (172.15 sq.m.)Carpet area: 1390 sq.ft. (129.14 sq.m.),3,3,3,6.0,North,Moderately Old,,1853.0,1390.0,0,0,0,0,0,1,49.0,617.6666666666666
flat,sidhartha ncr one phase,0.55,sector 95,4867.0,1130.0,Carpet area: 1130 (104.98 sq.m.),2,2,2,14.0,,New Property,,,1130.0,1,0,0,0,0,1,122.0,565.0
flat,shapoorji pallonji joyville gurugram,0.95,sector 102,10383.0,915.0,Built Up area: 915 (85.01 sq.m.)Carpet area: 675 sq.ft. (62.71 sq.m.),2,2,2,14.0,,Undefined,,915.0,675.0,0,0,0,0,0,1,137.0,457.5
flat,emaar mgf emerald floors premier,2.8,sector 65,16969.0,1650.0,Super Built up area 1975(183.48 sq.m.)Built Up area: 1800 sq.ft. (167.23 sq.m.)Carpet area: 1650 sq.ft. (153.29 sq.m.),4,4,3,2.0,North,Relatively New,1975.0,1800.0,1650.0,1,0,0,0,0,2,65.0,412.5
flat,ansal heights,0.6,sector 92,4546.0,1320.0,Super Built up area 1320(122.63 sq.m.),2,2,3,11.0,,Under Construction,1320.0,,,0,0,0,0,1,1,15.0,660.0
flat,tarc maceo,1.8,sector 91,7758.0,2320.0,Carpet area: 2320 (215.54 sq.m.),3,3,3+,0.0,North,Relatively New,,,2320.0,0,0,0,1,0,0,20.0,773.3333333333334
flat,raheja navodaya,0.85,sector 92,5407.0,1572.0,Super Built up area 1572(146.04 sq.m.),3,3,0,0.0,East,Relatively New,1572.0,,,0,0,0,0,0,1,49.0,524.0
flat,bestech park view city,1.8,sector 48,10250.0,1756.0,Carpet area: 1756 (163.14 sq.m.),3,4,3,3.0,North-West,Moderately Old,,,1756.0,1,0,0,0,0,2,72.0,585.3333333333334
flat,emaar imperial gardens,1.85,sector 102,9135.0,2025.0,Carpet area: 2025 (188.13 sq.m.),3,3,3+,0.0,South-West,Relatively New,,,2025.0,0,1,0,0,0,2,94.0,675.0
flat,surendra avenue 69,0.75,sector 69,6818.0,1100.0,Built Up area: 1100 (102.19 sq.m.),2,2,2,4.0,,Moderately Old,,1100.0,,0,0,0,0,0,1,110.0,550.0
flat,ansals api esencia,2.4,golf course ext road,8000.0,3000.0,Built Up area: 2500 (232.26 sq.m.)Carpet area: 2198 sq.ft. (204.2 sq.m.),4,4,3+,1.0,East,New Property,,2500.0,2198.0,0,0,0,0,0,2,0.0,750.0
flat,bestech park view sanskruti,1.9,sector 92,8172.0,2325.0,Super Built up area 2325(216 sq.m.)Built Up area: 1920 sq.ft. (178.37 sq.m.)Carpet area: 1750 sq.ft. (162.58 sq.m.),4,4,3+,10.0,West,Relatively New,2325.0,1920.0,1750.0,1,1,0,1,1,1,144.0,581.25
flat,smart world orchard,1.6,sector 61,13913.0,1150.0,Carpet area: 1150 (106.84 sq.m.),2,2,2,3.0,East,New Property,,,1150.0,1,0,0,0,0,1,101.0,575.0
house,,4.0,sector 38,21786.0,1836.0,Plot area 204(170.57 sq.m.),6,6,3+,4.0,North-East,Old Property,,1836.0,,1,1,0,1,1,2,158.0,306.0
flat,ats marigold,1.7,sector 89 a,9714.0,1750.0,Carpet area: 1750 (162.58 sq.m.),3,3,3+,8.0,North,Under Construction,,,1750.0,1,0,0,0,0,1,0.0,583.3333333333334
flat,m3m skywalk,2.2,sector 74,10901.0,2018.0,Super Built up area 2018(187.48 sq.m.),3,3,3,12.0,,New Property,2018.0,,,1,0,0,0,0,2,160.0,672.6666666666666
flat,tulip violet,3.25,sector 69,10105.0,3216.0,Super Built up area 3216(298.78 sq.m.),4,5,3+,14.0,,Relatively New,3216.0,,,0,0,0,1,1,1,0.0,804.0
flat,pareena mi casa,1.15,sector 68,9236.0,1245.0,Super Built up area 1245(115.66 sq.m.),2,2,3,8.0,East,New Property,1245.0,,,0,0,0,0,0,1,138.0,622.5
flat,microtek greenburg,1.93,sector 86,8446.0,2285.0,Super Built up area 2285(212.28 sq.m.),3,4,3,12.0,East,Relatively New,2285.0,,,0,1,0,0,0,1,49.0,761.6666666666666
flat,millenium bajrang society,2.5,sector 43,9433.0,2650.0,Super Built up area 2650(246.19 sq.m.),4,4,3+,2.0,South,Relatively New,2650.0,,,0,0,0,0,0,2,49.0,662.5
flat,bestech park view residency,0.56,sector 23,8632.0,649.0,Carpet area: 651 (60.48 sq.m.),1,1,2,6.0,South,Moderately Old,,,651.0,0,0,0,0,0,1,165.0,649.0
house,emaar mgf marbella,19.0,sector 66,31667.0,6000.0,Plot area 9000(836.13 sq.m.)Carpet area: 6000 sq.ft. (557.42 sq.m.),5,6,3+,3.0,North-East,Relatively New,,,6000.0,0,1,1,1,0,2,88.0,1200.0
house,,4.12,sector 3a phase 2,8889.0,4635.0,Plot area 515(430.61 sq.m.),2,1,3+,,,Moderately Old,,4635.0,,0,0,0,0,0,1,105.0,2317.5
flat,ats tourmaline,2.25,sector 109,8704.0,2585.0,Super Built up area 2585(240.15 sq.m.),3,4,3,14.0,North-East,Relatively New,2585.0,,,0,1,0,0,0,1,174.0,861.6666666666666
flat,spaze privy,1.9,sector 72,9620.0,1975.0,Built Up area: 1975 (183.48 sq.m.),3,3,3,10.0,,Undefined,,1975.0,,0,0,0,0,0,1,44.0,658.3333333333334
flat,puri the aravallis,3.9,sector 61,33220.0,1174.0,Carpet area: 1249.65 (116.1 sq.m.),3,4,3+,33.0,South,Under Construction,,,1249.68879,0,1,0,0,0,1,30.0,391.3333333333333
flat,south city 1 floors,3.4,sector 41,11724.0,2900.0,Built Up area: 2900 (269.42 sq.m.),4,4,3,0.0,,Undefined,,2900.0,,0,0,0,0,0,1,91.0,725.0
house,international city by sobha phase 1,5.7,sector 109,10556.0,5400.0,Plot area 600(501.68 sq.m.),4,5,3+,3.0,East,Relatively New,,5400.0,,1,1,1,1,0,1,7.0,1350.0
flat,ramsons kshitij,0.35,sector 95,5495.0,637.0,Built Up area: 637 (59.18 sq.m.),2,2,0,5.0,,Undefined,,637.0,,0,0,0,0,0,1,40.0,318.5
house,bptp visionnaire,4.02,sector 70a,7309.0,5500.0,Built Up area: 5500 (510.97 sq.m.),4,4,3+,3.0,North-East,Relatively New,,5500.0,,1,1,1,1,0,1,75.0,1375.0
flat,ss the leaf,1.17,sector 85,7001.0,1671.0,Super Built up area 1671(155.24 sq.m.)Built Up area: 1660 sq.ft. (154.22 sq.m.)Carpet area: 1650 sq.ft. (153.29 sq.m.),2,2,3,11.0,East,Relatively New,1671.0,1660.0,1650.0,0,0,0,0,0,1,0.0,835.5
flat,ats kocoon,1.75,sector 109,10028.0,1745.0,Super Built up area 1745(162.12 sq.m.)Built Up area: 1550 sq.ft. (144 sq.m.)Carpet area: 1250 sq.ft. (116.13 sq.m.),3,3,3,10.0,North-East,Relatively New,1745.0,1550.0,1250.0,0,0,0,1,0,2,0.0,581.6666666666666
flat,emaar gurgaon greens,1.45,sector 102,14179.0,1023.0,Super Built up area 1650(153.29 sq.m.)Carpet area: 1022.58 sq.ft. (95 sq.m.),3,3,3,10.0,North-East,Relatively New,1650.0,,1022.58,0,1,0,0,0,1,59.0,341.0
flat,dlf new town heights,1.6,sector 90,6768.0,2364.0,Super Built up area 2364(219.62 sq.m.),4,4,3+,10.0,West,Relatively New,2364.0,,,0,1,0,1,0,1,106.0,591.0
house,,16.0,sector 40,35003.0,4571.0,Plot area 500(418.06 sq.m.),6,7,3+,3.0,East,Relatively New,,4500.0,,1,1,1,1,0,2,0.0,761.8333333333334
house,,13.5,sector 26,29880.0,4518.0,Plot area 502(419.74 sq.m.),5,5,3+,2.0,North-East,Relatively New,,4518.0,,1,1,0,1,1,0,95.0,903.6
flat,m3m merlin,3.4,sector 67,14418.0,2358.0,Super Built up area 2358(219.07 sq.m.),3,4,3,17.0,North,Relatively New,2358.0,,,0,1,0,0,0,2,38.0,786.0
flat,godrej air,1.75,sector 85,9589.0,1825.0,Built Up area: 1825 (169.55 sq.m.),3,3,2,27.0,,Undefined,,1825.0,,0,0,0,0,0,1,68.0,608.3333333333334
flat,jammu and kashmir bank employees cghs,0.95,sector 9a,6129.0,1550.0,Super Built up area 1550(144 sq.m.),3,3,2,5.0,West,Moderately Old,1550.0,,,0,0,0,0,1,1,151.0,516.6666666666666
flat,sare crescent parc royal greens phase 1,0.65,sector 92,4512.0,1441.0,Super Built up area 1440.45(133.82 sq.m.),3,3,3,1.0,East,Moderately Old,1440.45,,,0,0,0,0,0,1,0.0,480.3333333333333
flat,dlf royalton tower,6.5,sector 43,20687.0,3142.0,Super Built up area 2997(278.43 sq.m.),4,4,3+,9.0,,Moderately Old,2997.0,,,0,1,0,0,0,1,88.0,785.5
flat,ss the coralwood,1.01,sector 84,5771.0,1750.0,Super Built up area 1750(162.58 sq.m.)Built Up area: 1475 sq.ft. (137.03 sq.m.)Carpet area: 1350 sq.ft. (125.42 sq.m.),3,3,2,18.0,North-West,Relatively New,1750.0,1475.0,1350.0,0,0,0,0,0,1,108.0,583.3333333333334
house,,5.15,sector 47,26615.0,1935.0,Plot area 215(179.77 sq.m.),3,9,3+,3.0,East,Relatively New,,1935.0,,0,0,1,0,0,2,152.0,645.0
flat,pivotal devaan apartments,0.39,sector 84,6500.0,600.0,Super Built up area 600(55.74 sq.m.)Carpet area: 500 sq.ft. (46.45 sq.m.),2,2,0,5.0,North,Undefined,600.0,,500.0,0,0,0,0,0,1,59.0,300.0
flat,spaze privvy the address,1.25,sector 93,5701.0,2193.0,Built Up area: 2105 (195.56 sq.m.)Carpet area: 1700 sq.ft. (157.94 sq.m.),4,4,3,16.0,,Relatively New,,2105.0,1700.0,0,0,0,0,0,1,38.0,548.25
flat,antriksh heights,0.69,sector 84,5111.0,1350.0,Super Built up area 1350(125.42 sq.m.),2,2,3+,8.0,West,Relatively New,1350.0,,,1,0,0,0,0,1,73.0,675.0
house,emaar mgf marbella,12.0,sector 66,37037.0,3240.0,Plot area 360(301.01 sq.m.),5,5,3+,3.0,East,New Property,,3240.0,,0,1,1,1,0,2,160.0,648.0
flat,shapoorji pallonji joyville gurugram,0.95,sector 102,10383.0,915.0,Built Up area: 915 (85.01 sq.m.)Carpet area: 675 sq.ft. (62.71 sq.m.),2,2,2,14.0,,Undefined,,915.0,675.0,0,0,0,0,0,1,13.0,457.5
flat,mapsko royale ville,0.99,sector 82,5530.0,1790.0,Super Built up area 1790(166.3 sq.m.),3,4,2,14.0,South-West,New Property,1790.0,,,0,1,0,0,0,1,174.0,596.6666666666666
flat,ireo the corridors,2.0,sector 67a,11428.0,1750.0,Super Built up area 1750(162.58 sq.m.),3,3,3,12.0,,New Property,1750.0,,,1,0,0,0,0,1,41.0,583.3333333333334
house,eros rosewood villas,2.8,sector 49,15555.0,1800.0,Plot area 1530(142.14 sq.m.)Built Up area: 1900 sq.ft. (176.52 sq.m.)Carpet area: 1800 sq.ft. (167.23 sq.m.),3,3,3,2.0,East,Moderately Old,,1900.0,1800.0,0,0,0,1,0,1,0.0,600.0
house,ireo victory valley,8.0,sector 67,22222.0,3600.0,Plot area 400(334.45 sq.m.),6,7,3+,3.0,North-East,Moderately Old,,3600.0,,1,1,1,1,0,2,62.0,600.0
flat,signature global park 4,0.72,sector 36 sohna,6428.0,1120.0,Carpet area: 1120 (104.05 sq.m.),3,2,3,2.0,,Under Construction,,,1120.0,0,0,0,0,0,1,31.0,373.3333333333333
house,vipul tatvam villa,8.5,sector 48,26235.0,3240.0,Plot area 360(301.01 sq.m.),4,4,2,,East,Moderately Old,,3240.0,,0,1,1,1,0,1,92.0,810.0
flat,shapoorji pallonji joyville gurugram,2.4,sector 102,10545.0,2276.0,Super Built up area 2162(200.86 sq.m.),4,4,3+,15.0,North-East,Relatively New,2162.0,,,0,0,0,0,0,1,0.0,569.0
flat,mapsko mount ville,1.55,sector 79,8539.0,1815.0,Super Built up area 1815(168.62 sq.m.)Carpet area: 1071.33 sq.ft. (99.53 sq.m.),3,4,3,11.0,South-West,Relatively New,1815.0,,1071.33,0,1,0,0,0,2,45.0,605.0
house,,3.1,sector 56,20026.0,1548.0,Plot area 172(143.81 sq.m.),5,4,3+,2.0,North-East,Moderately Old,,1548.0,,0,1,1,0,0,2,174.0,309.6
flat,dlf the primus,2.7,sector 82a,10481.0,2576.0,Super Built up area 2576(239.32 sq.m.)Carpet area: 1306 sq.ft. (121.33 sq.m.),4,4,3+,18.0,East,Moderately Old,2576.0,,1306.0,0,1,0,0,0,1,105.0,644.0
house,dlf city plots phase 2,10.75,sector 25,29861.0,3600.0,Plot area 400(334.45 sq.m.),9,9,3+,3.0,South-West,Old Property,,3600.0,,0,1,1,1,0,1,66.0,400.0
flat,chd avenue,1.25,sector 71,7171.0,1743.0,Super Built up area 1743(161.93 sq.m.),3,4,2,7.0,East,Relatively New,1743.0,,,0,1,0,0,0,2,72.0,581.0
flat,suncity vatsal valley,1.0,sector 2,13340.0,750.0,Carpet area: 750 (69.68 sq.m.),2,2,2,3.0,,New Property,,,750.0,0,0,0,0,0,2,165.0,375.0
flat,tulip violet,1.7,sector 69,8457.0,2010.0,Super Built up area 2010(186.74 sq.m.)Carpet area: 1610 sq.ft. (149.57 sq.m.),4,4,2,10.0,South-West,Relatively New,2010.0,,1610.0,1,1,1,1,0,1,49.0,502.5
house,,2.3,farukhnagar,2821.0,8154.0,Plot area 906(84.17 sq.m.),6,6,No,0.0,,Old Property,,906.0,,0,0,0,0,1,1,17.0,1359.0
flat,sare crescent parc,0.9,sector 92,4278.0,2104.0,Super Built up area 1870(173.73 sq.m.),4,5,3+,14.0,North-East,Relatively New,1870.0,,,0,1,0,0,1,1,60.0,526.0
flat,signature the roselia,0.45,sector 95a,7908.0,569.0,Carpet area: 569 (52.86 sq.m.),2,2,2,2.0,East,New Property,,,569.0,0,0,0,0,0,2,37.0,284.5
flat,godrej nature plus,1.31,sector-33 sohna,15982.0,820.0,Carpet area: 76.44,2,2,2,4.0,,Under Construction,,,76.44,0,0,0,0,0,1,15.0,410.0
house,,5.5,sector 23a,13095.0,4200.0,Plot area 4200(390.19 sq.m.),9,9,3+,3.0,South,Moderately Old,,4200.0,,0,1,0,0,1,2,84.0,466.6666666666667
flat,tarc maceo,1.8,sector 91,7758.0,2320.0,Carpet area: 2320 (215.54 sq.m.),4,3,3+,0.0,North,Relatively New,,,2320.0,1,0,0,1,0,0,0.0,580.0
flat,shree vardhman flora,0.65,sector 90,4814.0,1350.0,Super Built up area 1350(125.42 sq.m.),2,2,3,6.0,West,Relatively New,1350.0,,,1,0,0,0,0,1,0.0,675.0
flat,emaar mgf emerald floors premier,2.8,sector 65,16969.0,1650.0,Super Built up area 1650(153.29 sq.m.),3,3,2,3.0,East,Relatively New,1650.0,,,0,1,0,0,0,1,0.0,550.0
house,vatika signature villas,3.2,sector 82,14351.0,2230.0,Plot area 2160(200.67 sq.m.),3,4,3,1.0,,New Property,,2160.0,,1,1,1,1,0,1,20.0,743.3333333333334
flat,rof ananda,0.37,sector 95,5744.0,644.0,Carpet area: 644.12 (59.84 sq.m.),3,2,1,6.0,South-East,Relatively New,,,644.111776,0,0,0,1,0,2,108.0,214.66666666666666
flat,tata primanti,4.0,sector 72,13769.0,2905.0,Super Built up area 2905(269.88 sq.m.)Built Up area: 2800 sq.ft. (260.13 sq.m.)Carpet area: 2500 sq.ft. (232.26 sq.m.),4,5,3+,9.0,North-East,Relatively New,2905.0,2800.0,2500.0,0,1,0,0,0,2,7.0,726.25
flat,bptp terra,1.77,sector 37d,8078.0,2191.0,Super Built up area 2191(203.55 sq.m.)Carpet area: 1860 sq.ft. (172.8 sq.m.),4,3,3,15.0,North,Relatively New,2191.0,,1860.0,1,1,0,1,1,1,174.0,547.75
flat,ild grand,0.66,sector 37c,5038.0,1310.0,Built Up area: 1310 (121.7 sq.m.),2,2,3+,14.0,,Undefined,,1310.0,,0,0,0,0,0,1,0.0,655.0
flat,mvn athens,0.25,sohna,5198.0,481.0,Built Up area: 481 (44.69 sq.m.),2,2,0,0.0,,Relatively New,,481.0,,0,0,0,0,0,1,49.0,240.5
flat,signature global solera,0.5,sector 107,7751.0,645.0,Carpet area: 645 (59.92 sq.m.),3,2,2,6.0,South-East,Relatively New,,,645.0,0,0,0,0,1,1,24.0,215.0
house,,7.6,sector 25,38756.0,1961.0,Plot area 215(179.77 sq.m.),2,9,3,4.0,East,Relatively New,,1935.0,,1,0,1,1,0,2,0.0,980.5
flat,emaar mgf emerald floors,3.2,sector 65,10159.0,3150.0,Built Up area: 3150 (292.64 sq.m.)Carpet area: 1750 sq.ft. (162.58 sq.m.),4,3,2,1.0,,Relatively New,,3150.0,1750.0,0,1,0,0,0,1,0.0,787.5
house,,1.4,sector 8,8702.0,1609.0,Plot area 166(138.8 sq.m.),2,2,1,2.0,North-East,Old Property,,166.0,,0,0,0,0,0,1,49.0,804.5
house,,0.7,sector 23 extension,7777.0,900.0,Built Up area: 900 (83.61 sq.m.),1,1,No,1.0,,Undefined,,900.0,,0,0,0,0,0,1,78.0,900.0
flat,gls avenue 51,0.45,sector 92,7614.0,591.0,Built Up area: 646 (60.02 sq.m.)Carpet area: 591 sq.ft. (54.91 sq.m.),2,2,1,10.0,,New Property,,646.0,591.0,1,0,0,0,0,2,67.0,295.5
flat,sare homes,1.1,sector 92,5347.0,2057.0,Carpet area: 2057 (191.1 sq.m.),4,4,3,4.0,North-West,Relatively New,,,2057.0,0,1,0,0,0,1,60.0,514.25
flat,eldeco accolade,1.1,sohna,7549.0,1457.0,Super Built up area 1457(135.36 sq.m.),2,2,3+,17.0,,Relatively New,1457.0,,,1,0,0,0,1,2,0.0,728.5
flat,la vida by tata housing,2.78,sector 113,11346.0,2450.0,Super Built up area 2690(249.91 sq.m.)Built Up area: 2599 sq.ft. (241.46 sq.m.)Carpet area: 2450 sq.ft. (227.61 sq.m.),3,3,3,3.0,North,New Property,2690.0,2599.0,2450.0,1,1,0,0,0,1,51.0,816.6666666666666
house,,0.55,sector 3a,6813.0,807.0,Built Up area: 75,2,1,1,1.0,,Moderately Old,,75.0,,0,0,0,0,0,1,80.0,403.5
flat,godrej air,1.35,sector 85,13632.0,990.0,Carpet area: 92,2,2,3,19.0,,Under Construction,,,92.0,0,0,0,0,0,1,100.0,495.0
house,,1.7,sector 12a,9444.0,1800.0,Built Up area: 200 (167.23 sq.m.)Carpet area: 180 sq.yards (150.5 sq.m.),3,3,No,1.0,,Undefined,,200.0,180.0,0,0,0,0,0,1,112.0,600.0
flat,dlf the crest,11.0,sector 54,35484.0,3100.0,Carpet area: 3100 (288 sq.m.),4,5,3+,7.0,North-East,Relatively New,,,3100.0,1,1,0,1,0,1,44.0,775.0
flat,unitech vistas,0.53,sector 70,4800.0,1104.0,Super Built up area 1095(101.73 sq.m.),2,2,2,9.0,,Under Construction,1095.0,,,0,0,0,0,1,1,49.0,552.0
house,,0.9,sector 3,8928.0,1008.0,Built Up area: 1008 (93.65 sq.m.),3,1,No,1.0,,Undefined,,1008.0,,0,0,0,0,0,1,15.0,336.0
house,house number b-34,0.8,sector 5,8888.0,900.0,Plot area 900(83.61 sq.m.)Built Up area: 900 sq.ft. (83.61 sq.m.),2,2,1,1.0,,Old Property,,900.0,,0,0,0,0,0,1,8.0,450.0
flat,emaar gurgaon greens,1.42,sector 102,8606.0,1650.0,Super Built up area 1650(153.29 sq.m.)Carpet area: 1022 sq.ft. (94.95 sq.m.),3,3,3,4.0,North,Relatively New,1650.0,,1022.0,0,0,0,0,1,1,165.0,550.0
house,sushant lok 1 builder floors,1.95,sector 43,10077.0,1935.0,Plot area 215(179.77 sq.m.),3,4,3+,4.0,West,New Property,,1935.0,,0,1,0,0,0,2,0.0,645.0
house,,5.65,sector 46,23870.0,2367.0,Plot area 263(219.9 sq.m.),8,6,3+,3.0,South-West,Moderately Old,,2367.0,,0,1,0,0,0,2,49.0,295.875
flat,paras dews,2.1,sector 106,8917.0,2355.0,Super Built up area 2355(218.79 sq.m.),4,6,3+,6.0,South-East,Relatively New,2355.0,,,0,1,0,0,1,1,97.0,588.75
flat,supertech new soft launch,0.84,sector 68,7119.0,1180.0,Built Up area: 1180 (109.63 sq.m.),2,2,2,7.0,East,Undefined,,1180.0,,0,0,0,0,0,1,60.0,590.0
house,indiabulls centrum park,3.25,sector 103,8125.0,4000.0,Plot area 4000(371.61 sq.m.),4,3,3+,20.0,,Under Construction,,4000.0,,0,0,0,0,0,1,84.0,1000.0
house,unitech uniworld resorts,11.75,sector 33,23240.0,5056.0,Plot area 502(419.74 sq.m.),5,7,3+,3.0,East,Relatively New,,502.0,,0,1,0,0,0,1,0.0,1011.2
flat,shapoorji pallonji joyville gurugram,0.97,sector 102,10601.0,915.0,Super Built up area 915(85.01 sq.m.),2,2,2,12.0,East,Relatively New,915.0,,,0,0,0,0,0,1,15.0,457.5
house,nul,6.25,sector 25,34722.0,1800.0,Plot area 200(167.23 sq.m.),5,5,3,2.0,East,Moderately Old,,1800.0,,0,1,0,1,0,2,49.0,360.0
flat,dlf the primus,1.85,sector 82a,10283.0,1799.0,Super Built up area 1799(167.13 sq.m.)Carpet area: 1538 sq.ft. (142.88 sq.m.),3,3,3+,2.0,South,Relatively New,1799.0,,1538.0,0,0,0,0,0,2,126.0,599.6666666666666
flat,pareena coban residences,1.05,sector 99a,6774.0,1550.0,Super Built up area 1550(144 sq.m.)Built Up area: 1390 sq.ft. (129.14 sq.m.)Carpet area: 1240 sq.ft. (115.2 sq.m.),2,2,3,2.0,East,Relatively New,1550.0,1390.0,1240.0,1,0,0,0,0,1,0.0,775.0
house,nitin vihar,0.85,sector 33,9444.0,900.0,Plot area 900(83.61 sq.m.),3,2,No,1.0,West,Relatively New,,900.0,,0,0,0,0,0,1,53.0,300.0
flat,kashish manor one,1.65,sector 111,7097.0,2325.0,Super Built up area 2325(216 sq.m.),3,4,3+,14.0,,Under Construction,2325.0,,,0,1,0,0,1,1,156.0,775.0
flat,the close south,3.1,sector 50,12444.0,2491.0,Super Built up area 2491(231.42 sq.m.)Built Up area: 2450 sq.ft. (227.61 sq.m.)Carpet area: 2250 sq.ft. (209.03 sq.m.),3,4,3+,4.0,North-East,Moderately Old,2491.0,2450.0,2250.0,0,1,0,0,0,2,174.0,830.3333333333334
flat,umang monsoon breeze,0.75,sector 78,6053.0,1239.0,Built Up area: 1239 (115.11 sq.m.)Carpet area: 1100 sq.ft. (102.19 sq.m.),2,2,1,5.0,East,Undefined,,1239.0,1100.0,0,0,0,0,0,1,174.0,619.5
flat,shree vardhman flora,0.7,sector 90,5177.0,1352.0,Super Built up area 1352(125.6 sq.m.),2,2,3,9.0,East,New Property,1352.0,,,1,0,0,0,0,1,49.0,676.0
house,,12.0,sector 28,42194.0,2844.0,Plot area 316(264.22 sq.m.),4,5,3+,4.0,East,Relatively New,,2844.0,,0,1,1,1,0,2,9.0,711.0
flat,bestech park view residency,1.51,sector 23,7869.0,1919.0,Super Built up area 1920(178.37 sq.m.),3,4,3+,7.0,South-West,Moderately Old,1920.0,,,0,1,0,0,0,2,0.0,639.6666666666666
house,,0.6,sector 3a,11696.0,513.0,Plot area 57(5.3 sq.m.),3,3,1,2.0,,Old Property,,57.0,,0,0,0,0,1,1,27.0,171.0
flat,vatika city,3.6,sector 49,11920.0,3020.0,Carpet area: 3020 (280.57 sq.m.),4,5,3,7.0,,Moderately Old,,,3020.0,0,1,0,1,0,0,159.0,755.0
flat,experion windchants,3.75,sector 112,13383.0,2802.0,Super Built up area 2802(260.31 sq.m.),3,5,3+,22.0,South-West,Relatively New,2802.0,,,0,1,0,0,0,2,25.0,934.0
flat,chd avenue,1.3,sector 71,5531.0,2350.0,Super Built up area 2350(218.32 sq.m.),4,4,3,5.0,North-East,Moderately Old,2350.0,,,0,1,0,0,0,1,51.0,587.5
flat,signature global orchard avenue,0.4,sector 93,5479.0,730.0,Built Up area: 730 (67.82 sq.m.),2,2,0,0.0,,Undefined,,730.0,,0,0,0,0,0,1,85.0,365.0
flat,conscient heritage max,2.1,sector 102,9772.0,2149.0,Super Built up area 2149(199.65 sq.m.),3,4,3+,10.0,East,Relatively New,2149.0,,,1,1,0,0,0,1,49.0,716.3333333333334
flat,indiabulls centrum park,2.4,sector 103,8347.0,2875.0,Super Built up area 2875(267.1 sq.m.)Built Up area: 2456 sq.ft. (228.17 sq.m.)Carpet area: 2100 sq.ft. (195.1 sq.m.),4,6,3+,15.0,North-East,Relatively New,2875.0,2456.0,2100.0,0,1,0,0,0,1,49.0,718.75
flat,pareena coban residences,1.02,sector 99a,8793.0,1160.0,Super Built up area 1550(144 sq.m.)Built Up area: 1430 sq.ft. (132.85 sq.m.)Carpet area: 1160 sq.ft. (107.77 sq.m.),2,2,3,3.0,North,Relatively New,1550.0,1430.0,1160.0,1,0,0,0,0,1,54.0,580.0
flat,la vida by tata housing,2.33,sector 113,12533.0,1859.0,Super Built up area 2217(205.97 sq.m.)Built Up area: 2098 sq.ft. (194.91 sq.m.)Carpet area: 1859 sq.ft. (172.71 sq.m.),3,3,3,3.0,North,New Property,2217.0,2098.0,1859.0,0,1,0,0,0,1,5.0,619.6666666666666
flat,tulsiani easy in homes,0.4,sohna,6722.0,595.0,Carpet area: 595 (55.28 sq.m.),2,2,3,12.0,,New Property,,,595.0,0,0,0,0,0,1,49.0,297.5
flat,shapoorji pallonji joyville gurugram,1.75,sector 102,9449.0,1852.0,Super Built up area 1852(172.06 sq.m.)Carpet area: 1128 sq.ft. (104.79 sq.m.),3,3,3,10.0,West,Relatively New,1852.0,,1128.0,1,1,0,1,1,1,0.0,617.3333333333334
house,,1.7,sector 12a,8000.0,2125.0,Built Up area: 2000 (185.81 sq.m.),5,5,3,3.0,,Moderately Old,,2000.0,,0,0,0,1,1,1,79.0,425.0
flat,the serenas,0.42,sector 36,7910.0,531.0,Carpet area: 531 (49.33 sq.m.),2,2,1,3.0,,Undefined,,,531.0,0,0,0,0,0,1,174.0,265.5
house,malibu towne,8.81,sector 47,27191.0,3240.0,Plot area 360(301.01 sq.m.),8,6,3+,3.0,East,Moderately Old,,3240.0,,1,1,0,0,1,2,51.0,405.0
flat,emaar mgf emerald estate,1.73,sector 65,12401.0,1395.0,Super Built up area 1395(129.6 sq.m.),3,3,3,9.0,North-West,Relatively New,1395.0,,,0,1,0,0,0,0,37.0,465.0
flat,sare crescent parc royal greens phase 1,0.79,sector 92,6086.0,1298.0,Super Built up area 1298(120.59 sq.m.),3,2,2,15.0,,New Property,1298.0,,,0,0,0,0,0,1,13.0,432.6666666666667
flat,m3m antalya hills,1.15,sector 79,7496.0,1534.0,Super Built up area 1534(142.51 sq.m.)Built Up area: 1200 sq.ft. (111.48 sq.m.)Carpet area: 1103 sq.ft. (102.47 sq.m.),3,3,3+,1.0,,Under Construction,1534.0,1200.0,1103.0,1,0,0,0,0,1,165.0,511.3333333333333
flat,sare homes,1.12,sector 92,5358.0,2090.0,Carpet area: 2090 (194.17 sq.m.),4,4,2,12.0,North-West,Relatively New,,,2090.0,0,1,0,0,0,1,166.0,522.5
flat,ss the leaf,1.87,sector 85,7780.0,2404.0,Super Built up area 2408(223.71 sq.m.)Built Up area: 2225 sq.ft. (206.71 sq.m.)Carpet area: 2175 sq.ft. (202.06 sq.m.),3,4,3,7.0,North-East,Relatively New,2408.0,2225.0,2175.0,0,0,0,0,0,1,106.0,801.3333333333334
flat,shapoorji pallonji joyville gurugram,1.41,sector 102,10307.0,1368.0,Super Built up area 1368(127.09 sq.m.),2,2,3,0.0,North-East,Relatively New,1368.0,,,0,0,0,0,1,1,61.0,684.0
house,,1.64,sector 56,10123.0,1620.0,Plot area 180(150.5 sq.m.),3,3,2,4.0,South,New Property,,1620.0,,1,1,0,0,0,2,0.0,540.0
flat,nagata group housing society,0.85,sector 1,3695.0,2300.0,Super Built up area 2300(213.68 sq.m.),3,3,3+,4.0,North,Relatively New,2300.0,,,0,1,0,0,0,1,26.0,766.6666666666666
flat,ireo skyon,3.75,sector 60,13392.0,2800.0,Super Built up area 2800(260.13 sq.m.)Built Up area: 2650 sq.ft. (246.19 sq.m.)Carpet area: 2350 sq.ft. (218.32 sq.m.),4,4,3,12.0,North,Relatively New,2800.0,2650.0,2350.0,0,1,0,0,0,2,43.0,700.0
house,,6.0,sector 23,20000.0,3000.0,Built Up area: 333 (278.43 sq.m.),4,4,1,2.0,,Relatively New,,333.0,,0,0,0,0,0,1,0.0,750.0
flat,godrej summit,0.98,sector 104,5950.0,1647.0,Super Built up area 1647(153.01 sq.m.),3,3,3,12.0,East,Relatively New,1647.0,,,0,0,0,0,1,1,99.0,549.0
flat,experion the heartsong,1.55,sector 108,7738.0,2003.0,Super Built up area 2003(186.08 sq.m.)Built Up area: 1750 sq.ft. (162.58 sq.m.)Carpet area: 1550 sq.ft. (144 sq.m.),3,3,3+,7.0,North-East,Relatively New,2003.0,1750.0,1550.0,0,1,0,1,0,2,46.0,667.6666666666666
house,,4.6,sector 47,26620.0,1728.0,Plot area 192(160.54 sq.m.),2,6,3+,4.0,,Moderately Old,,1728.0,,0,0,0,0,0,0,81.0,864.0
flat,signature global grand iva,0.3,sector 103,8290.0,362.0,Carpet area: 361.88 (33.62 sq.m.),1,2,2,5.0,,New Property,,,361.882318,0,0,0,0,0,1,47.0,362.0
house,,0.99,sector 47,17187.0,576.0,Plot area 64(53.51 sq.m.),1,4,3,4.0,,Relatively New,,576.0,,0,0,0,0,0,1,160.0,576.0
flat,dlf new town heights,1.3,sector 86,6735.0,1930.0,Super Built up area 1930(179.3 sq.m.),3,3,3,12.0,North,Moderately Old,1930.0,,,0,1,0,0,0,2,145.0,643.3333333333334
flat,kiran residency,1.55,sector 56,7750.0,2000.0,Super Built up area 2000(185.81 sq.m.)Built Up area: 1800 sq.ft. (167.23 sq.m.)Carpet area: 1700 sq.ft. (157.94 sq.m.),3,3,3+,5.0,North,Old Property,2000.0,1800.0,1700.0,0,1,0,1,1,1,144.0,666.6666666666666
flat,supertech araville,1.1,sector 79,5641.0,1950.0,Carpet area: 1950 (181.16 sq.m.),3,3,3,1.0,,Relatively New,,,1950.0,0,0,0,0,0,2,76.0,650.0
flat,dlf the arbour,8.5,sector 63,21519.0,3950.0,Built Up area: 3950 (366.97 sq.m.),4,4,0,27.0,,Undefined,,3950.0,,0,0,0,0,0,1,66.0,987.5
house,,4.65,sector 53,17574.0,2646.0,Plot area 294(245.82 sq.m.),5,5,3+,1.0,,Moderately Old,,2646.0,,0,0,0,0,0,2,49.0,529.2
flat,vatika gurgaon,1.18,sector 83,6801.0,1735.0,Super Built up area 1735(161.19 sq.m.)Carpet area: 1500 sq.ft. (139.35 sq.m.),3,3,2,14.0,North,Relatively New,1735.0,,1500.0,0,0,0,0,0,1,9.0,578.3333333333334
house,,4.99,sector 23,18889.0,2642.0,Plot area 270(225.75 sq.m.),4,4,3+,3.0,North,Moderately Old,,270.0,,0,1,1,1,0,1,38.0,660.5
house,,6.5,sector 50,21667.0,3000.0,Built Up area: 3000 (278.71 sq.m.),5,6,No,1.0,,Undefined,,3000.0,,0,0,0,0,0,1,113.0,600.0
flat,tulip violet,1.55,sector 69,9822.0,1578.0,Super Built up area 1578(146.6 sq.m.),3,3,2,5.0,North-East,Relatively New,1578.0,,,0,0,0,1,0,1,130.0,526.0
house,sushant lok 1 builder floors,6.25,sector 43,30728.0,2034.0,Plot area 226(188.96 sq.m.),7,7,3+,3.0,North,Moderately Old,,2034.0,,1,1,1,0,0,1,16.0,290.57142857142856
flat,raheja atlantis,5.5,sector 31,18688.0,2943.0,Super Built up area 2943(273.41 sq.m.),4,5,3+,1.0,North,Relatively New,2943.0,,,1,1,0,1,0,1,0.0,735.75
flat,shree vardhman victoria,1.75,sector 70,8974.0,1950.0,Built Up area: 1950 (181.16 sq.m.),3,5,0,0.0,,Undefined,,1950.0,,0,0,0,0,0,1,21.0,650.0
house,dlf floors phase 3,3.51,sector 25,12342.0,2844.0,Plot area 316(264.22 sq.m.),4,4,3,4.0,East,Under Construction,,2844.0,,1,1,1,1,0,2,0.0,711.0
house,tata primanti,8.5,sector 72,13492.0,6300.0,Plot area 6300(585.29 sq.m.),5,6,3+,10.0,East,Relatively New,,6300.0,,1,1,1,1,0,2,118.0,1260.0
house,vipul tatvam villa,7.35,sector 48,22812.0,3222.0,Plot area 358(299.33 sq.m.),4,5,2,2.0,South,Moderately Old,,3222.0,,1,1,1,1,0,2,159.0,805.5
flat,mapsko royale ville,1.22,sector 82,7176.0,1700.0,Super Built up area 2300(213.68 sq.m.)Built Up area: 2000 sq.ft. (185.81 sq.m.)Carpet area: 1700 sq.ft. (157.94 sq.m.),3,5,3+,10.0,South-West,Relatively New,2300.0,2000.0,1700.0,0,1,0,1,0,2,37.0,566.6666666666666
flat,central park flower valley,2.5,sector-33 sohna,13270.0,1884.0,Carpet area: 1884 (175.03 sq.m.),3,3,2,1.0,,Undefined,,,1884.0,0,0,0,0,0,1,24.0,628.0
flat,tata primanti,3.9,sector 72,13425.0,2905.0,Super Built up area 2905(269.88 sq.m.)Carpet area: 2150 sq.ft. (199.74 sq.m.),4,4,3+,39.0,East,Relatively New,2905.0,,2150.0,0,1,0,0,1,1,72.0,726.25
house,,1.2,sector 105,10122.0,1186.0,Plot area 1185.51(110.14 sq.m.),3,2,1,2.0,North-West,Old Property,,1185.51,,0,0,0,0,0,1,16.0,395.3333333333333
house,,2.43,sector 7,14890.0,1632.0,Plot area 181.33(151.61 sq.m.)Built Up area: 345 sq.yards (288.46 sq.m.),4,4,2,3.0,South-West,Old Property,,345.0,,1,0,1,1,0,1,120.0,408.0
flat,apartment,0.75,sector 92,4687.0,1600.0,Carpet area: 1600 (148.64 sq.m.),3,4,3,2.0,East,Moderately Old,,,1600.0,1,0,0,0,0,1,45.0,533.3333333333334
flat,mapsko casa bella,1.3,sector 82,6378.0,2038.0,Super Built up area 1960(182.09 sq.m.),4,4,3+,1.0,North,Relatively New,1960.0,,,0,1,0,0,0,1,42.0,509.5
flat,orris aster court premier,1.73,sector 85,6757.0,2560.0,Super Built up area 2560(237.83 sq.m.)Built Up area: 2017 sq.ft. (187.39 sq.m.),4,5,3+,8.0,East,Relatively New,2560.0,2017.0,,0,1,0,0,0,1,67.0,640.0
house,,4.75,sector 1,10556.0,4500.0,Built Up area: 4500 (418.06 sq.m.),6,7,No,4.0,,Undefined,,4500.0,,0,0,0,0,0,1,65.0,750.0
flat,ss the leaf,1.65,sector 85,6852.0,2408.0,Super Built up area 2408(223.71 sq.m.),3,4,3,9.0,,New Property,2408.0,,,0,0,0,1,0,1,79.0,802.6666666666666
house,,1.55,sector 109,6567.0,2360.0,Built Up area: 2360 (219.25 sq.m.),3,2,No,1.0,,Undefined,,2360.0,,0,0,0,0,0,1,0.0,786.6666666666666
flat,signature global park,0.65,sohna,5637.0,1153.0,Super Built up area 1153(107.12 sq.m.),2,2,2,2.0,North-West,Relatively New,1153.0,,,0,0,0,1,0,1,78.0,576.5
flat,puri emerald bay,2.23,sector 104,9911.0,2250.0,Super Built up area 2450(227.61 sq.m.)Carpet area: 2250 sq.ft. (209.03 sq.m.),3,4,3+,10.0,East,Relatively New,2450.0,,2250.0,0,1,0,0,0,2,96.0,750.0
flat,bptp terra,1.79,sector 37d,8983.0,1993.0,Super Built up area 1998(185.62 sq.m.),4,3,3,15.0,South-West,Relatively New,1998.0,,,0,0,0,0,1,2,81.0,498.25
flat,sahara grace,4.3,sector 28,12420.0,3462.0,Super Built up area 3462.01(321.63 sq.m.),3,4,3,5.0,,Old Property,3462.01,,,0,1,1,0,0,1,65.0,1154.0
flat,raheja vedaanta,0.7,sector 108,4651.0,1505.0,Super Built up area 1505(139.82 sq.m.),2,2,2,12.0,South,Moderately Old,1505.0,,,0,0,0,0,0,1,49.0,752.5
flat,smart world orchard,1.65,sector 61,13750.0,1200.0,Carpet area: 1200 (111.48 sq.m.),2,2,2,1.0,,Under Construction,,,1200.0,1,0,0,0,0,1,9.0,600.0
flat,emaar palm gardens,1.75,sector 83,9210.0,1900.0,Super Built up area 1900(176.52 sq.m.)Carpet area: 1240.04 sq.ft. (115.2 sq.m.),3,3,3+,11.0,East,Relatively New,1900.0,,1240.04,0,1,0,0,0,1,48.0,633.3333333333334
flat,conscient heritage max,2.2,sector 102,10237.0,2149.0,Super Built up area 2149(199.65 sq.m.)Built Up area: 1186 sq.ft. (110.18 sq.m.)Carpet area: 1130 sq.ft. (104.98 sq.m.),3,4,3+,20.0,East,Relatively New,2149.0,1186.0,1130.0,1,1,0,0,0,2,49.0,716.3333333333334
flat,silverglades hightown residences,4.2,sector 43,19767.0,2125.0,Super Built up area 2150(199.74 sq.m.),3,4,2,7.0,East,Under Construction,2150.0,,,0,0,0,0,0,1,42.0,708.3333333333334
house,,3.5,sector 57,21605.0,1620.0,Plot area 180(150.5 sq.m.),4,4,3+,3.0,South,Old Property,,1620.0,,0,0,1,0,0,2,45.0,405.0
flat,raheja vedaanta,1.25,sector 108,5681.0,2200.0,Super Built up area 2200(204.39 sq.m.),3,2,0,0.0,,Relatively New,2200.0,,,0,0,0,0,0,2,8.0,733.3333333333334
flat,godrej oasis,1.15,sector 88a,9856.0,1167.0,Carpet area: 108.4,2,2,1,12.0,,New Property,,,108.4,1,0,0,0,0,1,58.0,583.5
flat,sare crescent parc royal greens phase 1,0.5,sector 92,5000.0,1000.0,Built Up area: 1000 (92.9 sq.m.)Carpet area: 999 sq.ft. (92.81 sq.m.),2,2,3,2.0,North-East,Undefined,,1000.0,999.0,0,0,0,0,0,1,19.0,500.0
flat,emaar mgf emerald estate,1.3,sector 65,20602.0,631.0,Super Built up area 1020(94.76 sq.m.)Carpet area: 631 sq.ft. (58.62 sq.m.),2,2,2,7.0,West,Relatively New,1020.0,,631.0,1,0,0,0,0,1,49.0,315.5
flat,emaar mgf the palm drive,3.0,sector 66,15384.0,1950.0,Super Built up area 1950(181.16 sq.m.)Built Up area: 1720 sq.ft. (159.79 sq.m.)Carpet area: 1620 sq.ft. (150.5 sq.m.),3,3,2,12.0,East,Relatively New,1950.0,1720.0,1620.0,0,1,0,0,0,1,,650.0
flat,aipl zen residences,1.65,sector 70a,13074.0,1262.0,Super Built up area 1262(117.24 sq.m.),2,2,3,23.0,North-West,New Property,1262.0,,,0,0,0,0,0,1,,631.0
flat,dlf new town heights,2.0,sector 91,6967.0,2871.0,Super Built up area 2727(253.35 sq.m.),4,4,3+,16.0,East,Moderately Old,2727.0,,,1,1,0,1,0,1,,717.75
flat,dlf the grove,6.0,sector 43,25000.0,2400.0,Carpet area: 2400 (222.97 sq.m.),4,4,2,1.0,South-West,Under Construction,,,2400.0,0,1,0,0,0,2,,600.0
house,anamika enclave,6.0,sector 12,14492.0,4140.0,Plot area 4140(384.62 sq.m.)Built Up area: 9000 sq.ft. (836.13 sq.m.),9,9,3+,3.0,North-West,Old Property,,9000.0,,0,0,0,0,0,1,,460.0
flat,m3m heights,2.5,sector 65,13600.0,1838.0,Super Built up area 1828(169.83 sq.m.),3,3,3,19.0,,Under Construction,1828.0,,,0,0,0,0,0,1,,612.6666666666666
flat,corona optus,1.25,sector 37c,7090.0,1763.0,Super Built up area 1763(163.79 sq.m.)Built Up area: 1350 sq.ft. (125.42 sq.m.)Carpet area: 1234 sq.ft. (114.64 sq.m.),3,3,3,4.0,North-West,Relatively New,1763.0,1350.0,1234.0,0,0,0,0,1,1,,587.6666666666666
flat,green court,0.5,sector 90,8333.0,600.0,Super Built up area 700(65.03 sq.m.)Carpet area: 600 sq.ft. (55.74 sq.m.),2,2,1,8.0,,New Property,700.0,,600.0,0,0,0,0,0,1,,300.0
flat,bestech park view ananda,1.45,sector 81,8734.0,1660.0,Super Built up area 1660(154.22 sq.m.)Carpet area: 1082 sq.ft. (100.52 sq.m.),3,2,3+,3.0,,Relatively New,1660.0,,1082.0,0,0,0,0,1,1,,553.3333333333334
house,,0.6,sector 9,10753.0,558.0,Plot area 62(51.84 sq.m.),2,2,1,1.0,North-East,Moderately Old,,558.0,,0,0,0,0,0,1,,279.0
flat,puri the aravallis,3.87,sector 61,17200.0,2250.0,Super Built up area 2250(209.03 sq.m.)Carpet area: 1249.65 sq.ft. (116.1 sq.m.),3,4,3+,21.0,East,Under Construction,2250.0,,1249.65,0,1,0,0,0,1,,750.0
house,,4.35,sector 46,23693.0,1836.0,Plot area 204(170.57 sq.m.),3,8,2,3.0,North-East,Relatively New,,1836.0,,1,0,0,1,0,2,,612.0
flat,shree vardhman victoria,1.15,sector 70,8518.0,1350.0,Super Built up area 1350(125.42 sq.m.),2,2,3,8.0,South-East,Relatively New,1350.0,,,1,0,0,0,1,1,,675.0
